Starting iterations: 50
(3, (3786316118, 1508700003, 993184059, 3674568207, 1636710486, 3917532456, 3002897144, 191976358, 96298472, 2866047980, 2314824058, 2123505414, 2947719390, 3371234227, 266529038, 106012645, 3897202752, 1709142886, 543779119, 1010877474, 2660203444, 3458056412, 3234265314, 2203679177, 81594911, 876369772, 3955208819, 405679482, 2376612607, 1419283415, 1633713522, 3746659917, 2165215152, 1662152950, 1469410368, 2303079940, 3207493168, 4006350143, 3064039285, 4034171079, 2988200052, 778917074, 3503062910, 2824986545, 3354759771, 4049125447, 3491960763, 2447138118, 1289450038, 107584478, 3293571749, 3421703298, 1997657880, 2720176997, 2859461241, 3361804615, 2849978008, 2563114903, 2915747296, 1106604486, 1867008176, 26511961, 1858416551, 2722328966, 3859822427, 3368563448, 1551644353, 3791523712, 1622512983, 4223064313, 4070239478, 1511636000, 1885528393, 719856174, 334436561, 3337924078, 2932634343, 601014687, 1390342208, 3074248724, 3922855728, 716920716, 274809876, 2471357118, 3967605002, 3864461438, 1775233203, 3624543537, 1896782195, 2573362128, 29982438, 750626426, 2464221041, 1079297501, 3795105762, 3921491357, 1777279498, 3658268152, 127730349, 2339658032, 466596823, 2807516765, 3214530964, 907845352, 855472033, 1160242122, 1140039168, 1463375647, 2614863700, 1587210671, 1215394965, 3041354153, 144159190, 4253038162, 914148361, 2385117429, 1869477352, 868558413, 4008449708, 93263722, 590553212, 2122872599, 105842114, 2304519832, 1603640703, 485763320, 2729593795, 1736133562, 405248489, 2509642016, 1431729287, 1760876775, 4120321459, 3979067365, 2978316969, 532411920, 312360100, 2259438188, 4115613826, 2402015677, 139756449, 1105138026, 4014057093, 2588974893, 555747236, 3206301240, 1315066504, 3285609374, 1278913226, 1893184800, 2173555478, 803709001, 765222750, 2677339444, 1514648970, 3391376336, 2402011738, 1320624485, 395615382, 4057648559, 786659111, 3360104191, 262211254, 2501338632, 1584756314, 4069384448, 3526467476, 2749667600, 2162638724, 72106557, 1293275769, 779512493, 1424880213, 4002955254, 2056206462, 2407651755, 1153926068, 3600968310, 625540719, 4099894008, 633903161, 3822433745, 1144870448, 1609189936, 3719609355, 3662635696, 1145388942, 4161189124, 3149436993, 2529252113, 1869534840, 1687846352, 4256060627, 1109050382, 2758015957, 1647584311, 294509592, 1428365721, 1487260544, 2734655378, 3983785552, 2877832378, 222844169, 4276812876, 1776785730, 907551638, 1303873019, 773009905, 2419542676, 3138938475, 4147354803, 1934655086, 2005485053, 3138516506, 1712320884, 12884503, 2390248957, 3937347447, 112719253, 2329968733, 189274170, 1592656212, 1574924777, 3083676550, 375870098, 1637960109, 3740516507, 455802026, 56792368, 2009139376, 3015576921, 271942366, 2550546485, 1501886116, 4202666098, 3800123275, 951184359, 465810715, 3183703354, 1322818799, 857990436, 2778071484, 3189448073, 3813750169, 1002729867, 257906171, 1862029188, 1743998331, 938114520, 4058995586, 3219629138, 3615040030, 3696799530, 1273522415, 2422499425, 780652463, 733949690, 938952251, 3713165339, 2421385966, 714311271, 3864960704, 737453342, 3566308323, 79693349, 3186476336, 1278378295, 728241131, 3699290586, 1003209611, 761141849, 2648831513, 2090137646, 1326508790, 3005029003, 4045473705, 828652135, 3691057331, 3693739592, 3223215762, 1889783043, 381231975, 3573502614, 1623173560, 1955509609, 25503722, 301753601, 2590349795, 564587348, 3900384202, 3219057817, 1214752879, 2685616469, 3016785011, 1090063373, 1400478442, 3333726787, 1619055198, 3543703163, 4067332118, 776521804, 2199377319, 668840252, 163796430, 540771651, 1534679835, 400315041, 3336257481, 3549033148, 2719344212, 1702543119, 2364556226, 4274627188, 1775725691, 1696439782, 4173110411, 1145119085, 2819913917, 2649475329, 3471160965, 4288607588, 1767804938, 788360972, 3929481592, 1433729575, 547790574, 1761120984, 610379116, 1803381408, 1945889515, 3861181760, 1502050993, 2154814374, 314473674, 2364071515, 4127943085, 156536712, 1437640763, 1316605870, 1407717456, 390106958, 1992592617, 2775704500, 2619576545, 3971998627, 1124124619, 1570941774, 988054308, 702533132, 2348527217, 3743593828, 1606199863, 557368202, 2574829112, 629945223, 3458227575, 1734664637, 4152874721, 3872060748, 1507274482, 1317698959, 1159878742, 1889180748, 2187653392, 150034160, 3765871639, 968385177, 37606247, 4066469213, 3218488144, 3244459948, 3071743750, 508923723, 911285461, 1253446412, 3183021670, 85527524, 352333030, 3297460396, 196752320, 1922735499, 3831185214, 1828365869, 3623323328, 17478406, 2524708922, 192635663, 2759538781, 1058682881, 1003302582, 3478805795, 2086013367, 119520969, 3211503249, 632622001, 3905437290, 3420115242, 3404729504, 929105934, 2417779703, 2501729806, 2528841823, 2048284725, 2330058509, 3497639601, 2402262841, 1031133231, 1577711255, 1833438476, 153280672, 3422177864, 1372946966, 3147095186, 727125732, 678256699, 1554314739, 1487852243, 2202127174, 50679612, 2989548925, 3388107300, 588210206, 3868780946, 1566218869, 3714750661, 944866911, 320675097, 2432300817, 1569137602, 3412327300, 2630427433, 753150743, 1849977998, 2618210176, 708273916, 3416210706, 865439977, 626957677, 3919119725, 3753699192, 1429350963, 4148333035, 1545086458, 3219690716, 3824280686, 4291692867, 194547076, 3389454038, 4292226779, 3542552132, 1822000974, 3177597760, 2354964804, 1791199525, 1879906859, 3046779505, 3401168318, 3269173797, 2224990979, 3629927093, 2521445744, 3737295566, 3397766729, 526732812, 59884085, 1189182344, 3096837860, 3335981810, 3590338460, 2586639971, 123194390, 493531894, 2759200899, 3684488369, 784413039, 1556048812, 1755566386, 1473711459, 1299252128, 393324957, 3601392145, 2782817298, 1386995529, 1748614884, 3363821388, 3641796621, 3994504564, 534642242, 3468329874, 334891245, 4209436149, 3800229264, 2440363662, 2136314960, 3061520822, 1714003489, 268189978, 489889304, 1177031496, 933863516, 59639327, 3500652412, 2876888341, 3386639580, 3801327520, 3240138343, 3628325989, 431450712, 1048380592, 1982495012, 1430798116, 1707657506, 659371483, 909241973, 398533275, 3417715133, 2046554577, 3802777338, 1890588499, 3677837062, 3815402042, 200589013, 4292938504, 2818849298, 4181885951, 2973010657, 1651846578, 4226671599, 3171334563, 2000410991, 2027456071, 2042096131, 2300939970, 4197157915, 1607039811, 747580106, 1236606695, 194411937, 10634702, 3808854725, 2046133923, 483153899, 2655995097, 2524693076, 2547997084, 625337268, 2828156926, 3214130429, 2744931626, 1826649730, 3657879892, 1846350086, 1104229099, 2092077292, 894175402, 1799792238, 1510807157, 3104555303, 338713321, 4116624536, 540242328, 3845243996, 288925172, 784735743, 2450009490, 2652288975, 1375866940, 3388534993, 4213428517, 1452982906, 1697974643, 3526789640, 1484726841, 1753485401, 3124393381, 2869359259, 2806919781, 145833791, 2731666010, 255982310, 1913207860, 3599014191, 1048029531, 2474882463, 1546695077, 1376701286, 3008596332, 3283991530, 3492494852, 1249354501, 4262961973, 2327885328, 965354367, 3433619289, 3749771114, 1873859123, 3848107811, 576309608, 548286014, 1952239413, 1193957250, 1715603815, 1495032899, 49975130, 1866900374, 3967561584, 3860126524, 1583552441, 3439888990, 3406602763, 797434178, 1683213236, 278315181, 3931502899, 1039427809, 3242992732, 3066398593, 329431366, 869532622, 280914188, 3485845420, 1231645678, 1712803911, 4211973505, 1), None)
events: me killed itself, 
  ----
(3, (3786316118, 1508700003, 993184059, 3674568207, 1636710486, 3917532456, 3002897144, 191976358, 96298472, 2866047980, 2314824058, 2123505414, 2947719390, 3371234227, 266529038, 106012645, 3897202752, 1709142886, 543779119, 1010877474, 2660203444, 3458056412, 3234265314, 2203679177, 81594911, 876369772, 3955208819, 405679482, 2376612607, 1419283415, 1633713522, 3746659917, 2165215152, 1662152950, 1469410368, 2303079940, 3207493168, 4006350143, 3064039285, 4034171079, 2988200052, 778917074, 3503062910, 2824986545, 3354759771, 4049125447, 3491960763, 2447138118, 1289450038, 107584478, 3293571749, 3421703298, 1997657880, 2720176997, 2859461241, 3361804615, 2849978008, 2563114903, 2915747296, 1106604486, 1867008176, 26511961, 1858416551, 2722328966, 3859822427, 3368563448, 1551644353, 3791523712, 1622512983, 4223064313, 4070239478, 1511636000, 1885528393, 719856174, 334436561, 3337924078, 2932634343, 601014687, 1390342208, 3074248724, 3922855728, 716920716, 274809876, 2471357118, 3967605002, 3864461438, 1775233203, 3624543537, 1896782195, 2573362128, 29982438, 750626426, 2464221041, 1079297501, 3795105762, 3921491357, 1777279498, 3658268152, 127730349, 2339658032, 466596823, 2807516765, 3214530964, 907845352, 855472033, 1160242122, 1140039168, 1463375647, 2614863700, 1587210671, 1215394965, 3041354153, 144159190, 4253038162, 914148361, 2385117429, 1869477352, 868558413, 4008449708, 93263722, 590553212, 2122872599, 105842114, 2304519832, 1603640703, 485763320, 2729593795, 1736133562, 405248489, 2509642016, 1431729287, 1760876775, 4120321459, 3979067365, 2978316969, 532411920, 312360100, 2259438188, 4115613826, 2402015677, 139756449, 1105138026, 4014057093, 2588974893, 555747236, 3206301240, 1315066504, 3285609374, 1278913226, 1893184800, 2173555478, 803709001, 765222750, 2677339444, 1514648970, 3391376336, 2402011738, 1320624485, 395615382, 4057648559, 786659111, 3360104191, 262211254, 2501338632, 1584756314, 4069384448, 3526467476, 2749667600, 2162638724, 72106557, 1293275769, 779512493, 1424880213, 4002955254, 2056206462, 2407651755, 1153926068, 3600968310, 625540719, 4099894008, 633903161, 3822433745, 1144870448, 1609189936, 3719609355, 3662635696, 1145388942, 4161189124, 3149436993, 2529252113, 1869534840, 1687846352, 4256060627, 1109050382, 2758015957, 1647584311, 294509592, 1428365721, 1487260544, 2734655378, 3983785552, 2877832378, 222844169, 4276812876, 1776785730, 907551638, 1303873019, 773009905, 2419542676, 3138938475, 4147354803, 1934655086, 2005485053, 3138516506, 1712320884, 12884503, 2390248957, 3937347447, 112719253, 2329968733, 189274170, 1592656212, 1574924777, 3083676550, 375870098, 1637960109, 3740516507, 455802026, 56792368, 2009139376, 3015576921, 271942366, 2550546485, 1501886116, 4202666098, 3800123275, 951184359, 465810715, 3183703354, 1322818799, 857990436, 2778071484, 3189448073, 3813750169, 1002729867, 257906171, 1862029188, 1743998331, 938114520, 4058995586, 3219629138, 3615040030, 3696799530, 1273522415, 2422499425, 780652463, 733949690, 938952251, 3713165339, 2421385966, 714311271, 3864960704, 737453342, 3566308323, 79693349, 3186476336, 1278378295, 728241131, 3699290586, 1003209611, 761141849, 2648831513, 2090137646, 1326508790, 3005029003, 4045473705, 828652135, 3691057331, 3693739592, 3223215762, 1889783043, 381231975, 3573502614, 1623173560, 1955509609, 25503722, 301753601, 2590349795, 564587348, 3900384202, 3219057817, 1214752879, 2685616469, 3016785011, 1090063373, 1400478442, 3333726787, 1619055198, 3543703163, 4067332118, 776521804, 2199377319, 668840252, 163796430, 540771651, 1534679835, 400315041, 3336257481, 3549033148, 2719344212, 1702543119, 2364556226, 4274627188, 1775725691, 1696439782, 4173110411, 1145119085, 2819913917, 2649475329, 3471160965, 4288607588, 1767804938, 788360972, 3929481592, 1433729575, 547790574, 1761120984, 610379116, 1803381408, 1945889515, 3861181760, 1502050993, 2154814374, 314473674, 2364071515, 4127943085, 156536712, 1437640763, 1316605870, 1407717456, 390106958, 1992592617, 2775704500, 2619576545, 3971998627, 1124124619, 1570941774, 988054308, 702533132, 2348527217, 3743593828, 1606199863, 557368202, 2574829112, 629945223, 3458227575, 1734664637, 4152874721, 3872060748, 1507274482, 1317698959, 1159878742, 1889180748, 2187653392, 150034160, 3765871639, 968385177, 37606247, 4066469213, 3218488144, 3244459948, 3071743750, 508923723, 911285461, 1253446412, 3183021670, 85527524, 352333030, 3297460396, 196752320, 1922735499, 3831185214, 1828365869, 3623323328, 17478406, 2524708922, 192635663, 2759538781, 1058682881, 1003302582, 3478805795, 2086013367, 119520969, 3211503249, 632622001, 3905437290, 3420115242, 3404729504, 929105934, 2417779703, 2501729806, 2528841823, 2048284725, 2330058509, 3497639601, 2402262841, 1031133231, 1577711255, 1833438476, 153280672, 3422177864, 1372946966, 3147095186, 727125732, 678256699, 1554314739, 1487852243, 2202127174, 50679612, 2989548925, 3388107300, 588210206, 3868780946, 1566218869, 3714750661, 944866911, 320675097, 2432300817, 1569137602, 3412327300, 2630427433, 753150743, 1849977998, 2618210176, 708273916, 3416210706, 865439977, 626957677, 3919119725, 3753699192, 1429350963, 4148333035, 1545086458, 3219690716, 3824280686, 4291692867, 194547076, 3389454038, 4292226779, 3542552132, 1822000974, 3177597760, 2354964804, 1791199525, 1879906859, 3046779505, 3401168318, 3269173797, 2224990979, 3629927093, 2521445744, 3737295566, 3397766729, 526732812, 59884085, 1189182344, 3096837860, 3335981810, 3590338460, 2586639971, 123194390, 493531894, 2759200899, 3684488369, 784413039, 1556048812, 1755566386, 1473711459, 1299252128, 393324957, 3601392145, 2782817298, 1386995529, 1748614884, 3363821388, 3641796621, 3994504564, 534642242, 3468329874, 334891245, 4209436149, 3800229264, 2440363662, 2136314960, 3061520822, 1714003489, 268189978, 489889304, 1177031496, 933863516, 59639327, 3500652412, 2876888341, 3386639580, 3801327520, 3240138343, 3628325989, 431450712, 1048380592, 1982495012, 1430798116, 1707657506, 659371483, 909241973, 398533275, 3417715133, 2046554577, 3802777338, 1890588499, 3677837062, 3815402042, 200589013, 4292938504, 2818849298, 4181885951, 2973010657, 1651846578, 4226671599, 3171334563, 2000410991, 2027456071, 2042096131, 2300939970, 4197157915, 1607039811, 747580106, 1236606695, 194411937, 10634702, 3808854725, 2046133923, 483153899, 2655995097, 2524693076, 2547997084, 625337268, 2828156926, 3214130429, 2744931626, 1826649730, 3657879892, 1846350086, 1104229099, 2092077292, 894175402, 1799792238, 1510807157, 3104555303, 338713321, 4116624536, 540242328, 3845243996, 288925172, 784735743, 2450009490, 2652288975, 1375866940, 3388534993, 4213428517, 1452982906, 1697974643, 3526789640, 1484726841, 1753485401, 3124393381, 2869359259, 2806919781, 145833791, 2731666010, 255982310, 1913207860, 3599014191, 1048029531, 2474882463, 1546695077, 1376701286, 3008596332, 3283991530, 3492494852, 1249354501, 4262961973, 2327885328, 965354367, 3433619289, 3749771114, 1873859123, 3848107811, 576309608, 548286014, 1952239413, 1193957250, 1715603815, 1495032899, 49975130, 1866900374, 3967561584, 3860126524, 1583552441, 3439888990, 3406602763, 797434178, 1683213236, 278315181, 3931502899, 1039427809, 3242992732, 3066398593, 329431366, 869532622, 280914188, 3485845420, 1231645678, 1712803911, 4211973505, 82), None)
Loaded weights: 5.0, -1.4533007549722532, -0.4206006985128663, 0.0, -5.0
events: 
  ----
(3, (3786316118, 1508700003, 993184059, 3674568207, 1636710486, 3917532456, 3002897144, 191976358, 96298472, 2866047980, 2314824058, 2123505414, 2947719390, 3371234227, 266529038, 106012645, 3897202752, 1709142886, 543779119, 1010877474, 2660203444, 3458056412, 3234265314, 2203679177, 81594911, 876369772, 3955208819, 405679482, 2376612607, 1419283415, 1633713522, 3746659917, 2165215152, 1662152950, 1469410368, 2303079940, 3207493168, 4006350143, 3064039285, 4034171079, 2988200052, 778917074, 3503062910, 2824986545, 3354759771, 4049125447, 3491960763, 2447138118, 1289450038, 107584478, 3293571749, 3421703298, 1997657880, 2720176997, 2859461241, 3361804615, 2849978008, 2563114903, 2915747296, 1106604486, 1867008176, 26511961, 1858416551, 2722328966, 3859822427, 3368563448, 1551644353, 3791523712, 1622512983, 4223064313, 4070239478, 1511636000, 1885528393, 719856174, 334436561, 3337924078, 2932634343, 601014687, 1390342208, 3074248724, 3922855728, 716920716, 274809876, 2471357118, 3967605002, 3864461438, 1775233203, 3624543537, 1896782195, 2573362128, 29982438, 750626426, 2464221041, 1079297501, 3795105762, 3921491357, 1777279498, 3658268152, 127730349, 2339658032, 466596823, 2807516765, 3214530964, 907845352, 855472033, 1160242122, 1140039168, 1463375647, 2614863700, 1587210671, 1215394965, 3041354153, 144159190, 4253038162, 914148361, 2385117429, 1869477352, 868558413, 4008449708, 93263722, 590553212, 2122872599, 105842114, 2304519832, 1603640703, 485763320, 2729593795, 1736133562, 405248489, 2509642016, 1431729287, 1760876775, 4120321459, 3979067365, 2978316969, 532411920, 312360100, 2259438188, 4115613826, 2402015677, 139756449, 1105138026, 4014057093, 2588974893, 555747236, 3206301240, 1315066504, 3285609374, 1278913226, 1893184800, 2173555478, 803709001, 765222750, 2677339444, 1514648970, 3391376336, 2402011738, 1320624485, 395615382, 4057648559, 786659111, 3360104191, 262211254, 2501338632, 1584756314, 4069384448, 3526467476, 2749667600, 2162638724, 72106557, 1293275769, 779512493, 1424880213, 4002955254, 2056206462, 2407651755, 1153926068, 3600968310, 625540719, 4099894008, 633903161, 3822433745, 1144870448, 1609189936, 3719609355, 3662635696, 1145388942, 4161189124, 3149436993, 2529252113, 1869534840, 1687846352, 4256060627, 1109050382, 2758015957, 1647584311, 294509592, 1428365721, 1487260544, 2734655378, 3983785552, 2877832378, 222844169, 4276812876, 1776785730, 907551638, 1303873019, 773009905, 2419542676, 3138938475, 4147354803, 1934655086, 2005485053, 3138516506, 1712320884, 12884503, 2390248957, 3937347447, 112719253, 2329968733, 189274170, 1592656212, 1574924777, 3083676550, 375870098, 1637960109, 3740516507, 455802026, 56792368, 2009139376, 3015576921, 271942366, 2550546485, 1501886116, 4202666098, 3800123275, 951184359, 465810715, 3183703354, 1322818799, 857990436, 2778071484, 3189448073, 3813750169, 1002729867, 257906171, 1862029188, 1743998331, 938114520, 4058995586, 3219629138, 3615040030, 3696799530, 1273522415, 2422499425, 780652463, 733949690, 938952251, 3713165339, 2421385966, 714311271, 3864960704, 737453342, 3566308323, 79693349, 3186476336, 1278378295, 728241131, 3699290586, 1003209611, 761141849, 2648831513, 2090137646, 1326508790, 3005029003, 4045473705, 828652135, 3691057331, 3693739592, 3223215762, 1889783043, 381231975, 3573502614, 1623173560, 1955509609, 25503722, 301753601, 2590349795, 564587348, 3900384202, 3219057817, 1214752879, 2685616469, 3016785011, 1090063373, 1400478442, 3333726787, 1619055198, 3543703163, 4067332118, 776521804, 2199377319, 668840252, 163796430, 540771651, 1534679835, 400315041, 3336257481, 3549033148, 2719344212, 1702543119, 2364556226, 4274627188, 1775725691, 1696439782, 4173110411, 1145119085, 2819913917, 2649475329, 3471160965, 4288607588, 1767804938, 788360972, 3929481592, 1433729575, 547790574, 1761120984, 610379116, 1803381408, 1945889515, 3861181760, 1502050993, 2154814374, 314473674, 2364071515, 4127943085, 156536712, 1437640763, 1316605870, 1407717456, 390106958, 1992592617, 2775704500, 2619576545, 3971998627, 1124124619, 1570941774, 988054308, 702533132, 2348527217, 3743593828, 1606199863, 557368202, 2574829112, 629945223, 3458227575, 1734664637, 4152874721, 3872060748, 1507274482, 1317698959, 1159878742, 1889180748, 2187653392, 150034160, 3765871639, 968385177, 37606247, 4066469213, 3218488144, 3244459948, 3071743750, 508923723, 911285461, 1253446412, 3183021670, 85527524, 352333030, 3297460396, 196752320, 1922735499, 3831185214, 1828365869, 3623323328, 17478406, 2524708922, 192635663, 2759538781, 1058682881, 1003302582, 3478805795, 2086013367, 119520969, 3211503249, 632622001, 3905437290, 3420115242, 3404729504, 929105934, 2417779703, 2501729806, 2528841823, 2048284725, 2330058509, 3497639601, 2402262841, 1031133231, 1577711255, 1833438476, 153280672, 3422177864, 1372946966, 3147095186, 727125732, 678256699, 1554314739, 1487852243, 2202127174, 50679612, 2989548925, 3388107300, 588210206, 3868780946, 1566218869, 3714750661, 944866911, 320675097, 2432300817, 1569137602, 3412327300, 2630427433, 753150743, 1849977998, 2618210176, 708273916, 3416210706, 865439977, 626957677, 3919119725, 3753699192, 1429350963, 4148333035, 1545086458, 3219690716, 3824280686, 4291692867, 194547076, 3389454038, 4292226779, 3542552132, 1822000974, 3177597760, 2354964804, 1791199525, 1879906859, 3046779505, 3401168318, 3269173797, 2224990979, 3629927093, 2521445744, 3737295566, 3397766729, 526732812, 59884085, 1189182344, 3096837860, 3335981810, 3590338460, 2586639971, 123194390, 493531894, 2759200899, 3684488369, 784413039, 1556048812, 1755566386, 1473711459, 1299252128, 393324957, 3601392145, 2782817298, 1386995529, 1748614884, 3363821388, 3641796621, 3994504564, 534642242, 3468329874, 334891245, 4209436149, 3800229264, 2440363662, 2136314960, 3061520822, 1714003489, 268189978, 489889304, 1177031496, 933863516, 59639327, 3500652412, 2876888341, 3386639580, 3801327520, 3240138343, 3628325989, 431450712, 1048380592, 1982495012, 1430798116, 1707657506, 659371483, 909241973, 398533275, 3417715133, 2046554577, 3802777338, 1890588499, 3677837062, 3815402042, 200589013, 4292938504, 2818849298, 4181885951, 2973010657, 1651846578, 4226671599, 3171334563, 2000410991, 2027456071, 2042096131, 2300939970, 4197157915, 1607039811, 747580106, 1236606695, 194411937, 10634702, 3808854725, 2046133923, 483153899, 2655995097, 2524693076, 2547997084, 625337268, 2828156926, 3214130429, 2744931626, 1826649730, 3657879892, 1846350086, 1104229099, 2092077292, 894175402, 1799792238, 1510807157, 3104555303, 338713321, 4116624536, 540242328, 3845243996, 288925172, 784735743, 2450009490, 2652288975, 1375866940, 3388534993, 4213428517, 1452982906, 1697974643, 3526789640, 1484726841, 1753485401, 3124393381, 2869359259, 2806919781, 145833791, 2731666010, 255982310, 1913207860, 3599014191, 1048029531, 2474882463, 1546695077, 1376701286, 3008596332, 3283991530, 3492494852, 1249354501, 4262961973, 2327885328, 965354367, 3433619289, 3749771114, 1873859123, 3848107811, 576309608, 548286014, 1952239413, 1193957250, 1715603815, 1495032899, 49975130, 1866900374, 3967561584, 3860126524, 1583552441, 3439888990, 3406602763, 797434178, 1683213236, 278315181, 3931502899, 1039427809, 3242992732, 3066398593, 329431366, 869532622, 280914188, 3485845420, 1231645678, 1712803911, 4211973505, 193), None)
Loaded weights: 4.284815623707188, -5.525285289480652, -0.4206006985128663, 0.0, -5.0
events: me found the exit, 
  ----
(3, (3786316118, 1508700003, 993184059, 3674568207, 1636710486, 3917532456, 3002897144, 191976358, 96298472, 2866047980, 2314824058, 2123505414, 2947719390, 3371234227, 266529038, 106012645, 3897202752, 1709142886, 543779119, 1010877474, 2660203444, 3458056412, 3234265314, 2203679177, 81594911, 876369772, 3955208819, 405679482, 2376612607, 1419283415, 1633713522, 3746659917, 2165215152, 1662152950, 1469410368, 2303079940, 3207493168, 4006350143, 3064039285, 4034171079, 2988200052, 778917074, 3503062910, 2824986545, 3354759771, 4049125447, 3491960763, 2447138118, 1289450038, 107584478, 3293571749, 3421703298, 1997657880, 2720176997, 2859461241, 3361804615, 2849978008, 2563114903, 2915747296, 1106604486, 1867008176, 26511961, 1858416551, 2722328966, 3859822427, 3368563448, 1551644353, 3791523712, 1622512983, 4223064313, 4070239478, 1511636000, 1885528393, 719856174, 334436561, 3337924078, 2932634343, 601014687, 1390342208, 3074248724, 3922855728, 716920716, 274809876, 2471357118, 3967605002, 3864461438, 1775233203, 3624543537, 1896782195, 2573362128, 29982438, 750626426, 2464221041, 1079297501, 3795105762, 3921491357, 1777279498, 3658268152, 127730349, 2339658032, 466596823, 2807516765, 3214530964, 907845352, 855472033, 1160242122, 1140039168, 1463375647, 2614863700, 1587210671, 1215394965, 3041354153, 144159190, 4253038162, 914148361, 2385117429, 1869477352, 868558413, 4008449708, 93263722, 590553212, 2122872599, 105842114, 2304519832, 1603640703, 485763320, 2729593795, 1736133562, 405248489, 2509642016, 1431729287, 1760876775, 4120321459, 3979067365, 2978316969, 532411920, 312360100, 2259438188, 4115613826, 2402015677, 139756449, 1105138026, 4014057093, 2588974893, 555747236, 3206301240, 1315066504, 3285609374, 1278913226, 1893184800, 2173555478, 803709001, 765222750, 2677339444, 1514648970, 3391376336, 2402011738, 1320624485, 395615382, 4057648559, 786659111, 3360104191, 262211254, 2501338632, 1584756314, 4069384448, 3526467476, 2749667600, 2162638724, 72106557, 1293275769, 779512493, 1424880213, 4002955254, 2056206462, 2407651755, 1153926068, 3600968310, 625540719, 4099894008, 633903161, 3822433745, 1144870448, 1609189936, 3719609355, 3662635696, 1145388942, 4161189124, 3149436993, 2529252113, 1869534840, 1687846352, 4256060627, 1109050382, 2758015957, 1647584311, 294509592, 1428365721, 1487260544, 2734655378, 3983785552, 2877832378, 222844169, 4276812876, 1776785730, 907551638, 1303873019, 773009905, 2419542676, 3138938475, 4147354803, 1934655086, 2005485053, 3138516506, 1712320884, 12884503, 2390248957, 3937347447, 112719253, 2329968733, 189274170, 1592656212, 1574924777, 3083676550, 375870098, 1637960109, 3740516507, 455802026, 56792368, 2009139376, 3015576921, 271942366, 2550546485, 1501886116, 4202666098, 3800123275, 951184359, 465810715, 3183703354, 1322818799, 857990436, 2778071484, 3189448073, 3813750169, 1002729867, 257906171, 1862029188, 1743998331, 938114520, 4058995586, 3219629138, 3615040030, 3696799530, 1273522415, 2422499425, 780652463, 733949690, 938952251, 3713165339, 2421385966, 714311271, 3864960704, 737453342, 3566308323, 79693349, 3186476336, 1278378295, 728241131, 3699290586, 1003209611, 761141849, 2648831513, 2090137646, 1326508790, 3005029003, 4045473705, 828652135, 3691057331, 3693739592, 3223215762, 1889783043, 381231975, 3573502614, 1623173560, 1955509609, 25503722, 301753601, 2590349795, 564587348, 3900384202, 3219057817, 1214752879, 2685616469, 3016785011, 1090063373, 1400478442, 3333726787, 1619055198, 3543703163, 4067332118, 776521804, 2199377319, 668840252, 163796430, 540771651, 1534679835, 400315041, 3336257481, 3549033148, 2719344212, 1702543119, 2364556226, 4274627188, 1775725691, 1696439782, 4173110411, 1145119085, 2819913917, 2649475329, 3471160965, 4288607588, 1767804938, 788360972, 3929481592, 1433729575, 547790574, 1761120984, 610379116, 1803381408, 1945889515, 3861181760, 1502050993, 2154814374, 314473674, 2364071515, 4127943085, 156536712, 1437640763, 1316605870, 1407717456, 390106958, 1992592617, 2775704500, 2619576545, 3971998627, 1124124619, 1570941774, 988054308, 702533132, 2348527217, 3743593828, 1606199863, 557368202, 2574829112, 629945223, 3458227575, 1734664637, 4152874721, 3872060748, 1507274482, 1317698959, 1159878742, 1889180748, 2187653392, 150034160, 3765871639, 968385177, 37606247, 4066469213, 3218488144, 3244459948, 3071743750, 508923723, 911285461, 1253446412, 3183021670, 85527524, 352333030, 3297460396, 196752320, 1922735499, 3831185214, 1828365869, 3623323328, 17478406, 2524708922, 192635663, 2759538781, 1058682881, 1003302582, 3478805795, 2086013367, 119520969, 3211503249, 632622001, 3905437290, 3420115242, 3404729504, 929105934, 2417779703, 2501729806, 2528841823, 2048284725, 2330058509, 3497639601, 2402262841, 1031133231, 1577711255, 1833438476, 153280672, 3422177864, 1372946966, 3147095186, 727125732, 678256699, 1554314739, 1487852243, 2202127174, 50679612, 2989548925, 3388107300, 588210206, 3868780946, 1566218869, 3714750661, 944866911, 320675097, 2432300817, 1569137602, 3412327300, 2630427433, 753150743, 1849977998, 2618210176, 708273916, 3416210706, 865439977, 626957677, 3919119725, 3753699192, 1429350963, 4148333035, 1545086458, 3219690716, 3824280686, 4291692867, 194547076, 3389454038, 4292226779, 3542552132, 1822000974, 3177597760, 2354964804, 1791199525, 1879906859, 3046779505, 3401168318, 3269173797, 2224990979, 3629927093, 2521445744, 3737295566, 3397766729, 526732812, 59884085, 1189182344, 3096837860, 3335981810, 3590338460, 2586639971, 123194390, 493531894, 2759200899, 3684488369, 784413039, 1556048812, 1755566386, 1473711459, 1299252128, 393324957, 3601392145, 2782817298, 1386995529, 1748614884, 3363821388, 3641796621, 3994504564, 534642242, 3468329874, 334891245, 4209436149, 3800229264, 2440363662, 2136314960, 3061520822, 1714003489, 268189978, 489889304, 1177031496, 933863516, 59639327, 3500652412, 2876888341, 3386639580, 3801327520, 3240138343, 3628325989, 431450712, 1048380592, 1982495012, 1430798116, 1707657506, 659371483, 909241973, 398533275, 3417715133, 2046554577, 3802777338, 1890588499, 3677837062, 3815402042, 200589013, 4292938504, 2818849298, 4181885951, 2973010657, 1651846578, 4226671599, 3171334563, 2000410991, 2027456071, 2042096131, 2300939970, 4197157915, 1607039811, 747580106, 1236606695, 194411937, 10634702, 3808854725, 2046133923, 483153899, 2655995097, 2524693076, 2547997084, 625337268, 2828156926, 3214130429, 2744931626, 1826649730, 3657879892, 1846350086, 1104229099, 2092077292, 894175402, 1799792238, 1510807157, 3104555303, 338713321, 4116624536, 540242328, 3845243996, 288925172, 784735743, 2450009490, 2652288975, 1375866940, 3388534993, 4213428517, 1452982906, 1697974643, 3526789640, 1484726841, 1753485401, 3124393381, 2869359259, 2806919781, 145833791, 2731666010, 255982310, 1913207860, 3599014191, 1048029531, 2474882463, 1546695077, 1376701286, 3008596332, 3283991530, 3492494852, 1249354501, 4262961973, 2327885328, 965354367, 3433619289, 3749771114, 1873859123, 3848107811, 576309608, 548286014, 1952239413, 1193957250, 1715603815, 1495032899, 49975130, 1866900374, 3967561584, 3860126524, 1583552441, 3439888990, 3406602763, 797434178, 1683213236, 278315181, 3931502899, 1039427809, 3242992732, 3066398593, 329431366, 869532622, 280914188, 3485845420, 1231645678, 1712803911, 4211973505, 531), None)
Loaded weights: 16.342645805355282, -2.763396914090547, -0.4206006985128663, 0.0, 5.0
events: me found the exit, 
  ----
(3, (1057934286, 3018906700, 613836847, 3856286245, 2726000331, 594022729, 3478746846, 3534163013, 2588256975, 2039049362, 557906196, 2056346979, 4099025318, 2349547215, 3421895995, 2410778802, 1505277783, 2706465907, 1115985890, 1474916105, 3830393640, 1667642189, 1788143942, 311713780, 957434792, 1246724212, 290294984, 1119237477, 3407180651, 598549408, 643430632, 486564890, 3135947775, 3070465289, 675754005, 835934102, 1918894528, 3899594137, 716031406, 1788590291, 1919432452, 3254729426, 310687871, 2948617153, 384194839, 2902531832, 4144413311, 2241617269, 4244292780, 2964834313, 2952753303, 2220803415, 1530852137, 2695283373, 1079931708, 3635573256, 3215473201, 652769499, 3579875986, 4246573542, 1528387542, 720669711, 3380474486, 2085264898, 3131474866, 1035167222, 798640588, 3938695233, 3794970411, 3252193439, 2883310818, 2000287719, 2404970356, 2544431265, 1041294337, 1779996975, 326960289, 128862543, 1193395110, 474665642, 42641061, 1161929130, 517430466, 2694221460, 3606441005, 3208944591, 3711179939, 703605546, 3584055781, 2935222791, 159591807, 1589817589, 3939818204, 3422338564, 257216385, 3850596235, 1381223084, 1824335935, 1670623929, 3675465774, 2542799337, 434438018, 1822945064, 2214071568, 4063512217, 2323651093, 2068324236, 4018041866, 929387119, 1702090480, 2585553491, 2050415707, 1223320077, 2541677055, 4225071495, 1358679855, 3067858316, 548874701, 2305931784, 1751278063, 1155878318, 1939314098, 3751362634, 363336794, 93235881, 2008063542, 3686375375, 1817837524, 3154085489, 2446763822, 1453276995, 516261797, 2561062466, 3105028044, 912920843, 2154467472, 4185762093, 628023042, 4061296331, 2492985320, 729412884, 2919900755, 925269388, 694519153, 54686967, 4185812381, 3079731099, 4056026361, 489568548, 2824132213, 1902697478, 3042081413, 1663699992, 3072658321, 1260336366, 105174982, 2195828865, 1048987361, 3399708774, 2490637625, 69271175, 1407244722, 4292151196, 1326041781, 3698799836, 2015390270, 2134135159, 3531321936, 1161307662, 3984607711, 1204516184, 1214093520, 1641471361, 410162508, 1291769346, 974971875, 1138042210, 1905703501, 2435401703, 1822609062, 2689815816, 3234808130, 548724734, 3319517934, 3148032119, 1549088412, 2944462621, 2565098842, 2154222129, 3303334480, 4059071746, 2012521650, 729465090, 1966009856, 1657935060, 827116915, 2133983050, 4090630826, 2127499770, 2481235979, 2006832949, 4278367333, 1261023507, 869899043, 2102270124, 3872331361, 2365302653, 1734149852, 687385754, 75867578, 667625614, 1875155071, 3598997766, 1551899128, 4248385120, 2393003660, 101374551, 3886490356, 1563743405, 4083256220, 1020639724, 2217937893, 190381263, 2230742757, 3769728999, 3496345813, 3063473108, 1052737878, 2282772500, 2755780188, 2915074890, 930145806, 1336568347, 4066818791, 988749663, 1595273187, 3982493376, 1067533193, 2230690763, 3989035828, 2663398929, 233882400, 1729215137, 2639413069, 1073118801, 1979363360, 4246239595, 4290385348, 1536269964, 895957871, 2032717563, 1463622717, 3065185500, 2155284519, 2365416045, 3737838614, 2707304546, 2448981050, 1428803949, 1990963219, 2217532009, 2109563546, 2190680760, 2835919373, 4137285377, 3585881578, 3861316089, 1549234153, 85093320, 2636318092, 943200274, 1756112128, 2324261763, 2004912101, 1678012030, 1027631424, 130019471, 3253440435, 3830573598, 3127354743, 854778817, 1780603511, 2834147028, 484954202, 640346926, 1150685389, 1764224456, 197796476, 516496874, 261764325, 2171730666, 866620359, 4250135312, 3605954325, 3279910196, 1482704597, 2979586480, 458173184, 235847660, 3632040786, 254519981, 1845378207, 1861825480, 2590537439, 3004847133, 3586611753, 2788162961, 1800298491, 340480640, 4116886426, 2800660341, 2844867863, 1386716461, 4021998160, 2359743920, 780695948, 603029126, 3732830496, 2696469352, 2501615726, 3209950721, 405436423, 3499687735, 2715879264, 2095998792, 1475345365, 3374578328, 2720971961, 3104946728, 1605735816, 1983053975, 4060326730, 3286180976, 3828662398, 225669123, 1942951339, 3601019442, 3173027204, 1405277299, 1128932778, 890511188, 3916269661, 2279782272, 1502383234, 3628071671, 2812342191, 1963991165, 1342876328, 4016239189, 2953321208, 3816747422, 353553260, 2064448810, 276248275, 3527500208, 1363494512, 857603201, 637158885, 1915621596, 652949594, 2609109991, 237461293, 2170087448, 3171222101, 2354920918, 935786328, 209827460, 2336356197, 4058070011, 1469529690, 1928204018, 3579839373, 2069779240, 2462842397, 4011756490, 1604500694, 2731851782, 1395489872, 4035928933, 3278893570, 2231931918, 2758465319, 767497382, 3261393154, 901269244, 370569534, 524366280, 3265614424, 1309036265, 1097898450, 2821357233, 1190157159, 4271704489, 3034997872, 3860835685, 550850203, 2297974671, 477884767, 3646626292, 727216774, 3391598012, 2835172039, 2791619770, 3001109221, 2936653070, 1453005615, 3668870450, 2532791182, 3294507282, 88734426, 2905674725, 2791917118, 167686638, 582938591, 801015676, 892930951, 3309570035, 2960269980, 4158940883, 1334047760, 615079439, 1369333789, 3337171094, 3364619255, 921854298, 3997773737, 43049820, 425608916, 3669182887, 2621804632, 4238556791, 1248603883, 3905441185, 3655341059, 1116903509, 3896169521, 2401393619, 2316245735, 1764291, 622197952, 4264160722, 2469733533, 2438339810, 2012358752, 21534346, 418943599, 3596808439, 3660979806, 3986721991, 2098478952, 2588232517, 2795473733, 1007645848, 395763230, 3178898609, 3981214411, 1545912209, 1988584980, 3260445579, 76509347, 2634545024, 3332720804, 279398629, 1973442309, 483524173, 2562677945, 2393398861, 4123010527, 3656256718, 616193194, 2481415734, 3032860367, 2168220327, 862998787, 3521486866, 1874884117, 2273578241, 1603292971, 3314382892, 82822411, 3533192750, 2090876182, 3939908452, 2237782980, 1685616867, 572684247, 960843570, 2742131616, 2907625011, 652796061, 3628712133, 3189999686, 2853633986, 4246375714, 3058372646, 49040197, 2478475904, 455872950, 1937306926, 306632787, 1607687259, 2830119979, 1504602926, 1995842399, 947090527, 293123315, 4139520091, 768369049, 1362421477, 2185869638, 771994827, 2894381340, 3330692904, 4224699482, 3071904381, 4215035357, 1053743000, 1612792220, 507263044, 2363940365, 169644192, 4237291696, 207772636, 1412501648, 3671973551, 2134124853, 2088946298, 3365947043, 2406179063, 3416113204, 1069232897, 3079181180, 836381947, 1355018479, 2097793694, 2845404460, 1772174741, 2797571474, 18533546, 3075862179, 2027178362, 445236995, 1706399910, 1746850376, 2363263226, 3035743383, 1406848719, 4003323028, 1851409222, 4254832541, 3605499875, 3306049250, 1773581219, 3548774093, 2542661518, 220168653, 3661153732, 2770574652, 3366777094, 2479267004, 3601605200, 1173299961, 4255427467, 3752273147, 1797482172, 985914477, 4273925405, 3515696921, 2183194976, 745571302, 1888995718, 755555124, 183129948, 4043680368, 2625725242, 634215352, 1834497464, 4061529267, 1387410975, 1107845936, 2721958555, 343016898, 3247189088, 3289191564, 217915478, 1804063850, 1194714543, 4086711525, 4061412976, 660310365, 4167391581, 1234214070, 2291804203, 1665256753, 1704013475, 1514614965, 112974574, 1656297965, 1984353480, 1489729769, 954354289, 1519913268, 1591737211, 2507641293, 1695771624, 2206535419, 894880001, 2743914785, 1491351293, 2055005191, 4031581400, 2767951477, 3123985784, 3635656039, 3791863926, 2355903990, 144819569, 2982182742, 1320120289, 3649038975, 3495088519, 1276949913, 2220568708, 3615435368, 204), None)
Loaded weights: 24.48151149919027, -0.16674897742323386, -0.4206006985128663, 0.0, 5.0
events: me found the exit, 
  ----
(3, (1057934286, 3018906700, 613836847, 3856286245, 2726000331, 594022729, 3478746846, 3534163013, 2588256975, 2039049362, 557906196, 2056346979, 4099025318, 2349547215, 3421895995, 2410778802, 1505277783, 2706465907, 1115985890, 1474916105, 3830393640, 1667642189, 1788143942, 311713780, 957434792, 1246724212, 290294984, 1119237477, 3407180651, 598549408, 643430632, 486564890, 3135947775, 3070465289, 675754005, 835934102, 1918894528, 3899594137, 716031406, 1788590291, 1919432452, 3254729426, 310687871, 2948617153, 384194839, 2902531832, 4144413311, 2241617269, 4244292780, 2964834313, 2952753303, 2220803415, 1530852137, 2695283373, 1079931708, 3635573256, 3215473201, 652769499, 3579875986, 4246573542, 1528387542, 720669711, 3380474486, 2085264898, 3131474866, 1035167222, 798640588, 3938695233, 3794970411, 3252193439, 2883310818, 2000287719, 2404970356, 2544431265, 1041294337, 1779996975, 326960289, 128862543, 1193395110, 474665642, 42641061, 1161929130, 517430466, 2694221460, 3606441005, 3208944591, 3711179939, 703605546, 3584055781, 2935222791, 159591807, 1589817589, 3939818204, 3422338564, 257216385, 3850596235, 1381223084, 1824335935, 1670623929, 3675465774, 2542799337, 434438018, 1822945064, 2214071568, 4063512217, 2323651093, 2068324236, 4018041866, 929387119, 1702090480, 2585553491, 2050415707, 1223320077, 2541677055, 4225071495, 1358679855, 3067858316, 548874701, 2305931784, 1751278063, 1155878318, 1939314098, 3751362634, 363336794, 93235881, 2008063542, 3686375375, 1817837524, 3154085489, 2446763822, 1453276995, 516261797, 2561062466, 3105028044, 912920843, 2154467472, 4185762093, 628023042, 4061296331, 2492985320, 729412884, 2919900755, 925269388, 694519153, 54686967, 4185812381, 3079731099, 4056026361, 489568548, 2824132213, 1902697478, 3042081413, 1663699992, 3072658321, 1260336366, 105174982, 2195828865, 1048987361, 3399708774, 2490637625, 69271175, 1407244722, 4292151196, 1326041781, 3698799836, 2015390270, 2134135159, 3531321936, 1161307662, 3984607711, 1204516184, 1214093520, 1641471361, 410162508, 1291769346, 974971875, 1138042210, 1905703501, 2435401703, 1822609062, 2689815816, 3234808130, 548724734, 3319517934, 3148032119, 1549088412, 2944462621, 2565098842, 2154222129, 3303334480, 4059071746, 2012521650, 729465090, 1966009856, 1657935060, 827116915, 2133983050, 4090630826, 2127499770, 2481235979, 2006832949, 4278367333, 1261023507, 869899043, 2102270124, 3872331361, 2365302653, 1734149852, 687385754, 75867578, 667625614, 1875155071, 3598997766, 1551899128, 4248385120, 2393003660, 101374551, 3886490356, 1563743405, 4083256220, 1020639724, 2217937893, 190381263, 2230742757, 3769728999, 3496345813, 3063473108, 1052737878, 2282772500, 2755780188, 2915074890, 930145806, 1336568347, 4066818791, 988749663, 1595273187, 3982493376, 1067533193, 2230690763, 3989035828, 2663398929, 233882400, 1729215137, 2639413069, 1073118801, 1979363360, 4246239595, 4290385348, 1536269964, 895957871, 2032717563, 1463622717, 3065185500, 2155284519, 2365416045, 3737838614, 2707304546, 2448981050, 1428803949, 1990963219, 2217532009, 2109563546, 2190680760, 2835919373, 4137285377, 3585881578, 3861316089, 1549234153, 85093320, 2636318092, 943200274, 1756112128, 2324261763, 2004912101, 1678012030, 1027631424, 130019471, 3253440435, 3830573598, 3127354743, 854778817, 1780603511, 2834147028, 484954202, 640346926, 1150685389, 1764224456, 197796476, 516496874, 261764325, 2171730666, 866620359, 4250135312, 3605954325, 3279910196, 1482704597, 2979586480, 458173184, 235847660, 3632040786, 254519981, 1845378207, 1861825480, 2590537439, 3004847133, 3586611753, 2788162961, 1800298491, 340480640, 4116886426, 2800660341, 2844867863, 1386716461, 4021998160, 2359743920, 780695948, 603029126, 3732830496, 2696469352, 2501615726, 3209950721, 405436423, 3499687735, 2715879264, 2095998792, 1475345365, 3374578328, 2720971961, 3104946728, 1605735816, 1983053975, 4060326730, 3286180976, 3828662398, 225669123, 1942951339, 3601019442, 3173027204, 1405277299, 1128932778, 890511188, 3916269661, 2279782272, 1502383234, 3628071671, 2812342191, 1963991165, 1342876328, 4016239189, 2953321208, 3816747422, 353553260, 2064448810, 276248275, 3527500208, 1363494512, 857603201, 637158885, 1915621596, 652949594, 2609109991, 237461293, 2170087448, 3171222101, 2354920918, 935786328, 209827460, 2336356197, 4058070011, 1469529690, 1928204018, 3579839373, 2069779240, 2462842397, 4011756490, 1604500694, 2731851782, 1395489872, 4035928933, 3278893570, 2231931918, 2758465319, 767497382, 3261393154, 901269244, 370569534, 524366280, 3265614424, 1309036265, 1097898450, 2821357233, 1190157159, 4271704489, 3034997872, 3860835685, 550850203, 2297974671, 477884767, 3646626292, 727216774, 3391598012, 2835172039, 2791619770, 3001109221, 2936653070, 1453005615, 3668870450, 2532791182, 3294507282, 88734426, 2905674725, 2791917118, 167686638, 582938591, 801015676, 892930951, 3309570035, 2960269980, 4158940883, 1334047760, 615079439, 1369333789, 3337171094, 3364619255, 921854298, 3997773737, 43049820, 425608916, 3669182887, 2621804632, 4238556791, 1248603883, 3905441185, 3655341059, 1116903509, 3896169521, 2401393619, 2316245735, 1764291, 622197952, 4264160722, 2469733533, 2438339810, 2012358752, 21534346, 418943599, 3596808439, 3660979806, 3986721991, 2098478952, 2588232517, 2795473733, 1007645848, 395763230, 3178898609, 3981214411, 1545912209, 1988584980, 3260445579, 76509347, 2634545024, 3332720804, 279398629, 1973442309, 483524173, 2562677945, 2393398861, 4123010527, 3656256718, 616193194, 2481415734, 3032860367, 2168220327, 862998787, 3521486866, 1874884117, 2273578241, 1603292971, 3314382892, 82822411, 3533192750, 2090876182, 3939908452, 2237782980, 1685616867, 572684247, 960843570, 2742131616, 2907625011, 652796061, 3628712133, 3189999686, 2853633986, 4246375714, 3058372646, 49040197, 2478475904, 455872950, 1937306926, 306632787, 1607687259, 2830119979, 1504602926, 1995842399, 947090527, 293123315, 4139520091, 768369049, 1362421477, 2185869638, 771994827, 2894381340, 3330692904, 4224699482, 3071904381, 4215035357, 1053743000, 1612792220, 507263044, 2363940365, 169644192, 4237291696, 207772636, 1412501648, 3671973551, 2134124853, 2088946298, 3365947043, 2406179063, 3416113204, 1069232897, 3079181180, 836381947, 1355018479, 2097793694, 2845404460, 1772174741, 2797571474, 18533546, 3075862179, 2027178362, 445236995, 1706399910, 1746850376, 2363263226, 3035743383, 1406848719, 4003323028, 1851409222, 4254832541, 3605499875, 3306049250, 1773581219, 3548774093, 2542661518, 220168653, 3661153732, 2770574652, 3366777094, 2479267004, 3601605200, 1173299961, 4255427467, 3752273147, 1797482172, 985914477, 4273925405, 3515696921, 2183194976, 745571302, 1888995718, 755555124, 183129948, 4043680368, 2625725242, 634215352, 1834497464, 4061529267, 1387410975, 1107845936, 2721958555, 343016898, 3247189088, 3289191564, 217915478, 1804063850, 1194714543, 4086711525, 4061412976, 660310365, 4167391581, 1234214070, 2291804203, 1665256753, 1704013475, 1514614965, 112974574, 1656297965, 1984353480, 1489729769, 954354289, 1519913268, 1591737211, 2507641293, 1695771624, 2206535419, 894880001, 2743914785, 1491351293, 2055005191, 4031581400, 2767951477, 3123985784, 3635656039, 3791863926, 2355903990, 144819569, 2982182742, 1320120289, 3649038975, 3495088519, 1276949913, 2220568708, 3615435368, 527), None)
Loaded weights: 33.42030903210402, 2.7777577992848372, -0.4206006985128663, 0.0, 5.0
events: me found the exit, 
  ----
(3, (92512121, 303603004, 2159928139, 34776582, 1614934716, 2177370069, 1119517720, 2065932470, 710913382, 3389979064, 850873824, 4269221313, 3661944162, 1371757991, 3786509927, 4230634138, 2870930745, 1325190285, 2277838044, 4150497895, 1489603557, 3266187888, 1187634154, 941751259, 1958322215, 3461347058, 1893706138, 2322622512, 3214917241, 297541416, 400454873, 1590597767, 1590487555, 831002274, 1384482080, 3522710849, 1960783376, 398752386, 1149220999, 3054911569, 2867890062, 3494905635, 2885510655, 743600518, 2243275745, 1943924994, 2889135621, 2134242524, 3651913396, 412481635, 17943594, 423052684, 4098879201, 4201280219, 2328277569, 4208187743, 3723121324, 2546626040, 2478983736, 833098874, 4210397388, 3873999536, 2057977762, 2153035353, 2558327391, 124414979, 3653843962, 4106231047, 1633396777, 3678778428, 391409395, 3728898932, 4133917733, 1441244393, 415316615, 294279208, 2846868859, 4067770817, 1642405696, 533327500, 2100338686, 3404125773, 346325569, 552237287, 3121266734, 491029994, 3516517969, 3617645774, 3964878347, 3834407250, 353923845, 2552544093, 1125564319, 116070362, 367693660, 3275692692, 1380755938, 512391589, 795205458, 1098530475, 1474195063, 1160446650, 331013851, 3217149896, 1962445310, 604660968, 1095309658, 4207504823, 599875467, 1656395181, 3386883947, 3964233532, 285113702, 3403790551, 1576113748, 3723211246, 849143907, 3013695353, 369481205, 482111823, 1508543301, 837851233, 3325219872, 2446554411, 3344416683, 3098944740, 572387194, 1579855176, 937392802, 2395333892, 1590310318, 2201500630, 2534718418, 4253453147, 3082672948, 3563866290, 41197422, 3708305700, 3822230232, 1008584479, 682765924, 1518989932, 988781764, 3766338526, 3208528146, 2809484212, 2314691819, 3259733096, 970137458, 728670412, 1832669449, 533677386, 2130813578, 3009942932, 3324781825, 4056865596, 365849954, 3000784829, 3727507342, 18877016, 2362700261, 4148589256, 1833617721, 4170692670, 973019110, 1530278895, 4137352659, 163542459, 2500544605, 2640009137, 4121135985, 734214015, 541706560, 1458086535, 2836273690, 721470957, 1355171721, 220033046, 1402748139, 2104598332, 2456921106, 48781792, 1625655879, 1726279295, 2052628108, 1329916721, 2290037281, 3586587025, 167093570, 1070442286, 2288785084, 3886636785, 499973725, 3373028151, 3359525584, 3070416782, 1521009764, 452372062, 3401438319, 3833430443, 3291542272, 2329590942, 3626960295, 105203239, 4042732251, 2175440922, 3872985763, 1903115685, 2177358886, 649289030, 224800193, 1940265598, 339536123, 3469842408, 3819617587, 1614405772, 3948946461, 361863935, 3051157560, 1456150919, 718359163, 2450235737, 1108110802, 956489387, 3173451052, 3742843246, 2283858627, 25932659, 1077441042, 3596460782, 1504367873, 3734796142, 569633401, 2261074792, 3449939864, 485469702, 215410851, 2848271578, 2291583067, 204241589, 389758007, 1261560808, 1804334563, 1844273870, 1946260637, 541163702, 2294192261, 889275555, 1091911448, 3814001736, 2327299354, 1876959817, 394052158, 2947131507, 3843365435, 4012942920, 1497375029, 3829542064, 4237553745, 3318888424, 1331079151, 1405883516, 477406360, 2526766415, 2098880631, 2925824164, 1094010746, 2826547818, 3737224677, 4158745078, 402940678, 435793663, 2434073135, 2654372154, 1637204092, 1132236332, 2707984229, 1933130021, 3708561384, 876490718, 1450323775, 2662359339, 3030397298, 3472828219, 747230529, 2807151836, 877462852, 4119928377, 2016223261, 2048049879, 1083166565, 2798981079, 4111852374, 3094774112, 33066674, 2039994609, 2531402172, 273887493, 4068228829, 687600044, 4195355257, 800957283, 2243351448, 1764384682, 27155466, 2885308759, 4083577262, 1997878974, 4032270208, 3738920228, 3978974899, 1246871143, 714730690, 2546640009, 2162481160, 4255875400, 3417527746, 1162092209, 3534318442, 2243425344, 3556154118, 2762883096, 2479855908, 742103622, 2893362320, 200548894, 2305151016, 190231395, 720488574, 2980834895, 2260736621, 353835974, 1443890391, 2667057540, 1512462269, 143705746, 1009439599, 959866253, 3454825961, 175403724, 1734331430, 503369108, 2972579759, 2274076103, 2038009969, 4119164180, 884548635, 4149428912, 1777636637, 3079515375, 3680112797, 4208050494, 696586066, 188571554, 914886256, 3076076605, 87062313, 1742552512, 2421008379, 64874238, 597529618, 3071389496, 333871431, 1146749317, 2263562888, 3851567514, 2696252530, 3377070918, 826436929, 60332989, 1405448903, 3264309382, 924327013, 4269285646, 2912602627, 683245425, 1123557092, 3430109284, 2121841739, 1032185997, 2018889432, 2431889234, 3506220989, 1326599708, 3117903650, 3515721578, 544383860, 1926784590, 3623763489, 3763816126, 48702802, 2679710701, 21299671, 480091070, 3235734057, 142597957, 1248731073, 3641575307, 2121207356, 89792414, 2610870075, 4198253639, 3950563392, 121808142, 4283977054, 2127265394, 906639099, 4032740507, 1078764685, 4017468266, 902843744, 1051182715, 3339922433, 2678092191, 1448266893, 2992576100, 1744090720, 1788253450, 2154341625, 2526077317, 2026623974, 3947549339, 1246521002, 30536905, 3034218837, 2348131777, 3906118337, 1885464332, 3304617138, 1064708675, 4202422669, 1570481364, 1951539908, 513338966, 3699042146, 1600012560, 4206649578, 3563317503, 1630331934, 724049426, 507753849, 2869015362, 465630396, 3955519320, 2162516759, 132460700, 1003493032, 3305749703, 3967925997, 3592845487, 4081429462, 3810574176, 3571199585, 261441604, 3995419337, 3072498949, 3978170852, 3783875611, 97746912, 795873721, 3851937594, 486208309, 3208066395, 2612438874, 1016214105, 1456101282, 4022655109, 2076981840, 426560957, 1652049656, 2928095606, 2912358673, 3773896936, 2689353868, 3689533302, 3688859975, 362126082, 2826008844, 3030347795, 1043389737, 3522803448, 3497920393, 2910866346, 2993991067, 1817945988, 3761330120, 3563780664, 2163833897, 2578502893, 2841179173, 3381305708, 672210838, 3504983605, 437309289, 1879516951, 3608985765, 3128385837, 565713297, 2312270345, 670309597, 325463024, 222492139, 3775868764, 609846677, 3800945539, 2136645402, 4224757709, 3890277522, 2677325192, 2057919432, 3636283317, 1338703573, 3669383921, 4140396709, 285705224, 659180497, 1241670169, 1334956871, 967757838, 2954603270, 2251389240, 1204396892, 1401901241, 579108404, 4139881792, 3426573280, 2510512674, 615320285, 1249067897, 1130625735, 1928205844, 3229350568, 445848063, 3454178529, 1675198504, 495952277, 3448021997, 2913415398, 3371432425, 1458817151, 59176919, 2990412891, 3383027820, 3453817279, 2251574309, 575454418, 3002669578, 2765863589, 57359113, 1639247370, 1320992055, 1101454750, 3141430695, 3265472495, 3570516826, 133016220, 3812237521, 3801506542, 1559516568, 1028003327, 1694969895, 4261196455, 4266386480, 1237016625, 3177134948, 1807463352, 4223295903, 642758806, 1211665511, 2305168236, 2433730653, 2081209311, 3439829036, 2063177094, 2780163948, 1599639489, 395189865, 722189133, 3688231078, 2710788800, 1090805059, 374216768, 3579821691, 1129244418, 1377753077, 719316467, 2736682067, 1519881002, 2109004617, 3067897142, 546459614, 464428610, 221911005, 192261116, 2103520195, 840925238, 2882316180, 1759910051, 2013029421, 2992736642, 3543410068, 469600097, 3137996616, 812755728, 1421436870, 3185272852, 3041603778, 2368693625, 885353870, 3906611665, 2221356537, 3838669214, 618450182, 1366491983, 888043701, 178678854, 4172773653, 4239925885, 705586701, 4033141195, 3818615213, 3270572651, 1673546353, 2443665570, 215), None)
Loaded weights: 37.8024429092315, 2.7777577992848372, -0.4206006985128663, 0.0, 5.0
events: me found the exit, 
  ----
(3, (92512121, 303603004, 2159928139, 34776582, 1614934716, 2177370069, 1119517720, 2065932470, 710913382, 3389979064, 850873824, 4269221313, 3661944162, 1371757991, 3786509927, 4230634138, 2870930745, 1325190285, 2277838044, 4150497895, 1489603557, 3266187888, 1187634154, 941751259, 1958322215, 3461347058, 1893706138, 2322622512, 3214917241, 297541416, 400454873, 1590597767, 1590487555, 831002274, 1384482080, 3522710849, 1960783376, 398752386, 1149220999, 3054911569, 2867890062, 3494905635, 2885510655, 743600518, 2243275745, 1943924994, 2889135621, 2134242524, 3651913396, 412481635, 17943594, 423052684, 4098879201, 4201280219, 2328277569, 4208187743, 3723121324, 2546626040, 2478983736, 833098874, 4210397388, 3873999536, 2057977762, 2153035353, 2558327391, 124414979, 3653843962, 4106231047, 1633396777, 3678778428, 391409395, 3728898932, 4133917733, 1441244393, 415316615, 294279208, 2846868859, 4067770817, 1642405696, 533327500, 2100338686, 3404125773, 346325569, 552237287, 3121266734, 491029994, 3516517969, 3617645774, 3964878347, 3834407250, 353923845, 2552544093, 1125564319, 116070362, 367693660, 3275692692, 1380755938, 512391589, 795205458, 1098530475, 1474195063, 1160446650, 331013851, 3217149896, 1962445310, 604660968, 1095309658, 4207504823, 599875467, 1656395181, 3386883947, 3964233532, 285113702, 3403790551, 1576113748, 3723211246, 849143907, 3013695353, 369481205, 482111823, 1508543301, 837851233, 3325219872, 2446554411, 3344416683, 3098944740, 572387194, 1579855176, 937392802, 2395333892, 1590310318, 2201500630, 2534718418, 4253453147, 3082672948, 3563866290, 41197422, 3708305700, 3822230232, 1008584479, 682765924, 1518989932, 988781764, 3766338526, 3208528146, 2809484212, 2314691819, 3259733096, 970137458, 728670412, 1832669449, 533677386, 2130813578, 3009942932, 3324781825, 4056865596, 365849954, 3000784829, 3727507342, 18877016, 2362700261, 4148589256, 1833617721, 4170692670, 973019110, 1530278895, 4137352659, 163542459, 2500544605, 2640009137, 4121135985, 734214015, 541706560, 1458086535, 2836273690, 721470957, 1355171721, 220033046, 1402748139, 2104598332, 2456921106, 48781792, 1625655879, 1726279295, 2052628108, 1329916721, 2290037281, 3586587025, 167093570, 1070442286, 2288785084, 3886636785, 499973725, 3373028151, 3359525584, 3070416782, 1521009764, 452372062, 3401438319, 3833430443, 3291542272, 2329590942, 3626960295, 105203239, 4042732251, 2175440922, 3872985763, 1903115685, 2177358886, 649289030, 224800193, 1940265598, 339536123, 3469842408, 3819617587, 1614405772, 3948946461, 361863935, 3051157560, 1456150919, 718359163, 2450235737, 1108110802, 956489387, 3173451052, 3742843246, 2283858627, 25932659, 1077441042, 3596460782, 1504367873, 3734796142, 569633401, 2261074792, 3449939864, 485469702, 215410851, 2848271578, 2291583067, 204241589, 389758007, 1261560808, 1804334563, 1844273870, 1946260637, 541163702, 2294192261, 889275555, 1091911448, 3814001736, 2327299354, 1876959817, 394052158, 2947131507, 3843365435, 4012942920, 1497375029, 3829542064, 4237553745, 3318888424, 1331079151, 1405883516, 477406360, 2526766415, 2098880631, 2925824164, 1094010746, 2826547818, 3737224677, 4158745078, 402940678, 435793663, 2434073135, 2654372154, 1637204092, 1132236332, 2707984229, 1933130021, 3708561384, 876490718, 1450323775, 2662359339, 3030397298, 3472828219, 747230529, 2807151836, 877462852, 4119928377, 2016223261, 2048049879, 1083166565, 2798981079, 4111852374, 3094774112, 33066674, 2039994609, 2531402172, 273887493, 4068228829, 687600044, 4195355257, 800957283, 2243351448, 1764384682, 27155466, 2885308759, 4083577262, 1997878974, 4032270208, 3738920228, 3978974899, 1246871143, 714730690, 2546640009, 2162481160, 4255875400, 3417527746, 1162092209, 3534318442, 2243425344, 3556154118, 2762883096, 2479855908, 742103622, 2893362320, 200548894, 2305151016, 190231395, 720488574, 2980834895, 2260736621, 353835974, 1443890391, 2667057540, 1512462269, 143705746, 1009439599, 959866253, 3454825961, 175403724, 1734331430, 503369108, 2972579759, 2274076103, 2038009969, 4119164180, 884548635, 4149428912, 1777636637, 3079515375, 3680112797, 4208050494, 696586066, 188571554, 914886256, 3076076605, 87062313, 1742552512, 2421008379, 64874238, 597529618, 3071389496, 333871431, 1146749317, 2263562888, 3851567514, 2696252530, 3377070918, 826436929, 60332989, 1405448903, 3264309382, 924327013, 4269285646, 2912602627, 683245425, 1123557092, 3430109284, 2121841739, 1032185997, 2018889432, 2431889234, 3506220989, 1326599708, 3117903650, 3515721578, 544383860, 1926784590, 3623763489, 3763816126, 48702802, 2679710701, 21299671, 480091070, 3235734057, 142597957, 1248731073, 3641575307, 2121207356, 89792414, 2610870075, 4198253639, 3950563392, 121808142, 4283977054, 2127265394, 906639099, 4032740507, 1078764685, 4017468266, 902843744, 1051182715, 3339922433, 2678092191, 1448266893, 2992576100, 1744090720, 1788253450, 2154341625, 2526077317, 2026623974, 3947549339, 1246521002, 30536905, 3034218837, 2348131777, 3906118337, 1885464332, 3304617138, 1064708675, 4202422669, 1570481364, 1951539908, 513338966, 3699042146, 1600012560, 4206649578, 3563317503, 1630331934, 724049426, 507753849, 2869015362, 465630396, 3955519320, 2162516759, 132460700, 1003493032, 3305749703, 3967925997, 3592845487, 4081429462, 3810574176, 3571199585, 261441604, 3995419337, 3072498949, 3978170852, 3783875611, 97746912, 795873721, 3851937594, 486208309, 3208066395, 2612438874, 1016214105, 1456101282, 4022655109, 2076981840, 426560957, 1652049656, 2928095606, 2912358673, 3773896936, 2689353868, 3689533302, 3688859975, 362126082, 2826008844, 3030347795, 1043389737, 3522803448, 3497920393, 2910866346, 2993991067, 1817945988, 3761330120, 3563780664, 2163833897, 2578502893, 2841179173, 3381305708, 672210838, 3504983605, 437309289, 1879516951, 3608985765, 3128385837, 565713297, 2312270345, 670309597, 325463024, 222492139, 3775868764, 609846677, 3800945539, 2136645402, 4224757709, 3890277522, 2677325192, 2057919432, 3636283317, 1338703573, 3669383921, 4140396709, 285705224, 659180497, 1241670169, 1334956871, 967757838, 2954603270, 2251389240, 1204396892, 1401901241, 579108404, 4139881792, 3426573280, 2510512674, 615320285, 1249067897, 1130625735, 1928205844, 3229350568, 445848063, 3454178529, 1675198504, 495952277, 3448021997, 2913415398, 3371432425, 1458817151, 59176919, 2990412891, 3383027820, 3453817279, 2251574309, 575454418, 3002669578, 2765863589, 57359113, 1639247370, 1320992055, 1101454750, 3141430695, 3265472495, 3570516826, 133016220, 3812237521, 3801506542, 1559516568, 1028003327, 1694969895, 4261196455, 4266386480, 1237016625, 3177134948, 1807463352, 4223295903, 642758806, 1211665511, 2305168236, 2433730653, 2081209311, 3439829036, 2063177094, 2780163948, 1599639489, 395189865, 722189133, 3688231078, 2710788800, 1090805059, 374216768, 3579821691, 1129244418, 1377753077, 719316467, 2736682067, 1519881002, 2109004617, 3067897142, 546459614, 464428610, 221911005, 192261116, 2103520195, 840925238, 2882316180, 1759910051, 2013029421, 2992736642, 3543410068, 469600097, 3137996616, 812755728, 1421436870, 3185272852, 3041603778, 2368693625, 885353870, 3906611665, 2221356537, 3838669214, 618450182, 1366491983, 888043701, 178678854, 4172773653, 4239925885, 705586701, 4033141195, 3818615213, 3270572651, 1673546353, 2443665570, 548), None)
Loaded weights: 43.44607882163623, 5.229566733336768, -0.4206006985128663, 0.0, 5.0
events: me found the exit, 
  ----
(3, (3489810709, 3879292742, 1146309789, 2881375845, 1674639218, 2317741644, 986936661, 3933707245, 1540096686, 1867616267, 1450024612, 762236476, 513584486, 2617260684, 1085467446, 194308674, 1641457414, 1437616867, 1357279112, 2459485005, 1270979634, 3809233164, 327724215, 3684676394, 3429706210, 841200231, 82428113, 1914564278, 3274418773, 2050304114, 3322813328, 1922478444, 665985298, 3543737117, 3966710443, 238925260, 360370967, 1733135358, 3713913319, 2948866861, 625171377, 2916804158, 2097227473, 2240925782, 3538897859, 2496798561, 2489226550, 2888859725, 3534191730, 995684541, 3381796353, 1336867138, 840691997, 791560745, 121758480, 3123250999, 1148223160, 2814666709, 4025915192, 3496270210, 2466060611, 2022072369, 3058891338, 815868618, 3326572011, 2480122022, 2027821318, 3577173650, 2070449596, 1030119203, 1424820202, 4216797040, 2441290835, 1005526250, 2773630213, 1831750282, 1082022067, 2870690006, 3560668673, 722326781, 336241397, 1740997100, 3075297669, 3439122159, 2665235836, 474225757, 3651461116, 2205845598, 2457297761, 133067621, 367235416, 1630747645, 2855108552, 3279939266, 160338652, 3117390532, 2354922340, 1739966654, 1856597807, 143713993, 53319884, 419933627, 940899129, 1763340047, 524797855, 3249251313, 2150990737, 711314585, 3608110355, 1178058919, 2445565708, 3622535995, 3335599996, 3058011295, 1631528482, 451976735, 1980853190, 3272465965, 2954675113, 4294940516, 3462475688, 448248350, 1643815244, 2089948722, 462598446, 42051332, 227616912, 3979225105, 3412044130, 4207311093, 623974198, 33103504, 2762477493, 691075982, 2857230065, 1537824328, 3815158899, 305188164, 3666473669, 3655185631, 2162411984, 3582211979, 1724721552, 1545197406, 3783572865, 341306054, 2901990283, 3671966620, 939257012, 493847121, 2872842240, 1022093900, 2013324480, 3030523752, 960606208, 4057553686, 1120255214, 3150404765, 1199419312, 2086365436, 2570410890, 3008987611, 17680864, 972602324, 1232018319, 1544432134, 2490133043, 785526677, 3156125887, 409146616, 3936785398, 1478256839, 991621872, 2240333136, 2961467894, 2087465783, 2088185229, 359875014, 1642086495, 515296352, 1786746813, 1924105562, 199859488, 2083000837, 2833571079, 1214814132, 2963614485, 384042324, 892941924, 2804449037, 2957743245, 2858030264, 189987954, 1150118582, 1076884869, 1617851887, 101644499, 3241636139, 3643404348, 3386170900, 764102380, 2195936801, 1749785166, 1917258790, 1529400172, 1366179526, 3519972637, 1415219669, 4001547959, 720410365, 3036440646, 2815666476, 3484607013, 1824185279, 2496758232, 2288283607, 2192801519, 771753129, 4174073946, 1960275191, 1823818254, 1258836196, 1978467905, 4245222203, 2910542556, 3201863631, 1214908868, 4028526620, 3424099889, 2978911938, 2230351314, 2854335121, 2303152120, 1543734937, 2751483118, 3299853856, 2075330150, 2335066710, 4067443641, 2349433762, 3113798520, 3967787288, 1029856037, 3269385623, 1167100600, 3450966805, 1360056771, 1800078270, 3534147368, 1456688698, 895947473, 3352512765, 3170883201, 4016831763, 92650898, 914557456, 1209286186, 558846823, 276802200, 3641819706, 4208929059, 3797246183, 2625157044, 4076819443, 1887424428, 3183964762, 3153656344, 3542821276, 3593097925, 822286162, 275101686, 1131248139, 3687407612, 3834934536, 2374944603, 1528531743, 3687636208, 3876851189, 363982509, 2150258269, 3112092259, 1561459625, 1147020405, 2335974599, 3027024315, 3050313114, 1940186689, 2011380114, 3699880325, 253603111, 3133349374, 3167585344, 3488147478, 941776479, 1895041589, 1880726882, 3964106622, 4108036187, 2938818470, 897814960, 4114185604, 2810795209, 431711583, 1085372086, 669964450, 2911389398, 1351045026, 740386101, 145240958, 1490078211, 819771651, 2341516061, 2393505478, 2580984824, 4256123130, 4155427200, 4232367330, 1018635501, 602456541, 3285594699, 2435368654, 1080647246, 4023539687, 2590497068, 575658417, 1780188987, 3560116135, 374701299, 2564483651, 3799795408, 596763372, 2907141419, 3470240563, 1949178000, 774746064, 1343405179, 3282322110, 775607591, 2463218269, 4118729071, 3108366933, 3768675626, 3225287715, 2477069089, 4191118503, 1934156155, 3293984316, 596891129, 2558123190, 2506037725, 33224365, 1330656903, 119474389, 383070120, 1871315664, 282010153, 3374900757, 3021960212, 1075310063, 3043411388, 850930706, 2058769037, 3767330389, 3759352119, 1626992009, 2329097468, 3178804604, 1095389103, 1296091786, 3592888364, 2102485789, 587203436, 728496705, 1664945749, 394906875, 378004422, 995502691, 1292433146, 3139546837, 1143604140, 3168520385, 3359069953, 2521857048, 1580075903, 3540094760, 390397450, 1161255899, 734196805, 3279037060, 1082022729, 2938936061, 2428840891, 1379985369, 755657720, 4091900136, 2168704, 2917967842, 2509313256, 1521575688, 2950502834, 1637767084, 3308782038, 1070424496, 1138428706, 1779891967, 3824020477, 3213959922, 2471589156, 1159027951, 1359068048, 4201857511, 308673496, 2662342564, 1116011916, 264998502, 1187212628, 2455975304, 695694894, 2015024293, 2000098689, 3894457124, 621397712, 4186849108, 2238384294, 499454740, 877138307, 2984521106, 267877557, 1146155999, 3430865495, 478862924, 1627511310, 1579305453, 4294178476, 1005955421, 3554473666, 3653882461, 3295287881, 2991040037, 1503365190, 2033844766, 3643931526, 3179698299, 1539932091, 1844616423, 3844299534, 3478848075, 2214407591, 3105086572, 206558122, 2358815883, 1579023667, 4178717677, 3866105983, 847744577, 3130562243, 1480755216, 3323578914, 613485202, 3146562661, 2339786716, 580085404, 2306119053, 3170021269, 2689294727, 1553637156, 4059012746, 740695417, 3712189028, 706855838, 220063168, 904398540, 2643965779, 1021589112, 2678880194, 2557215401, 1122759356, 4129298951, 29595318, 2483228157, 509365768, 1397069895, 4138855426, 1043983848, 290977923, 2051725188, 6671601, 789574538, 804366890, 4173195010, 2801261624, 3238238313, 1774691633, 452188492, 1638791441, 303649420, 4174883653, 2374254125, 2308949178, 3531229700, 2067644194, 3171504373, 2420111626, 1937933806, 2562278008, 2974878100, 4091158548, 4139031719, 541414989, 4043847536, 1976691570, 4138012, 1471946007, 992420933, 4249791653, 1619931222, 2984113243, 2786358777, 2764067267, 2364560522, 1539739633, 3225096886, 1633395320, 3609705950, 2462385579, 3858464439, 4275938305, 1225288935, 523245941, 550268501, 1619823586, 4088390786, 309443705, 560697270, 3152938272, 3076706903, 235098736, 3450729768, 2044848125, 375535090, 432081162, 2575121612, 138998144, 643193391, 1838250628, 982797528, 145973190, 1234561941, 1890789707, 1367652771, 3132405731, 2799198141, 2453840915, 3193695754, 1436789181, 810502900, 2469885863, 1307297824, 720162571, 1700561919, 3554210076, 1359502792, 2915548348, 3708542732, 1541868795, 906246733, 2790853924, 72424633, 3826410652, 296921298, 1957428753, 3746346161, 238300088, 3599548810, 3577160390, 179725149, 433222820, 739249918, 530160615, 4271216299, 502408072, 3693964594, 1902662056, 2033138992, 947402290, 3364906777, 3626827817, 2506813801, 1641570326, 2965750202, 3989071382, 4285290168, 2406080770, 448827458, 1480953780, 1487313216, 995925154, 3752321492, 976275373, 1123149963, 3083566394, 168611679, 1321154126, 285907328, 1407533808, 3783538356, 2612330959, 3870916102, 1699935030, 1298880059, 742962096, 2171595179, 2801127282, 3326662494, 781304422, 1713450705, 2804611752, 1663244580, 838858625, 3129339856, 3581584914, 453895439, 150120401, 1558524855, 318), None)
Loaded weights: 47.45188271066388, 7.870571635101904, -0.4206006985128663, 0.0, 5.0
events: 
  ----
(3, (3888888078, 805428151, 526286735, 461157862, 3467991873, 1843962220, 725867380, 1524270499, 1638395812, 3070099408, 269263004, 4204022210, 606343958, 1406607719, 2788026756, 3588504039, 4198349578, 4245536979, 2037592536, 971544281, 2833678304, 801520213, 3565882865, 2849414384, 2561433564, 952049430, 1660789595, 1043217844, 711927058, 3195842092, 2060486781, 1739836922, 3333195252, 932194064, 2927985115, 1594670791, 2284306051, 1723866292, 1925583080, 2920988582, 746413019, 3573329575, 2443855695, 1195894942, 4285052333, 1344182644, 1776569175, 2112672908, 3851466473, 2633662603, 289596678, 1595792603, 2644737231, 1934439037, 1671916902, 2433937395, 2106522804, 2399360548, 3175923619, 1873918189, 231883294, 3564600421, 2967083671, 2522168241, 2935942923, 601125321, 2248509640, 1302207557, 3910892076, 2397698975, 2491242589, 3272394569, 1908627430, 909999417, 554657402, 4223872573, 2492524762, 2326024310, 2797881283, 1938156305, 4122711998, 3037624082, 255327021, 3558751991, 3449913462, 584757061, 1172030132, 905218732, 1796411514, 3019303322, 3823301050, 2476477101, 1194682976, 2543678480, 630161042, 2449506424, 2051530097, 1375591321, 571286240, 2851072009, 3149911830, 1170891083, 3159168340, 578896266, 57257535, 720962076, 4117972386, 1597153460, 3442361413, 1904686718, 554395204, 370655494, 2864663472, 473523631, 3300214623, 67220828, 2538084135, 3135643974, 3406580124, 62754678, 3286506475, 613105614, 1949954115, 3391734606, 954764902, 1554743593, 1122256998, 2566530634, 2827359457, 2557549590, 1245902336, 2017811782, 1048885135, 2130404493, 1306278248, 2217660802, 3655788457, 2142113505, 3139339535, 3409930746, 3251249158, 1523913815, 2440865266, 1585947192, 2623278967, 1495868617, 2886394248, 2042452523, 1163707860, 362940, 496327519, 3711602181, 1990267460, 1030258581, 3897742094, 3192127466, 3006517610, 530507779, 1604155524, 3438925817, 1599185704, 2261569848, 1785175820, 2646992672, 2478526772, 4259398290, 950277794, 1780711242, 465070261, 4042069796, 2453547818, 3669298789, 93550533, 2246660148, 759069864, 3695915625, 2068073060, 516199333, 22804664, 3808055969, 2132535406, 1673556733, 1002218368, 2214601105, 4162162669, 313967284, 709345316, 1338895794, 1202439948, 2317879109, 1733945108, 1788349124, 34600320, 1666248859, 2654903381, 2544255340, 105926052, 3588750462, 1338942232, 1790913406, 2709119463, 1438201030, 1239823022, 4131557424, 653870361, 1431694116, 3006195065, 3288671950, 798658988, 1644145800, 2357854617, 2466482829, 4134226722, 2470203539, 1182349440, 4150790840, 3623916118, 1780435282, 325978581, 1716191371, 2625472631, 897439725, 1460521842, 3985732195, 154688849, 3312805232, 3715507576, 2000237390, 4062377514, 3838562752, 499241706, 1258798078, 3994193649, 1237447053, 2189245540, 715697301, 1444747412, 4082479059, 450026496, 63076847, 1781042964, 1733989246, 1135436643, 2590693879, 2406731500, 194710347, 481094745, 3839310253, 3002449947, 1453664387, 899441219, 1739936376, 3614133641, 1038260772, 2878411266, 3431152652, 3228399725, 1702532435, 3854106619, 3333265548, 2031944704, 1222972284, 780522998, 3883625164, 1809870061, 4015907726, 312102800, 2302485476, 3630674819, 2091633702, 880595892, 1685482572, 1173799205, 486487412, 990402051, 3051649806, 3223629275, 3921596534, 2589246895, 1416978102, 754275306, 1629459574, 476397900, 207353180, 2864259126, 1601354741, 1285790541, 3581020071, 4072655259, 2823916608, 2464669517, 2553340755, 276717338, 630801194, 2703618762, 4238912948, 150780588, 2892409173, 541546557, 3792840102, 1402029664, 961502245, 917738805, 705306690, 4082884122, 54478256, 4087400737, 3103703294, 2063181043, 213797012, 3067968550, 3631782051, 1054825313, 3829152307, 3212464303, 3171395367, 1337412053, 4161431392, 2140513227, 715711253, 1208208195, 299135448, 3092384903, 1610563811, 1612182782, 3200295711, 4054716601, 3024009684, 4276183420, 2896106435, 3531149863, 1380798475, 2197953118, 4009718180, 4194877928, 3487390587, 2992471546, 388498488, 1868719729, 2823736606, 391946054, 1543033750, 3017571731, 1233491862, 2585662108, 1358288455, 1061163553, 1804577905, 3604079991, 2339403037, 3160743297, 3016385837, 1226403740, 4064333846, 1027595665, 545458259, 1152056926, 28348914, 3648804519, 2725060692, 2387537988, 1948403135, 3180889344, 1099013848, 2494007161, 3110626702, 1906015068, 2822597536, 1212188535, 3605811255, 2902525593, 1253701641, 2720171598, 1898528684, 878234976, 903587161, 3253012271, 3996791710, 203388070, 610352905, 966418457, 1750939286, 4062588552, 2516900815, 3792625839, 4038757291, 646394150, 3046442870, 1841014801, 2415117558, 897621807, 1080819716, 175892659, 3432766672, 1764823616, 860849652, 3236307508, 2968125239, 523857642, 3915868949, 2727301755, 3884142493, 1159460052, 706152867, 688465334, 587364326, 3011805099, 618216958, 2521277971, 2170856863, 1489950314, 3425559794, 2124369433, 3843206552, 4042351821, 976965670, 3021928812, 939307360, 2713523840, 2100726378, 1074543528, 1910239242, 1049945471, 2067026924, 408736935, 4099207938, 4181332277, 261180838, 1861786111, 4151476618, 401232312, 3517360536, 3292039546, 1745626429, 2938763500, 2920332203, 804837561, 37237675, 4014161230, 3525751404, 3498014423, 2203596499, 1718527738, 195089503, 1868188842, 1168369555, 2601003722, 137769690, 1771242622, 3625355021, 2168925520, 3020155269, 371376959, 3971254178, 1315611793, 1027737091, 733989145, 4250725317, 515517613, 3500925680, 2675135257, 1144576820, 33632142, 655311361, 2894018899, 2552855621, 3550769768, 3748906545, 3519608219, 391450472, 2549637029, 1679034457, 525724910, 122425836, 2560379181, 2413323846, 1960782027, 2616830686, 956873599, 185465597, 2654404179, 3838641392, 985985873, 3105593244, 2105458815, 1477321410, 3323705106, 2760706437, 3347155363, 240639760, 177770332, 797482716, 2722347557, 1515359035, 2175411070, 435283386, 1765908118, 1375552931, 4124409056, 319763112, 1950422734, 3180460525, 3175505280, 984203412, 2359244139, 2977409988, 648658422, 4209818641, 2545203585, 1405928904, 3798635964, 2516477972, 642012369, 1885206313, 1892906569, 3329953751, 1370223122, 514593606, 1914265354, 2154710491, 698296467, 933674520, 3995967309, 3559221809, 3469739769, 287066271, 1278290093, 4085210791, 904025294, 1235236973, 1181652340, 1540849377, 8567229, 2510617262, 808736615, 4045720542, 1047637728, 2158645026, 1991966182, 2552974698, 2090642587, 2793560208, 2694157128, 2188478872, 1638201039, 3349627854, 2732474875, 2962764250, 674811051, 3530267349, 1838931883, 2912460236, 2743812223, 2246608586, 2081506614, 855812208, 496305411, 2143847841, 3832471522, 3432898689, 2079987114, 3812326215, 604009277, 1823328367, 2608356203, 2091752955, 1733851117, 2557070758, 3259097524, 1574102203, 2222229463, 3882369846, 3879740727, 152192804, 2328302292, 2283892281, 2907408983, 1750138669, 53920702, 1827950450, 572938251, 3336138587, 1373550817, 3518724786, 887398358, 4221234734, 1092005431, 2651742747, 3440646855, 278225284, 2314196242, 4157688907, 2482574098, 3716698320, 3310815563, 2802083201, 3942662910, 1401565862, 1668763618, 2250013729, 2600885034, 3641084666, 4249578419, 1797470331, 1780785457, 3210171601, 980587951, 3256752591, 467145611, 166920076, 1042932367, 327342497, 3027813105, 3757684979, 3889743994, 3762919448, 634921553, 192321904, 586446941, 3615643384, 86711267, 4090985309, 3579279878, 4077125299, 218), None)
Loaded weights: 43.312160944265564, -7.819819461617954, -0.4206006985128663, 0.0, -2.424559810091809
events: 
  ----
(3, (3888888078, 805428151, 526286735, 461157862, 3467991873, 1843962220, 725867380, 1524270499, 1638395812, 3070099408, 269263004, 4204022210, 606343958, 1406607719, 2788026756, 3588504039, 4198349578, 4245536979, 2037592536, 971544281, 2833678304, 801520213, 3565882865, 2849414384, 2561433564, 952049430, 1660789595, 1043217844, 711927058, 3195842092, 2060486781, 1739836922, 3333195252, 932194064, 2927985115, 1594670791, 2284306051, 1723866292, 1925583080, 2920988582, 746413019, 3573329575, 2443855695, 1195894942, 4285052333, 1344182644, 1776569175, 2112672908, 3851466473, 2633662603, 289596678, 1595792603, 2644737231, 1934439037, 1671916902, 2433937395, 2106522804, 2399360548, 3175923619, 1873918189, 231883294, 3564600421, 2967083671, 2522168241, 2935942923, 601125321, 2248509640, 1302207557, 3910892076, 2397698975, 2491242589, 3272394569, 1908627430, 909999417, 554657402, 4223872573, 2492524762, 2326024310, 2797881283, 1938156305, 4122711998, 3037624082, 255327021, 3558751991, 3449913462, 584757061, 1172030132, 905218732, 1796411514, 3019303322, 3823301050, 2476477101, 1194682976, 2543678480, 630161042, 2449506424, 2051530097, 1375591321, 571286240, 2851072009, 3149911830, 1170891083, 3159168340, 578896266, 57257535, 720962076, 4117972386, 1597153460, 3442361413, 1904686718, 554395204, 370655494, 2864663472, 473523631, 3300214623, 67220828, 2538084135, 3135643974, 3406580124, 62754678, 3286506475, 613105614, 1949954115, 3391734606, 954764902, 1554743593, 1122256998, 2566530634, 2827359457, 2557549590, 1245902336, 2017811782, 1048885135, 2130404493, 1306278248, 2217660802, 3655788457, 2142113505, 3139339535, 3409930746, 3251249158, 1523913815, 2440865266, 1585947192, 2623278967, 1495868617, 2886394248, 2042452523, 1163707860, 362940, 496327519, 3711602181, 1990267460, 1030258581, 3897742094, 3192127466, 3006517610, 530507779, 1604155524, 3438925817, 1599185704, 2261569848, 1785175820, 2646992672, 2478526772, 4259398290, 950277794, 1780711242, 465070261, 4042069796, 2453547818, 3669298789, 93550533, 2246660148, 759069864, 3695915625, 2068073060, 516199333, 22804664, 3808055969, 2132535406, 1673556733, 1002218368, 2214601105, 4162162669, 313967284, 709345316, 1338895794, 1202439948, 2317879109, 1733945108, 1788349124, 34600320, 1666248859, 2654903381, 2544255340, 105926052, 3588750462, 1338942232, 1790913406, 2709119463, 1438201030, 1239823022, 4131557424, 653870361, 1431694116, 3006195065, 3288671950, 798658988, 1644145800, 2357854617, 2466482829, 4134226722, 2470203539, 1182349440, 4150790840, 3623916118, 1780435282, 325978581, 1716191371, 2625472631, 897439725, 1460521842, 3985732195, 154688849, 3312805232, 3715507576, 2000237390, 4062377514, 3838562752, 499241706, 1258798078, 3994193649, 1237447053, 2189245540, 715697301, 1444747412, 4082479059, 450026496, 63076847, 1781042964, 1733989246, 1135436643, 2590693879, 2406731500, 194710347, 481094745, 3839310253, 3002449947, 1453664387, 899441219, 1739936376, 3614133641, 1038260772, 2878411266, 3431152652, 3228399725, 1702532435, 3854106619, 3333265548, 2031944704, 1222972284, 780522998, 3883625164, 1809870061, 4015907726, 312102800, 2302485476, 3630674819, 2091633702, 880595892, 1685482572, 1173799205, 486487412, 990402051, 3051649806, 3223629275, 3921596534, 2589246895, 1416978102, 754275306, 1629459574, 476397900, 207353180, 2864259126, 1601354741, 1285790541, 3581020071, 4072655259, 2823916608, 2464669517, 2553340755, 276717338, 630801194, 2703618762, 4238912948, 150780588, 2892409173, 541546557, 3792840102, 1402029664, 961502245, 917738805, 705306690, 4082884122, 54478256, 4087400737, 3103703294, 2063181043, 213797012, 3067968550, 3631782051, 1054825313, 3829152307, 3212464303, 3171395367, 1337412053, 4161431392, 2140513227, 715711253, 1208208195, 299135448, 3092384903, 1610563811, 1612182782, 3200295711, 4054716601, 3024009684, 4276183420, 2896106435, 3531149863, 1380798475, 2197953118, 4009718180, 4194877928, 3487390587, 2992471546, 388498488, 1868719729, 2823736606, 391946054, 1543033750, 3017571731, 1233491862, 2585662108, 1358288455, 1061163553, 1804577905, 3604079991, 2339403037, 3160743297, 3016385837, 1226403740, 4064333846, 1027595665, 545458259, 1152056926, 28348914, 3648804519, 2725060692, 2387537988, 1948403135, 3180889344, 1099013848, 2494007161, 3110626702, 1906015068, 2822597536, 1212188535, 3605811255, 2902525593, 1253701641, 2720171598, 1898528684, 878234976, 903587161, 3253012271, 3996791710, 203388070, 610352905, 966418457, 1750939286, 4062588552, 2516900815, 3792625839, 4038757291, 646394150, 3046442870, 1841014801, 2415117558, 897621807, 1080819716, 175892659, 3432766672, 1764823616, 860849652, 3236307508, 2968125239, 523857642, 3915868949, 2727301755, 3884142493, 1159460052, 706152867, 688465334, 587364326, 3011805099, 618216958, 2521277971, 2170856863, 1489950314, 3425559794, 2124369433, 3843206552, 4042351821, 976965670, 3021928812, 939307360, 2713523840, 2100726378, 1074543528, 1910239242, 1049945471, 2067026924, 408736935, 4099207938, 4181332277, 261180838, 1861786111, 4151476618, 401232312, 3517360536, 3292039546, 1745626429, 2938763500, 2920332203, 804837561, 37237675, 4014161230, 3525751404, 3498014423, 2203596499, 1718527738, 195089503, 1868188842, 1168369555, 2601003722, 137769690, 1771242622, 3625355021, 2168925520, 3020155269, 371376959, 3971254178, 1315611793, 1027737091, 733989145, 4250725317, 515517613, 3500925680, 2675135257, 1144576820, 33632142, 655311361, 2894018899, 2552855621, 3550769768, 3748906545, 3519608219, 391450472, 2549637029, 1679034457, 525724910, 122425836, 2560379181, 2413323846, 1960782027, 2616830686, 956873599, 185465597, 2654404179, 3838641392, 985985873, 3105593244, 2105458815, 1477321410, 3323705106, 2760706437, 3347155363, 240639760, 177770332, 797482716, 2722347557, 1515359035, 2175411070, 435283386, 1765908118, 1375552931, 4124409056, 319763112, 1950422734, 3180460525, 3175505280, 984203412, 2359244139, 2977409988, 648658422, 4209818641, 2545203585, 1405928904, 3798635964, 2516477972, 642012369, 1885206313, 1892906569, 3329953751, 1370223122, 514593606, 1914265354, 2154710491, 698296467, 933674520, 3995967309, 3559221809, 3469739769, 287066271, 1278290093, 4085210791, 904025294, 1235236973, 1181652340, 1540849377, 8567229, 2510617262, 808736615, 4045720542, 1047637728, 2158645026, 1991966182, 2552974698, 2090642587, 2793560208, 2694157128, 2188478872, 1638201039, 3349627854, 2732474875, 2962764250, 674811051, 3530267349, 1838931883, 2912460236, 2743812223, 2246608586, 2081506614, 855812208, 496305411, 2143847841, 3832471522, 3432898689, 2079987114, 3812326215, 604009277, 1823328367, 2608356203, 2091752955, 1733851117, 2557070758, 3259097524, 1574102203, 2222229463, 3882369846, 3879740727, 152192804, 2328302292, 2283892281, 2907408983, 1750138669, 53920702, 1827950450, 572938251, 3336138587, 1373550817, 3518724786, 887398358, 4221234734, 1092005431, 2651742747, 3440646855, 278225284, 2314196242, 4157688907, 2482574098, 3716698320, 3310815563, 2802083201, 3942662910, 1401565862, 1668763618, 2250013729, 2600885034, 3641084666, 4249578419, 1797470331, 1780785457, 3210171601, 980587951, 3256752591, 467145611, 166920076, 1042932367, 327342497, 3027813105, 3757684979, 3889743994, 3762919448, 634921553, 192321904, 586446941, 3615643384, 86711267, 4090985309, 3579279878, 4077125299, 479), None)
Loaded weights: 38.21499665072183, -10.64141457390977, -0.4206006985128663, 0.0, -5.0
events: me found the exit, 
  ----
(3, (1910612531, 2308891122, 3839439334, 484265732, 2440503083, 1354373486, 2658335661, 433771108, 947685390, 4219613157, 429070623, 3293949848, 830965235, 1272455848, 1071073502, 58823580, 43842862, 2353593377, 3217533845, 2691548828, 4179041429, 317726887, 702399506, 207230022, 763658113, 2531427341, 1680035126, 225134126, 3949634580, 492496340, 1011395419, 1303304965, 2897908226, 2577408394, 656950820, 1495525092, 460073831, 2521493656, 3105743992, 3771647371, 2974733351, 1050586678, 2978301475, 1992531166, 3948378729, 3415487374, 894877209, 3298469633, 2463504137, 3551090761, 3199233128, 4266265286, 951627500, 2962529251, 629288611, 1759886693, 3946130608, 2311343007, 3549588138, 760670230, 1315956008, 3755970873, 42586103, 1359254595, 2363118351, 17034218, 3637050620, 2566030405, 1179988309, 9596569, 670897482, 2838060648, 2504196395, 2273307800, 3237818264, 1428002947, 1109277143, 1391909395, 1863459601, 1308812052, 3246297431, 3885758006, 3087684953, 4175838824, 749265805, 405344779, 2749485770, 1224165442, 1106597391, 3085619151, 1951120396, 2753248403, 93938968, 1482633237, 646504160, 1181279298, 3953448488, 2427236878, 2483986785, 882799901, 2853225945, 3958634058, 1112511085, 3976032526, 2834135267, 2281701201, 1429246158, 855680918, 3384029435, 908857044, 4058471570, 2196446297, 2228799424, 1496876748, 3623793338, 3035164573, 758048650, 357913223, 2275788908, 3914420024, 1290374305, 3507296244, 2776278140, 1978363808, 2163986003, 3479157630, 3629676820, 60537942, 1562691220, 688935853, 3479040004, 3014180822, 4023728884, 1619036608, 1505760800, 4118379190, 1937460481, 3031672127, 2495315747, 1586806499, 1959294422, 2114236191, 4150828150, 3954842623, 1394506283, 3062948748, 1739035730, 1124766757, 3349514000, 891051147, 118343175, 1399342473, 1440159168, 1504884268, 4072235577, 4195526858, 1395606036, 1407187316, 2356605779, 1916654743, 2091838781, 2438795364, 3263107857, 841465136, 2647382542, 2018670700, 1505523658, 262987758, 1155208809, 776430200, 1815870027, 427879049, 1596345505, 3538663811, 1346726621, 2598502405, 2675490345, 2322263688, 542439350, 3536223840, 3233314444, 518558334, 4160548709, 3341037346, 2407665153, 1157454067, 4133325931, 389119056, 1736858963, 851074493, 2873255801, 3423854599, 3090524438, 536357863, 3154275581, 3503371712, 4152078063, 2729466055, 2455498814, 1655964370, 961980613, 1199855285, 3174904889, 1366444409, 4088168296, 2111089104, 153201436, 1038739943, 2410185365, 2772379068, 311913558, 1626191386, 3647235866, 1561689807, 674684157, 3631778778, 2868255834, 2003270735, 1248110722, 3001964213, 3368075865, 158506468, 2017615638, 3636430228, 3513633253, 3152832698, 2292147988, 1223743782, 4227533074, 2855917715, 962499323, 1064757388, 2907853175, 2672584095, 3582342385, 326239300, 1528842451, 1425700639, 1555833776, 76792441, 2020961047, 2265532848, 2545700792, 1160059480, 1351469403, 681143654, 185526933, 962939975, 3769238585, 2853914092, 1065401722, 2671339930, 3356739871, 1911276599, 1797969960, 307538173, 4142866338, 2543608953, 788010819, 3493072898, 3184699444, 812297439, 1788760962, 4153716174, 2716074335, 4031824816, 3830469753, 1148566841, 1087064101, 2881171449, 1157147384, 1352968740, 3320555828, 2983863751, 3731397254, 1808593211, 2809540722, 1788001888, 2490410397, 784467737, 2149274072, 732990981, 1858619339, 4268342443, 2138416826, 1825249235, 2665962266, 2922950970, 2348242713, 3539112078, 2215925045, 3303373954, 332352127, 3361342873, 3869692575, 36400131, 2410253036, 4007004555, 2552253627, 4237009435, 47247957, 1118590429, 1075349666, 2075383514, 325679307, 3486185310, 310215531, 621474801, 3787772540, 2741300042, 231916262, 3939499746, 3007299533, 1700022850, 2407279374, 3206955578, 2347760767, 2458508598, 675806662, 3096457318, 1354041593, 2745788540, 2963272940, 3685690455, 381965150, 1976637922, 1853958647, 3579868519, 615829364, 2994449313, 483617236, 2842457548, 4034938755, 674558010, 3454450420, 2426048006, 2109213896, 1600053109, 2529983190, 3480651875, 1959063303, 1461206188, 3492422742, 539094724, 3827763579, 17658275, 1167993311, 4270444229, 230530469, 1648400995, 3037130217, 3833035165, 4135572341, 533669635, 2329053344, 2138159547, 700980052, 2062248840, 3802017788, 2834449110, 2207849408, 1191990432, 2511975898, 3760209506, 3892811768, 3967206029, 1250560819, 2313193138, 3430561755, 954249189, 401495844, 1108293900, 3456400474, 2106323682, 3236951638, 2120201304, 1107379524, 1090681940, 3629148882, 3490878739, 1838951783, 3416946045, 672691698, 3139469980, 2995391614, 3744820160, 1761040172, 2474346986, 2527392287, 28830809, 303152434, 33463944, 1579128324, 757399274, 369827092, 1688733555, 4013632828, 598166846, 3023826908, 2540262723, 941797010, 852005047, 383857675, 2348559602, 2615924091, 2694740156, 2158682271, 1385370970, 3344068718, 2610660432, 3778207067, 1774524882, 1987317311, 388861650, 1244451907, 2106139109, 1766065421, 3147623481, 2995299634, 2553525442, 655741922, 977317533, 3981122614, 1650291811, 2560237894, 2010007675, 628925441, 2535609573, 2084378224, 4140309733, 2040602037, 2444245973, 2430208913, 515200874, 4092134637, 1096572438, 1026264246, 624358129, 167702316, 676555950, 2243024249, 1526828928, 1151357226, 2640001551, 3435020121, 1205911015, 4143271896, 4228464742, 3161550525, 954321342, 464961929, 57940133, 2377526123, 1990362499, 3478743800, 1999396161, 228531630, 4010488946, 388176372, 2078492708, 4249880581, 3565593398, 2583500187, 3558302885, 2179365346, 896408196, 4062351806, 2308546821, 3433287172, 88658101, 2921836203, 1596407596, 725575056, 2655551196, 2122940260, 63774851, 2816970883, 4195110938, 62334011, 1577060073, 59590223, 2940211551, 249127731, 291032898, 3147527448, 234212554, 460989471, 1192942650, 2000765783, 1876038700, 3763397280, 701328530, 74528498, 3833939398, 143478756, 1953204078, 441269751, 2115114120, 421737328, 4291502675, 907700718, 2160833606, 915935601, 942742040, 841575298, 3341056870, 2327636430, 1388953031, 1112992993, 1610419477, 3029764257, 3042917389, 3454885016, 1065767137, 336430606, 3810700816, 3718551853, 3172530864, 1574629040, 3725094633, 3548994197, 1220062694, 4046547396, 1909012815, 1062247707, 657483826, 1547484567, 1478613042, 4285856052, 1664074264, 3478182261, 2317391050, 3306719753, 3547273223, 496539166, 3204187404, 2737949915, 1989131285, 3873069143, 1417238879, 1981113866, 3744916138, 4263413494, 1647654855, 2975497425, 3760221668, 3772524683, 2644631155, 328472009, 1599777766, 3445842609, 3725149118, 925194887, 277449580, 3437306207, 3010919722, 345463214, 786695717, 1445606739, 2373799254, 2158099782, 116274101, 1069865710, 3909915042, 3087049047, 1013510655, 3275910832, 367271901, 2700738094, 1259919202, 1402326879, 244296511, 1166299697, 1090363573, 596756742, 3255887953, 2405455146, 3030223926, 3524091428, 2120503215, 2779455601, 2067096591, 1470891234, 1941591231, 1193680031, 454936632, 1056817924, 2082186876, 256304226, 2437832531, 46147736, 2717589105, 2192763621, 2972270409, 1131021485, 3120174756, 1361426102, 643166421, 3624515523, 2206683599, 285783967, 658699088, 2462488762, 3994789123, 3349243619, 476156122, 1746217259, 3111687293, 3478325947, 2919511146, 736714387, 834592217, 700516198, 454767377, 3814671846, 1564496872, 67936481, 2590192067, 708818420, 2239933226, 2378691483, 2090901527, 2216773877, 247680250, 158), None)
Loaded weights: 44.683163882714204, -10.64141457390977, -0.4206006985128663, 0.0, 5.0
events: me found the exit, 
  ----
(3, (1910612531, 2308891122, 3839439334, 484265732, 2440503083, 1354373486, 2658335661, 433771108, 947685390, 4219613157, 429070623, 3293949848, 830965235, 1272455848, 1071073502, 58823580, 43842862, 2353593377, 3217533845, 2691548828, 4179041429, 317726887, 702399506, 207230022, 763658113, 2531427341, 1680035126, 225134126, 3949634580, 492496340, 1011395419, 1303304965, 2897908226, 2577408394, 656950820, 1495525092, 460073831, 2521493656, 3105743992, 3771647371, 2974733351, 1050586678, 2978301475, 1992531166, 3948378729, 3415487374, 894877209, 3298469633, 2463504137, 3551090761, 3199233128, 4266265286, 951627500, 2962529251, 629288611, 1759886693, 3946130608, 2311343007, 3549588138, 760670230, 1315956008, 3755970873, 42586103, 1359254595, 2363118351, 17034218, 3637050620, 2566030405, 1179988309, 9596569, 670897482, 2838060648, 2504196395, 2273307800, 3237818264, 1428002947, 1109277143, 1391909395, 1863459601, 1308812052, 3246297431, 3885758006, 3087684953, 4175838824, 749265805, 405344779, 2749485770, 1224165442, 1106597391, 3085619151, 1951120396, 2753248403, 93938968, 1482633237, 646504160, 1181279298, 3953448488, 2427236878, 2483986785, 882799901, 2853225945, 3958634058, 1112511085, 3976032526, 2834135267, 2281701201, 1429246158, 855680918, 3384029435, 908857044, 4058471570, 2196446297, 2228799424, 1496876748, 3623793338, 3035164573, 758048650, 357913223, 2275788908, 3914420024, 1290374305, 3507296244, 2776278140, 1978363808, 2163986003, 3479157630, 3629676820, 60537942, 1562691220, 688935853, 3479040004, 3014180822, 4023728884, 1619036608, 1505760800, 4118379190, 1937460481, 3031672127, 2495315747, 1586806499, 1959294422, 2114236191, 4150828150, 3954842623, 1394506283, 3062948748, 1739035730, 1124766757, 3349514000, 891051147, 118343175, 1399342473, 1440159168, 1504884268, 4072235577, 4195526858, 1395606036, 1407187316, 2356605779, 1916654743, 2091838781, 2438795364, 3263107857, 841465136, 2647382542, 2018670700, 1505523658, 262987758, 1155208809, 776430200, 1815870027, 427879049, 1596345505, 3538663811, 1346726621, 2598502405, 2675490345, 2322263688, 542439350, 3536223840, 3233314444, 518558334, 4160548709, 3341037346, 2407665153, 1157454067, 4133325931, 389119056, 1736858963, 851074493, 2873255801, 3423854599, 3090524438, 536357863, 3154275581, 3503371712, 4152078063, 2729466055, 2455498814, 1655964370, 961980613, 1199855285, 3174904889, 1366444409, 4088168296, 2111089104, 153201436, 1038739943, 2410185365, 2772379068, 311913558, 1626191386, 3647235866, 1561689807, 674684157, 3631778778, 2868255834, 2003270735, 1248110722, 3001964213, 3368075865, 158506468, 2017615638, 3636430228, 3513633253, 3152832698, 2292147988, 1223743782, 4227533074, 2855917715, 962499323, 1064757388, 2907853175, 2672584095, 3582342385, 326239300, 1528842451, 1425700639, 1555833776, 76792441, 2020961047, 2265532848, 2545700792, 1160059480, 1351469403, 681143654, 185526933, 962939975, 3769238585, 2853914092, 1065401722, 2671339930, 3356739871, 1911276599, 1797969960, 307538173, 4142866338, 2543608953, 788010819, 3493072898, 3184699444, 812297439, 1788760962, 4153716174, 2716074335, 4031824816, 3830469753, 1148566841, 1087064101, 2881171449, 1157147384, 1352968740, 3320555828, 2983863751, 3731397254, 1808593211, 2809540722, 1788001888, 2490410397, 784467737, 2149274072, 732990981, 1858619339, 4268342443, 2138416826, 1825249235, 2665962266, 2922950970, 2348242713, 3539112078, 2215925045, 3303373954, 332352127, 3361342873, 3869692575, 36400131, 2410253036, 4007004555, 2552253627, 4237009435, 47247957, 1118590429, 1075349666, 2075383514, 325679307, 3486185310, 310215531, 621474801, 3787772540, 2741300042, 231916262, 3939499746, 3007299533, 1700022850, 2407279374, 3206955578, 2347760767, 2458508598, 675806662, 3096457318, 1354041593, 2745788540, 2963272940, 3685690455, 381965150, 1976637922, 1853958647, 3579868519, 615829364, 2994449313, 483617236, 2842457548, 4034938755, 674558010, 3454450420, 2426048006, 2109213896, 1600053109, 2529983190, 3480651875, 1959063303, 1461206188, 3492422742, 539094724, 3827763579, 17658275, 1167993311, 4270444229, 230530469, 1648400995, 3037130217, 3833035165, 4135572341, 533669635, 2329053344, 2138159547, 700980052, 2062248840, 3802017788, 2834449110, 2207849408, 1191990432, 2511975898, 3760209506, 3892811768, 3967206029, 1250560819, 2313193138, 3430561755, 954249189, 401495844, 1108293900, 3456400474, 2106323682, 3236951638, 2120201304, 1107379524, 1090681940, 3629148882, 3490878739, 1838951783, 3416946045, 672691698, 3139469980, 2995391614, 3744820160, 1761040172, 2474346986, 2527392287, 28830809, 303152434, 33463944, 1579128324, 757399274, 369827092, 1688733555, 4013632828, 598166846, 3023826908, 2540262723, 941797010, 852005047, 383857675, 2348559602, 2615924091, 2694740156, 2158682271, 1385370970, 3344068718, 2610660432, 3778207067, 1774524882, 1987317311, 388861650, 1244451907, 2106139109, 1766065421, 3147623481, 2995299634, 2553525442, 655741922, 977317533, 3981122614, 1650291811, 2560237894, 2010007675, 628925441, 2535609573, 2084378224, 4140309733, 2040602037, 2444245973, 2430208913, 515200874, 4092134637, 1096572438, 1026264246, 624358129, 167702316, 676555950, 2243024249, 1526828928, 1151357226, 2640001551, 3435020121, 1205911015, 4143271896, 4228464742, 3161550525, 954321342, 464961929, 57940133, 2377526123, 1990362499, 3478743800, 1999396161, 228531630, 4010488946, 388176372, 2078492708, 4249880581, 3565593398, 2583500187, 3558302885, 2179365346, 896408196, 4062351806, 2308546821, 3433287172, 88658101, 2921836203, 1596407596, 725575056, 2655551196, 2122940260, 63774851, 2816970883, 4195110938, 62334011, 1577060073, 59590223, 2940211551, 249127731, 291032898, 3147527448, 234212554, 460989471, 1192942650, 2000765783, 1876038700, 3763397280, 701328530, 74528498, 3833939398, 143478756, 1953204078, 441269751, 2115114120, 421737328, 4291502675, 907700718, 2160833606, 915935601, 942742040, 841575298, 3341056870, 2327636430, 1388953031, 1112992993, 1610419477, 3029764257, 3042917389, 3454885016, 1065767137, 336430606, 3810700816, 3718551853, 3172530864, 1574629040, 3725094633, 3548994197, 1220062694, 4046547396, 1909012815, 1062247707, 657483826, 1547484567, 1478613042, 4285856052, 1664074264, 3478182261, 2317391050, 3306719753, 3547273223, 496539166, 3204187404, 2737949915, 1989131285, 3873069143, 1417238879, 1981113866, 3744916138, 4263413494, 1647654855, 2975497425, 3760221668, 3772524683, 2644631155, 328472009, 1599777766, 3445842609, 3725149118, 925194887, 277449580, 3437306207, 3010919722, 345463214, 786695717, 1445606739, 2373799254, 2158099782, 116274101, 1069865710, 3909915042, 3087049047, 1013510655, 3275910832, 367271901, 2700738094, 1259919202, 1402326879, 244296511, 1166299697, 1090363573, 596756742, 3255887953, 2405455146, 3030223926, 3524091428, 2120503215, 2779455601, 2067096591, 1470891234, 1941591231, 1193680031, 454936632, 1056817924, 2082186876, 256304226, 2437832531, 46147736, 2717589105, 2192763621, 2972270409, 1131021485, 3120174756, 1361426102, 643166421, 3624515523, 2206683599, 285783967, 658699088, 2462488762, 3994789123, 3349243619, 476156122, 1746217259, 3111687293, 3478325947, 2919511146, 736714387, 834592217, 700516198, 454767377, 3814671846, 1564496872, 67936481, 2590192067, 708818420, 2239933226, 2378691483, 2090901527, 2216773877, 247680250, 519), None)
Loaded weights: 50.78296314414985, -6.881041946820946, -0.4206006985128663, 0.0, 5.0
events: 
  ----
(3, (661142983, 3327620911, 3641176769, 2844889560, 1519754240, 2161178882, 3339797952, 2278920572, 72867729, 1433132239, 1891222166, 110690888, 3195507972, 4275665204, 1745211420, 2000318632, 2281783325, 2361897302, 767541931, 2361867160, 1810648245, 2791720763, 2652815073, 2833210621, 2822331460, 2673523373, 1692981108, 2905568076, 962804369, 2723168627, 687704504, 1784700785, 3122138144, 708132519, 3173107879, 73707261, 361770790, 2942826193, 2821950476, 4236531322, 2054792682, 2285173986, 1395827393, 689100946, 1053529671, 2265169657, 639555920, 484279298, 3074203932, 2846718444, 2200716549, 3761060299, 3114480784, 3498010119, 2920183496, 3089939763, 2873626771, 2794479533, 562506058, 715714362, 1508658225, 3480178384, 3395924698, 1647677789, 2483508931, 3046730725, 23500376, 2076463511, 2888801559, 3789298459, 2634878513, 520814158, 1190602489, 3461953895, 2896249778, 2469972388, 775660298, 3490242099, 617369865, 508586231, 2311170817, 3334127176, 577968605, 3436283734, 979118213, 522816086, 1965255523, 40464064, 2399673330, 1633679897, 3424645804, 898494939, 3673505017, 4078210512, 184098483, 832789990, 2899516609, 3682774923, 3073117503, 2521690052, 200011693, 3775679129, 3384122068, 4217660736, 1513945905, 1543526678, 565266899, 2415641376, 2620554252, 2991540103, 2327085876, 3837697, 862015091, 2674512380, 1982069532, 2608475997, 2888059261, 400515640, 2542406028, 584642466, 2510188874, 258456718, 2768099641, 1258032483, 790065241, 2635945294, 805627748, 297991761, 2863722811, 2073183637, 32868313, 2292081742, 326076152, 3820016229, 2963024273, 632134742, 1346271815, 3469580624, 1220471458, 2572547632, 3498400581, 3714979436, 3098338431, 2257775552, 3296629612, 2379042015, 3669544202, 2458435417, 598143870, 2052225879, 756894824, 964665129, 1938026736, 1832346482, 2734692315, 1588788109, 963016662, 1406330921, 1398843326, 3016269807, 642420247, 2921139204, 3564016590, 2386825281, 2059865987, 320528651, 4007329365, 56990396, 726352067, 1817649994, 2150423110, 375548065, 4217748348, 2730478318, 2599820258, 2469445114, 97048561, 1941680861, 3950237537, 4013715052, 4226401545, 1895536969, 502683710, 2070058926, 2151905449, 4119491080, 941812375, 3991765737, 2605209145, 2991865959, 2199578272, 1398550761, 1203436159, 2244587065, 3381888145, 1611107661, 2038014965, 172489906, 3365935053, 3565572619, 2627693392, 1604295936, 1916192172, 685672491, 1504225208, 2522238260, 1776804143, 1501402998, 1325269508, 559849216, 2299416432, 3823188278, 1501969362, 2801434674, 495097908, 2092566859, 4188028393, 3329036711, 3711944813, 4184109330, 3738861361, 371104383, 2849860064, 2088347574, 559322186, 3228498815, 1790648425, 446019918, 172174265, 480250723, 3056264606, 3576956004, 1451129618, 886763367, 3463222110, 2966375207, 3860748191, 1592251214, 2648200107, 457543760, 4250787308, 601618368, 363396484, 961483887, 2559248357, 2972714814, 159198564, 3266444918, 4083934669, 3252609116, 2806245424, 1429735444, 2124933225, 1367194464, 1024301037, 34911552, 1888928656, 3867751110, 1115314032, 3841022010, 3943225367, 2288968038, 1068431386, 3697975126, 3612317449, 1125324527, 129382457, 3272913191, 81910721, 827258813, 21007744, 473842397, 1189485765, 1227527187, 4029893696, 2760358181, 3705939676, 270313236, 776243864, 3115228284, 481268186, 6481394, 504419257, 3572679630, 167601307, 787776711, 2108995495, 2233423714, 2786461335, 292235423, 4665116, 1156072227, 146594294, 3946663880, 2748929865, 2885376097, 264220417, 1209374899, 4165443484, 2660757260, 1980212054, 2360149987, 2933990089, 3196563376, 4159546780, 4110032995, 2514330064, 3106128447, 2533936109, 1687845038, 4189485095, 4207626172, 1837346679, 1922924260, 1576685533, 1408718098, 672863362, 2554072143, 700836328, 732366938, 3804248558, 1387717829, 3313269522, 3887150446, 3781829498, 425994523, 636839336, 1504806935, 1631137686, 2279353918, 4023541670, 3144968239, 135930123, 121771177, 3350627363, 3807279720, 82352354, 2178072159, 4270423023, 3490416943, 3034959786, 1580656951, 3412777023, 121601311, 3461442102, 743288252, 2224338975, 1246236487, 2806989152, 662052626, 2714698098, 3441436988, 1274181136, 896377652, 4151480915, 3193240721, 1189605457, 817532967, 3706144037, 1386416920, 2151086133, 3124818812, 1438483303, 608022971, 570312905, 3035848676, 2644882793, 800125047, 404156737, 3009138669, 2811590470, 3816598849, 4077434286, 4207883809, 3987170677, 44454364, 1523795325, 20281601, 3363726719, 2621789852, 3521833235, 4144770338, 1126349507, 1612935657, 1011375561, 656084008, 3128253210, 4094707655, 2010008311, 3714469207, 2394644229, 1439220865, 92839550, 3856625887, 2822318554, 483841629, 1032095189, 2586914216, 3302912735, 2809457717, 584266346, 143536440, 2530126723, 3509947795, 603229827, 841881585, 2255873217, 3628137790, 1026972513, 4100425292, 260053831, 577884009, 4263294305, 2218537065, 1243718340, 920839264, 915572388, 3663639609, 524675720, 338695054, 31541672, 4281731722, 2283898787, 1966388054, 3903350864, 1125578002, 1176488102, 3800162408, 4260570029, 2549021609, 3104711966, 2295141039, 3641501313, 3374044038, 970176637, 1349239903, 2865583783, 2381396198, 4157116257, 3260441009, 3413788658, 1070772385, 3944686739, 116888218, 1016463243, 3863310209, 2271269153, 434796720, 1248755360, 1024375291, 3838516027, 3196399904, 574032225, 1293391125, 4161480497, 210543982, 723882330, 4256917860, 3905265782, 4057911247, 1587134204, 463120716, 1137461674, 2800577390, 72408588, 2764643188, 3330404365, 2601269998, 4168560453, 2612238862, 1457294329, 2366944557, 3188996176, 1983484630, 1516232424, 2039520595, 3168323665, 2140195570, 3811621823, 3865705361, 3755279120, 3815347883, 179884769, 1834711324, 2691945635, 3603953056, 3346806311, 1235274083, 3213355888, 260475210, 2290886943, 3581348976, 1901179916, 1139843019, 4179718800, 2429548005, 239599097, 231806008, 3134415659, 501950514, 1229934128, 846722087, 3097441321, 3320877853, 864983719, 1796931199, 1237512768, 2760660853, 3063206823, 2639472438, 391507223, 1863043799, 3896450152, 2008183968, 3029205098, 1372388062, 1340560839, 1856657476, 4075078792, 4168139875, 2405505339, 2604786603, 1243051033, 2300531027, 1536011434, 1330737544, 2995192597, 1237180364, 4248495855, 272760492, 4221035989, 208228423, 71638207, 3675384543, 2791162041, 1603837279, 2262111867, 1406395603, 167730124, 1451826290, 1560678321, 586484902, 3152379438, 2847840821, 3895212733, 3231927666, 4236203964, 839025621, 2098966838, 2059762325, 2293601457, 602947302, 287370413, 2592949720, 718466, 728924993, 161914355, 1573909968, 3184184964, 1212866472, 3711810988, 3629443412, 3597152953, 3252713622, 1190033023, 3743960247, 66139678, 2761502909, 1002078854, 2074644303, 2574260319, 1973154801, 2503724345, 2505858204, 4064857008, 3774835701, 2100877577, 3368660576, 723172916, 3224327927, 3523191276, 3701772322, 511796753, 4236005057, 1026847803, 3281626279, 1823397926, 2274724356, 737111050, 350066475, 2915602012, 4189031780, 1970237599, 1696073696, 860748581, 1887709722, 964265816, 312024184, 1001895289, 579100350, 3916320649, 3838060840, 3970118530, 2685093587, 1325773164, 1702641973, 435268733, 793500817, 2685286167, 2413733205, 3790909402, 682155642, 3013485951, 2346383849, 2595253811, 3972049496, 1230988649, 3684992511, 1460244756, 3663976300, 42438667, 857816447, 1538748448, 3073911785, 103), None)
Loaded weights: 48.79941372943622, -12.016357183219256, -0.4206006985128663, 0.0, -5.0
events: 
  ----
(3, (661142983, 3327620911, 3641176769, 2844889560, 1519754240, 2161178882, 3339797952, 2278920572, 72867729, 1433132239, 1891222166, 110690888, 3195507972, 4275665204, 1745211420, 2000318632, 2281783325, 2361897302, 767541931, 2361867160, 1810648245, 2791720763, 2652815073, 2833210621, 2822331460, 2673523373, 1692981108, 2905568076, 962804369, 2723168627, 687704504, 1784700785, 3122138144, 708132519, 3173107879, 73707261, 361770790, 2942826193, 2821950476, 4236531322, 2054792682, 2285173986, 1395827393, 689100946, 1053529671, 2265169657, 639555920, 484279298, 3074203932, 2846718444, 2200716549, 3761060299, 3114480784, 3498010119, 2920183496, 3089939763, 2873626771, 2794479533, 562506058, 715714362, 1508658225, 3480178384, 3395924698, 1647677789, 2483508931, 3046730725, 23500376, 2076463511, 2888801559, 3789298459, 2634878513, 520814158, 1190602489, 3461953895, 2896249778, 2469972388, 775660298, 3490242099, 617369865, 508586231, 2311170817, 3334127176, 577968605, 3436283734, 979118213, 522816086, 1965255523, 40464064, 2399673330, 1633679897, 3424645804, 898494939, 3673505017, 4078210512, 184098483, 832789990, 2899516609, 3682774923, 3073117503, 2521690052, 200011693, 3775679129, 3384122068, 4217660736, 1513945905, 1543526678, 565266899, 2415641376, 2620554252, 2991540103, 2327085876, 3837697, 862015091, 2674512380, 1982069532, 2608475997, 2888059261, 400515640, 2542406028, 584642466, 2510188874, 258456718, 2768099641, 1258032483, 790065241, 2635945294, 805627748, 297991761, 2863722811, 2073183637, 32868313, 2292081742, 326076152, 3820016229, 2963024273, 632134742, 1346271815, 3469580624, 1220471458, 2572547632, 3498400581, 3714979436, 3098338431, 2257775552, 3296629612, 2379042015, 3669544202, 2458435417, 598143870, 2052225879, 756894824, 964665129, 1938026736, 1832346482, 2734692315, 1588788109, 963016662, 1406330921, 1398843326, 3016269807, 642420247, 2921139204, 3564016590, 2386825281, 2059865987, 320528651, 4007329365, 56990396, 726352067, 1817649994, 2150423110, 375548065, 4217748348, 2730478318, 2599820258, 2469445114, 97048561, 1941680861, 3950237537, 4013715052, 4226401545, 1895536969, 502683710, 2070058926, 2151905449, 4119491080, 941812375, 3991765737, 2605209145, 2991865959, 2199578272, 1398550761, 1203436159, 2244587065, 3381888145, 1611107661, 2038014965, 172489906, 3365935053, 3565572619, 2627693392, 1604295936, 1916192172, 685672491, 1504225208, 2522238260, 1776804143, 1501402998, 1325269508, 559849216, 2299416432, 3823188278, 1501969362, 2801434674, 495097908, 2092566859, 4188028393, 3329036711, 3711944813, 4184109330, 3738861361, 371104383, 2849860064, 2088347574, 559322186, 3228498815, 1790648425, 446019918, 172174265, 480250723, 3056264606, 3576956004, 1451129618, 886763367, 3463222110, 2966375207, 3860748191, 1592251214, 2648200107, 457543760, 4250787308, 601618368, 363396484, 961483887, 2559248357, 2972714814, 159198564, 3266444918, 4083934669, 3252609116, 2806245424, 1429735444, 2124933225, 1367194464, 1024301037, 34911552, 1888928656, 3867751110, 1115314032, 3841022010, 3943225367, 2288968038, 1068431386, 3697975126, 3612317449, 1125324527, 129382457, 3272913191, 81910721, 827258813, 21007744, 473842397, 1189485765, 1227527187, 4029893696, 2760358181, 3705939676, 270313236, 776243864, 3115228284, 481268186, 6481394, 504419257, 3572679630, 167601307, 787776711, 2108995495, 2233423714, 2786461335, 292235423, 4665116, 1156072227, 146594294, 3946663880, 2748929865, 2885376097, 264220417, 1209374899, 4165443484, 2660757260, 1980212054, 2360149987, 2933990089, 3196563376, 4159546780, 4110032995, 2514330064, 3106128447, 2533936109, 1687845038, 4189485095, 4207626172, 1837346679, 1922924260, 1576685533, 1408718098, 672863362, 2554072143, 700836328, 732366938, 3804248558, 1387717829, 3313269522, 3887150446, 3781829498, 425994523, 636839336, 1504806935, 1631137686, 2279353918, 4023541670, 3144968239, 135930123, 121771177, 3350627363, 3807279720, 82352354, 2178072159, 4270423023, 3490416943, 3034959786, 1580656951, 3412777023, 121601311, 3461442102, 743288252, 2224338975, 1246236487, 2806989152, 662052626, 2714698098, 3441436988, 1274181136, 896377652, 4151480915, 3193240721, 1189605457, 817532967, 3706144037, 1386416920, 2151086133, 3124818812, 1438483303, 608022971, 570312905, 3035848676, 2644882793, 800125047, 404156737, 3009138669, 2811590470, 3816598849, 4077434286, 4207883809, 3987170677, 44454364, 1523795325, 20281601, 3363726719, 2621789852, 3521833235, 4144770338, 1126349507, 1612935657, 1011375561, 656084008, 3128253210, 4094707655, 2010008311, 3714469207, 2394644229, 1439220865, 92839550, 3856625887, 2822318554, 483841629, 1032095189, 2586914216, 3302912735, 2809457717, 584266346, 143536440, 2530126723, 3509947795, 603229827, 841881585, 2255873217, 3628137790, 1026972513, 4100425292, 260053831, 577884009, 4263294305, 2218537065, 1243718340, 920839264, 915572388, 3663639609, 524675720, 338695054, 31541672, 4281731722, 2283898787, 1966388054, 3903350864, 1125578002, 1176488102, 3800162408, 4260570029, 2549021609, 3104711966, 2295141039, 3641501313, 3374044038, 970176637, 1349239903, 2865583783, 2381396198, 4157116257, 3260441009, 3413788658, 1070772385, 3944686739, 116888218, 1016463243, 3863310209, 2271269153, 434796720, 1248755360, 1024375291, 3838516027, 3196399904, 574032225, 1293391125, 4161480497, 210543982, 723882330, 4256917860, 3905265782, 4057911247, 1587134204, 463120716, 1137461674, 2800577390, 72408588, 2764643188, 3330404365, 2601269998, 4168560453, 2612238862, 1457294329, 2366944557, 3188996176, 1983484630, 1516232424, 2039520595, 3168323665, 2140195570, 3811621823, 3865705361, 3755279120, 3815347883, 179884769, 1834711324, 2691945635, 3603953056, 3346806311, 1235274083, 3213355888, 260475210, 2290886943, 3581348976, 1901179916, 1139843019, 4179718800, 2429548005, 239599097, 231806008, 3134415659, 501950514, 1229934128, 846722087, 3097441321, 3320877853, 864983719, 1796931199, 1237512768, 2760660853, 3063206823, 2639472438, 391507223, 1863043799, 3896450152, 2008183968, 3029205098, 1372388062, 1340560839, 1856657476, 4075078792, 4168139875, 2405505339, 2604786603, 1243051033, 2300531027, 1536011434, 1330737544, 2995192597, 1237180364, 4248495855, 272760492, 4221035989, 208228423, 71638207, 3675384543, 2791162041, 1603837279, 2262111867, 1406395603, 167730124, 1451826290, 1560678321, 586484902, 3152379438, 2847840821, 3895212733, 3231927666, 4236203964, 839025621, 2098966838, 2059762325, 2293601457, 602947302, 287370413, 2592949720, 718466, 728924993, 161914355, 1573909968, 3184184964, 1212866472, 3711810988, 3629443412, 3597152953, 3252713622, 1190033023, 3743960247, 66139678, 2761502909, 1002078854, 2074644303, 2574260319, 1973154801, 2503724345, 2505858204, 4064857008, 3774835701, 2100877577, 3368660576, 723172916, 3224327927, 3523191276, 3701772322, 511796753, 4236005057, 1026847803, 3281626279, 1823397926, 2274724356, 737111050, 350066475, 2915602012, 4189031780, 1970237599, 1696073696, 860748581, 1887709722, 964265816, 312024184, 1001895289, 579100350, 3916320649, 3838060840, 3970118530, 2685093587, 1325773164, 1702641973, 435268733, 793500817, 2685286167, 2413733205, 3790909402, 682155642, 3013485951, 2346383849, 2595253811, 3972049496, 1230988649, 3684992511, 1460244756, 3663976300, 42438667, 857816447, 1538748448, 3073911785, 281), None)
Loaded weights: 45.8850359996059, -14.986186478313645, -0.4206006985128663, 0.0, -5.0
events: me found the exit, 
  ----
(3, (538060512, 827669344, 4089193689, 1335491690, 149310905, 4115007843, 2464105773, 4174893460, 2173913417, 3190359434, 3675028506, 571314659, 2332768982, 2072179529, 434960189, 1662297520, 3261065410, 2247553870, 813791660, 3664515105, 1348806523, 3376547111, 3646360879, 1442703242, 697558787, 4199935001, 1671629552, 756106695, 3409339764, 308350074, 1320779535, 3774817725, 1543296037, 1050046866, 1408759054, 3552899346, 1201707057, 1841987195, 774500194, 3622929490, 2313897623, 123301598, 3604942328, 1293368334, 2774261506, 3088074811, 144265371, 655077125, 2996032375, 1610498940, 4042544266, 381674728, 3426335271, 3016499295, 2073812838, 4003181047, 2270628380, 2831725460, 433640179, 2665154461, 3658272268, 2381412635, 432846782, 3448939842, 3630083169, 58655366, 34075514, 2337251416, 1294968358, 286246858, 3565766089, 1107561702, 630699618, 9185824, 3297300991, 3909741013, 3342159120, 2435925683, 4021295607, 556838158, 483235286, 721520526, 3221305402, 468952973, 3976024960, 2837567375, 1819266684, 2818038106, 1063827571, 3782463345, 2322497873, 200656339, 1980551074, 1425544857, 3450249859, 4264594099, 3073997009, 1002423504, 3689480711, 3535452912, 2757722539, 3725176385, 1616452242, 3176760183, 477616300, 827269151, 3255661197, 2107090081, 2872438115, 211334106, 2107220010, 908903489, 2464665544, 1816400025, 4223561126, 656771081, 1012778428, 3209364652, 10521871, 1160277346, 689538563, 2039650507, 67531277, 31592904, 2513389836, 303368107, 418815652, 3621610728, 2878399389, 729116710, 1307766251, 3029149075, 3096520513, 986792386, 1589616236, 3042087235, 4235667063, 3254957544, 1395811911, 2006911750, 1030025189, 3433142572, 364931474, 1060718087, 4246411798, 3602454699, 2045932870, 3120513794, 1686290438, 3941724552, 3082157214, 1155156302, 1281280812, 4009859, 3584160767, 227792710, 711754003, 700097885, 2879290473, 3280693799, 1254192082, 3623716707, 2522900311, 961972914, 1221667086, 2014182732, 2152904136, 3393414849, 3909344530, 65493821, 1990243378, 101211960, 720857656, 3557496238, 1006873868, 1322718750, 898184493, 1593413855, 2539740355, 2579794770, 700240411, 635540011, 4254997792, 1222028647, 2791418150, 3684213637, 1401044842, 3919114232, 62600267, 757312374, 1999839919, 2436538858, 2402414824, 1342831819, 279247645, 3504017850, 1614543289, 2383757340, 2211427264, 2000040688, 2102842104, 44881839, 2950933108, 3317308501, 4025421746, 22574026, 2360708456, 1752871022, 1976766133, 494308293, 1589329930, 3435997950, 2627986764, 2939544512, 2415749632, 373721940, 1910817253, 1831287514, 2423427793, 3208309294, 161708063, 1139221988, 2757690551, 304929326, 2317283359, 3085062347, 3128096590, 3157984227, 2785906190, 3903411734, 621018712, 1675194416, 1982057999, 3051949186, 968410328, 1804915289, 3512396845, 1290331408, 1873762763, 3047543840, 711919785, 322472447, 3871055704, 1460853743, 3715035345, 1950347038, 4214550298, 2966971714, 2846717193, 2331441463, 1063379840, 2412291048, 3538629033, 3828183513, 739975015, 4085056700, 556111129, 797201591, 3532097952, 3077572849, 2057371937, 203458819, 4260478649, 3037717354, 2504738259, 3036300193, 1869835294, 1385372584, 2264311263, 3598666552, 3657477567, 522215871, 93172461, 813758139, 3963667272, 3705782297, 401608950, 3889566150, 174631638, 2188276426, 3019723430, 3986359909, 3303198736, 1520502926, 649740584, 3188341247, 2622794796, 269450648, 1548508555, 435101744, 1995322380, 3691036826, 920757602, 3403933697, 1203420343, 2482553209, 2886581068, 3903490567, 223345504, 1586784201, 2681346318, 183562308, 3058318861, 3166937054, 1917118045, 2774452511, 3836345550, 3460382975, 1498201049, 1708307702, 1721107539, 53753060, 2423220477, 3684325709, 2383180755, 728052274, 1952807305, 3733747109, 505823742, 1198314325, 2762724388, 4011368202, 2380795908, 3347868012, 3993329794, 3373510867, 1735052836, 2495813216, 3722951006, 397423937, 2045446079, 3245504758, 2884016788, 2027847747, 216045973, 3913392402, 2507758634, 2614471938, 3340873737, 3365218333, 2589447389, 1191424358, 4256335449, 460681383, 3916288626, 2615304671, 3104102942, 985540275, 707368770, 350352052, 1735525718, 4030099972, 144954929, 3125241682, 301967999, 1374399338, 2854258922, 4203347878, 3722223647, 562228100, 1743861884, 2909400832, 1044707649, 1971368652, 3631946266, 2229799980, 3109012450, 2825332634, 1275383301, 1175114289, 3616514168, 2225029313, 852898660, 2519299875, 4172049388, 3504591463, 1935932887, 176324350, 184082944, 3181580154, 2075867410, 758652481, 2760564589, 2906660648, 976692041, 3064254948, 546044187, 2821645942, 1615204631, 1211463690, 3401209901, 1242916401, 3555390972, 3561890085, 488684848, 1858678567, 251645417, 2378644866, 3434781181, 2074014477, 3494645042, 2926331922, 3208994824, 4252746419, 3739626488, 223551100, 4125423053, 3996077940, 533877005, 592879708, 3236362764, 6767433, 9309038, 915598856, 4075396552, 418543385, 2567193013, 949082091, 2602739757, 2411811900, 1871903118, 3451684883, 2856405009, 1416613265, 4020124309, 2696959891, 1182188228, 2594698225, 3495107236, 4083464443, 416556509, 442616877, 1708497417, 1230299529, 3645366942, 4189918521, 1536038838, 3159865189, 888056569, 4179543733, 1775504207, 595216534, 1430077977, 4138110719, 3339533765, 1254771358, 4090484342, 747915087, 3295201734, 254949877, 1299071678, 1108198512, 140585630, 528471049, 4202516820, 3013559971, 3597984420, 1365323363, 2185144072, 426709361, 3089389604, 408870925, 2028103662, 2473755435, 1586260138, 2514948370, 4163094871, 3478925268, 1591821560, 350055035, 3364893094, 2187652345, 253961845, 3592093806, 353934132, 784966142, 4114521166, 2549157504, 1710550783, 3171004449, 210831955, 4031760072, 3318790194, 2819936151, 1155772007, 674308716, 1252580511, 1700983961, 1273220518, 1623137001, 3753141586, 3991117781, 202030235, 1407440214, 2214351237, 1490938876, 3499606308, 1583459573, 1372976550, 556406261, 2964569207, 1762126211, 655440200, 3611291002, 1263787558, 780784630, 153151919, 1908378538, 2738001406, 373331524, 4096548154, 312856348, 3318940591, 2249436185, 2028536055, 3803662263, 783944722, 1335645768, 959451764, 3898186016, 508274955, 3149510244, 243259663, 3251334425, 3473027779, 2365901365, 977963055, 944233126, 1120931602, 311000120, 1677690658, 3916355805, 299797679, 781167693, 948289167, 3274604603, 2503210560, 1651091893, 678476509, 669310970, 3403734814, 2482949316, 3870478327, 2575029256, 3202208540, 1612311072, 2271552096, 2586184895, 1265799839, 280652419, 2524214815, 2141038091, 3293909567, 661632357, 410183455, 1077692280, 962056105, 1728995581, 2773948194, 2239251522, 351597801, 4275843094, 2310118745, 1862719434, 759774086, 2262379270, 1137770652, 3347748254, 3823060510, 1744976553, 4172298624, 2063107121, 3511439249, 3223371718, 3553174422, 3451734809, 814032260, 855595596, 1227450784, 1616643783, 3558158147, 3350702504, 4141694165, 1840382504, 1112382762, 2878065676, 575155846, 839290489, 1041208394, 681623151, 156726398, 1002705546, 3060010972, 971083439, 2418356887, 1354239401, 1330011149, 1398589979, 2514317214, 2674500735, 3830145975, 2399007277, 435077585, 350299489, 2704600763, 2668135649, 856576493, 4071920198, 4091542580, 3564144768, 4178866197, 3136323881, 1782652367, 4108025565, 3729699674, 2648773500, 4243556906, 2705232039, 1730448775, 195136806, 1423314757, 821757216, 3965553164, 1593237145, 50), None)
Loaded weights: 49.49375265903341, -11.80502388232053, -0.4206006985128663, 0.0, 5.0
events: 
  ----
(3, (538060512, 827669344, 4089193689, 1335491690, 149310905, 4115007843, 2464105773, 4174893460, 2173913417, 3190359434, 3675028506, 571314659, 2332768982, 2072179529, 434960189, 1662297520, 3261065410, 2247553870, 813791660, 3664515105, 1348806523, 3376547111, 3646360879, 1442703242, 697558787, 4199935001, 1671629552, 756106695, 3409339764, 308350074, 1320779535, 3774817725, 1543296037, 1050046866, 1408759054, 3552899346, 1201707057, 1841987195, 774500194, 3622929490, 2313897623, 123301598, 3604942328, 1293368334, 2774261506, 3088074811, 144265371, 655077125, 2996032375, 1610498940, 4042544266, 381674728, 3426335271, 3016499295, 2073812838, 4003181047, 2270628380, 2831725460, 433640179, 2665154461, 3658272268, 2381412635, 432846782, 3448939842, 3630083169, 58655366, 34075514, 2337251416, 1294968358, 286246858, 3565766089, 1107561702, 630699618, 9185824, 3297300991, 3909741013, 3342159120, 2435925683, 4021295607, 556838158, 483235286, 721520526, 3221305402, 468952973, 3976024960, 2837567375, 1819266684, 2818038106, 1063827571, 3782463345, 2322497873, 200656339, 1980551074, 1425544857, 3450249859, 4264594099, 3073997009, 1002423504, 3689480711, 3535452912, 2757722539, 3725176385, 1616452242, 3176760183, 477616300, 827269151, 3255661197, 2107090081, 2872438115, 211334106, 2107220010, 908903489, 2464665544, 1816400025, 4223561126, 656771081, 1012778428, 3209364652, 10521871, 1160277346, 689538563, 2039650507, 67531277, 31592904, 2513389836, 303368107, 418815652, 3621610728, 2878399389, 729116710, 1307766251, 3029149075, 3096520513, 986792386, 1589616236, 3042087235, 4235667063, 3254957544, 1395811911, 2006911750, 1030025189, 3433142572, 364931474, 1060718087, 4246411798, 3602454699, 2045932870, 3120513794, 1686290438, 3941724552, 3082157214, 1155156302, 1281280812, 4009859, 3584160767, 227792710, 711754003, 700097885, 2879290473, 3280693799, 1254192082, 3623716707, 2522900311, 961972914, 1221667086, 2014182732, 2152904136, 3393414849, 3909344530, 65493821, 1990243378, 101211960, 720857656, 3557496238, 1006873868, 1322718750, 898184493, 1593413855, 2539740355, 2579794770, 700240411, 635540011, 4254997792, 1222028647, 2791418150, 3684213637, 1401044842, 3919114232, 62600267, 757312374, 1999839919, 2436538858, 2402414824, 1342831819, 279247645, 3504017850, 1614543289, 2383757340, 2211427264, 2000040688, 2102842104, 44881839, 2950933108, 3317308501, 4025421746, 22574026, 2360708456, 1752871022, 1976766133, 494308293, 1589329930, 3435997950, 2627986764, 2939544512, 2415749632, 373721940, 1910817253, 1831287514, 2423427793, 3208309294, 161708063, 1139221988, 2757690551, 304929326, 2317283359, 3085062347, 3128096590, 3157984227, 2785906190, 3903411734, 621018712, 1675194416, 1982057999, 3051949186, 968410328, 1804915289, 3512396845, 1290331408, 1873762763, 3047543840, 711919785, 322472447, 3871055704, 1460853743, 3715035345, 1950347038, 4214550298, 2966971714, 2846717193, 2331441463, 1063379840, 2412291048, 3538629033, 3828183513, 739975015, 4085056700, 556111129, 797201591, 3532097952, 3077572849, 2057371937, 203458819, 4260478649, 3037717354, 2504738259, 3036300193, 1869835294, 1385372584, 2264311263, 3598666552, 3657477567, 522215871, 93172461, 813758139, 3963667272, 3705782297, 401608950, 3889566150, 174631638, 2188276426, 3019723430, 3986359909, 3303198736, 1520502926, 649740584, 3188341247, 2622794796, 269450648, 1548508555, 435101744, 1995322380, 3691036826, 920757602, 3403933697, 1203420343, 2482553209, 2886581068, 3903490567, 223345504, 1586784201, 2681346318, 183562308, 3058318861, 3166937054, 1917118045, 2774452511, 3836345550, 3460382975, 1498201049, 1708307702, 1721107539, 53753060, 2423220477, 3684325709, 2383180755, 728052274, 1952807305, 3733747109, 505823742, 1198314325, 2762724388, 4011368202, 2380795908, 3347868012, 3993329794, 3373510867, 1735052836, 2495813216, 3722951006, 397423937, 2045446079, 3245504758, 2884016788, 2027847747, 216045973, 3913392402, 2507758634, 2614471938, 3340873737, 3365218333, 2589447389, 1191424358, 4256335449, 460681383, 3916288626, 2615304671, 3104102942, 985540275, 707368770, 350352052, 1735525718, 4030099972, 144954929, 3125241682, 301967999, 1374399338, 2854258922, 4203347878, 3722223647, 562228100, 1743861884, 2909400832, 1044707649, 1971368652, 3631946266, 2229799980, 3109012450, 2825332634, 1275383301, 1175114289, 3616514168, 2225029313, 852898660, 2519299875, 4172049388, 3504591463, 1935932887, 176324350, 184082944, 3181580154, 2075867410, 758652481, 2760564589, 2906660648, 976692041, 3064254948, 546044187, 2821645942, 1615204631, 1211463690, 3401209901, 1242916401, 3555390972, 3561890085, 488684848, 1858678567, 251645417, 2378644866, 3434781181, 2074014477, 3494645042, 2926331922, 3208994824, 4252746419, 3739626488, 223551100, 4125423053, 3996077940, 533877005, 592879708, 3236362764, 6767433, 9309038, 915598856, 4075396552, 418543385, 2567193013, 949082091, 2602739757, 2411811900, 1871903118, 3451684883, 2856405009, 1416613265, 4020124309, 2696959891, 1182188228, 2594698225, 3495107236, 4083464443, 416556509, 442616877, 1708497417, 1230299529, 3645366942, 4189918521, 1536038838, 3159865189, 888056569, 4179543733, 1775504207, 595216534, 1430077977, 4138110719, 3339533765, 1254771358, 4090484342, 747915087, 3295201734, 254949877, 1299071678, 1108198512, 140585630, 528471049, 4202516820, 3013559971, 3597984420, 1365323363, 2185144072, 426709361, 3089389604, 408870925, 2028103662, 2473755435, 1586260138, 2514948370, 4163094871, 3478925268, 1591821560, 350055035, 3364893094, 2187652345, 253961845, 3592093806, 353934132, 784966142, 4114521166, 2549157504, 1710550783, 3171004449, 210831955, 4031760072, 3318790194, 2819936151, 1155772007, 674308716, 1252580511, 1700983961, 1273220518, 1623137001, 3753141586, 3991117781, 202030235, 1407440214, 2214351237, 1490938876, 3499606308, 1583459573, 1372976550, 556406261, 2964569207, 1762126211, 655440200, 3611291002, 1263787558, 780784630, 153151919, 1908378538, 2738001406, 373331524, 4096548154, 312856348, 3318940591, 2249436185, 2028536055, 3803662263, 783944722, 1335645768, 959451764, 3898186016, 508274955, 3149510244, 243259663, 3251334425, 3473027779, 2365901365, 977963055, 944233126, 1120931602, 311000120, 1677690658, 3916355805, 299797679, 781167693, 948289167, 3274604603, 2503210560, 1651091893, 678476509, 669310970, 3403734814, 2482949316, 3870478327, 2575029256, 3202208540, 1612311072, 2271552096, 2586184895, 1265799839, 280652419, 2524214815, 2141038091, 3293909567, 661632357, 410183455, 1077692280, 962056105, 1728995581, 2773948194, 2239251522, 351597801, 4275843094, 2310118745, 1862719434, 759774086, 2262379270, 1137770652, 3347748254, 3823060510, 1744976553, 4172298624, 2063107121, 3511439249, 3223371718, 3553174422, 3451734809, 814032260, 855595596, 1227450784, 1616643783, 3558158147, 3350702504, 4141694165, 1840382504, 1112382762, 2878065676, 575155846, 839290489, 1041208394, 681623151, 156726398, 1002705546, 3060010972, 971083439, 2418356887, 1354239401, 1330011149, 1398589979, 2514317214, 2674500735, 3830145975, 2399007277, 435077585, 350299489, 2704600763, 2668135649, 856576493, 4071920198, 4091542580, 3564144768, 4178866197, 3136323881, 1782652367, 4108025565, 3729699674, 2648773500, 4243556906, 2705232039, 1730448775, 195136806, 1423314757, 821757216, 3965553164, 1593237145, 329), None)
Loaded weights: 47.39006847647846, -11.438126736042557, -0.4206006985128663, 0.0, -5.0
