Starting iterations: 50
(3, (377531660, 3033693114, 1230179360, 2470860392, 83001035, 2121698045, 384636127, 1896937801, 3645006051, 3123709591, 2053747790, 1974275094, 3991164026, 1423935054, 474951480, 3192990548, 3752417179, 4147685807, 2796755601, 2354306968, 3260363247, 3931290926, 411931972, 2388081698, 354693634, 280855616, 1787452997, 2338635176, 2487918563, 3115089895, 1360818655, 3717991125, 1332503206, 217302823, 585997729, 3347062647, 3672315369, 4109745668, 4109002334, 1106220615, 950980692, 2964429249, 2972179152, 192022105, 3244865036, 3659364220, 2824902773, 2448244230, 4032493234, 4177406230, 3676263480, 1503643483, 546823721, 48620364, 2011982752, 3173692664, 185173975, 2929400976, 3433238663, 2277855449, 3403496554, 1481700091, 3805245327, 472181432, 1836037395, 3262435758, 1876864002, 1112897182, 2581781104, 302872430, 1452872022, 3846567986, 2075553769, 1279195380, 3196535275, 2540613633, 2146158783, 318661207, 1991299546, 2649536945, 4250556354, 1817313906, 2951779728, 765531401, 1809360072, 3199161356, 4248460891, 2557724266, 2702672137, 1767014004, 516777393, 95512586, 268203374, 1692100496, 3074436320, 451415751, 2765541856, 503347045, 236333167, 3169794013, 2841205663, 2119334000, 2639573871, 3654377885, 241891639, 551014687, 332258464, 4178577620, 2792942422, 4040604852, 2877885004, 439472916, 15362936, 4230445466, 3938607519, 2064883579, 2071545072, 2958524097, 2836354156, 2063177924, 432761068, 1454842864, 2473325168, 1202278055, 2106528457, 441311333, 3906628247, 2138766748, 2496403045, 1146369649, 756067953, 1452696003, 107043896, 1021482093, 1534100253, 2484812735, 961399069, 1732854508, 3192843069, 1907767533, 527050307, 2482978671, 1833580493, 3434677888, 3157481710, 1586026570, 2854653371, 1620666969, 1482208892, 2246025941, 1286565162, 1181581884, 273394890, 3507071367, 3993378017, 3828344065, 480092328, 1192817683, 1007843977, 2489293260, 496759932, 422560845, 2290545994, 67152590, 3163156136, 3101705960, 3619980565, 2586177013, 4109288164, 2186599923, 2497391654, 3722760301, 1393011568, 4171252995, 905401969, 3803280361, 2415917220, 1622571493, 807666142, 1741534334, 1343797025, 1905737858, 947824126, 3806971535, 3757059126, 3856630501, 2767132400, 3555264085, 1619873245, 2308786122, 3959103779, 3359131225, 183179528, 2718123532, 3473717545, 1853049057, 5385985, 1497978980, 2185100103, 2198937713, 2972394965, 2855370246, 1750687806, 3171566993, 2426306341, 2511165793, 2096334679, 2304533791, 3687236454, 1770311912, 3984507465, 934034729, 2469734625, 596918839, 1652681402, 4212634137, 2300225129, 1158956419, 1741275302, 232183999, 3101373598, 1741832707, 237422540, 1768697227, 111676176, 339520585, 1457742168, 1836965681, 4183288460, 2722775816, 2874283557, 2521466718, 47717936, 2883893447, 3430887295, 2769231866, 266856238, 3145395015, 1116482090, 2350729474, 1187794914, 2087119246, 72285550, 3566232012, 4150630789, 3699496131, 2420421774, 3186939511, 249774669, 1388152708, 1575334546, 2448560173, 212715209, 2941454868, 2582270048, 2802527231, 680566710, 869495, 407451784, 2209896811, 2147174630, 2194046834, 165625922, 4104093433, 2326383758, 1072065275, 4283283837, 3182377413, 4229473363, 762040416, 2547135959, 3779548513, 1819732354, 766156725, 530025528, 1072316119, 2544208953, 3639796757, 2887576816, 1267195524, 785650239, 1012287988, 3912595227, 1350109670, 1638502225, 3015833333, 647705790, 3711291483, 1016474706, 2483646150, 2532315208, 1911170675, 2007867289, 2263241521, 180827103, 2652483978, 3658828260, 416914914, 2500307487, 408267482, 1103211207, 3555663238, 2729275706, 3635199189, 2113109672, 958043589, 3045322141, 3623901222, 2815044260, 2585667489, 3558862964, 167313014, 386093066, 276168235, 1457146580, 3180099241, 1710607746, 1498750196, 2124552673, 2864966583, 1424524907, 4064158812, 1515062488, 3217201011, 3577074589, 133999792, 514937210, 2693550102, 2299131871, 2420419460, 1576715339, 2245111791, 1335912310, 1182281259, 3838614765, 1673098163, 1910007279, 2668318335, 1788457678, 239184674, 28628295, 3068193645, 3529662259, 2725071776, 1017623740, 1923498825, 3595062657, 389090840, 1971056428, 1065632513, 3048023516, 2680956565, 372388986, 129538479, 2163867533, 2737873852, 3059321323, 417528322, 1816824159, 2340025858, 2170046860, 2402880658, 2745547892, 3545291202, 3498343596, 4263945850, 4118676498, 146910002, 3136129613, 1030852845, 2309131653, 2626221174, 1103121635, 343065346, 406337653, 3906182934, 2761135533, 2167029973, 4289702252, 3391164454, 818347575, 3790536603, 4240066418, 1732472816, 3641145129, 3899105199, 2452950116, 925991483, 440328666, 215610619, 4043820508, 3054054695, 3332300249, 2619092259, 1795230064, 3877978659, 2885621058, 3673447931, 3294976546, 2226763254, 3489842664, 1634758260, 2421525219, 3738572587, 214511801, 192274438, 3167578752, 644437817, 979891612, 2171087825, 196575680, 1669474917, 866930635, 2008418482, 3309054434, 1441473824, 2034788646, 4176829943, 1113177887, 2039353289, 2902977943, 325342429, 1054334816, 4287257445, 1369516092, 1970645708, 1225789577, 509081892, 1216064001, 3132997347, 1636083441, 3465302222, 3376385182, 239517412, 1363760020, 1856770187, 1159514537, 599150680, 964477232, 1372972234, 2556909262, 4113679262, 3047062701, 3365561925, 1077237879, 1823830066, 185916491, 194240313, 2582759993, 2886955357, 2168432424, 2116505876, 1948751523, 338929240, 2979508475, 1178792331, 3289548117, 2314294101, 561969072, 4135428606, 3292177726, 3603715875, 2008263106, 3826630710, 3407285865, 2732550751, 1071948519, 1581792911, 814177035, 3579595257, 757244015, 2092030951, 2030673557, 498068284, 538555079, 2203788004, 2548216048, 2867696467, 1867486305, 3980707659, 1029404275, 748843223, 1984724382, 1167512593, 2454586616, 1114043623, 3253634821, 3793271333, 2631023422, 2621305225, 1675298190, 1648214226, 3126990725, 3957456932, 884438824, 156299112, 1460147517, 533753546, 1033433542, 1673335556, 1911991816, 155525544, 2228214812, 3950434744, 4220183320, 1136250994, 2019747927, 643979450, 3573245701, 2019713405, 2447052902, 210804967, 276761529, 2255293265, 278353366, 102477858, 1566130241, 2636648780, 881726594, 743837761, 778026246, 4251225878, 1386478749, 1205810671, 356790221, 2119185476, 2394460474, 2520912374, 1495500756, 3247341413, 3265011066, 576464345, 1131855343, 3594687381, 750168134, 1890865436, 326899930, 1769549375, 2438113660, 2213129910, 3469034536, 3404386516, 2695751169, 3748371100, 2674891925, 3267709306, 3682611314, 837523491, 2843583706, 1407638947, 2781491040, 2932939057, 612907412, 4097108579, 2886989058, 1296357325, 559593713, 919435871, 3913000325, 2843234947, 2664716223, 1647268523, 3906855433, 4138517514, 2179268268, 1966978010, 729619832, 2413315568, 360245851, 706690193, 406036949, 3297890365, 3223101651, 603664773, 4091937278, 1387535808, 1027630738, 1116468178, 3351871869, 475065501, 1094457559, 119996469, 1034661616, 2687808911, 3514041467, 3257344876, 1298602141, 3439034433, 659436269, 3125632809, 1869326174, 3767275726, 1056630970, 344402011, 3371359574, 3707784745, 2084135186, 3482311150, 2706673664, 2792866455, 2367262483, 2008123556, 3741038699, 1209225202, 3037611769, 3751003127, 2053152407, 151604257, 544818044, 3861238154, 2320700910, 229075493, 113788012, 490042166, 3840859437, 2889560251, 3449847613, 1134127615, 305834663, 1364733102, 3801983518, 648030534, 1506057240, 3770631108, 1), None)
events: me killed itself, 
  ----
(3, (377531660, 3033693114, 1230179360, 2470860392, 83001035, 2121698045, 384636127, 1896937801, 3645006051, 3123709591, 2053747790, 1974275094, 3991164026, 1423935054, 474951480, 3192990548, 3752417179, 4147685807, 2796755601, 2354306968, 3260363247, 3931290926, 411931972, 2388081698, 354693634, 280855616, 1787452997, 2338635176, 2487918563, 3115089895, 1360818655, 3717991125, 1332503206, 217302823, 585997729, 3347062647, 3672315369, 4109745668, 4109002334, 1106220615, 950980692, 2964429249, 2972179152, 192022105, 3244865036, 3659364220, 2824902773, 2448244230, 4032493234, 4177406230, 3676263480, 1503643483, 546823721, 48620364, 2011982752, 3173692664, 185173975, 2929400976, 3433238663, 2277855449, 3403496554, 1481700091, 3805245327, 472181432, 1836037395, 3262435758, 1876864002, 1112897182, 2581781104, 302872430, 1452872022, 3846567986, 2075553769, 1279195380, 3196535275, 2540613633, 2146158783, 318661207, 1991299546, 2649536945, 4250556354, 1817313906, 2951779728, 765531401, 1809360072, 3199161356, 4248460891, 2557724266, 2702672137, 1767014004, 516777393, 95512586, 268203374, 1692100496, 3074436320, 451415751, 2765541856, 503347045, 236333167, 3169794013, 2841205663, 2119334000, 2639573871, 3654377885, 241891639, 551014687, 332258464, 4178577620, 2792942422, 4040604852, 2877885004, 439472916, 15362936, 4230445466, 3938607519, 2064883579, 2071545072, 2958524097, 2836354156, 2063177924, 432761068, 1454842864, 2473325168, 1202278055, 2106528457, 441311333, 3906628247, 2138766748, 2496403045, 1146369649, 756067953, 1452696003, 107043896, 1021482093, 1534100253, 2484812735, 961399069, 1732854508, 3192843069, 1907767533, 527050307, 2482978671, 1833580493, 3434677888, 3157481710, 1586026570, 2854653371, 1620666969, 1482208892, 2246025941, 1286565162, 1181581884, 273394890, 3507071367, 3993378017, 3828344065, 480092328, 1192817683, 1007843977, 2489293260, 496759932, 422560845, 2290545994, 67152590, 3163156136, 3101705960, 3619980565, 2586177013, 4109288164, 2186599923, 2497391654, 3722760301, 1393011568, 4171252995, 905401969, 3803280361, 2415917220, 1622571493, 807666142, 1741534334, 1343797025, 1905737858, 947824126, 3806971535, 3757059126, 3856630501, 2767132400, 3555264085, 1619873245, 2308786122, 3959103779, 3359131225, 183179528, 2718123532, 3473717545, 1853049057, 5385985, 1497978980, 2185100103, 2198937713, 2972394965, 2855370246, 1750687806, 3171566993, 2426306341, 2511165793, 2096334679, 2304533791, 3687236454, 1770311912, 3984507465, 934034729, 2469734625, 596918839, 1652681402, 4212634137, 2300225129, 1158956419, 1741275302, 232183999, 3101373598, 1741832707, 237422540, 1768697227, 111676176, 339520585, 1457742168, 1836965681, 4183288460, 2722775816, 2874283557, 2521466718, 47717936, 2883893447, 3430887295, 2769231866, 266856238, 3145395015, 1116482090, 2350729474, 1187794914, 2087119246, 72285550, 3566232012, 4150630789, 3699496131, 2420421774, 3186939511, 249774669, 1388152708, 1575334546, 2448560173, 212715209, 2941454868, 2582270048, 2802527231, 680566710, 869495, 407451784, 2209896811, 2147174630, 2194046834, 165625922, 4104093433, 2326383758, 1072065275, 4283283837, 3182377413, 4229473363, 762040416, 2547135959, 3779548513, 1819732354, 766156725, 530025528, 1072316119, 2544208953, 3639796757, 2887576816, 1267195524, 785650239, 1012287988, 3912595227, 1350109670, 1638502225, 3015833333, 647705790, 3711291483, 1016474706, 2483646150, 2532315208, 1911170675, 2007867289, 2263241521, 180827103, 2652483978, 3658828260, 416914914, 2500307487, 408267482, 1103211207, 3555663238, 2729275706, 3635199189, 2113109672, 958043589, 3045322141, 3623901222, 2815044260, 2585667489, 3558862964, 167313014, 386093066, 276168235, 1457146580, 3180099241, 1710607746, 1498750196, 2124552673, 2864966583, 1424524907, 4064158812, 1515062488, 3217201011, 3577074589, 133999792, 514937210, 2693550102, 2299131871, 2420419460, 1576715339, 2245111791, 1335912310, 1182281259, 3838614765, 1673098163, 1910007279, 2668318335, 1788457678, 239184674, 28628295, 3068193645, 3529662259, 2725071776, 1017623740, 1923498825, 3595062657, 389090840, 1971056428, 1065632513, 3048023516, 2680956565, 372388986, 129538479, 2163867533, 2737873852, 3059321323, 417528322, 1816824159, 2340025858, 2170046860, 2402880658, 2745547892, 3545291202, 3498343596, 4263945850, 4118676498, 146910002, 3136129613, 1030852845, 2309131653, 2626221174, 1103121635, 343065346, 406337653, 3906182934, 2761135533, 2167029973, 4289702252, 3391164454, 818347575, 3790536603, 4240066418, 1732472816, 3641145129, 3899105199, 2452950116, 925991483, 440328666, 215610619, 4043820508, 3054054695, 3332300249, 2619092259, 1795230064, 3877978659, 2885621058, 3673447931, 3294976546, 2226763254, 3489842664, 1634758260, 2421525219, 3738572587, 214511801, 192274438, 3167578752, 644437817, 979891612, 2171087825, 196575680, 1669474917, 866930635, 2008418482, 3309054434, 1441473824, 2034788646, 4176829943, 1113177887, 2039353289, 2902977943, 325342429, 1054334816, 4287257445, 1369516092, 1970645708, 1225789577, 509081892, 1216064001, 3132997347, 1636083441, 3465302222, 3376385182, 239517412, 1363760020, 1856770187, 1159514537, 599150680, 964477232, 1372972234, 2556909262, 4113679262, 3047062701, 3365561925, 1077237879, 1823830066, 185916491, 194240313, 2582759993, 2886955357, 2168432424, 2116505876, 1948751523, 338929240, 2979508475, 1178792331, 3289548117, 2314294101, 561969072, 4135428606, 3292177726, 3603715875, 2008263106, 3826630710, 3407285865, 2732550751, 1071948519, 1581792911, 814177035, 3579595257, 757244015, 2092030951, 2030673557, 498068284, 538555079, 2203788004, 2548216048, 2867696467, 1867486305, 3980707659, 1029404275, 748843223, 1984724382, 1167512593, 2454586616, 1114043623, 3253634821, 3793271333, 2631023422, 2621305225, 1675298190, 1648214226, 3126990725, 3957456932, 884438824, 156299112, 1460147517, 533753546, 1033433542, 1673335556, 1911991816, 155525544, 2228214812, 3950434744, 4220183320, 1136250994, 2019747927, 643979450, 3573245701, 2019713405, 2447052902, 210804967, 276761529, 2255293265, 278353366, 102477858, 1566130241, 2636648780, 881726594, 743837761, 778026246, 4251225878, 1386478749, 1205810671, 356790221, 2119185476, 2394460474, 2520912374, 1495500756, 3247341413, 3265011066, 576464345, 1131855343, 3594687381, 750168134, 1890865436, 326899930, 1769549375, 2438113660, 2213129910, 3469034536, 3404386516, 2695751169, 3748371100, 2674891925, 3267709306, 3682611314, 837523491, 2843583706, 1407638947, 2781491040, 2932939057, 612907412, 4097108579, 2886989058, 1296357325, 559593713, 919435871, 3913000325, 2843234947, 2664716223, 1647268523, 3906855433, 4138517514, 2179268268, 1966978010, 729619832, 2413315568, 360245851, 706690193, 406036949, 3297890365, 3223101651, 603664773, 4091937278, 1387535808, 1027630738, 1116468178, 3351871869, 475065501, 1094457559, 119996469, 1034661616, 2687808911, 3514041467, 3257344876, 1298602141, 3439034433, 659436269, 3125632809, 1869326174, 3767275726, 1056630970, 344402011, 3371359574, 3707784745, 2084135186, 3482311150, 2706673664, 2792866455, 2367262483, 2008123556, 3741038699, 1209225202, 3037611769, 3751003127, 2053152407, 151604257, 544818044, 3861238154, 2320700910, 229075493, 113788012, 490042166, 3840859437, 2889560251, 3449847613, 1134127615, 305834663, 1364733102, 3801983518, 648030534, 1506057240, 3770631108, 173), None)
Loaded weights: -0.1669849991195606, -0.6615611739331111, -0.7162900781796975, 0.0, -5.0
events: 
  ----
(3, (3231539238, 2697780274, 2367332034, 192105042, 3343096789, 36417619, 2136398672, 3110121495, 3479524242, 3254366375, 482332978, 211148705, 3943164150, 93328988, 2091565007, 3312473305, 2502094010, 258806901, 331533036, 2171224334, 2380006240, 236942781, 2124779992, 3885364374, 456824573, 2459582621, 4197975473, 2190268178, 2964006368, 3096877241, 2844871825, 802003794, 634187183, 3925530878, 1950674858, 1028044469, 1950114278, 725377211, 2538826615, 1498128771, 2732993639, 1643064408, 2372163385, 3100839368, 2554296352, 2024177736, 2154625350, 941105966, 281699513, 1721464407, 4266953803, 280139250, 2908848379, 3133772536, 1622281064, 2829837719, 58599440, 1322158183, 2628315448, 2709265248, 2094111479, 2299654312, 3094336674, 1803931496, 4160110580, 6094787, 3309271929, 3353764689, 3956920808, 346565196, 1827324566, 3562331168, 4081268099, 2875830341, 2920166200, 2683619861, 2379770568, 457300522, 346410723, 3914308369, 3703870058, 2025316009, 580713744, 146220055, 871750353, 2446975596, 162477860, 1540191395, 919587805, 1468040450, 3770682912, 2603352457, 2924495425, 2021331966, 3057743726, 2819194741, 1038781257, 2863977408, 2385495129, 2594965549, 1626952434, 2855934126, 2522682133, 2949341772, 2150005240, 2368287308, 3623804370, 2830538419, 1003654696, 765881713, 1803202864, 3566097081, 1181867440, 2108854390, 3893485445, 767797697, 122553582, 1141964768, 2070379584, 1371337783, 3061022900, 1027337658, 3599370189, 2307949757, 1766510587, 4291197193, 945965857, 2250937376, 2238881699, 20477661, 604082632, 1511205320, 1190626700, 1982655531, 2975402201, 2262362558, 3857068771, 2862181639, 2439511477, 2244066084, 4186833239, 2130641477, 2780114422, 2430396511, 2779692273, 750129155, 909090671, 3007563691, 1495410895, 3185018599, 316496189, 2706928319, 3798645183, 1270976975, 1171151726, 1791420864, 1320165557, 722630809, 1198201643, 1872184015, 2740070566, 3984121632, 3950512100, 2156962027, 1046442463, 439816284, 582386223, 4220755934, 2904518140, 1628474219, 2015534361, 2096840675, 2403839695, 3686840882, 1824643350, 2279824513, 3400056232, 3958636817, 1632815103, 2353303005, 2051036051, 3690386306, 3022831365, 784600780, 3972034968, 1876698504, 1355318906, 943329866, 3337191561, 2710714579, 837751730, 1648082537, 2873949231, 2447723285, 247268449, 2816167909, 941851753, 1357156394, 92303054, 3181658919, 2593613549, 3581419551, 570052736, 1549664350, 2758776011, 965397279, 3585461666, 3639420746, 2874256259, 3587657580, 3419923050, 2968217555, 786907214, 3138642099, 2837709814, 3679299463, 3870810408, 3607772542, 869854267, 3519931762, 2843277345, 355060033, 4242967220, 3788091286, 3048656829, 1924476084, 1325997187, 4231435616, 4058643894, 1102783759, 1079380477, 2251265229, 2396085487, 2153905200, 3957800938, 2291572741, 1162638811, 2113520679, 177961760, 2288111367, 1000563355, 2123219320, 4013450303, 2006487207, 4163194571, 1541443755, 1184406250, 1403327129, 658617983, 1347897489, 1986284639, 3294938438, 2234762647, 3066899841, 1208087090, 3840109115, 563645021, 2780156117, 3071870776, 1513179612, 3902400327, 816533387, 2650913046, 828934049, 3989300505, 838666006, 2660535742, 1172491921, 928695400, 528874765, 1366824871, 3993242849, 4152065869, 2410102618, 3202714778, 2182091386, 2481632386, 2824534579, 1970371248, 587413819, 2766321154, 3441426490, 3231146340, 2862767975, 3458646978, 3487920999, 384713618, 580553950, 2199209931, 4078427270, 2323147918, 1428701415, 2586273412, 424956489, 3370826644, 2262005018, 1489298621, 4284589894, 2558396749, 1252741183, 2191408774, 4283992997, 1789535392, 4079080860, 2663653399, 2540472562, 2236593922, 2401339192, 2897247654, 1217594666, 1280006956, 947155668, 15445414, 583144014, 3691249448, 1144335644, 2066353016, 1184477711, 390415501, 1563210155, 1097073104, 3680924930, 786465811, 3464024664, 3913975192, 2172087524, 2330599462, 3178568130, 3793243500, 1638449647, 875234660, 3891677763, 924685702, 2089821051, 1080205237, 2587233280, 3140188817, 506882135, 3551430440, 3752003532, 4291450143, 405291203, 2096434193, 1495129776, 3830148763, 3377195615, 438596411, 2362341154, 3153165541, 3428619555, 1602103080, 575919558, 1695712513, 2702574648, 3618817534, 1196878729, 1296632796, 2334942648, 1605358281, 106668362, 833645154, 3767260899, 4017128799, 2376338613, 3582606906, 3956867004, 3248582333, 2112910510, 3108993772, 946658283, 3734540900, 1548102239, 646934914, 2738566026, 2267678752, 2455982790, 1682576978, 1829408139, 3293117100, 587298427, 3795738333, 999520471, 426204728, 4214959102, 3324577681, 242326809, 2902930189, 2924304459, 1914475906, 3556499722, 1117554343, 3289952236, 3442587154, 1463158423, 1359580688, 4175488861, 2506233161, 437268488, 1051190552, 3880176699, 2876804360, 4259556536, 1904273355, 365204779, 3998150930, 2134143679, 1182307998, 1735633245, 1112176309, 4059529189, 2249042721, 1813964450, 1409753553, 1918276235, 1389330650, 4199396378, 81798903, 3385556194, 3354659154, 617069115, 1096798628, 299297745, 18272904, 1358106743, 1784563020, 3087062613, 2995765173, 664929074, 1361989553, 3358634791, 2065180729, 3236975236, 2125042797, 4245775464, 1991483344, 282558344, 3289147200, 3614016242, 2550240694, 584379177, 3247112572, 1793297791, 638067834, 530972108, 3780150631, 2941924033, 1292679729, 1015590370, 3660103984, 3162069280, 2665088796, 380482611, 2024603544, 3469374497, 102718842, 1256722371, 2622176378, 283734565, 3172025394, 3972796016, 1913612158, 2420042507, 3130802206, 3117367856, 3047080407, 3428948620, 1045258399, 3135799233, 3442169179, 547456215, 3502820747, 1571369310, 1429693749, 3483169622, 1376289771, 1823534599, 2619945447, 2563454640, 1808668220, 1117179505, 966042933, 1931988221, 1595977964, 683640865, 1569593977, 250016869, 2989859857, 2800810712, 3887925136, 4025236433, 7759816, 1778277892, 1141638916, 3301914154, 1095416101, 2245426729, 275630696, 1337225028, 3755640163, 3481282633, 2332405646, 3162661524, 4155211430, 3996108046, 3381006858, 3494428228, 808588646, 395818335, 672759899, 3363498327, 1977794507, 1595012801, 1440433680, 1587931513, 563565775, 884037428, 4253275168, 3493816015, 3658217496, 2366158855, 669390274, 951317765, 1010065202, 3413001092, 3226058084, 2669822416, 25843908, 3994025324, 1184302280, 199502365, 990345135, 645385791, 625308135, 3541361441, 3078336438, 2769187275, 3844547306, 1155665810, 2038474127, 1737035698, 1203206692, 358464759, 729866322, 2912253421, 670766770, 2055560372, 2630995301, 1440404413, 731753228, 1006998435, 1633823, 3138296146, 577087754, 3705920167, 1121960699, 1807589835, 3821456415, 2579392377, 709022685, 3783200390, 2492414705, 3976519278, 3781193221, 4225304007, 1688777146, 3322939796, 3629065524, 746492141, 2486136404, 3924061220, 3797780081, 491621933, 29278786, 601322436, 3851712962, 2773569452, 3977866442, 3851573065, 4117959511, 3699653045, 999109885, 3378975366, 3460563345, 3170613566, 3930059790, 2685726296, 3106853301, 4213162955, 1688586664, 2563069680, 3185706194, 2331462247, 2022955854, 3856138262, 2323178341, 3344157285, 531314460, 2385697380, 2524281803, 4178249428, 3638818776, 828335306, 4134204735, 3888481777, 2613828783, 544212280, 3196936372, 4060282723, 142708754, 1548670159, 618671667, 3310167463, 15410306, 108588356, 1633185993, 2378439363, 725607722, 3532219179, 3971267003, 4236206877, 73798196, 2112602140, 3367978687, 4113343834, 291), None)
Loaded weights: -0.42683259111313443, -1.046261347465717, -0.7162900781796975, 0.0, -2.493239136679127
events: 
  ----
(3, (1249271313, 2016062073, 2734647570, 298971197, 637453390, 1311476323, 2424077823, 2315016411, 2260736563, 136805895, 4164023890, 2009694926, 3007280331, 558908441, 3618536465, 513169292, 2900928622, 1529800108, 4210594973, 1108223815, 399275747, 4171678142, 386744432, 2513054213, 2173926208, 3842138255, 297106430, 839636924, 2101553878, 2135927074, 1883557531, 3670051257, 4241350488, 20602860, 1197193473, 1152885918, 1904731370, 3826424500, 3849985942, 1282916780, 2812155102, 129699573, 2126343629, 2375335276, 380685659, 641620185, 1135209563, 1883047908, 85932341, 3945680075, 1959913243, 1435546002, 3776811100, 4001563304, 2616260135, 957606800, 1889894605, 139143654, 441844339, 2066432478, 341936753, 3777408611, 2567891396, 1240758404, 1226318901, 17517949, 1127531335, 3228707107, 2251657130, 137888212, 2428637649, 763526981, 3961383978, 2278544407, 2338055307, 333140049, 2184977987, 3243430981, 3240072016, 4065032402, 2107140411, 2055235764, 3754290341, 3110533250, 2076917195, 469183358, 2622587567, 3756085064, 623294180, 2186650369, 1919830723, 698193519, 2479993390, 458677375, 2767343969, 2213671551, 3516227530, 2673208278, 1367919328, 1611752209, 1521050387, 234667062, 2556795247, 3407254386, 4195810226, 2622754895, 595345032, 2490324254, 1603483683, 93277694, 2765630684, 1260482179, 4137918828, 3638747350, 2432209662, 1450984551, 2091751049, 472181487, 2238160368, 3870954618, 2393018386, 1749437217, 1355303558, 3393962720, 2656598366, 4178430589, 3363506580, 469254762, 1186384481, 327847968, 3271977352, 1710016014, 2851794135, 3131261724, 1696316128, 3468613705, 525395325, 1723916723, 3891178585, 15241886, 2727689839, 1801073524, 3069168450, 2355664003, 3658351657, 2845810490, 758916839, 3529683466, 4251332376, 1287115044, 3699268157, 3282061068, 3236817819, 587187112, 2389568946, 2620721551, 1348621876, 4167237553, 3313414259, 4067416140, 4009887977, 1610534959, 943713836, 1386754753, 3760150080, 1764990925, 3322989096, 841418564, 798031102, 2102844263, 2332803011, 176425452, 2214867261, 2487053050, 2276757682, 1693097110, 3475358611, 204843746, 981186973, 154269148, 3362340488, 913177610, 2347122387, 233638961, 3196649538, 3860873900, 2699472923, 1346602133, 1775583982, 3789117548, 1393208352, 3893036896, 1228882853, 1672754749, 1203530, 3179981221, 3450488835, 2293814274, 1082743593, 3420992693, 2105965236, 3330823051, 3609462523, 1406963042, 4103254426, 3702526958, 2343769684, 1466677681, 1251713678, 3680932225, 864025685, 1609707573, 3637482569, 1886531528, 836978363, 1940968470, 1845359611, 2713499147, 2770528378, 3867879909, 18167636, 3536321761, 2359014614, 3350578485, 78730822, 1983084577, 3409440746, 847421642, 2181007393, 467459379, 2345568900, 4221491942, 236680315, 3851411978, 1421850630, 2104397825, 2949852363, 4252781506, 3941717394, 2011592025, 504800421, 2033909457, 4233277184, 166903764, 2950044966, 3652508136, 4073987796, 2640583939, 1233507625, 3040335488, 3086502054, 1510091092, 661407376, 1974829799, 2574439038, 3028803367, 4103991703, 734547207, 3084397911, 1367972900, 3227994358, 1213949322, 2232113041, 3731662521, 3169589567, 3929037129, 3079542331, 3157489386, 2440118444, 3473528513, 597560259, 4094018082, 1642973044, 484125206, 825560793, 1290429300, 638288141, 241785411, 3709443536, 4083993437, 2282947253, 4223354517, 4115297532, 397861164, 4138803338, 1361126330, 1785071537, 2363726155, 2561490976, 3694321539, 3127437352, 1141610359, 3567899782, 1732353677, 2199622574, 1935625515, 931713655, 1173726632, 3521079173, 3981636457, 1634410778, 4262393563, 709606047, 1414971031, 2330234940, 2209892561, 3051076430, 734025704, 516549153, 4192223539, 2774319592, 2076109592, 177611353, 2991619387, 3187399110, 414430040, 940690137, 3770964058, 2651029093, 3009655494, 921036542, 1787470775, 2764938067, 2771393798, 3756940708, 352180979, 1051455472, 732251557, 3827330078, 2188385245, 1642399372, 2711105905, 991211821, 2588262797, 2574537502, 2601399732, 3550267658, 2366598984, 619769189, 273562428, 234778728, 931832873, 2062723903, 3615527195, 3783896863, 1367151794, 3772592107, 1246928575, 2539696495, 1064786194, 3680643075, 903449345, 3917924449, 2745330539, 3780872049, 1611812751, 370975484, 903426099, 1723930283, 2971851238, 334370994, 2343258256, 291794636, 1972763232, 321691245, 506899416, 2115021001, 3190981401, 2925850206, 2577629808, 2068001139, 3377052904, 3087140607, 1856578295, 2605914985, 2403542065, 3812239166, 4267321195, 187190510, 1761244202, 3862875932, 2195604142, 2712181872, 2860410147, 642941410, 1257609514, 1010943158, 2517385768, 1979916458, 3229162912, 1889822007, 2257030473, 2610965593, 4002680096, 2539635765, 4230563461, 811516771, 2488814927, 2687491886, 3518527417, 3939286182, 1719423880, 4143998684, 4160928538, 3936822114, 424145618, 2743112109, 1883550989, 2543776551, 1374182300, 2078441312, 226631797, 1174649654, 2306961526, 1835359896, 2997739850, 3309102621, 821078153, 593521314, 1771088759, 4065850122, 10040334, 217813313, 4169493157, 229642231, 2160473132, 2553885996, 3424251315, 2073606855, 866165304, 1940169760, 315542387, 3795362266, 4041923004, 1593837173, 1755156782, 2966573304, 2139043470, 2542859646, 4161410295, 2617989544, 585585798, 2086808304, 3294429591, 1863917492, 1521223101, 4174348052, 738285516, 2365280369, 3287725912, 367767539, 954673546, 3361665774, 2285388119, 2399016948, 2413434396, 3399537918, 2504403101, 2381897182, 1998374852, 1956128592, 166828041, 562639129, 1813314815, 2605483652, 752866562, 4087020134, 3784031959, 2959248485, 1295939866, 1730553723, 474292067, 4269449283, 47771646, 842324703, 3734633733, 4182920664, 3256828856, 3795975859, 2729354453, 3576616006, 3068299784, 969976808, 1129466996, 3048441834, 936005504, 49406280, 3015297854, 2795882685, 3308282997, 3935537595, 2666142397, 3361194588, 1310980726, 668006689, 3645351320, 3906199907, 2507930029, 181233369, 611258547, 1117395804, 1256239498, 1006469619, 1120438280, 1716323681, 2231408483, 1638900013, 85422663, 1183744737, 380869574, 2704714387, 3697050498, 3883624409, 3819248905, 2528850641, 2792139312, 757455931, 3614250020, 2609347499, 2270879335, 3792753872, 2634136631, 1458072809, 1470893253, 174359872, 2434419687, 3663007199, 35693438, 1660179210, 2931863959, 3731220823, 21927952, 859474334, 3999689877, 3763331026, 1817869140, 2609989370, 9708528, 1215982785, 692952907, 569775007, 2822482415, 2540812657, 1810645376, 3716609536, 157493256, 1082551239, 590033784, 3984644793, 1036606595, 3099021743, 2396817697, 2743371647, 3335306834, 2272470431, 1288420046, 1470601406, 2915884989, 2435298866, 3898317962, 3972509370, 1892472003, 2146043784, 2714276311, 2919721858, 1222082559, 3749299093, 132761410, 1131975227, 2463422680, 3073746, 3780562494, 1083616592, 3524727562, 419051881, 3790341898, 3568747113, 953356663, 3264423684, 759751360, 2266096168, 527513446, 1047499536, 1661163771, 1708345119, 2740899502, 1436911836, 1639775334, 2278155240, 1335192741, 2850484108, 1868919754, 752528339, 2720295332, 1150539508, 3786503632, 2663051074, 2842770505, 3050061698, 3564371219, 906399890, 963563817, 1705596438, 936868278, 2925667831, 342817972, 2297674564, 2726168341, 905025558, 718289846, 298862383, 1713836963, 1237970824, 2514832397, 166133654, 597479999, 1882529002, 2683734325, 1638960152, 3650299203, 3496078638, 705222581, 2260669480, 3429719220, 547), None)
Loaded weights: -0.6046859132312256, -1.7603396515956877, -0.7162900781796975, 0.0, -2.475195841576114
events: 
  ----
(3, (2468129071, 1770696389, 146631785, 1559893116, 3686319973, 2432152095, 4181301400, 4064465558, 577777839, 1417186625, 1672374831, 2746249476, 852599731, 4293982186, 4266888436, 3252667049, 421062649, 759052246, 3670353743, 4211203708, 1887055818, 3936391380, 2267224500, 2620064101, 365787623, 3750087394, 1612741071, 990155048, 1306047644, 591730886, 1812910725, 1729633243, 969391442, 3295318439, 3529478459, 963935121, 1698439819, 3090285787, 809120067, 4230405820, 3735821331, 3288059318, 2076264299, 1277831723, 59857617, 3123767123, 2297987370, 221790454, 3093419963, 4241693691, 937075597, 475895513, 154735328, 4236098793, 29119481, 2017368443, 2671629346, 1869659339, 4112662477, 1366460877, 3820947843, 874066597, 3543922756, 2590359620, 3409514181, 371526035, 430152784, 1557569238, 1682841386, 4037500067, 2930243029, 1368912217, 2061242790, 42414231, 3921712898, 3591377149, 4029626169, 1425276150, 1100964859, 4280365268, 1575143833, 267884833, 3582315023, 852267588, 4224384276, 736099195, 3702970715, 1871462324, 488984998, 367858753, 1892722414, 2169105755, 4034251972, 1776618582, 750809832, 1924399120, 3378959194, 1620709641, 2506401875, 3966787757, 2126795007, 868958092, 1834940218, 1447094698, 3123973609, 3761080006, 3203643359, 4029588045, 1442661913, 1476002886, 2019991537, 2986077910, 2682873505, 2388528279, 3102391005, 1442408224, 2276997663, 3492633250, 2362335993, 3780113898, 4281031823, 2830800019, 3442291060, 2137459529, 1257215358, 1442425929, 3291007661, 3678901951, 2030840185, 1192702495, 460737801, 1847966403, 3960020625, 2015896511, 2016892463, 2825256136, 2265031112, 2416027221, 4117905292, 3596956861, 3635400191, 147112715, 3453959576, 2167427106, 2360497378, 3883427633, 3992310557, 3680193394, 1953478390, 973690921, 4044411481, 2781601473, 1754704009, 1173830467, 3900331130, 3833988203, 2911766091, 3708708778, 3918253322, 1248671272, 4166661481, 3630564667, 2792233790, 2877621323, 2358182399, 3263206600, 2812841735, 556686594, 1002371158, 513593826, 4278904280, 1981554255, 1242067171, 1027713035, 3824901883, 2253544768, 222784869, 3937539188, 4265786819, 2723501076, 1621445371, 598972037, 749116806, 3397209660, 2106274782, 1917672220, 3142578617, 3267931624, 3276952133, 2690964888, 251570230, 986355378, 106729794, 1316884899, 977643170, 1896371071, 812394043, 3850217720, 1623054069, 268304702, 2282759921, 3556918869, 848766912, 2019070410, 1601177310, 3203651033, 3661237520, 2218424921, 3654332955, 2648292964, 1028754307, 1963358451, 125741034, 4114134142, 1313154429, 1865924958, 1114113984, 2350167529, 3443622433, 945856761, 3165466123, 3991180532, 3549200706, 2726065672, 2501266757, 2616945424, 1159934059, 2026849024, 1800737752, 172176784, 533201470, 1758001990, 774569749, 1804147578, 2535210828, 2347476930, 2988208847, 1498895320, 3835028709, 75873459, 1485334828, 1830577246, 1630139503, 3539317592, 1960448376, 1140457062, 448636845, 155500327, 1667806583, 3907826868, 3765979786, 1714739054, 2837003968, 403512103, 3424646563, 1999048429, 1578092324, 2207985638, 3617046494, 793870351, 149823597, 2218608941, 1002106818, 3705821366, 3724992966, 1320698290, 329727709, 3104393327, 32539350, 3638902993, 4179726131, 4293924490, 3302505912, 948285648, 1931948377, 3131590503, 838421458, 431949082, 2978883010, 467544373, 4078456823, 2312837702, 4204038996, 2132016922, 1615511089, 1331323299, 2956955299, 4169675410, 326137196, 1396422627, 511263374, 3001073979, 1014055200, 3704850178, 1775311056, 2638374839, 1719498023, 1128897671, 4214036519, 2903701072, 46237077, 1517281225, 807214764, 3038311641, 3008594508, 606343884, 1387272477, 1699437989, 1504593169, 3012267511, 560057702, 3970094853, 2348337213, 3372899265, 989331970, 2910571796, 4175362819, 2460381781, 3828959662, 3600954540, 2522327964, 1438827381, 2625871976, 1583285118, 2384169037, 3176026447, 632428718, 489128767, 725635754, 1987317835, 2749901288, 2231429822, 2718892866, 159293114, 505591838, 2522347189, 1317395868, 3683780810, 384677829, 857888493, 2337535616, 3248244949, 2185758727, 4192403751, 923675118, 2279921440, 741896628, 269456736, 2060544424, 4198596580, 3436029194, 2933986053, 3037443037, 834345385, 1269272356, 2619183432, 4081123129, 4189487472, 857126115, 564094585, 2599758502, 2392309143, 3257783669, 2094835569, 2501299461, 647742323, 510141136, 3611421139, 2560644365, 4117856776, 3721312971, 250050945, 2353427910, 171115111, 1291915823, 2091228224, 2696311730, 3780182150, 320308082, 3471399750, 2557669916, 1924395952, 4243070137, 2169571005, 1374194988, 1771535189, 443579832, 4007154323, 499150428, 1546064401, 374288912, 2572891129, 3619599504, 2294352951, 2937017379, 2329826784, 3469375276, 1926303163, 1623852980, 2338685851, 2954412377, 1005928129, 4143806117, 4235824050, 90482269, 4137084537, 2596554507, 1005262917, 2635649921, 1869151472, 1959107382, 3714704125, 72077, 1181796864, 1876053395, 1693646769, 1533593604, 3157857065, 3438557469, 1921858773, 898688639, 23280610, 4107581920, 3082485296, 886946502, 1862475002, 2903119254, 3880994927, 3592794764, 3851393411, 2454021388, 1936907823, 2801960691, 1552032732, 1097653485, 2183988576, 192078860, 2526058360, 2070952112, 668194973, 2246017558, 1623846434, 3286295943, 1979489045, 4140798245, 3189642354, 3105652632, 1185323067, 3585776868, 2494162982, 1836029905, 1929823310, 735729754, 2877582082, 951856335, 3646409810, 4073450433, 1631397261, 3332296369, 117914797, 618085486, 2781066694, 1688408334, 3863464158, 3862979689, 2539046622, 3410356250, 364370291, 3944635717, 2320162078, 1241651078, 3565206774, 3670821271, 959138189, 237943996, 3660005434, 3006742135, 1628192992, 4186864681, 4064110688, 1314149173, 735052341, 3653035449, 246909734, 1823648471, 4076788171, 2246191053, 548036618, 2759797562, 3410105742, 388616732, 313674393, 2890065851, 2859939802, 3894197284, 858381165, 2365519469, 162903656, 1396169734, 830503918, 2323888441, 1569350388, 880705107, 2971100748, 3661472630, 1369182759, 3440794344, 551152327, 91595058, 2518747460, 862971236, 2182419257, 83893193, 954835777, 3295815394, 1640134572, 4183719617, 4147589042, 3015523313, 1038171889, 4187320282, 2628875607, 651640442, 4167407157, 3568758477, 2820106585, 4218009019, 95634589, 2464003384, 3057891065, 1709778305, 3672543075, 2693014736, 3291983361, 3255707896, 802329053, 1377286543, 1947971065, 3207799196, 1834305903, 753295287, 360132564, 172289062, 934665795, 1819632752, 3380814213, 2123961050, 169018137, 1852440300, 2224016104, 2902698730, 2283900482, 3090954587, 105529025, 4062512655, 2905923795, 2417994345, 4116627031, 403527320, 3499813785, 3775477309, 4107853399, 2809408550, 1766556630, 3123972004, 1225338841, 2209552960, 3404413601, 32093110, 3567543408, 3080556875, 1570778815, 1065092115, 540820727, 1602880677, 3389655201, 2643065013, 1412772857, 1261170164, 3945615695, 3417517673, 3473086702, 754753745, 2529702251, 773795646, 4014093573, 3992675947, 3728838694, 844033484, 179572965, 2159235923, 3632839740, 3294022193, 3456723401, 1711916784, 3071567017, 967082663, 3098081033, 2017148953, 2091858891, 764884551, 1336288704, 1936943076, 1595074308, 4079762568, 416855988, 2632089171, 3595273585, 3767147998, 2978715884, 4294737321, 1308351513, 318423600, 1309563592, 1029685900, 1243041734, 3724687416, 2976224628, 1637861995, 2106476949, 3859237389, 305465903, 401576573, 508334948, 247), None)
Loaded weights: -0.6627085762102831, -1.9754461852490108, -0.7162900781796975, 0.0, -2.476028656922084
events: me was killed by stupid, 
  ----
(3, (2669472262, 4254859615, 2769848741, 80482868, 3934672657, 2321660649, 2237195001, 3444838101, 1168248838, 840680131, 707993799, 1568191111, 1351649029, 200039756, 613331830, 3582319278, 1357894123, 3686297323, 426905743, 592830433, 2305383235, 2405807559, 2777681080, 3867077203, 782360211, 499922392, 2855843492, 305258632, 2124517529, 33934347, 1305998685, 3402001445, 1588748687, 1650597198, 3066057528, 211036009, 3650326894, 2155443347, 3158207038, 4247542490, 4151144867, 2677550042, 2563669335, 488611745, 3839438164, 2275190034, 861977454, 1945618983, 1501505872, 2079956609, 3514885000, 3508934036, 866092685, 3032026866, 3591452716, 608481867, 1161070008, 2602927094, 686176363, 1511841759, 2721647616, 4009964179, 1245043855, 3628272595, 2010743248, 1752358694, 3358361525, 3563547644, 906877008, 85893679, 3832844544, 3597686166, 302118282, 2128763911, 645923927, 1003709140, 1397929974, 3085548958, 3854030928, 1154411108, 4294917295, 1245981169, 2874876226, 1940991423, 3879161687, 1861171659, 2037486844, 1646264836, 1627448116, 3179967674, 3104188024, 3695562072, 3216020389, 21621608, 736643729, 2297531926, 1127387009, 2074499282, 3692649444, 1788112589, 273689006, 1704503195, 446697275, 244387602, 765239703, 4061074787, 1342736309, 701214885, 2053181444, 1747822031, 941890988, 3549012669, 1208401872, 4128377045, 3907625129, 2681517593, 1358892560, 454928193, 291867993, 532897881, 979555620, 3576406859, 3680111498, 3705840997, 793056172, 2647387123, 214887861, 825772718, 311705737, 1876567008, 2879990051, 1037142703, 1398740985, 3237625417, 3470029063, 3808752692, 356503028, 3099014974, 3723017052, 2806575023, 2842786979, 2581380944, 768434558, 1790932422, 4291013779, 3853956471, 1511554042, 373473035, 1301232974, 3743009577, 3254672550, 2200574583, 1065150358, 2571010263, 1667906728, 2012449441, 1758268692, 2262884490, 3355605959, 892993538, 6622229, 1262115591, 475060579, 1044776477, 2509804595, 1839782778, 970763607, 2817227663, 1179076392, 3157682348, 686654809, 3185916696, 1393295530, 526946025, 512294943, 3772187262, 358960845, 3114527387, 2602607275, 1960045847, 3705948260, 1568187191, 3457414737, 3044456326, 4129666400, 2824071378, 4155271071, 3602822851, 3211811785, 2860790384, 3273972607, 828417389, 3028527339, 2643558402, 2030314844, 1164470771, 4239900085, 2405408085, 2968216630, 2762219776, 1268868348, 561042425, 1082356526, 36648232, 3386343411, 510550380, 2215078647, 114087258, 1446275206, 1531054925, 1975519703, 3811921451, 2333590227, 30826440, 2053127350, 869188048, 3507269859, 3271013187, 2402266981, 1499209698, 3348619022, 140085962, 749761169, 897899632, 1606991783, 3967203991, 573256420, 2864079850, 4173175703, 2868676794, 816344983, 1687918660, 3215275860, 2396454239, 2292309300, 2242156990, 1588620079, 2171691626, 2251480065, 2094314387, 1029861219, 2366831006, 4244570882, 713218391, 4198797784, 2367976326, 3204395181, 567652647, 3138645917, 3584829949, 2506392036, 976044531, 3368159380, 356514986, 4037728033, 1369862923, 63462392, 639380146, 73800957, 3285041510, 4185131271, 3944555737, 585435954, 3062948237, 3877983306, 753223055, 2023771698, 3080007880, 719469421, 2102790673, 1659344100, 2260022152, 3688791418, 2482737949, 4155201867, 25398457, 1998986252, 3376935273, 96580049, 2468024745, 4032070609, 2874899846, 1540181446, 3961088639, 629146616, 2851164133, 643352214, 3951113910, 1603688893, 1158249928, 1480317841, 702619968, 1176181927, 3166964701, 1137633528, 3694907932, 3182615731, 1089121740, 2163814078, 3395913631, 3403481916, 1049529089, 3092752487, 184252112, 3858478328, 1441227777, 4016305257, 1243655928, 3398000597, 4226533361, 3706255074, 1002675094, 2472715508, 604870141, 1956504718, 2221354602, 1842478415, 3407512239, 3071596302, 4103816811, 4070586893, 631872165, 3890089897, 3711433592, 3154755754, 2394970035, 4245626765, 99614971, 3349815137, 190061519, 1276213837, 2090541110, 3065010750, 1595530170, 3152608032, 488898250, 1172611498, 3931797137, 1393572116, 1303331984, 265591904, 818222197, 2049803861, 192420583, 418368721, 1199158659, 398764777, 118120944, 3893042361, 3174881551, 312122424, 3972561565, 1545525240, 689777191, 1060536842, 4064055242, 318858072, 1797964685, 3021375820, 1579516586, 515461213, 919219042, 73537363, 2260474793, 1928488536, 3537676852, 367045529, 2083120890, 3815013972, 3659697348, 3032775129, 4192245360, 967279771, 3851436594, 672166187, 1574175895, 2947631978, 2289409311, 2757670868, 1933942424, 3764877583, 3289809451, 2924722464, 3754882, 723774975, 3308930331, 2606668180, 1317354299, 4230046416, 393691243, 2883792702, 4266118779, 2965433790, 4149458841, 3800322431, 555908286, 1549164206, 411600515, 559893002, 2450051289, 3684344150, 3170831250, 2666252199, 3470765372, 467675512, 1330262513, 2955858410, 1264619899, 718069071, 4101061578, 46855719, 791513465, 2339081682, 1498280329, 2110749124, 2462334923, 764414779, 1012299566, 3509488600, 927165195, 2636127731, 1131313580, 515184363, 2799263958, 3101561640, 2792255229, 1308964328, 548650426, 3401560039, 161595816, 3802065632, 1130269781, 1882157186, 1035580510, 131749866, 328014464, 1342849265, 142087567, 1775506106, 2314732504, 1907534041, 3264806570, 3493346437, 1935919278, 2650323322, 3550580905, 2735203104, 3981087100, 1108180697, 3272542630, 201834071, 1243976586, 4189359894, 3883766876, 2250081731, 416341672, 1131063971, 2330966032, 3188766413, 2916002147, 2620860348, 4210054579, 3062332881, 3029920196, 3403284741, 3817875468, 2936532981, 2447765790, 3359086353, 2583562433, 12748588, 237635020, 1220110239, 3119017715, 214307130, 2072035449, 2770995597, 816516911, 1127478723, 920687057, 2581548399, 1165759778, 385726104, 2895756876, 2255222408, 3751788484, 2476274019, 3947601050, 2394697246, 1769071164, 650212382, 1745655624, 2044649058, 212733984, 1997106593, 3046502532, 965529893, 1266449127, 2658471551, 1201082681, 4248740455, 1956435645, 419970975, 439930295, 947996837, 592092325, 1518294037, 4075705160, 2689333540, 41598836, 1947947836, 4261985987, 747450010, 73520615, 2606763360, 4197570050, 1049815569, 2565732022, 3994619623, 2060561226, 1804861865, 279279557, 2030152153, 1323375370, 2380900799, 1682261180, 297309454, 3283343776, 4238860450, 1403751032, 3196092862, 3048842896, 2935227358, 2388975637, 2227263177, 2055877581, 1492034002, 3278988844, 3563163646, 471415792, 783680023, 1908380317, 112554388, 1542147959, 1993581234, 3361234531, 1754953528, 3314861435, 669941713, 2975849180, 2569485401, 2032102616, 1424881676, 1561668693, 3395469389, 380467850, 3908301883, 1560833, 3453936933, 1597796863, 3162309710, 3897748787, 1770405665, 1493082744, 399921570, 1388950580, 2983356703, 1327515067, 446113357, 3102473775, 4238392679, 2656665095, 3463391015, 2701727844, 3137852799, 1070026812, 1311698988, 923757250, 1079403237, 2697981971, 1318889040, 4030751421, 1615865760, 1141830855, 3313723856, 1541638822, 822430393, 1201546939, 2862126031, 2637368869, 3942139319, 2312221599, 751873551, 1726236897, 4272645233, 650022872, 1602111391, 1372678410, 1589623626, 3060051815, 3259191506, 296338137, 1918727957, 2519160110, 3290023621, 858208290, 2171137279, 2418178016, 2631093853, 1218787115, 4291564881, 576621799, 3795675263, 2247194834, 1804508376, 3542122188, 1338346193, 1109686996, 1502108270, 449575015, 658604625, 1887119518, 772027660, 1406675885, 579), None)
Loaded weights: -0.8104855803387947, -4.465294629785646, -0.7162900781796975, 0.0, -2.5
events: 
  ----
(3, (4283315955, 3940269575, 3496925635, 2010200577, 1623680569, 1162806788, 830282377, 2033262971, 3478085711, 1010823510, 4241783015, 2609655314, 4052161900, 277720988, 99574830, 2048185848, 3986257443, 2826879324, 442917092, 2955679301, 3807124754, 2212924804, 3715411709, 1400390245, 1300783936, 195644857, 4022440082, 512125883, 1046755367, 4058415001, 2631416695, 1022242815, 949014287, 4194222972, 2619092798, 1558624309, 3834494664, 1506108149, 1830500333, 2998159615, 1202978914, 3166411982, 1585413335, 1138638451, 2169941027, 2307416370, 3549470050, 2974232018, 2002120502, 2345112292, 2245630902, 2194279744, 3646131935, 1729045057, 2165275248, 3677277642, 3941553575, 1264986409, 2899706264, 1383476387, 1684443526, 1107486805, 417832021, 3889948500, 3469294112, 194612948, 3735772218, 2447174957, 2014824900, 2638063477, 4208843733, 2167893460, 1065850397, 2324313560, 331592870, 1628453988, 2719789116, 2115894546, 434615627, 64825093, 3431049992, 1453221218, 3593517009, 860641819, 2869115160, 709197030, 2643050318, 3068888850, 3243935129, 3474711135, 2238282294, 1215092499, 701831048, 2856182153, 1819562051, 2169448829, 830291017, 1493549139, 1507292989, 832882162, 3770194421, 170768701, 1088394928, 1928872563, 3566464211, 3892628634, 2547361082, 95535271, 2387934877, 1181571779, 1109537481, 3293095628, 2692418497, 2573677495, 686445840, 1156753810, 2431104664, 182090515, 1826150129, 597917827, 728799180, 2209614626, 2376616231, 1010206847, 2269655779, 2792255452, 1451048541, 497760548, 1403540812, 2640621888, 72592424, 1275124609, 3940427139, 1088555490, 3292257418, 3832276260, 2453633930, 3929344871, 2955343045, 2506010460, 2409576836, 2189901633, 692486419, 2287953025, 2590800121, 1807305833, 3384975405, 1343503381, 2128349992, 140859755, 487159967, 2018511898, 617097832, 3901891085, 3689814359, 1619754630, 1583701008, 929779057, 1278245515, 1909048046, 3162655837, 1526610251, 3642212910, 800718472, 2659614862, 3965770069, 3523456864, 1962275382, 1288863842, 2091653996, 1372772407, 1930503704, 777456004, 1793887671, 2922577720, 500510878, 617635318, 1872704757, 3701872232, 1616696350, 3233516422, 4267125010, 4201950160, 898530528, 2758383316, 2190386352, 3059294073, 53736683, 245470110, 3382679513, 2250687698, 701626213, 3556494884, 2524600089, 846018489, 2340667402, 3091412628, 2799621738, 1961664344, 984544737, 3630280745, 2130576093, 3077780979, 2141216756, 1587475055, 3914756785, 3577823107, 4010013318, 2274266459, 578836683, 951083050, 1078992875, 139335887, 3271297802, 1002040335, 1404272849, 2105676204, 3037854645, 3213783357, 1812882774, 101236657, 3604534265, 628319, 2444062045, 3746088202, 2131864702, 1182997080, 437799911, 3215325786, 288513751, 1167914531, 2132147603, 2603403380, 1965945875, 1004760484, 958391559, 1015496803, 650487352, 2096023300, 1983812098, 369414995, 2073093551, 3059550604, 3501932239, 4008507551, 3692120173, 2043575817, 1718442499, 1882728869, 2546396687, 2540065347, 1776903946, 1094104044, 1318865885, 4015907553, 1065358811, 3806882496, 132351446, 487116620, 3710024531, 360243663, 3446581927, 3735451692, 2535396589, 2529128685, 1363874036, 2843660443, 2345512203, 454568217, 1863104165, 1082435511, 3971584670, 1501370467, 827162904, 1754159953, 1288102192, 913103503, 1580331905, 307180875, 946962408, 849517698, 3974749331, 1948960810, 3090109531, 3331735044, 4294599379, 1740027896, 2460290439, 1619416753, 2918367554, 4079712244, 1959527596, 2364750821, 3209439302, 3217097763, 3217430338, 4249416083, 4204874890, 2097880772, 1525225347, 1288028295, 2531315786, 611157772, 2430691904, 2380726221, 3076456352, 1724739705, 1892529213, 2992846405, 3091516576, 1856870352, 2729601890, 3779790535, 2814856457, 3034058791, 783993825, 1939739607, 3739423153, 2871641337, 3381508689, 1642175492, 3331581768, 4023702721, 1870257180, 2272090965, 3193456676, 3931403600, 1516578458, 3599696901, 4292844361, 1286984296, 3486237132, 2273845575, 2317473962, 1260404674, 2896604744, 3930640724, 732573251, 3802072196, 2811315697, 403507538, 2364810981, 3628471358, 93904943, 2960003341, 4264702810, 539406459, 2256382287, 1143134074, 3303343931, 2472150510, 3913767199, 736643600, 1239842648, 615874241, 438887648, 838426713, 509143182, 588389076, 2089434482, 1535581267, 1593993212, 2117949487, 3947251878, 3277545085, 1675497942, 2873777185, 3190621870, 4019616035, 3928755488, 4105121721, 1605831275, 1500605808, 79833191, 3891695233, 1761914525, 3579258683, 1327899509, 32686934, 2381522480, 328324039, 2361902535, 546822983, 3539737136, 2365513507, 27211329, 2407788460, 2190671157, 2286758305, 3437647281, 3381832042, 3337025105, 247575110, 977876736, 610585705, 1660530485, 3923831026, 1098743090, 3810393771, 1134188847, 882051198, 2018487348, 2059068928, 1763723594, 3509755090, 3299966621, 2632199292, 1289049598, 3295655159, 572088348, 3138390147, 2715570237, 1998646443, 2294195099, 2472106961, 3244369628, 3618942030, 2930868542, 3950572095, 1147367426, 4157434831, 2755595283, 2565828705, 3828104960, 1826705867, 334366124, 720841532, 1681315589, 976151049, 2252095619, 2265426177, 1720273454, 4153059486, 3601601654, 3871702982, 914562556, 3216302803, 207251831, 1152130567, 3919576188, 3819992159, 3400352402, 704799878, 1937657105, 1170834238, 3993862317, 447426024, 4261851138, 4150220586, 3741514155, 3032458392, 3818029697, 212821584, 2625988710, 1450190003, 119021524, 340099807, 2208046490, 2969180669, 3577174954, 2438819349, 4188562323, 1666421221, 3236098110, 1460515390, 2992996385, 1053584013, 3944196100, 2926006544, 4131146266, 3618520105, 1404631951, 1508757451, 1068332692, 3265628896, 4221935036, 1453054279, 804722813, 3952189245, 3570509188, 740442444, 3827513773, 701287165, 2715652484, 1747737140, 3452700450, 2827466014, 1378285248, 3117833145, 3452355107, 2736349001, 2857377756, 1461459172, 200464020, 2433176905, 3738628436, 3552197385, 3602288727, 377137885, 4276812175, 3523959449, 4244829249, 3637655348, 3005533698, 3600551180, 2792894366, 17192524, 1653039120, 2916385577, 1311203764, 505658341, 2429593929, 1690450175, 1778823496, 4022199942, 2798097254, 2709797401, 489635928, 161796361, 540117998, 773202811, 441016336, 2562104007, 1656001939, 2290347732, 1977046083, 2066807635, 848703702, 4281668982, 992856019, 3393042696, 3667721762, 1768177525, 3181734850, 2491424004, 2652137132, 2583461814, 77418543, 3971937946, 1863890707, 101725336, 3078793453, 2588400773, 1224196750, 1674022495, 3747938149, 1917806643, 2870874931, 3728476710, 978319922, 334916208, 2904270675, 165310161, 1450026409, 288594911, 2080263879, 652002070, 4082241573, 962415084, 2578883424, 1728061164, 2800455821, 2161770356, 3785619845, 47117401, 1669234900, 1493817331, 2353932971, 160000301, 1058994770, 3552374771, 1313944129, 2931212136, 3836602907, 3651010897, 1664462700, 3747787354, 712606787, 1613238729, 1285953848, 3905879769, 1419603217, 2703699548, 322491569, 1940467165, 2727874391, 3326975728, 3619939691, 2291355697, 2454309419, 916857270, 205240741, 3383002489, 219635398, 3983688002, 1495394867, 3267672485, 3690000924, 3717065991, 944817433, 3575544276, 1204848084, 1645675530, 777221254, 381009764, 2555250166, 3319930304, 3304113206, 1906175629, 2256101680, 450620572, 619240387, 1130859048, 4198801856, 2869084755, 1990679574, 3992217819, 3847652445, 1384889021, 2221523889, 41198415, 862377711, 3525118524, 1330594644, 134), None)
Loaded weights: -1.0430427558575834, -7.487950896607711, -0.7162900781796975, 0.0, -5.0
events: 
  ----
(3, (2904036078, 304226965, 2709157104, 2650278845, 1525165878, 4211923867, 3434113320, 1872600106, 2595128886, 998678736, 18039543, 3165404737, 1784657874, 3118971540, 2631285441, 3638880101, 3699491637, 3731516323, 1082105121, 2797773511, 4014131196, 483005854, 3034046959, 3507051119, 954407440, 2937042984, 845658626, 3940285703, 2987756223, 4254303832, 2739499045, 3211670865, 3133350205, 3372859038, 2448598763, 3318511610, 591795667, 1228952815, 3067185500, 3698254562, 302491408, 2996506803, 1366840218, 2048103057, 2389275147, 1137322551, 735960056, 1046705317, 3958262239, 1481105459, 3210983074, 50208922, 898488404, 3023575456, 2382750820, 3771759708, 1614728237, 1075520639, 4146837850, 645319196, 999676271, 629237512, 3873089536, 4130992901, 3160712441, 1275478008, 285488759, 721835740, 636740420, 3668588472, 2878086894, 1756113601, 4084814070, 2656036474, 1664148925, 1222875093, 1084459037, 1465835674, 1665384161, 1893403843, 1152920268, 1501656074, 343881814, 967040448, 2969667550, 654841178, 4205335053, 2441717799, 860440274, 3929212933, 2937597334, 2906443901, 1104183864, 1277937591, 872364989, 2527737375, 3195569762, 618946056, 3322188717, 2062468908, 178846742, 907370885, 1587439721, 1632246831, 2298515980, 2469979561, 1760861838, 1220461213, 1548104224, 3105882103, 1084437366, 1692513814, 2610710704, 1247187309, 2997484928, 1823597491, 3059956766, 1087978785, 773776376, 3023860223, 485836233, 3598206277, 3877797646, 3032124117, 1233016830, 1786819894, 1818298625, 2706883698, 2070220003, 957951303, 2376003017, 1397929832, 1532805922, 3894433613, 2829651120, 544965296, 1370971822, 1436276665, 3569037570, 3727942516, 3705044816, 555026124, 4064261516, 3526277179, 1532411398, 665730124, 3119869019, 1554615243, 1113514767, 3854787747, 2536903998, 3428327186, 2534300651, 3876181508, 3713931280, 652787929, 3570447310, 2921535045, 1125822384, 2710918631, 119913567, 366389499, 3463076900, 1749245611, 1238584568, 3923257540, 2614689950, 614970472, 1562938722, 3907521335, 3049699751, 513994223, 2472545366, 3299184751, 12298766, 3168702867, 1248510142, 4157409893, 320587107, 4282349465, 1431441610, 487736353, 375465800, 4210701747, 366624585, 1661145407, 3416890907, 1962533906, 526349412, 2237594777, 438545926, 2708387619, 1081889144, 4137159349, 167401888, 2508529203, 1584936435, 2533625582, 3716030492, 2013057390, 1032274861, 1597818657, 1199631075, 1666822204, 3933408339, 2445224724, 1506971077, 3430566166, 1342609740, 3652857301, 2110815004, 3971109429, 2802279605, 3725568580, 2486807412, 2108064510, 2042948805, 1842170386, 10514109, 2012776412, 1462918526, 2340929869, 364365248, 1842397642, 1290666192, 4049372944, 3679180408, 2999644099, 3283336481, 448577342, 997868971, 1467894540, 412258637, 3510755322, 3927629430, 501585624, 686060492, 1063526773, 2276685632, 4166348452, 489126044, 2281225735, 699517149, 855576485, 694845258, 2777682682, 217890585, 1314284529, 2384581190, 1718384657, 2784881130, 410534886, 290008345, 2629958573, 739460917, 2204221407, 3194111155, 2915899267, 150452263, 1769464069, 1991662354, 4272003837, 390810963, 4044430714, 568712341, 996561358, 8422584, 3330474819, 471202622, 3895636126, 1280269278, 2078232293, 1533864635, 2257733263, 402654269, 1775277127, 3998722348, 793550040, 516333422, 752653845, 457459510, 4094722161, 1708091054, 58053423, 2800657865, 2230379174, 3056401408, 3537781480, 863504297, 2672759802, 2355097939, 588614100, 329264091, 3622569145, 1961188733, 3261016914, 2818216445, 3574174092, 3704623583, 1276313706, 2503970399, 822486587, 1083384565, 2673362724, 217161546, 2301474306, 3518326274, 3296788785, 94573146, 1663693758, 687532145, 1487713378, 3991077633, 969730753, 1608285448, 2475622374, 1548365826, 1669627701, 1358085514, 824200250, 1868706835, 3709722882, 3776370705, 616995607, 2076736026, 3006179589, 400315489, 3102199499, 3505528062, 952402269, 1185938633, 1405891184, 3592948220, 224690543, 1592628665, 694311562, 1975670793, 1911337268, 2921440305, 3617246233, 3575919296, 3733649311, 3077907323, 928810055, 1069556876, 3875867418, 772412807, 2128883316, 1828877831, 2928639481, 1494324869, 478835446, 1316194970, 3878880958, 2890118658, 4203809808, 909465856, 2618810531, 1830267345, 4019715540, 3349243059, 247402616, 366520035, 2836545871, 611639122, 1477881805, 2166710307, 840299294, 1409482844, 291541647, 620596689, 2012088510, 3167197344, 319200196, 2971888730, 4059938893, 458802630, 2546955413, 3399584778, 1204683479, 2019722296, 337462636, 261541313, 195521664, 2011446714, 1155225702, 2043976610, 3658192976, 3937219324, 2862811281, 2453181788, 246650331, 4110201668, 283367029, 2362692397, 1775827227, 2287383982, 490796589, 3865538983, 2301200489, 4169287285, 1038539022, 2286859574, 1660128983, 211617268, 1567216477, 2572541286, 4000152174, 1277097007, 2464256982, 857517426, 4148361667, 4266979373, 453870380, 340359036, 1954882115, 3523623942, 4137117638, 3277786914, 3801240640, 1032797283, 3699724623, 3885171123, 2969578953, 2666728504, 3355817346, 3706653235, 3113779830, 3307886527, 2634780348, 270341419, 3518388252, 4209582383, 716190246, 2537277416, 3604240634, 111126961, 3331245248, 3632114699, 1339551301, 3143174925, 3241711927, 3708884137, 1528835418, 3284351643, 1307965513, 1224466397, 748549867, 2098072903, 1340610444, 2232496213, 179942392, 4280169251, 695956734, 2974212137, 1352256657, 460501491, 4195350922, 1038477017, 3375666840, 882728684, 45852251, 1033170631, 1130539731, 3210629562, 1105064665, 3453926054, 1242877972, 4242971402, 3681445398, 3257647805, 2626955376, 3125193136, 766409321, 864333103, 2086964794, 3902751984, 155031211, 1913688356, 1196953023, 936957860, 3791491732, 2475652893, 3396626857, 2334856210, 1555325608, 6593125, 4082484753, 21646131, 3754906152, 2755203732, 1248579815, 1050622596, 2433457859, 2850585577, 3972028005, 442583146, 2658844271, 3718415101, 2875324200, 1629195376, 1953046439, 809694022, 2233053098, 2087750423, 1581626440, 496969245, 2493953661, 2466459819, 4090891139, 2450863956, 1300695401, 2985540098, 2180124483, 2176682843, 4206013050, 3520639958, 293939464, 856509475, 2644740793, 3670586545, 3786842305, 705548612, 2746967703, 921340786, 2017516713, 1431836673, 2862941412, 4120409357, 1703804529, 4061542453, 3779801135, 2550072291, 2616551552, 2341155431, 1230843265, 3094342518, 514167612, 3056099124, 4008384845, 3137670760, 2348229525, 4160036513, 4104210418, 3577655384, 2967320908, 3181901180, 8139008, 2151291931, 3907906857, 2873358433, 2788031917, 17877774, 2253203793, 470833527, 3281812853, 2556770704, 436295743, 1595368384, 2779252362, 2266626550, 511797763, 3233486487, 2913833722, 1079243102, 464387863, 1219848595, 149436041, 3238365878, 128181341, 3380391352, 681278264, 207310536, 3687687664, 259979714, 1119039274, 1656426247, 4027395774, 987332202, 3810280745, 343212265, 3167756588, 705025687, 2531884849, 341006295, 238118569, 494845886, 450919540, 3734193586, 1317779000, 906440002, 2578328881, 513605806, 3080470658, 3347953368, 3966364753, 2090396545, 3543387021, 2999900909, 2521343050, 1894701358, 2150166111, 3872684558, 268573300, 2615703150, 2823848682, 632709324, 2577712033, 388101620, 1123761039, 2161881534, 1448605870, 2046363782, 3042789972, 2706912859, 1163900494, 1090583136, 1651898589, 2509227228, 751718972, 2421689821, 2782746163, 243226801, 2665135321, 290), None)
Loaded weights: -1.1455412699337668, -7.481914285251355, -0.7162900781796975, 0.0, -2.4763017007178156
events: 
  ----
(3, (3445184440, 4141501407, 1591557480, 2515948014, 2573730844, 3994452386, 356335810, 30033647, 11174709, 13946050, 1765004689, 959524806, 2383564444, 3833528525, 37239470, 152871272, 3979347490, 3984460083, 4276929535, 2779209720, 3102895369, 1077694218, 320752040, 1644081515, 3405942107, 3198213298, 493183893, 1592883640, 3066853038, 339935998, 2133272577, 21198846, 4186919411, 3253532289, 3008390113, 843225881, 2534975630, 2354250566, 3101895051, 1335654969, 1187773510, 2965472710, 3956709330, 627376855, 970276083, 3372218709, 3709413335, 1866247851, 3101603983, 1464468620, 1843586726, 1741218157, 1442061148, 3256074855, 2060553686, 369747434, 2424198686, 2329099396, 60991903, 2679172507, 3905899022, 243839705, 723574725, 4087856207, 1689827751, 2887664931, 1457619389, 2913443864, 1820911877, 2551756241, 2806674859, 3311022961, 2487850283, 716898492, 569201477, 52419937, 100731428, 2603467392, 3707877508, 3401798038, 637349038, 2016349455, 1535763295, 794301515, 2994313273, 936636100, 465046885, 3532633979, 4037367413, 1474858158, 1019420400, 1638009391, 1624375596, 617496469, 3627449143, 1638103477, 3279532487, 333611744, 2444703219, 523581025, 477675122, 1810171414, 46942688, 1704707446, 2768100780, 1144568833, 944668219, 1381208583, 3686988652, 2110701478, 2799070582, 2664240371, 267777002, 2336344468, 2732017775, 2864849933, 2023104780, 2528311975, 2040799834, 111845869, 2746334069, 1083995044, 1593212684, 3195510606, 3572955738, 2234901787, 3004204206, 3528506844, 4257544917, 3399474746, 3272367952, 3627422876, 3365233928, 2789391981, 2977362295, 3206851764, 674247555, 2715200230, 642047035, 3590640862, 1311707226, 2402780658, 519370127, 3601748331, 2552249779, 1913067603, 66925256, 1830383872, 456440770, 4131192803, 1716534921, 1387626801, 2607351339, 3320640617, 1817259294, 729322217, 1213469356, 2107444911, 1247700825, 1124030304, 2313338013, 2015514066, 1216420096, 2750439306, 711818849, 2371327704, 4294854862, 1858582511, 3067169363, 2338227615, 3736203425, 3367341213, 4244217013, 2300672191, 2952561454, 1768828567, 2032373789, 3757812652, 3827573817, 135399266, 1737276529, 837414350, 1198124847, 3348148114, 341383532, 2530847045, 3969223992, 469560805, 2509678650, 1349478589, 2472515386, 3199036686, 3972989885, 1928987026, 174330615, 3903433352, 3156101109, 2838669014, 2543289574, 4216584840, 1705318594, 134618947, 2816769108, 3705663448, 3371662293, 322276403, 910114559, 4092279496, 495264991, 1532910914, 922049124, 3718969201, 771550893, 3402064900, 679786961, 3692285499, 2210131805, 939569626, 2124674464, 1788466399, 4273907876, 3746833980, 438711001, 3056537013, 2641565115, 1675277197, 1589083111, 898120183, 3145995328, 3664293730, 3192484968, 204078181, 3333844575, 1613770745, 1329106307, 349747923, 2255383719, 1793748529, 1159436436, 3229741778, 2123099921, 3488116255, 2305529445, 4186257799, 4290117710, 563752108, 461692639, 3219293226, 2852307933, 31505757, 767725720, 1521396488, 701010363, 3529797840, 3326678664, 1895162920, 3685562848, 2723431629, 2901424035, 3268705402, 1739885344, 1644000663, 181015972, 1591932443, 2447387553, 3097717719, 4124396359, 146866649, 2228805001, 2381396541, 2172786042, 2372663665, 1388210893, 135370006, 3269219415, 2415225881, 15485664, 1652664593, 3903724216, 1482045639, 1628648064, 137772673, 2394668194, 436319269, 3366669783, 1488246687, 4141862127, 679213317, 19872548, 4094138291, 2720888997, 4099939477, 518059936, 3046875100, 2357736881, 2793214244, 4070341911, 1344982427, 2740171588, 132047579, 3945833342, 2561438432, 213122803, 1081722241, 2679839105, 3051031429, 831218129, 1730979203, 1237054672, 3606849464, 51269242, 494971238, 4064095099, 878064609, 3678980232, 2659208820, 4280419307, 347750453, 2033331250, 3463162874, 172019476, 833988576, 2865267937, 4271738058, 2474469053, 1129426716, 2588828123, 1946267661, 2928670311, 3096643419, 1283316814, 2414467410, 2609007721, 2385511480, 1189265218, 2016110519, 1161357116, 684593073, 1812513312, 1701309066, 2097939076, 1617258765, 1751439089, 1735799626, 2771418922, 3081345094, 970503895, 205009065, 3469966727, 2876638353, 2956109365, 4090445591, 3064751684, 3845218223, 2937600980, 2799588949, 1570545332, 747584359, 4026395254, 843933582, 3776788049, 579998425, 849689804, 2047499306, 349523423, 3219053813, 2400070993, 1680773236, 512719978, 2508358584, 3982054708, 2252599779, 998528433, 460096741, 2364482041, 1452857633, 1691612534, 50395276, 2824482949, 2807579703, 3487717087, 4069718817, 782967977, 1940262001, 1609605788, 1991518856, 1878694728, 4239664611, 3027990853, 27087790, 2107712952, 269690819, 1546571069, 1621037447, 2200140733, 3002732676, 1559645782, 1955264685, 355072118, 430968656, 3620869176, 2883312053, 2166315299, 2137854695, 1749545693, 3901672074, 2133113429, 2559276729, 949560357, 518502806, 1698259884, 4068200869, 3680463059, 3870373510, 3098987547, 3163928121, 723835742, 4075819179, 3487844142, 721431891, 3316652522, 3768918769, 690031795, 4083663337, 3442506775, 1625862432, 2812263347, 2654503874, 1183045661, 1994540574, 4093952982, 747330461, 1181586720, 1034083595, 2558596789, 3351396568, 2014920482, 3284352190, 592031884, 2841172980, 861116480, 3741614938, 2978207894, 995279567, 3354590497, 3285625489, 3856637813, 1496391384, 4171247098, 2175146540, 4084454473, 1005894901, 929499634, 3743202092, 3301732192, 792067174, 3882832807, 2041788379, 682866473, 2633548073, 4167388171, 3371846207, 2892062565, 2579580026, 2467047298, 1676985799, 2777389784, 1090036372, 2724158740, 1903609828, 3083808191, 2727695510, 3997540679, 2605594775, 2177942327, 2655871397, 3698771671, 348837898, 3758759176, 841284201, 3801790874, 377888217, 2361876515, 2654516201, 3423499673, 902482510, 1651912621, 3189317222, 1310383235, 1490459886, 2732568247, 2393880291, 690885737, 942261868, 3886651956, 3387455932, 465884629, 1985733851, 3638231781, 573811957, 2871896602, 3674025460, 2373565388, 3890003892, 1302557493, 2137602409, 3406680870, 2979666442, 3906309023, 3350275848, 3855253582, 3495071958, 2168807649, 789166493, 1428335672, 1774412495, 3167028023, 581135979, 1673095446, 3935051047, 1548255075, 3650018579, 782766768, 2850633902, 4110553872, 284626843, 311189673, 150219047, 1935817991, 2897236534, 2849303881, 1296836783, 4162961349, 3980806205, 2592768924, 1435238763, 2578378278, 404382176, 4093482271, 2948574287, 3903132404, 968554247, 3838897549, 2512214983, 1289002131, 669111948, 2387981178, 2471850438, 3704349099, 1717684238, 881050307, 3556049722, 3649014635, 1297022399, 3435609704, 3804064431, 1822104475, 1677094318, 2638076439, 3624841362, 1484259814, 4290217174, 788377290, 621879187, 3155181797, 3512387126, 4162535697, 1569638367, 3132894204, 1289388077, 859541206, 2736642126, 2588887742, 2120731190, 761374524, 1720077019, 2473628622, 3982366976, 1531555164, 1704875759, 4216934201, 1662148672, 883054866, 2394785152, 2996779244, 3779245481, 1060985268, 3461649544, 1171769797, 698788461, 4023777901, 1536937352, 2752576692, 3972593213, 2333267587, 4190878069, 622057121, 758548637, 3446121414, 1140013350, 2188395285, 4286913790, 513397787, 1764216385, 1462286841, 4202758371, 847418680, 2222107685, 1256707641, 784792694, 411955238, 1661740767, 1813680034, 2791190714, 2652634820, 2499478645, 2846826271, 2003224534, 1182011101, 3440016140, 2876836417, 1561618234, 614465079, 979035530, 305), None)
Loaded weights: -1.3641641823978803, -10.11660921446238, -0.7162900781796975, 0.0, -5.0
events: 
  ----
(3, (2532273565, 2051499714, 323692455, 2607158838, 3704658276, 3414292802, 3867181391, 4045013912, 3907300587, 3535134786, 2215895386, 1066402667, 4124084527, 606437115, 4143284497, 3989269442, 151421632, 1590172987, 3997571525, 3998571781, 2465085230, 3328926714, 2197275961, 2033840024, 3220524200, 4271574438, 3693051189, 3595978560, 717828191, 17080172, 2660841533, 3813457979, 2401013121, 883180281, 3970082510, 1306640743, 2072730792, 1576546991, 956615963, 1534902529, 3684957789, 1453521765, 1659038272, 3065100006, 1651756847, 1174928290, 3586401605, 1117065657, 2826152151, 3543067686, 4091403953, 3529121876, 967265216, 2384138914, 821054976, 1062740733, 2591368558, 471174000, 3118807668, 2466838176, 2818563688, 2754308116, 1008971729, 322019335, 1207818353, 1578708836, 2400359542, 2084627423, 4142936048, 1864765650, 3143437299, 1903372126, 606816186, 1043412162, 974260985, 3980731477, 2530793943, 4015005557, 4214016366, 2391298176, 2983587410, 1422285944, 3162521747, 1655620953, 1299180219, 403953230, 779606155, 760508028, 1581157401, 2081923285, 398502830, 2121522197, 3552130043, 399254515, 1735834342, 2442820693, 1910015772, 1987751954, 528110163, 368610028, 1135175632, 3653051925, 285101646, 3109242060, 568967979, 139867150, 1476249192, 1614941827, 26109626, 3630622109, 1744052396, 2939122282, 3255944130, 766088358, 473641487, 4245581927, 3176690705, 703642901, 4087251686, 873819730, 1122850745, 1287804560, 4122464896, 909312590, 35430209, 1998606567, 3233900096, 317251237, 1975050374, 1930055425, 1693393769, 388534147, 1721351647, 1751590189, 316571381, 892409563, 4255980878, 1352686942, 2123262724, 4273563147, 528589593, 630152967, 501232677, 1035844850, 3652307953, 3845027049, 2737955655, 1095680370, 2247563682, 1685396705, 587661697, 1215812193, 2644443877, 1118524492, 1598159505, 4250239549, 3934833207, 1893776667, 3284320543, 4049794314, 535251783, 3111999127, 3388383063, 2487619081, 4179382202, 1359121069, 3413800123, 1047549203, 234697766, 239798686, 2698817870, 1573410169, 2437057709, 1690685249, 1319272410, 1071002223, 1369055200, 3329951231, 579815786, 968785193, 4121620455, 3790989844, 1180041510, 2977285007, 4051043389, 1122541454, 1514881965, 3092540657, 276672808, 915575337, 2432836111, 2864249028, 1356573348, 1945060297, 1875843276, 1662480273, 3092358486, 3235452144, 2221032497, 1472289472, 2956802019, 3734347244, 765251274, 2130923040, 790063672, 2626616251, 1355961125, 2162334537, 3610127938, 704133130, 867133250, 2232488368, 195382900, 3586595857, 3557650717, 3033516243, 4200491095, 2705982484, 952065733, 2532330317, 416077000, 2456790894, 1326796041, 2093494339, 3052506659, 2462905115, 3113634222, 2335008701, 393425267, 1282383251, 1148868827, 1719869076, 579952225, 1477736273, 1652485678, 1926965863, 1053321093, 2795384080, 533789186, 329109112, 2597976363, 726203132, 135088094, 1994228455, 235211629, 2056046197, 4054064912, 1592256031, 529763723, 2484505973, 1416542748, 840545450, 3618190798, 3208377969, 2922165588, 119516335, 3374714325, 1374262067, 2183593478, 4240885777, 2639415533, 3922177052, 4221045429, 3933469095, 2560702363, 3672561767, 2249519410, 1086791750, 2303907492, 572776701, 1762458241, 2451851926, 1108291881, 1839382449, 2624001898, 3892678055, 2070317169, 3347764205, 662277352, 154063488, 319339837, 934121553, 3947907120, 656946010, 3913764960, 461532380, 1581103869, 2808628218, 119542546, 4097680220, 4027129490, 143500193, 1154801802, 1348353649, 796814157, 381067684, 2654717632, 2868171345, 2878662380, 296949253, 1919356338, 3846391135, 1416721994, 910792, 750070376, 987875673, 605467294, 2500334650, 2142785444, 4245120942, 1819185642, 3984183257, 3677388641, 64208079, 1645496646, 3097967923, 2940350480, 727301559, 1497762280, 2526631025, 253161475, 3944368201, 4006918704, 2708374685, 399665052, 2337657441, 4142981685, 3454413884, 486282599, 1992335465, 3198658661, 4112537024, 1330525714, 881629641, 3311340935, 588387620, 1426674330, 1374699964, 2644281135, 4237804160, 2224263423, 2969692584, 3467995586, 2948615044, 1914990902, 913992018, 2869020377, 4237056421, 2154947591, 883306821, 3604753690, 1498066019, 2628800495, 2538437546, 3633268048, 460763100, 4232405613, 1393677906, 1309555780, 3474953768, 2686885022, 193781907, 137640142, 1859062654, 3595011067, 2684472691, 2360225329, 281419052, 793648859, 1800183487, 3885298908, 494621174, 1905296964, 1011794788, 3003784509, 3080643353, 1710579879, 2921507100, 2194882725, 1667668309, 2733283587, 2434586650, 1569600730, 3312491385, 1270523999, 4097805499, 1446008612, 3704768314, 4189323072, 4146466187, 88550711, 1308858875, 4165317297, 1407416762, 1728929105, 1669731085, 2902902039, 2856865141, 1360024273, 3131803313, 2820707140, 2535809940, 3647474627, 4239480401, 4064043194, 3289752735, 2901636778, 820956458, 4001773279, 1959440624, 289446786, 97583243, 833619149, 2669188479, 2132150066, 1173347463, 2531404451, 4142924184, 1714446002, 1912841809, 2595578478, 2723622474, 3282845626, 1203841922, 2964147296, 245705015, 417143585, 1249143602, 3856973539, 396275489, 2957923121, 203530408, 458696161, 3315230880, 3808672549, 2871177683, 135898709, 1644936964, 2445114442, 1376551508, 4198849980, 2362219862, 1886263659, 1085253144, 1504305539, 3545768352, 4201169953, 614253109, 3535579768, 2946766834, 3090865894, 2923563738, 3175263885, 3689971230, 3703019918, 3184273535, 2847848097, 3375051664, 4059549407, 3349891259, 2774655633, 2907107651, 1044088922, 2001630276, 1315766060, 219494254, 1944166194, 2348177313, 1408473358, 2330091998, 664217772, 3761203985, 2921556705, 675597908, 2294933010, 3902823999, 3732136304, 1684780184, 4060313921, 3873728771, 1836075074, 826783130, 3507176836, 908691398, 185398804, 706042127, 3821684514, 1666684531, 3316441707, 1946119473, 875336201, 1430162800, 3337763665, 3049274408, 607329432, 1572342929, 2147918415, 3697920812, 1513434163, 1469703204, 14428491, 3671837324, 2615923325, 2227142964, 1630994310, 50292091, 1373888389, 4268410925, 1416954837, 2578778135, 1325497137, 820859087, 3574464717, 1957489889, 176243266, 2152342102, 1013228726, 3252005401, 2764250605, 3019403236, 3851542567, 2016043541, 37895667, 3837448008, 2072503619, 1004168807, 2361504329, 3537806318, 4078660676, 2576592945, 4288889152, 2309834069, 3578420632, 1767109456, 1724294224, 1936668855, 2970244958, 3432573882, 598649121, 2942498331, 3322312595, 3379859295, 1802575887, 1344327302, 950621937, 1584189525, 3744722066, 4168855561, 2552933454, 1839065998, 2291401984, 3798274806, 1962548321, 3499326721, 632302004, 4088998005, 1195087550, 691140017, 2569473417, 594687713, 190274466, 2451692258, 2828151346, 3523854903, 962405031, 2023331704, 190321072, 2580382977, 1315182945, 3609767593, 3192825763, 1057215593, 1229556809, 3182499143, 1455934487, 2311695840, 1107901893, 3145268148, 4069341131, 940857516, 3871624074, 3269355993, 472411420, 2768961051, 3132636249, 294686878, 3895843948, 1539688611, 2253849978, 2799072551, 50523578, 3293576609, 1332545202, 1345320367, 4113264969, 3838788948, 3839846958, 3240568127, 2088947045, 3919582993, 1133268251, 1699629039, 436581606, 3614018692, 174758322, 3683781177, 4166483864, 1586610880, 2256512545, 1372114121, 1845377225, 2109206414, 3876623590, 423471174, 262632927, 879542288, 2358603360, 3212155526, 1753654397, 888244046, 1030310439, 3964277397, 2125160904, 1064944390, 579), None)
Loaded weights: -1.2442631799809782, -9.591158761479415, -0.7162900781796975, 0.0, -2.4240878859478765
events: 
  ----
(3, (1719111396, 1891002, 192339855, 855070401, 2361656765, 499254111, 825840690, 3928334445, 3021105954, 3266617948, 2591192218, 4096471177, 1905754432, 3842937700, 2179696302, 3006473012, 3996456573, 480205628, 1851937857, 3509458325, 3148393791, 2423565262, 164902710, 2454393450, 3460812107, 651183561, 376794031, 1850983509, 486887051, 295577953, 1478893593, 3538506254, 335653229, 1811664945, 2900581831, 4036917615, 215292630, 2729334371, 1275724059, 27564624, 77721736, 1460264061, 3594213818, 1450802863, 1042635481, 3860774092, 251664406, 657678772, 258460277, 3026553873, 2552994753, 210421329, 3215014960, 616816102, 3820036675, 90515395, 3986591386, 555281370, 1467873361, 623364893, 1334662136, 854438068, 1112665696, 3800394579, 636466750, 414693179, 2684984179, 453457322, 1190870840, 3470821904, 1989474202, 3786468202, 1281187343, 2040774641, 474023664, 2101813823, 3459117152, 547803743, 2554147295, 1369021325, 2682738212, 468282264, 2917259481, 2767198148, 2707401813, 4176071467, 4251321616, 1765852278, 15795743, 2306192798, 2862006985, 2120881618, 175561183, 920427935, 4001665116, 3624404430, 3623466364, 3515169664, 2017398847, 1731802509, 3864071411, 1502910975, 1218673844, 1841506418, 745374369, 1256224923, 2032692222, 2644002236, 4077219571, 2867207335, 3406840126, 2938919573, 3899044219, 4070496224, 2002700142, 3182360955, 739928078, 1822647640, 2311570712, 2081370762, 3753126873, 346318584, 496935654, 1335721051, 780132758, 3299672958, 4283693853, 801885192, 1551901028, 3850831593, 1562228839, 3928544058, 2910466876, 2440493532, 3074695514, 282036408, 2478737029, 1660861595, 3114588790, 1030454315, 2945433418, 532221489, 70905322, 4249805265, 1544031807, 871113009, 3170568774, 1163158490, 980547966, 3087210721, 2046391176, 3275459470, 4127005786, 265150416, 1476572771, 3314089739, 2606100369, 1536777992, 2606719297, 2410688357, 3444157787, 1238016176, 3558108739, 939346605, 1847722760, 4267197196, 3499496155, 3835818216, 3658063864, 3068020490, 1363733926, 478541730, 2414510321, 3275747035, 2081796192, 1272078300, 2466201917, 2775037047, 212713286, 3153232587, 547866912, 1295729949, 2153077433, 2972919121, 2415852213, 3890479965, 707335233, 4285335272, 907286924, 236315142, 2268914906, 2270190274, 2265485491, 1046585225, 1200954942, 978508182, 2603958567, 3154648548, 410249723, 4124259703, 2399406370, 98800990, 3053705807, 3148740351, 422405898, 2333646868, 2892673868, 777996214, 1924466841, 2247227802, 1415280391, 2885506798, 3280568369, 2894716408, 1281183004, 2286090343, 67805022, 7269350, 3766251989, 3059875450, 1872346031, 2503217811, 1009657738, 3598721727, 1610949465, 1198551228, 3192015681, 3225303518, 101339702, 837973969, 1336252076, 2413116891, 1195610906, 1856538060, 649919331, 331355066, 123671075, 1630459536, 3790686469, 3688135370, 127674617, 860466289, 3901500446, 2492244488, 353418645, 982871347, 1235535477, 2903036021, 992484696, 2667383006, 3911977813, 3076059207, 1529769101, 89549475, 932031503, 1656220120, 2574416839, 2938789587, 173225924, 763347521, 3112026702, 280628932, 2735017074, 3701797572, 1441393206, 4216524039, 3536954898, 3921929394, 1701090849, 42008250, 2107202249, 2432909326, 4252087835, 3401699668, 134819870, 2253315053, 1651226363, 2639767725, 1352171040, 401067111, 3010210440, 1263501399, 1439280648, 2874972151, 1077408925, 1669809253, 3497540811, 167079899, 628253475, 4197822723, 2996133897, 1638203645, 3470237666, 2670610288, 3099749190, 3261675030, 3718402476, 1049589533, 3084146137, 2437556591, 4067817038, 3144225847, 3423658210, 3065912075, 1045513671, 3727933437, 695452982, 3120790308, 3198657157, 173327743, 2149547821, 3803387782, 690336217, 2018419343, 1142641839, 3418261688, 3180811191, 3641223710, 2561386345, 2264351936, 4129063438, 2505332091, 1670029030, 434334691, 3407839121, 2191991612, 2706713624, 659081683, 2787752055, 2289296667, 828951987, 1975542808, 1106835648, 3088889861, 170979952, 796731818, 2516311439, 4002103428, 2772174823, 1898205882, 2323833217, 368808066, 75584691, 2015622082, 1204225598, 3094205636, 4198884243, 4044719537, 895720159, 1501814333, 2959407692, 448657429, 1910860439, 4179860074, 2835186879, 3801329086, 3592790912, 1651891415, 1098747390, 771196122, 3596961948, 2570684954, 3495128585, 3690620255, 667742926, 930936548, 429349249, 3824402812, 511846199, 3280246802, 4032774842, 3689135744, 1810442510, 1505310496, 704779489, 2200800672, 798971019, 173163331, 2170639733, 2393116183, 441312125, 1233234944, 2048881669, 3295848482, 1804690361, 1568866737, 2123863928, 392609783, 473166607, 1777655474, 1421634011, 2311175649, 3775127559, 36348658, 95592646, 2978279489, 1611019455, 2777158478, 682405784, 2796295219, 1008286299, 2139094087, 882857025, 2898150436, 3360978952, 276590968, 3373682764, 356941488, 2360399864, 1461063310, 2030493661, 162957648, 1362955792, 2543679926, 1722929242, 930490160, 819277770, 959286762, 467730568, 753359632, 2716098019, 1606926034, 3075507642, 2735809218, 1747208070, 2701321064, 1846544283, 709435226, 1852080637, 637599417, 2298258078, 2767280936, 3629395533, 1674588353, 3731017101, 3288281499, 1989849947, 3624298432, 3296589966, 919212023, 3279576657, 1575824531, 3059780942, 1973723655, 1635690549, 2091789290, 552026275, 2524600223, 1811710509, 1223834568, 2873539728, 130621009, 1101952732, 3747115528, 2576665596, 1918244446, 999257175, 1335483520, 1880135081, 2048386912, 3351185147, 4160109948, 2810795241, 1492737880, 528655241, 1666862545, 2623789020, 2126429132, 2819509381, 1051988288, 271656053, 1989044393, 4116225306, 3884079733, 3425981795, 2842576616, 2161639894, 3883290693, 739471236, 3012106352, 37206734, 3671135611, 533099278, 396306253, 2581332238, 3870879741, 1240385944, 2190009293, 1952748021, 2781993523, 2296741042, 3487455593, 1694942781, 2202431940, 1210318964, 538160822, 3962718937, 60753830, 848693476, 2963820143, 3161850937, 1176273401, 2921514315, 3093171488, 1507820688, 3332152554, 1597019253, 1848297356, 100504639, 1171925919, 760342041, 3384752210, 2362775582, 3158176599, 4187802122, 3071554178, 3203252651, 2390454442, 269456984, 4080125710, 3961343072, 1110017656, 1956552199, 2358397926, 2687005624, 202371918, 1889240350, 3393960781, 1672074912, 3399523290, 3145688838, 452079243, 2173475019, 1103498703, 1252881196, 2982666665, 277256737, 3819762221, 3696912862, 2251337875, 2336101756, 2755675912, 2606218003, 1264740667, 1683130674, 3589804384, 4118069779, 2494781347, 3970011420, 2040132012, 2135677652, 271387760, 290658898, 3998979872, 244799875, 3327396899, 2607175526, 2425572730, 4155565206, 3613441788, 3389280685, 2778623326, 2446753333, 4106254713, 3385214290, 1020515173, 242442131, 853021946, 340342505, 1206052049, 3955549100, 793475174, 4042419826, 1048402418, 2059045912, 1517967381, 767145851, 563636848, 2932229035, 1637249464, 2556026970, 705506273, 2812462786, 418091537, 1192284028, 3495819645, 1978090173, 3024567546, 1317808875, 2488311648, 2037217270, 2054232479, 1902309012, 1146662270, 263247134, 594845457, 4002788867, 850005157, 544163094, 1715202213, 1668470688, 1351483643, 2179198925, 996897503, 132951150, 4104125246, 1642995042, 3996320850, 2532430049, 65909815, 463043191, 3839788486, 2486363225, 3265994593, 3463247555, 4280252110, 2075733996, 3821640609, 1845234158, 818294553, 2939996841, 1920413942, 3486736509, 322827213, 162), None)
Loaded weights: -1.2909424475526778, -9.591158761479415, -0.7162900781796975, 0.0, -2.49543015167392
events: 
  ----
(3, (2777054739, 3021959296, 652152716, 2742257754, 2828422455, 738459224, 10757325, 2455588249, 1898324054, 2217699841, 4133180971, 4101707608, 1704019772, 972233866, 1345263818, 3207542257, 3654472744, 3364375205, 2263457061, 4094282122, 1897388045, 1594563347, 633524773, 1607404441, 2510761193, 627212466, 221278263, 4289613852, 818235143, 3674974024, 54376029, 3178030484, 2331354750, 126205090, 1169610560, 2654905126, 3952061231, 560954847, 3274538163, 1959414559, 1787443489, 4016067667, 3304980607, 1163936738, 1860334325, 4058022213, 1715278557, 4291165648, 4287913277, 4126817692, 1228375144, 1949047861, 445895995, 60202350, 3698539887, 2002858385, 2413037541, 723683083, 4190978831, 474602923, 1458504922, 1362649753, 3529368086, 2504580580, 1655002686, 780478863, 360367501, 1023360021, 1143605465, 3878267921, 1315360377, 1462260573, 2607644263, 504473357, 3508881769, 3528353066, 786006917, 1495432531, 1487551473, 2402003652, 2860705161, 2750100279, 3790672786, 3415268411, 1068318769, 1635086726, 1665090934, 11285214, 3791795506, 2242713635, 4257081636, 3898035653, 666313763, 3215406236, 2748996494, 251272323, 3951356932, 2905815220, 2324137135, 1175616639, 4133354374, 382187198, 2252986966, 860386742, 4200861035, 2461462708, 3063033854, 3109389110, 182919782, 985183466, 2696174105, 3905322077, 1016414319, 1459520942, 1314976816, 3671600153, 2322350587, 4252969094, 3373509575, 138372248, 3291038678, 515950379, 1308084732, 4213357739, 1618937799, 2453656406, 3682053602, 2389205770, 2814689509, 2266884594, 4284469968, 890556222, 2182866740, 3772610475, 1385556695, 291203926, 2847007581, 1451171351, 1987768163, 121718148, 897107434, 3729170219, 564097188, 2083693244, 616490831, 2234138160, 700995798, 2037020045, 1357983183, 2307423191, 3039728228, 2522816305, 1048518212, 3393335610, 2883699498, 3320929605, 2207725732, 2586860028, 411347790, 1690972436, 4101381410, 1152541544, 362195829, 4246032425, 2595376344, 1620428679, 2257617165, 2764212910, 1740435680, 1725376832, 1016786731, 2327103054, 3212157795, 2513320860, 178411400, 1619361331, 4123407126, 1022120891, 3733694895, 2112508907, 2651682849, 937713192, 2684834767, 1185820127, 3237452432, 1807678525, 660410725, 471516090, 3612805246, 1987653840, 4159639963, 2483081837, 1382604923, 1520957673, 1733850452, 3857776344, 442278796, 3665924412, 2157294965, 2836902546, 1885062666, 2724600046, 2732958469, 803496997, 1426215153, 3621172843, 1816449284, 2814286077, 4133947379, 2462783038, 4224560933, 1849532454, 1437162187, 2109201657, 2046249258, 3593972726, 3265030802, 1733983990, 2754578931, 2508014308, 1885020727, 871045675, 2190380697, 1178004442, 1372522664, 1241183490, 1931669282, 3867367176, 904854455, 17679578, 1032955496, 3409413306, 458734782, 2331175331, 2612872260, 3951106456, 3031957833, 1605059190, 2576427581, 3210208159, 3110042221, 1684606661, 4117325045, 173161021, 1288326371, 993218240, 2072318319, 746837665, 1349885820, 3361498960, 2641085285, 1631103600, 3200320828, 2415793903, 3472205040, 2775894587, 362166526, 1175727551, 853259371, 2521515865, 1339603904, 1412714873, 4033665604, 2172345908, 2244889475, 2856693690, 2865478, 2167456494, 3995085582, 1664753092, 1306649573, 2303858983, 2491443695, 574196434, 1709842681, 396965535, 1650022677, 561757048, 3872869081, 52805759, 4281986458, 4137151083, 4224174773, 1992772980, 2213123558, 1224338869, 3250313881, 3713959316, 4113173191, 304079565, 2090003781, 1171167695, 1628572215, 1226567726, 1573627678, 721100815, 560375616, 3431224394, 2256926517, 3797386560, 3668811209, 3073194264, 270129264, 3908669881, 4013101682, 202627434, 2452232022, 1826194452, 2143936855, 2029395163, 3133757432, 4063700994, 3294269470, 3627704318, 628323970, 633416758, 3911798060, 685804111, 2871848869, 1555653924, 1812311806, 3525252349, 2600671661, 1459872531, 3965757738, 3660386979, 2361305161, 2084673378, 3421959404, 1207241808, 162023354, 3667423499, 397417577, 4085929670, 2934642659, 2568125566, 1308431528, 1797450037, 2421445888, 2698805360, 469978607, 3576229558, 3871987192, 2844771044, 3779707620, 758770385, 3921483423, 126893670, 2869532906, 1439020250, 796192894, 3246719571, 2930646627, 369221474, 4280399317, 3436581157, 1865398086, 3756069935, 602869075, 2838053754, 2889986726, 2746543372, 3853445414, 4200045114, 1304520037, 3820614524, 918070586, 3811665582, 4286894882, 1504760313, 298024444, 1363833800, 2851513760, 2780947065, 2029826909, 2654353237, 363457193, 748062721, 1208330469, 3931201317, 4001556282, 266783223, 3888646484, 1867987367, 771320315, 667902194, 4134657584, 1667716218, 1883769905, 2797612871, 1627209222, 1933249540, 562075390, 2219430254, 621298257, 2394380896, 1947410663, 1758247143, 15367304, 2020707985, 863597920, 2313506167, 1994021921, 2448166674, 1959947015, 4194337161, 927558835, 2555712477, 1550801263, 93097214, 1114990967, 3899202968, 1617969382, 1409677640, 128045090, 3476922267, 1794111013, 4196372959, 2188607461, 3683810901, 893659008, 2096117641, 3027791801, 1850638415, 3389055112, 1855260263, 3157474623, 3730912811, 678352749, 2795237962, 2107427249, 2686514952, 1060511444, 3665626909, 1598664943, 337833601, 3200787934, 2582860642, 2890929922, 3978085692, 2320104047, 1657212813, 904743466, 1798016599, 1494051587, 760519037, 122214900, 2628637694, 395446223, 2536362193, 2631586861, 1897411526, 1716964358, 1072204508, 2678610983, 2971791683, 650193562, 2626772067, 4131157770, 2709557020, 4043962141, 1366384367, 2281551412, 577888338, 4144944193, 2543894995, 3221798521, 877718768, 993199717, 1685669392, 2820521654, 1986396782, 3522876197, 2224524033, 2016736725, 270114711, 586153901, 3412227239, 2029790792, 4292532315, 1000221837, 2165742967, 934537538, 427309177, 2889935518, 1445777575, 235374176, 2900509669, 3755216063, 3021890589, 2140979807, 1850054722, 2884015960, 1681504636, 2436437429, 1093779133, 586522135, 1420486551, 135171791, 1404295980, 3628038897, 3958633091, 1267085327, 246848349, 37090573, 273133628, 875602873, 1691326298, 1299337083, 1952942438, 1377358173, 3313703401, 2414847169, 3178610588, 2262080725, 861166285, 1428314776, 882189929, 2086042184, 387755015, 672084754, 4270610626, 749864444, 1903337116, 2323885549, 3200791994, 1585113145, 2876864153, 2457695477, 1302752243, 1015559715, 1996353224, 4126699346, 3078401728, 3979527199, 2927762584, 3492336914, 3571737367, 673693844, 2177211040, 2316991610, 4056947668, 3648563316, 3674212789, 35422975, 1218330227, 2414378538, 441804400, 2933124139, 2762405063, 1595237675, 3838387203, 3976255795, 1392358487, 3328385452, 2252726111, 264022765, 1919956465, 2972200565, 3954869344, 2705678441, 2131269670, 2054877213, 689845761, 2890117208, 241519126, 3115354637, 2402248260, 1875979265, 3542852654, 4264197847, 3643864541, 1913079336, 3571470483, 3013976755, 618525576, 1158250978, 2703188340, 2974694031, 2726489678, 3658480205, 3975206580, 430663922, 1286066424, 1858558030, 3222543570, 3003833607, 1376720652, 2845614780, 2568508125, 1583851050, 1970278959, 3247809987, 828428213, 1803786745, 1371977980, 2582472564, 32825207, 4217321285, 2555367024, 344871643, 3775263844, 1519075045, 375372958, 383350174, 955426388, 3712539916, 1022541717, 3608716083, 1930167472, 1563982660, 4276661000, 3750911901, 139400590, 485027613, 227843015, 237785672, 369310449, 4065373015, 2937471861, 4252125461, 2615755440, 1579225945, 4292390705, 465), None)
Loaded weights: -1.2549833779705788, -9.382418845503338, -0.7162900781796975, 0.0, -2.4650690647128424
events: 
  ----
(3, (2747451008, 951525286, 3211621058, 3497765509, 3856604056, 2583684213, 4141871451, 2440033419, 2989680455, 2920892667, 3280543663, 2939245642, 3588112019, 1613959881, 1985195391, 883141254, 3063693020, 2707824332, 316774921, 1253276606, 1576768220, 2615101448, 4255530492, 2644216947, 1212164385, 3545260034, 1016401541, 3825408590, 2953766034, 2929442068, 2876377664, 2345437679, 1205401965, 964743786, 1702997290, 1215746431, 3234285436, 2236910608, 3199814579, 1861941050, 911718390, 2358517422, 1525362206, 2822182704, 972083956, 3777828256, 3515602186, 3934852188, 1969740719, 1737399345, 3705580058, 3019000640, 3616907692, 1036085653, 1768804728, 33332581, 2658012185, 2594890406, 2679138506, 4139936158, 373221667, 3072154493, 3528515526, 1261545775, 2840833587, 2029523864, 2118106308, 3152952836, 236052687, 479523637, 3405895001, 1061336169, 293420505, 4223652862, 2122219870, 1262453773, 3347289919, 660769158, 2459485266, 3737030281, 930586664, 255957551, 259581033, 4155938439, 1092568980, 2432202196, 1596968285, 1834823788, 2153147752, 757877306, 2302454549, 3638560414, 582677178, 3877061500, 3893646005, 2618714463, 1010323874, 1029380963, 3794102078, 2364405904, 554371532, 2779633258, 2633690567, 2610523185, 2579490290, 1221610484, 3370106426, 41346413, 3337155419, 1187454732, 2852763611, 3153879008, 2421154973, 1908363459, 2838315883, 965707812, 1574525091, 2895622506, 2266441618, 1733381686, 1758024261, 1693857910, 1147012516, 1449416962, 1874008973, 2535283897, 2752289590, 2756310119, 3782295453, 4067088482, 1117245340, 1677646150, 3402365153, 2613700164, 343942176, 1736629940, 3385859083, 3835907318, 958501014, 90919616, 3963384930, 3431843092, 1872397754, 182261211, 1021034742, 850411308, 3843658774, 2209993807, 370161786, 768869968, 4058583720, 4011927108, 3747438617, 2690698834, 3649671322, 1122747097, 3637654121, 587254523, 3972387419, 1072650992, 1487406764, 3132197000, 1336319909, 2831173734, 3756495602, 2614981225, 672450071, 2554067323, 3657235470, 1404329173, 2095443113, 1743837985, 633225331, 2815151438, 1891139652, 4179795856, 1876448836, 2223502787, 3795907171, 3385208120, 2088222020, 1155784095, 1513413144, 1069388435, 1666279908, 1423907537, 468732249, 76704580, 2526788315, 40658305, 3842925920, 3483515258, 1557528171, 2749344975, 1481429548, 3772680328, 1319469405, 3997215159, 673636792, 648823780, 2497513111, 432777125, 2260253040, 3267010344, 1584282611, 2599270467, 723606100, 2294433994, 4138991421, 339822353, 3455082055, 3862700378, 2233273336, 479512233, 812215817, 801507247, 1102820434, 3562725947, 2551315598, 2084085069, 11438865, 1846512236, 4134349529, 998633278, 1560702479, 3350146008, 2992916329, 1397488334, 53957474, 196432545, 2572950663, 2619836115, 654117179, 3391031979, 423812674, 4016966758, 3586987555, 1854141056, 3243791331, 209315611, 110495812, 2265407033, 3870910316, 263621252, 3919560535, 2314981999, 3790600954, 1260509212, 532149698, 263137066, 3305862868, 3955701652, 287927745, 486088078, 2700017296, 2673679605, 1472862926, 233189647, 1402896845, 837968980, 3943466857, 740542313, 3043536825, 2579362726, 3740917673, 4156014528, 3621759468, 621470582, 2495499358, 1176750557, 3758926556, 1048775053, 2662825390, 2265070179, 3578780079, 215005329, 1835442293, 678599795, 1044893642, 709447332, 1181011647, 4052651375, 3786863616, 4260825508, 4115045323, 1999908107, 3515768248, 1370753791, 136804459, 3481964507, 3915677289, 2972803118, 2097782044, 504143057, 3978937430, 2602693071, 853011543, 2103050258, 1548818896, 2843547182, 1225887040, 4261633180, 678707754, 1530625475, 1747855657, 2667428748, 353349789, 4173633646, 3648420930, 2489155731, 125735045, 872936855, 742066208, 1493139027, 2833688012, 3733368557, 3532338063, 1838798267, 3590820360, 4102629625, 205749961, 3728900787, 123134297, 3112619556, 1332277552, 1221592019, 2448743375, 358841130, 2731292543, 567476088, 3819271720, 338842468, 1189149440, 338732005, 2928469436, 1461567123, 3741890118, 1580075217, 1727791603, 4287728274, 1895758368, 867080572, 3106954669, 129599116, 1490151485, 3714602418, 1559089821, 2850439415, 1995023663, 942087496, 3549097630, 1790412243, 2675064367, 1652640111, 3777067287, 871305870, 2934754266, 1097194741, 445547923, 491473590, 3716837820, 369219007, 3822823383, 800412083, 1184139850, 1151832782, 1273866278, 1940427983, 2534637460, 997115593, 956448469, 1608622600, 2791127709, 3081114575, 2164174633, 2718361926, 392698013, 3742313610, 1296750968, 3042068564, 4128133432, 1639257331, 3555441731, 2486259792, 4253314626, 399992228, 661488561, 216641690, 3834808668, 4235120505, 1921890459, 937449044, 1521234918, 1148712091, 4147906166, 154770468, 2411524505, 986477013, 1741216393, 4025897239, 2932113188, 280079441, 1482000681, 1059605780, 3292644305, 3243386989, 3475964988, 1630932896, 1955888018, 2753312291, 1202851472, 3873312550, 878851659, 3204818999, 4130421792, 359285910, 1861682533, 1790321514, 3025321889, 3766539641, 3246512623, 2953732237, 1699087328, 1625579877, 1986412178, 4208068282, 2438526735, 1575084502, 24275960, 3711132044, 2223249242, 1377929576, 1995906263, 2178165272, 3216758552, 3424417477, 2209072589, 1574797459, 2068650616, 2177466268, 2065050458, 2034884761, 2448990373, 227608575, 1863678403, 834044264, 2268067731, 2783361527, 3132312731, 3772891272, 2107260967, 556039900, 1938118203, 859747672, 1400519929, 857149649, 1542119391, 4162554178, 1276219119, 3777489825, 3072367830, 553335872, 981318375, 3346342112, 638048385, 3257233270, 1318983610, 959267661, 3848040973, 2419235522, 929981093, 1439634620, 4183838668, 36783156, 2160887175, 3313732942, 2207855726, 2397659658, 3005958834, 2677120816, 3362866186, 2010250464, 1645637354, 2543112530, 3908299736, 360247718, 1017750061, 3238765533, 383960530, 2330920880, 3393118890, 3160072783, 796649070, 2335862821, 1919846428, 3577413412, 342676930, 4242268667, 3128157432, 2538975599, 2951610726, 1017666107, 2691059292, 597651518, 1147038276, 1942560329, 3360516637, 4191173395, 3899067807, 3306206127, 1746472345, 4126641473, 730441551, 261855133, 1131839365, 800389719, 2370126164, 1114823233, 2052641320, 4266898807, 1427324347, 2813499811, 2570969860, 3928903300, 1762887655, 3759145343, 3765340244, 2219970925, 1037620409, 377552831, 1140145204, 180199990, 2773495098, 3038644655, 2591368627, 922540677, 1701909580, 4157075503, 4203833429, 2894885665, 1769072448, 3457276593, 3964999096, 1938791881, 1406010432, 4269104898, 629821919, 2193270306, 2471842704, 3382736944, 1274822529, 1163931161, 3015552853, 2717439784, 3613969351, 1824338854, 1161563882, 3782724905, 610424152, 2920996130, 1137568397, 3720183901, 2381848397, 4233559382, 837385704, 3627517553, 1043810093, 3162310935, 2586018993, 3662634467, 559450409, 3039558945, 3883538257, 241578708, 3766715106, 1823596587, 1686754152, 2815185486, 3434876334, 3961612564, 460255701, 3076522073, 1674074449, 2070376329, 1657872562, 394075269, 3232550990, 671291971, 4195450229, 1985643088, 2503027988, 494376875, 4132281944, 1360723199, 3930533311, 3765742246, 2764153051, 1825498695, 360451119, 1794196021, 1178055455, 1596361655, 2326713794, 602451909, 3871024619, 1435590929, 2250182842, 3701723006, 3469184587, 1565648923, 2059029822, 3625697095, 2121466156, 1879975022, 455283262, 717074052, 532081951, 1451831307, 892856327, 4247200453, 2316331633, 1380006407, 3116917832, 2656932569, 108), None)
Loaded weights: -1.3297598331433795, -9.536196682082496, -0.7162900781796975, 0.0, -2.424240590599908
events: 
  ----
(3, (1721236998, 2021549032, 516109450, 3693867752, 3309760180, 3123888475, 4002875278, 72351917, 257309903, 937638708, 917415301, 2272515076, 1292701592, 3851643120, 4237285989, 791423269, 4021725009, 642335227, 808712521, 1074449419, 1733920622, 3397493087, 927310751, 1017740704, 2577813644, 2718184573, 1390799938, 778128603, 2912933936, 3303141935, 2165249534, 4220954513, 3253930169, 3057959375, 4010955016, 1452588905, 3279842320, 2045755934, 3143699800, 2558533174, 1536659396, 372804983, 2513630212, 669925920, 1239378505, 4181543456, 2027261393, 2360222923, 2608431023, 2839585438, 4229930071, 3514408013, 654951581, 1227663515, 3100803249, 3854229736, 2120991755, 480381084, 1215702046, 2315066257, 2057147427, 624550156, 498569193, 981596944, 1552364940, 90334341, 3665969122, 4161247289, 1432856115, 4061547977, 4286884262, 1961516094, 2918019901, 1213276682, 3914884709, 1135162508, 1367343351, 2306926510, 869563093, 3626165370, 272703426, 765429849, 1027761324, 2835277760, 2142094858, 2492020891, 2704951652, 3906526572, 1139725499, 2705278840, 2910560402, 1203747983, 3110381070, 658275119, 1801020991, 1902628543, 211766603, 1132215171, 2471232364, 1156141348, 3993832142, 1829118660, 1133623208, 3811701663, 1489010625, 2215219521, 4222399063, 4263682870, 279613903, 1145110831, 2754483427, 961040142, 617065233, 3850837235, 2838514003, 2624437185, 433082152, 16641100, 1545362764, 539580585, 1879688826, 1484247290, 3579943414, 4223795362, 892634912, 3409686175, 553780328, 2158209270, 2569366862, 2166714266, 3048046030, 2176161814, 1533283485, 162868772, 964480364, 414225376, 3343888340, 3336957432, 877229029, 1399795325, 2441155237, 2371627656, 820660499, 1998325563, 3611936039, 3738820531, 2874918705, 415635581, 3902757930, 494852235, 4113184000, 1710445379, 2576359193, 658044876, 3172827050, 115082942, 1768948362, 2013434421, 860528350, 1768426940, 4230941037, 3669600853, 3128621329, 742269940, 156993974, 1090178201, 1766043956, 1561789423, 686102724, 2571960742, 378393688, 301208663, 3383409476, 1493485835, 2310714089, 2425764979, 2502785258, 145443596, 139654839, 447876554, 481627230, 3785777314, 1794576514, 717636903, 67583470, 4147694882, 2033080875, 4036250880, 3477315226, 4062962430, 1339164414, 225653407, 4273857768, 4179051522, 756601839, 135786025, 4281473275, 3193199971, 4079127380, 933729103, 3106112842, 371216535, 195825057, 2953322041, 3411601225, 3745413352, 663325600, 82471594, 2260300358, 972001094, 2948456403, 2353597367, 2316516240, 4219882213, 1458572367, 1588517637, 3274433964, 1462496377, 3450425597, 2263423048, 1636758845, 2534002100, 2699416922, 1033629097, 1905700843, 2045966115, 4160253886, 1728862135, 3836508775, 2338687510, 187728222, 254860022, 104199377, 2721474735, 870778526, 4239918849, 1084408436, 2399812779, 1481086806, 1313213370, 2132309811, 2412997075, 1761045607, 1114753061, 4223408147, 1086587956, 630857733, 1753382287, 3444978378, 364910837, 1229645418, 1211782835, 2893593274, 1116902154, 4173820542, 3329938775, 1528453751, 835249607, 3815740859, 1836973010, 2036175524, 1823389195, 441075386, 889860891, 36969982, 3499022766, 3389353869, 1372105195, 3961641286, 2782175594, 3785848377, 1183110302, 599058382, 2340082137, 1406060636, 885169994, 611409016, 3812391858, 3294444319, 2637370141, 3907215091, 3356097201, 2604753978, 2646620465, 4264603334, 1622215362, 2016390705, 3884357833, 2616464958, 4027383810, 1645824775, 570686210, 2473368114, 3960921545, 748670977, 2500124871, 3434827200, 3517719886, 1616172841, 3378886045, 2001767492, 3177334640, 4147919538, 4238320828, 2264808040, 3764064836, 3829442637, 2096767459, 4273600719, 3891633201, 737521108, 1773158938, 570308461, 3041467266, 512965317, 3013868963, 1325079930, 2256038294, 2767427628, 1716365749, 2434108073, 2985993804, 1839507885, 1797993939, 4263283381, 46063188, 240708785, 1717805486, 1039097208, 1916996796, 2838026797, 2075132481, 387543148, 3974807689, 212126880, 1060031212, 2992551320, 240690373, 109087303, 1555617281, 4233121869, 748738394, 3752949895, 2897218537, 776586901, 2875327709, 2916272141, 2457183282, 1147428446, 4238667449, 395408020, 2743412968, 594787063, 2291796028, 3646169521, 2387806371, 2023698751, 568496088, 2400206157, 1973498947, 3686626340, 2442767960, 3596782566, 3825593073, 3837142175, 297773046, 4088648901, 2584259951, 1239677235, 3043223206, 1491916351, 1567615158, 469919371, 1915494522, 1237675230, 975429819, 855199438, 2475645372, 2136635241, 3801560965, 3471494506, 232788308, 1287958166, 397555115, 870916327, 3119837145, 1864160753, 3462811075, 1032224054, 1513395587, 936249566, 604868677, 4224288267, 1390260751, 428592637, 3056849111, 1562610067, 3160476099, 3204942851, 2663941334, 2287251452, 1016645282, 2399279865, 772090333, 4044025829, 1875211433, 1781074458, 654258583, 1788922732, 154015690, 430523060, 3342767636, 1907534310, 37143611, 3122753355, 1630579959, 3346068299, 3438537201, 3829131516, 125155520, 941147291, 1606144543, 2708303428, 3288401842, 2201837118, 579223564, 1498899364, 3113922742, 951705681, 1240335884, 3642284685, 1764481533, 3755240932, 2018795564, 4226605335, 1583620223, 3456761808, 2451264239, 2360194169, 4153945661, 1579813494, 3338988738, 2171529253, 1839851922, 1341172941, 1463163883, 1293087852, 2782913455, 3883478512, 1193297302, 755618503, 3512513577, 1617800591, 1196278045, 3884936960, 1347528023, 3077066423, 4096849654, 2796265465, 1571142330, 4065064591, 3083954994, 3741489009, 2326372075, 2920844048, 1057528971, 3419937475, 3569286890, 3351913650, 2856906218, 1754677883, 3339468789, 31237678, 3170161177, 172210984, 2358946045, 1387571696, 283067187, 133339435, 3359643839, 964324730, 3385607435, 3450912254, 795062171, 2071239956, 1681126514, 3572538083, 841805901, 1775842771, 2136291311, 4063228643, 1435102921, 1276858723, 3006409603, 2069223033, 2786571175, 45211976, 3164505157, 2485566710, 1950607229, 1277578267, 1140715378, 1695360853, 106850650, 1137722441, 2037595854, 2027142731, 98068707, 864621497, 1984254505, 1043550030, 855428542, 4269044179, 3231457580, 1767134525, 2639705748, 138206717, 1597317651, 2216857958, 1626190896, 1724326343, 1610686851, 3759392645, 557465324, 2024576302, 274961155, 306449908, 2964608711, 791316592, 3603342504, 4190205351, 2488675573, 601663052, 812812875, 3196910718, 3422647017, 1159648505, 3484789025, 2801716053, 1430701261, 189351429, 1756999705, 1399620504, 1729896282, 3108161047, 1866334236, 1729165988, 3636405089, 3576339028, 2438071986, 3499332096, 2127228352, 1380103616, 4242815373, 272447613, 527522317, 3689962231, 4212781185, 1824353488, 4025955829, 1530703992, 3545265113, 1090892871, 3937012588, 3142309666, 3230898446, 3683574357, 675881674, 3633301876, 370511052, 791496102, 3304881634, 3964738999, 2643659132, 2099635448, 1981855722, 4014131102, 1909421123, 3583351906, 4157371074, 170047695, 834190790, 719851448, 1240965478, 3008672069, 2940622186, 3098020285, 2143124033, 3937726320, 3707379052, 867602939, 3750816691, 3761924438, 1603859141, 3929208892, 2190186881, 1510745434, 3411697911, 4045404531, 2786136027, 3300382078, 1284638271, 4074702726, 2561436900, 1615813099, 2086010676, 2361839674, 813808272, 4198520198, 1905887241, 2729925335, 1288740977, 2180251118, 1653431534, 3677919873, 2874522470, 3900226905, 3026013186, 2207691256, 667485164, 2734006227, 91226073, 1612032356, 778598032, 270), None)
Loaded weights: -1.4553940211854224, -9.730170122931018, -0.7162900781796975, 0.0, -2.466963526940007
events: 
  ----
(3, (2153658423, 2959480390, 2967305634, 3942111398, 4169733840, 4165572926, 4112882004, 1873363293, 1949624627, 3900106759, 625400725, 203836576, 1005036466, 4276494169, 161493593, 3747695249, 3357201433, 993010480, 3627907629, 4108071164, 1891338625, 647072236, 421594640, 885779677, 2544990462, 3357513829, 1245253888, 2515710502, 3657304516, 433121627, 1566135201, 3242775762, 2344932916, 2928800265, 2607363734, 4268448748, 77824291, 3864815547, 304361316, 2747414578, 1025163, 2252656251, 2758741805, 3821866893, 4221192658, 1678548498, 4076227368, 2604966853, 60181156, 2853538456, 1416338774, 771063649, 4206797060, 2825396800, 2743190621, 2253455189, 1226622291, 3283385615, 3450312768, 1395537017, 3870033520, 830007506, 1088767794, 3691539529, 745073071, 4064512128, 1872945704, 1571023062, 2668300976, 3021622800, 2932592885, 1211379187, 3462429935, 3308437910, 2799216051, 2954106506, 3090457038, 3399562909, 2693520064, 445916689, 2669164480, 424913789, 3695143775, 1185713791, 1518365081, 2637011276, 1527759149, 2206943126, 1957451726, 2186103466, 3371933397, 1969972948, 3049503399, 1586229539, 4096964937, 3546040089, 193234589, 1928583119, 3294829365, 901211183, 3390936359, 3052300066, 3704860269, 3108946724, 3639711501, 2178141857, 2035235009, 2458762353, 3260747398, 4090234085, 1501319012, 3101849326, 3717098639, 4087601976, 3854737537, 2996590151, 3236091658, 1197112219, 340437535, 808992448, 1930349166, 2928827805, 487371873, 1012752983, 3700704787, 2962408881, 560720535, 876487561, 1357980878, 1217573651, 4033780428, 3683663585, 3525063610, 3850310417, 2551080197, 8090022, 1392540855, 2107700563, 2092848392, 3570855284, 2300296293, 1736662787, 4156585871, 3118797897, 2665344799, 2680803551, 2994185147, 2366466050, 3096042630, 1569054756, 860764703, 1089086727, 3268312404, 3458018773, 1034219167, 1727706245, 1508753480, 160986898, 734354643, 2096066206, 256742772, 2827526279, 3118998543, 1603368099, 1780852042, 1973710045, 1562982980, 2939771712, 3426032093, 2429028473, 3116079166, 4233794774, 3818870934, 3002641421, 364892932, 2798100930, 3653676282, 3758370684, 2071572751, 3776463281, 1092371474, 2699957283, 2074599566, 136390200, 170187607, 3480719986, 1908246502, 3572858376, 3595805717, 3745581762, 3758904273, 3588889860, 2691809133, 4231153875, 1116974200, 1185666548, 2579131563, 2476981654, 1079042297, 1184753663, 423819363, 1841385340, 656257048, 940774917, 588069451, 2702950998, 2597935537, 1662247112, 547502231, 34639628, 4021129108, 3209283662, 2505186724, 1355279407, 4203707692, 2691043128, 2416974349, 1692697120, 3894490946, 28800792, 3218713304, 3554958165, 3758900711, 53901561, 2694722711, 1542037179, 3303468436, 721466843, 4124365645, 4114955533, 3983521245, 1654348903, 1884954038, 2899712539, 3372085762, 342198281, 1996179085, 1231360062, 721766781, 2640521460, 1611078511, 3839046837, 1733369436, 1825335503, 1532109098, 1408817904, 1502985956, 1443926244, 4118361417, 1032090917, 2313058139, 2173511075, 2841039328, 1985652799, 1875339346, 763073568, 2554080103, 4125501859, 3086362939, 3077185382, 30284243, 2521568715, 2112287422, 96047068, 3457878892, 3996002429, 1378802712, 908019752, 3568213710, 1303643374, 2156881346, 3930077749, 4172891681, 2601594630, 2166746208, 296674456, 2609624897, 2941104134, 4200875568, 398966434, 1432645575, 3995170368, 1371034386, 906269232, 3018651758, 1756954503, 4192585922, 2874543471, 1233021139, 2833338990, 3439956424, 635348150, 490755771, 2699410167, 3458803818, 4183206992, 3704380599, 1206455230, 4119742434, 3049798349, 3682853422, 3712399594, 3462120660, 4216044794, 3129786303, 1268989497, 4259415615, 961313656, 4087469498, 2311437749, 1920249714, 3547841264, 2273907853, 2370759824, 55708056, 332519795, 2171698785, 2592232131, 2672100049, 608292652, 108438021, 468213056, 2143382831, 2911007512, 866957541, 1514659250, 109491448, 3572120475, 2362433916, 1364161444, 1570665179, 3548196667, 783162938, 1058889361, 2367346951, 3681834058, 770238040, 3275012760, 263630129, 2058286198, 2784211093, 1393732637, 2110579564, 248415391, 3420703018, 3685449414, 2030234841, 289203521, 164141598, 1455689003, 765457955, 337980343, 3034562991, 3569961616, 3927906055, 3048606862, 1482945791, 1861104821, 944247839, 4290939304, 2914239549, 4081000694, 3950064641, 3092504103, 897525416, 3698266037, 14289692, 1961029667, 2100472912, 46050383, 2538790930, 164916357, 2799681762, 2526352852, 152316032, 2717219809, 1413631226, 3588993396, 3903393306, 2780503009, 2297243007, 466008532, 4096466575, 3641827556, 2355802145, 3309537012, 3268737184, 1368304623, 479877785, 2718900320, 3567193182, 3469334160, 2244084997, 3370413157, 757597172, 1001156043, 401620039, 2133913312, 3007239869, 2813661032, 3971272540, 2335600295, 1758299635, 2018208727, 250488311, 1315779586, 1802463653, 1951146404, 2759401414, 2004042196, 733900082, 1929220004, 1466187952, 4121264284, 1030068396, 1826844015, 540036837, 2450630575, 2521874788, 628452863, 1256657155, 1378163546, 615208493, 3626288052, 3269500304, 1828409643, 1515241380, 3692476564, 1228295290, 2459528577, 3582872100, 216468665, 3711038016, 1042782693, 2502508584, 128370559, 3524630180, 821290359, 1569550223, 4198963359, 1933941326, 590395873, 3602054129, 786496692, 3598139146, 3467136372, 2320512528, 3429186592, 2960423326, 1870666843, 2995819058, 1235243663, 3779579626, 4146158100, 3659585455, 2003322057, 2405254774, 657640190, 206143802, 3497481774, 4148080514, 1047791973, 3359242147, 569836293, 2414472868, 2548167875, 4147926913, 65145142, 2985771584, 2316472254, 3594700778, 465334845, 3565814563, 481583984, 3377820741, 2619564465, 2900583523, 321882897, 1017485603, 4125878109, 3417586277, 153040557, 3821204274, 2777048557, 3355431834, 75945109, 2004146079, 2888446949, 820920035, 3724131088, 4134914151, 1897796354, 1858047331, 3062663163, 3155960100, 2515955306, 3404985875, 3399236537, 157907284, 1201852659, 3136280767, 715902741, 310497333, 594224570, 2482253665, 1594173898, 2351118860, 3584579268, 1275817867, 1319236789, 796587247, 366899288, 150400785, 340218499, 2784843301, 2489890546, 510882744, 3474512251, 1437105838, 3073078919, 166566633, 1730706295, 2848699174, 3768194592, 3603985120, 4239147288, 882549105, 2350294550, 4129680062, 733204184, 677911135, 3949128857, 3398618051, 3802658816, 3326374611, 136711961, 924310010, 3087235591, 551293001, 455411536, 538608707, 719603796, 543151838, 81309109, 3978121933, 2899148675, 2434199107, 1826877231, 1396792857, 394830895, 3538355704, 445506053, 4248662443, 3616577561, 1113204290, 943684824, 3049995067, 734053555, 2106459422, 1127237126, 2411583394, 1955640315, 3995161084, 1884097993, 2742908447, 4219038916, 780821779, 2310296623, 404253307, 1784299967, 749779566, 616822574, 2506291832, 126885541, 707575476, 1047132625, 3073050581, 123025426, 1875055318, 1757818135, 3423933555, 4285206747, 2437798973, 3636534402, 961355264, 4245987358, 420774999, 2565452677, 2638360128, 732089379, 244521761, 1164055043, 715900424, 902002434, 2897185852, 271892221, 3189452011, 1993714804, 3285474231, 3296995933, 1775543828, 813411139, 3986902419, 3178057936, 3955314414, 4006241799, 4261136041, 3050115004, 4194487567, 2088239931, 644939779, 2358464214, 3020236931, 1983907135, 69498460, 4054758634, 4162946657, 2505331874, 2636994406, 229669427, 324739926, 488822598, 748181123, 2396491907, 537), None)
Loaded weights: -1.38161171970272, -9.614474546994938, -0.7162900781796975, 0.0, -2.4081546634651994
events: 
  ----
(3, (1118237171, 3395453126, 2483872466, 3245704572, 183058842, 1474761954, 639331128, 2550215810, 1798322051, 2494346996, 433838831, 2552598007, 2603768365, 2455466771, 1062896724, 2271155970, 1899500989, 3059445994, 991309743, 3116269339, 4099210371, 3435942574, 274183797, 3360801716, 347716793, 587881684, 1248668600, 2139041446, 1755857285, 3806881262, 1657028167, 1852970889, 3193433338, 3737148693, 224064079, 1825837077, 2825759597, 4083211433, 3276116172, 2268621458, 385794272, 1574201486, 1794991960, 3141347790, 3223182208, 3596113179, 1691866758, 984715099, 493312236, 2034033765, 989946262, 1580846554, 1750036279, 1845780135, 2535309823, 1384277861, 825662625, 631658772, 1364281257, 2284258273, 4052007883, 1303469889, 4204959375, 2927190151, 1160654304, 3477842349, 2209676803, 3553853457, 151340776, 1183486172, 35367184, 1604916647, 540897240, 1889088748, 378167473, 2640514932, 2186249272, 2445584406, 449627601, 2284298835, 3279556042, 2259055799, 1623115963, 2725595357, 468536217, 4125577487, 2855053193, 2816120010, 4040370134, 4167844313, 199286163, 1980202039, 3425960706, 1381459495, 3309910636, 795351286, 3565256279, 3781688470, 2926274455, 3869095024, 1075318857, 3660666350, 32621717, 1327558817, 884231828, 2655020267, 1583174598, 2547710430, 2962744724, 524199715, 1991227567, 2276737725, 2873038100, 908518789, 3096957326, 2253900994, 960365006, 3459724689, 3179317712, 2681694182, 2552429689, 3547223645, 1832100600, 2442803847, 2551815966, 3791727901, 2542891799, 3667359818, 2419640290, 639826282, 2668283304, 2286466918, 112917576, 3719613271, 2106454436, 3161838749, 2699483005, 3932930032, 3784504831, 65783979, 120789634, 649096496, 987362971, 2392649394, 1297093786, 1717277936, 3915576938, 928303409, 3782238737, 3979985837, 136549865, 2170234332, 3344508086, 437351935, 2088600234, 3456670661, 3288149526, 272602094, 2507981362, 2858698909, 2648167880, 3749548736, 2989046416, 2756011142, 3358182550, 3805396635, 1736896053, 3870581082, 1911932408, 446653526, 2516423771, 1380735393, 2475131589, 1537893291, 4101773175, 1375495422, 2218320092, 2289562297, 3640886224, 3145064922, 3394528455, 654749942, 69156160, 1163909156, 18102246, 2716450156, 46810919, 321011974, 222645235, 2058297871, 963153682, 879211726, 3483365781, 241849439, 1171172375, 2680169367, 3967004503, 829428449, 1354210270, 2382765693, 576268680, 1961876900, 4016122827, 3617213886, 2341539709, 3505017310, 1071664483, 3780045245, 2719497849, 2183815862, 2106202603, 726701156, 3823156918, 611895441, 496571837, 505124687, 3231902118, 295986298, 2793626944, 2127180994, 2840373081, 4192399769, 2037161849, 1262198354, 2307422065, 2661352386, 2234909215, 2681430582, 3571074115, 2824228798, 2145575890, 3716123392, 3080414574, 1501045133, 563901950, 4026767627, 1926139873, 3679373058, 1563221199, 3048320271, 279267650, 3839212518, 480110357, 3103218028, 1919948036, 237016811, 3905477514, 1138305100, 3509813936, 472871372, 748549320, 3698856272, 1368738707, 373031433, 2960197219, 4138168328, 1690332782, 3497794289, 1827232703, 1649764751, 3629166877, 251711679, 3965382498, 1752654351, 3435693596, 3410966745, 2273268843, 4156710247, 2376832738, 1538092777, 2013588354, 2436726643, 305958936, 190997132, 3289304615, 109496496, 3211189393, 2171447919, 2201368614, 2548294169, 3399660609, 3573312317, 3767010183, 2163066423, 2704043246, 688209466, 271789614, 2913041921, 3561382790, 1457306296, 1057979147, 2272258230, 1650075871, 3185008873, 395974249, 3177132874, 4254721651, 4244810087, 487332502, 3229049803, 1658124645, 3038254770, 1446702171, 2964021067, 2785571013, 4230009873, 1853886682, 2824238305, 3185694517, 1268606780, 2362943636, 3926954463, 3339858042, 1702937947, 819600130, 2683780892, 4168522053, 2726016816, 3083617705, 2692482652, 3640104436, 3608353235, 1148813505, 2172782347, 3419727865, 363317230, 2375796795, 2454156065, 358152536, 2120550087, 2217118653, 3580399557, 286826420, 3370394138, 2052963620, 3490989549, 1421599449, 1978036539, 3656710755, 1748950171, 60401804, 3286493836, 3822997824, 1421641605, 1673605854, 2796676008, 1677808139, 420240803, 1434712284, 2732688442, 2199733819, 2635118307, 2093800433, 3316154487, 2164066621, 3243369643, 3252097025, 1449602732, 3483526593, 2647541931, 659276994, 4212706366, 4086662156, 2272583892, 1114845497, 1550842572, 2898977228, 2466911369, 202066913, 1863767132, 539469351, 415435265, 624005642, 1816108645, 591633863, 635346778, 4259096210, 1423588135, 3676534241, 3946212343, 333704831, 4225008267, 288394933, 3589657553, 4205213906, 765819065, 2994771011, 2305642035, 699057996, 1170505064, 2065438674, 1338431824, 1669062285, 1272842303, 600730344, 387066566, 3088103019, 2298164377, 2088122821, 3472484597, 2948987264, 52622128, 4227989950, 1776776821, 1289122955, 4022475095, 1819695002, 663254309, 461534399, 2846821109, 2096014585, 1756682278, 4159507076, 3922217638, 519051375, 1028158663, 4282252298, 4018150473, 3574281332, 3975926221, 954148295, 209239227, 1215946952, 1745237474, 3956667193, 2338583846, 89765977, 39218010, 1632552941, 1769555362, 3501003802, 762816894, 3016905102, 1673647598, 455224331, 2126425893, 904995880, 4005746322, 285757454, 2855507947, 3389569656, 77848637, 161446554, 1914322138, 730525261, 2138311441, 536890958, 2755205765, 115318402, 177117012, 4270688597, 1782382863, 478831553, 1863345600, 2558070961, 2057732774, 236335683, 1281417256, 2922273445, 3992387083, 2022788799, 1710234867, 684346410, 3184563115, 4053280703, 1641398117, 2538572477, 701980707, 2478998897, 876405565, 681495834, 3514198070, 3167721998, 1262112711, 2481487348, 1032542426, 1408927826, 10998483, 4091042448, 3569449423, 2341808043, 3281149805, 2153711036, 1447377019, 865948623, 2968810432, 3739761453, 2310943697, 1011079225, 2308645898, 3209039962, 2991039800, 2890045573, 994918871, 684090635, 3137310416, 145176845, 2790376861, 2183296448, 696143470, 3053144635, 3949197034, 2350300036, 2549423816, 940158741, 1800657003, 1472851130, 2820721466, 3494323371, 401996659, 2793918421, 1815336411, 2376268432, 1949671042, 3591923493, 1391669616, 381696507, 2939675977, 3000607722, 2584080159, 1355719189, 3958703513, 1018255952, 2040627354, 3132221948, 2242120957, 2226955688, 1517668186, 269762121, 1379359970, 4235161255, 3916256790, 668565770, 2141374757, 397888363, 2216882777, 2634359833, 3837528329, 527413990, 3210625818, 993256161, 861951767, 1041800149, 2681947734, 1663123052, 29089683, 224967732, 456202051, 2448489234, 2621933767, 2269805138, 17773088, 1207262936, 3901909830, 1106151144, 3158654125, 3348821261, 3336851967, 2924710819, 2950697082, 97847225, 1044730396, 4107067516, 1642134546, 1367964036, 3378319321, 3250411493, 1614032261, 1790136266, 376406486, 1013366608, 2053102216, 4144735869, 96596258, 1080350012, 733194374, 4023113362, 2268064173, 3348660845, 2438967620, 1716448424, 900698037, 3194716258, 2691654066, 3050028242, 1543385911, 1642756056, 4225245232, 2879774684, 3785951346, 3930859263, 2115228399, 3937998576, 2993295268, 1144097239, 1527055917, 648591385, 1781599381, 925187359, 1723934287, 3197009249, 1477418245, 1116242293, 3658416707, 3805383923, 3962070579, 4116565914, 1770728798, 962960069, 337967279, 3799530585, 1630259918, 3564494757, 789009784, 911432928, 589313847, 208330646, 2343379557, 368555164, 2089925525, 1613014010, 2844122389, 347170023, 1078689357, 172), None)
Loaded weights: -1.4436714218581765, -9.752480152547628, -0.7162900781796975, 0.0, -2.444124320921476
events: me was killed by stupid, 
  ----
(3, (2915726586, 913328300, 2923637323, 3937491277, 684816705, 4010783778, 1709698100, 2688999317, 3851698733, 3113421362, 2995913473, 3474188662, 2039088035, 591652563, 1796952999, 377073797, 4075156179, 3665018727, 3097492373, 471806612, 2313565470, 69754769, 3369283607, 3951774532, 503157457, 1833923860, 1471783601, 1183408932, 3122120657, 3979548581, 2892484673, 2120561040, 2668747767, 252239330, 2182418859, 1055667431, 2205748069, 2055267437, 1025677932, 2123252824, 3223904981, 611771298, 3081569036, 2852542392, 4136073839, 2079625689, 4132064168, 624509499, 3672295932, 1031863941, 2334522472, 2884671942, 2760116440, 1812715893, 2591326818, 2635701582, 2109950282, 702088122, 3887969161, 4024229753, 3014721367, 175612221, 599981719, 436623439, 3680336122, 4028138484, 1295115132, 3038414027, 1116796683, 2520931893, 2668321327, 2212246173, 208697675, 3134410141, 3754422156, 4259862546, 64494540, 1200009155, 2693806380, 843550391, 3673970775, 445615634, 1559457150, 1600860856, 1617512245, 1279387303, 94925342, 1274331172, 1439359987, 34661691, 733297941, 442096056, 2042111942, 2648870252, 3857951043, 520787825, 1274986396, 3875235359, 3383842024, 4054024694, 2336845674, 1540499285, 2548467425, 2946592113, 2102096960, 3812102759, 2618843687, 1614962143, 3183754021, 4120281138, 854743739, 2245570081, 3589159278, 3133941522, 790115258, 3510499959, 3391534229, 2295866317, 488145539, 3285841688, 1602780856, 3292557974, 197149315, 482504090, 66921416, 4000404228, 350895295, 4071459341, 3602214984, 2335819644, 508665065, 1397309549, 3857025430, 2192152181, 1851722887, 4003617387, 177673949, 4269179211, 1558161107, 2661067096, 4158930833, 2601253236, 3088069699, 1570498732, 5086575, 178905312, 1568248337, 3398549435, 3996094106, 3497117215, 463242669, 4066142537, 1212646119, 3111435015, 3204697885, 638306771, 2693636785, 1263593457, 1887414332, 2305892329, 2841286815, 4148631275, 4257391161, 1640096242, 3592764814, 503785401, 1387973823, 695442296, 3289562610, 1380658455, 2417668490, 4202184311, 3803316444, 2672821300, 312600823, 4111980051, 3639785633, 753210580, 1980323947, 334058542, 3568087510, 3315014861, 3018874198, 1724184411, 626741507, 1711674158, 2852012337, 711043572, 4288746223, 2103324753, 3790338647, 358782921, 1066701442, 1369686059, 3908793339, 92828036, 1943713291, 1818903608, 3306076620, 2005150941, 1346822727, 2577209381, 218890384, 1649297920, 813348330, 2221938459, 1939916354, 718611216, 2906478440, 311456688, 2082695020, 144033182, 3742379064, 1975256664, 4147032502, 4096043894, 1742038853, 621998656, 1548037462, 2177121509, 1851058806, 4031335423, 1493988540, 4259850397, 3872742644, 3475166519, 262328150, 1588585988, 1650159475, 3518127010, 3289291981, 1931267062, 448468027, 1965676235, 21996495, 100381954, 2486462899, 1158471097, 1287884590, 836282114, 287914784, 3160215794, 167910451, 2346580049, 1147880653, 2365298256, 2113119922, 2709517382, 1245702007, 3734882931, 3317122028, 3963586503, 4284073167, 3599339871, 1037753120, 3363303654, 1543875074, 1125895489, 3594990984, 707867558, 3514828130, 3023595034, 3554620735, 2770159723, 2251278558, 3885334662, 2624051764, 2264738212, 3500729353, 2343532237, 999315678, 3214488163, 2118492319, 1296407652, 1719281251, 1549342571, 3829308269, 3401506939, 2030688277, 1490936359, 2675792948, 1933063038, 1147653770, 760577853, 2103155879, 4020511902, 1610928294, 3650342548, 1629092961, 2773349325, 431074324, 863558730, 2012971871, 2683590807, 2880773486, 2773791981, 1909176921, 3515701092, 988754855, 3826431270, 2690598596, 768747902, 2092255080, 3386151793, 2694739220, 3620745537, 3211002904, 486802194, 2134982028, 1519958324, 3010185864, 65036040, 2810787029, 499482527, 1141858218, 2969116558, 1395474083, 3915099934, 1248320150, 365161788, 1868804442, 516413948, 2260935723, 3072097471, 2888336872, 1450442794, 562596025, 3253015494, 4259845353, 217936864, 1545443916, 902249370, 3343516522, 3778460853, 3510685686, 1318156950, 1449986160, 2264962901, 1758425267, 3559058728, 2604520020, 1593252634, 577440106, 4224069114, 2608910873, 4128283481, 1448569110, 1967751894, 3576737931, 3544600897, 3410134580, 3834904303, 1437443040, 3449555198, 185452679, 794183831, 3758772266, 2693275350, 2225525991, 3057675255, 3206934634, 395693697, 2904041985, 4070981278, 3493952557, 1253758517, 1309742019, 686369470, 2894107482, 822826895, 3371359603, 315970666, 2780733197, 3587238957, 3632197654, 3502366163, 588540755, 2936377218, 516942957, 2562639111, 496388765, 1855142040, 2516160740, 3722354392, 2223696754, 4030157506, 1422854191, 4254071609, 3584370783, 3226249680, 1176669530, 2123391511, 2732626809, 1130232267, 586845723, 1091720728, 2403207044, 1999183287, 1141668562, 3041983516, 3737222572, 748742696, 418176502, 1737568827, 2181867680, 3306406, 2569395811, 1080376150, 1212688744, 1418706933, 1386126152, 514708545, 316814973, 2140077529, 2915902280, 3225414890, 2476117674, 2339266669, 4195864560, 4210274494, 3466014377, 3435627423, 831220597, 3745054536, 702267051, 514512191, 1991186800, 4192809326, 2904668916, 626690717, 888512191, 697539885, 4119920108, 3879297176, 2357380189, 3083191676, 636557561, 883380075, 2223292084, 3121901828, 2934261401, 4091612411, 3442062619, 3944259772, 2208319255, 1279593073, 181404024, 758850871, 4111335509, 4282515657, 301865157, 1905843659, 4171950039, 2593585105, 603760471, 4233676429, 4152503222, 1242628416, 2632909868, 4294640571, 3738789997, 355108314, 2182827016, 1978714803, 2901324500, 3731684015, 4231768012, 2176895303, 2135675315, 508394174, 2741423178, 437029322, 1886257516, 1946654792, 4290402347, 1673700190, 1204196293, 4233850532, 525831167, 597419973, 776474166, 2113231358, 979229700, 3703812922, 1533146273, 540776641, 4159085201, 380197281, 2968908831, 2356952338, 4231961335, 1225143363, 591106226, 286021742, 2609049292, 234080336, 26158300, 2055299646, 3945141588, 4256216413, 955541265, 544308129, 396597263, 556989496, 1713355921, 1391275592, 1288538042, 1851162302, 2714402328, 3459029439, 3259245839, 2072699375, 2512317407, 3523236843, 2968147500, 4084289603, 736014774, 1088257505, 3883047706, 2257871498, 856058500, 4125995078, 2575594656, 1821593255, 173531589, 2024890739, 2301122187, 828238143, 80316175, 3683270884, 3177330810, 4084381073, 1896473868, 766972274, 2250099425, 2831884127, 2983071087, 4242281467, 474971781, 1662547322, 2642273483, 3255542431, 3205807269, 582853013, 1888415752, 1288930444, 2169755202, 1738263763, 3387731264, 3311802626, 4154189231, 2412915332, 1648178569, 1098894285, 1187986767, 120446640, 4136102848, 2453466946, 1647784871, 480784489, 4262729147, 3945185224, 1046545567, 2125051058, 983998566, 2434362270, 1026575157, 2925819313, 1438702577, 1012422338, 3337207998, 957198840, 3035653064, 1986331528, 1620072085, 3805633474, 165221704, 830896093, 2889623117, 646632884, 1313046523, 339216566, 2137126990, 3136261699, 1417656210, 3025399563, 2343336943, 3942064004, 1732332216, 1094093217, 346515254, 3843946325, 328192487, 3036768247, 2623740279, 651984777, 2635817242, 1248391971, 3099424658, 603001186, 551522928, 1613889651, 1691282477, 3413384693, 1075383364, 1684081568, 3967505320, 2553034528, 4253676560, 1036860951, 2907405247, 934851711, 2813655166, 1340515935, 1964462205, 3549448084, 1553107005, 215570196, 3654291202, 2465383044, 3466045342, 4054486199, 4164901345, 2581282297, 208), None)
Loaded weights: -1.531420868725088, -14.076381829673032, -0.7162900781796975, 0.0, -5.0
events: 
  ----
(3, (739326433, 3391446824, 1493229669, 329347539, 455553593, 1780427756, 4005227822, 1775122793, 1560016575, 1499754300, 669831149, 2911213670, 3693542467, 4263215684, 2358885596, 2996338635, 2344587957, 1753902685, 2385540512, 2540016677, 1349713786, 1198974756, 2402686236, 425809694, 4200610069, 2204044018, 4236005082, 2916674972, 4047236658, 3113501071, 2262542758, 1000466384, 1658774636, 2901911221, 4025300865, 1831127169, 57778801, 2450753899, 2290280272, 2632833356, 1721515706, 2672967474, 4011285208, 1286490993, 387183816, 4128018639, 546091390, 2932941801, 2341324268, 256048972, 2026072532, 2806776889, 273636524, 482630132, 1058280300, 2253079410, 2390390284, 2301283916, 314448366, 928179394, 2518835457, 335989688, 1810931523, 4084716560, 1831257120, 3833839030, 4134877193, 1420720526, 1279616362, 716618244, 1495687382, 2692439497, 2586602671, 3431283596, 1694016963, 830606474, 3469508470, 4025631933, 2750010586, 4088401713, 2971445677, 825113920, 204373657, 2272533875, 3269270130, 948561163, 4181316392, 3901502855, 3090897539, 2067051716, 461747581, 2351556604, 2190310308, 399507081, 2676739876, 113561468, 3145292734, 4284105912, 1965164715, 1143706473, 2388705611, 2044585723, 862499642, 1179770161, 2296758861, 3232176579, 3357237768, 3790934492, 673607249, 2361137720, 4122122609, 3409797807, 2471135798, 2512927954, 3390876683, 1772421450, 258274002, 1735305138, 3533548495, 1142591210, 1660765354, 999950980, 2297779271, 855178080, 3268745668, 1257888288, 3436002174, 1628264929, 1026392781, 1594370080, 2180118998, 909853636, 64371457, 1397034726, 1563109499, 2907365053, 2340741384, 1903864151, 2810530803, 1395958392, 2975461185, 3645887611, 232096044, 72587939, 3344913135, 144754034, 2667433623, 127481669, 3185825628, 1435837515, 3351070888, 885513452, 1087698014, 823309054, 1172274866, 3950203918, 3185510634, 2129717585, 2594038171, 992089936, 1888998632, 2245972580, 1816707216, 3573975932, 1026399435, 2385826335, 1779464462, 414187167, 1630817738, 893195248, 1246812757, 614063007, 1945130200, 380732442, 2593057326, 1099009863, 538413538, 3265022591, 3944870357, 596594083, 3393538404, 4123265254, 3437240006, 3320211365, 658178337, 4069943305, 4024392377, 4071067194, 1408518140, 575747611, 961471679, 2022376441, 4042250603, 3117575700, 2816069527, 3010083389, 2201241067, 3202631057, 3289831736, 741384422, 3752775662, 4265310170, 316028002, 954386565, 4211260193, 488541964, 3726543997, 1451730928, 757674616, 3530219550, 2623985135, 3523338764, 1192443195, 2531009380, 1303044548, 1297545987, 1567612799, 1530250966, 1249569081, 733543686, 2918531636, 3042325852, 890136085, 3187476964, 255022835, 3220061770, 3062681339, 2218016391, 3808195321, 2718899932, 1781470248, 2406615291, 3380834390, 1997900822, 1798562792, 3488182969, 2733289791, 26019962, 3043609575, 3568460243, 3761572413, 1351615002, 780022588, 1887600652, 1861723509, 4039747321, 2279239174, 2892348446, 4046500546, 3991778538, 4134937634, 482634669, 1897099906, 2727420746, 2313360879, 2671328051, 17897456, 2918724450, 1857650179, 1243539165, 4142634424, 520756673, 2795691115, 1080444446, 3789113640, 3333491274, 3750972830, 2546007137, 1133327499, 3000989367, 3395969695, 4047082584, 3501088509, 2327384720, 435492995, 546977925, 4078256046, 2639213825, 304760309, 535950006, 1700282443, 489157673, 166284339, 702482560, 3203980291, 1656517053, 463143816, 2141597678, 2678620801, 656951625, 3939220021, 3486758224, 1920016674, 2746201790, 2668401447, 2913470617, 40898998, 2639874522, 2456946522, 3389247437, 2590781235, 1520567927, 2355164653, 2659403260, 487779522, 4233877206, 3174174392, 2394699627, 476209626, 362519517, 3330552567, 1209086151, 4016302619, 3678305533, 4042308160, 1218802957, 1335452491, 2125879350, 2261258594, 3040649993, 413930103, 98758126, 3292676604, 3983350090, 2489337005, 4243520552, 1691949706, 1771863008, 1067671307, 493256220, 1555185916, 2873148408, 691337030, 2696611315, 2260577431, 51440233, 372564301, 417174007, 3777762363, 3738460956, 4206080351, 3676907710, 1413879735, 3685493505, 2238601921, 3115720516, 2126401409, 3513625648, 3409023739, 3981711197, 3652826312, 2818820148, 1815600735, 272855010, 4021210485, 220768984, 256649035, 1521099642, 4094936800, 1548010292, 2173131129, 3534720420, 3558457842, 2058153921, 2368696978, 428176077, 1195390759, 2803476204, 415420259, 2963562314, 1295593622, 1284025782, 4215276475, 4072847004, 4143016307, 1969312298, 1108861834, 298978881, 2710572720, 2534891983, 106639026, 1327740608, 2241600354, 4288314707, 116080688, 1777522003, 2632800787, 2202923032, 3858269836, 257525309, 1933970088, 3042272680, 1989320229, 3798306524, 942069139, 1722502664, 3617664500, 1750525756, 1043441041, 479259150, 1088548878, 2532869333, 3946948229, 554818994, 2189783980, 2126229051, 1136513032, 3999358416, 1183541187, 3853472610, 1404583258, 3074599616, 1415161402, 4181314333, 2461562959, 440336553, 4277057266, 1145373511, 99802022, 246218464, 1186537220, 1712638706, 2633385369, 1322330721, 683253713, 4282471808, 281294929, 2302546580, 899580491, 2443463650, 3039016652, 3251291607, 1854029632, 22503052, 224740686, 3872984795, 1362229108, 2653194933, 2399918734, 2305371816, 1982076358, 2989919126, 953854813, 2243382315, 2753557297, 1326639493, 2754469698, 242938561, 1409254887, 3841579688, 473552862, 2859374023, 1806562685, 2121936271, 588311838, 2570938146, 3339165308, 1683527230, 1770469881, 1072133311, 1031851771, 1782466028, 739878719, 3030247509, 4155753970, 3413383169, 224048559, 110645819, 1605812037, 1070421273, 1032111337, 1455465923, 3402263261, 554693324, 3716476337, 1272663039, 3552576440, 550850818, 2483103888, 1714910617, 2624294837, 2496527341, 2975392430, 4121517439, 619532253, 3426911124, 2554526418, 2006572904, 1496580936, 1102389711, 3186486496, 4031021425, 3459720829, 3528604408, 3510179913, 1128965861, 2409613224, 4294535221, 384400937, 366796202, 59318175, 2334942299, 805521049, 1494372665, 3023675941, 877430312, 685428201, 1975353159, 3812165673, 4056149611, 3440560296, 758061363, 2461329559, 1139681438, 2669033232, 3393706586, 2655930214, 3648190392, 2358871061, 737285216, 2572775069, 3553536375, 1122574101, 2656260491, 940132796, 267295936, 195398541, 16800875, 2003248645, 3536972240, 2117251051, 1704336964, 3934281327, 657742615, 1137772571, 3717060530, 4076675839, 296435050, 2040334970, 2027268257, 590552429, 913462477, 2163414296, 2011044687, 1491049072, 2254568003, 1610216895, 1012548823, 1733419375, 646382580, 2860780552, 2088136374, 1163503889, 3736483058, 1779078328, 81832683, 1417152957, 3030477296, 1008495379, 2402700612, 3576191511, 1082498567, 1011101744, 191345022, 273753144, 649888126, 1357834523, 156986488, 3305440223, 1999828968, 2267739133, 2669046565, 3263471232, 3623801876, 3758555601, 2413631583, 1822399596, 1454315313, 4215710446, 3525235069, 442461113, 3491639634, 2304236838, 1702100098, 3649791008, 684542920, 692014326, 4062706725, 1799125419, 3729420905, 3509232820, 1574972094, 2584572393, 2423851843, 1837050359, 374308846, 1285068292, 1365740383, 493888775, 3945777795, 1540556410, 1570680762, 3386108943, 572220840, 602049425, 2544740196, 3674307167, 2023740602, 2295175444, 170989154, 1028560819, 355548175, 2533963427, 1064190706, 2860897234, 314143309, 154480055, 1605242153, 4230743274, 299453930, 62421080, 3711027644, 3008258091, 413204955, 461), None)
Loaded weights: -1.3866361689807134, -13.577734943618943, -0.7162900781796975, 0.0, -2.3934021867750004
events: 
  ----
(3, (567534017, 3029413288, 2939097563, 3505015825, 3833075661, 2104507547, 872604724, 1522946603, 3680883994, 2614423064, 398521405, 3803204892, 180567367, 4041743467, 2269034900, 2283713410, 1605117687, 2411111, 1308192539, 3175954367, 1420249153, 1964228825, 163029910, 3792798147, 994714646, 1776933028, 4081439239, 764743015, 3102307627, 1302824967, 919439785, 3400154667, 2149694286, 295645605, 3326175248, 936681691, 729288580, 307062014, 506947610, 2464587620, 710603530, 3572223290, 1151072994, 1251777293, 1538878929, 3197028745, 1880608994, 895526978, 425055931, 2207278355, 1628881068, 949129538, 14863811, 1169359869, 3780659994, 1397359642, 2115279075, 837732580, 180001506, 2623462082, 1555239632, 2615893004, 2631902993, 2035277727, 589141789, 1985437529, 60582553, 1907518030, 3447718369, 3995244611, 397648253, 320369287, 2239098534, 1869553012, 3195506238, 622343416, 823644841, 3053896392, 2371144070, 1433192494, 2741780814, 1382787577, 440337682, 3881977770, 3640537412, 1286347630, 668957692, 1148699539, 731624995, 1722325828, 2918415621, 343333040, 3521351265, 2148253101, 3182056947, 4172338588, 3244031107, 2915415004, 939201627, 4177009550, 3504585119, 1702851443, 4202029705, 2726875009, 446326232, 155471235, 4033229523, 401003689, 3166739462, 1064593004, 1777501937, 2295176531, 108804438, 1610245370, 415819139, 260738484, 1928215368, 1351160088, 2388439817, 2765582803, 574847805, 1308177790, 3477673674, 989485910, 2490777044, 853078800, 4121078058, 2438350245, 4006977630, 2688532328, 3083924291, 484481737, 3106104809, 1604929843, 3502036213, 3309832670, 2306164296, 1119770577, 16861522, 1008258858, 1668303483, 4071113378, 603982159, 2612997056, 395932624, 4218846701, 2091600255, 1258829146, 2315980267, 1798643851, 971305037, 72079953, 759326836, 4245942257, 4205355058, 537624623, 1867123243, 4061049113, 499903872, 2161252106, 2957057982, 866943257, 4271176422, 3166163883, 1110331045, 2863656069, 2670258695, 771391729, 1122935449, 450148090, 8171291, 913503051, 3195223797, 2533547334, 2726694701, 1379811520, 1757587438, 1548222559, 2899867585, 3123380562, 1174581515, 4250168014, 2431393187, 271313267, 393761655, 1533376763, 318076708, 1677986576, 3278965632, 2836814478, 4031243246, 3997416121, 1852752478, 960520213, 1889033617, 4102738966, 298844344, 2204706816, 2848384621, 602808397, 40726489, 1295965671, 2762497978, 674076567, 3197473636, 554287232, 3867978378, 4217611553, 3190126188, 161723729, 2461728528, 246858201, 3457751907, 1684190770, 140681580, 30047743, 2860992827, 391433242, 2682333207, 2973991161, 2966677324, 1940519523, 1463174666, 2379226037, 851037704, 2054932914, 1977004926, 1821152456, 3359545790, 1396840371, 4084275349, 784051230, 2563460178, 3901508668, 2398411270, 2678527124, 2136194208, 2947076199, 1113632259, 2903899268, 3237249625, 106022551, 1276482585, 97138281, 2627230731, 764142779, 4076741477, 4158684464, 1770021734, 323107002, 3985177254, 2609048929, 2449693496, 2954752192, 1351658071, 55263085, 1358626646, 716607567, 24379305, 2257169080, 1134286452, 2369902276, 1728702434, 3880707770, 838747815, 1719466873, 3863429311, 371805497, 1223090378, 100886565, 3811040661, 223957124, 2442944838, 72977999, 771501240, 2813118111, 821837023, 1795598809, 403513878, 2482911053, 535335585, 1685020376, 3557785342, 1058548759, 4014649976, 2145132040, 420866851, 457620398, 2398332341, 1403661551, 1777097292, 2515210143, 846547382, 213551987, 2117717154, 54141354, 1415581514, 1818433031, 2361947540, 1294570720, 3740998012, 4009850354, 1705230318, 4046558253, 3436166970, 1918132020, 2539505494, 2936122455, 2818877451, 440242186, 1106676039, 1029653334, 3857415824, 697194481, 1140436949, 846358647, 3335829896, 420078138, 2004136808, 1351057532, 1367404138, 1983669935, 517709909, 2117641527, 835758694, 1699709258, 1871950135, 2417276354, 4238676581, 3218896196, 4059979362, 2906601434, 3918766845, 968880656, 3740156368, 3556128979, 3055957173, 1258928303, 3883323754, 2973029535, 1251046835, 3509341964, 444202696, 187405709, 2005373952, 345446979, 4173378687, 493349361, 47213732, 1616422183, 3475138114, 992581542, 2270236207, 271298369, 3459534960, 618210284, 154992843, 3070461475, 1841079209, 811070427, 531814829, 3039993887, 3846376139, 3340618762, 1172422960, 829133353, 615389017, 3924428800, 4028392464, 2078810176, 4042942587, 1617657649, 3703793607, 4226586053, 1633427940, 3169353441, 2303018664, 859356657, 2061122744, 2746739891, 2559773553, 3289477563, 3302660286, 1184140613, 1275191180, 3523858621, 2727032520, 4195296243, 2108131278, 596771077, 2732363686, 3877215126, 2269019897, 267323444, 637784015, 1318846753, 3252400026, 958792001, 1484756410, 729232389, 2453267108, 3817198969, 625163473, 1571270909, 3055993770, 2476653786, 2435516780, 301085461, 71335039, 3042548456, 1561549369, 912923021, 2757202839, 4191091793, 4072777342, 2829865989, 450312763, 1338375785, 666169110, 2734963181, 1012361891, 1860681351, 2725880, 3501377458, 2348280245, 1126574830, 355516649, 4110504549, 1465728859, 1056666597, 436595801, 2167032240, 2683599396, 1879902426, 158008214, 4080360597, 4221985267, 2311515921, 2862151583, 4015606318, 1402551330, 2363010615, 1832094096, 3735003389, 3303378290, 3206285982, 1924268787, 1865736870, 3392986055, 2143095531, 2598131145, 2150364703, 325461462, 553683507, 269616734, 344963320, 549598997, 2476198225, 2812050460, 671067616, 864081300, 2188230798, 1065456825, 1015349416, 2014445881, 2945581565, 3366091302, 714580381, 1574133790, 3509240477, 2559726832, 1751594708, 3474242759, 3275734319, 5720239, 3291358278, 213379506, 1309717525, 3923521355, 2572570351, 102455923, 477823575, 1147063916, 515320034, 2312472514, 4148972017, 2523708316, 225845689, 2302284584, 2655610935, 3447271083, 1725557312, 3220555448, 2008604269, 1773994720, 2123988871, 3031256536, 2531466424, 1474261593, 4039215344, 2308696564, 4138259644, 3252115074, 4001580185, 4272724838, 1769576188, 3449841529, 893886472, 2451372336, 1954912825, 910031529, 3625841180, 226432806, 935828619, 3794285526, 2914509282, 712322724, 330521223, 2965840906, 237022571, 3869951468, 983754307, 2743227278, 3990437747, 2161519406, 1608269298, 1293995927, 1004234496, 2373942699, 2088612713, 657694045, 3545205858, 3508851695, 2600930589, 2471973278, 2936657532, 2639329107, 1826342194, 96345775, 2495375085, 1742978746, 1963203887, 2108444863, 1807007163, 3599325189, 1474564586, 2226368085, 3383393616, 3070973681, 1587937006, 1166114423, 1667272255, 226079093, 4114901339, 275862336, 676800783, 3656818722, 3779419344, 592718642, 1977709165, 3212263135, 2352449577, 3100955912, 2949904108, 1900897496, 3399173709, 465117646, 574019840, 2358161868, 4257480653, 38739176, 1702274077, 600939469, 3416551339, 1499765798, 3453884418, 143658670, 2616264633, 1735200650, 4292333467, 1325395644, 822217306, 4172773718, 2316103066, 613912737, 2514849136, 3479708652, 2646031641, 2767617496, 1798878126, 444265090, 707022190, 1994054464, 3766722574, 1884712954, 3933599770, 1876449377, 3455090959, 4167369361, 1964599004, 1650190867, 596569136, 394217407, 786319698, 60880565, 3815022496, 795938353, 1184307894, 4185873841, 1774425923, 638328812, 81629562, 2388797867, 837853993, 4270329020, 4056672995, 949439235, 29962254, 1119899827, 3185811178, 3212782178, 1196857576, 297775283, 138080165, 98), None)
Loaded weights: -1.402718498907558, -13.568676463120878, -0.7162900781796975, 0.0, -2.3913418200527325
events: 
  ----
(3, (594450325, 2531306888, 3658130130, 2030918045, 70613995, 1061310155, 3922471223, 2610178343, 3732196310, 1136903085, 548017563, 3626586627, 337978370, 512493299, 1919238220, 1384722483, 1624517053, 1295360300, 788692741, 3918278340, 3963924186, 594493149, 184830419, 1643280552, 1511215829, 2692992548, 527495646, 244048895, 3170721330, 2539566306, 1230831023, 390980348, 4013710312, 958748753, 1137223938, 2320006630, 2032908965, 108050331, 4198896423, 2928351350, 2746419596, 3369405166, 1394587511, 3880598037, 177699372, 356016609, 3291477212, 1363662576, 668764360, 37315237, 1937615367, 1397034489, 3295427530, 2859495492, 3918459922, 3043285368, 972549697, 357518127, 446748057, 1318829693, 2657249111, 1895505739, 3260084976, 3137777349, 542040061, 2806452522, 73151887, 3352998166, 1099693315, 443750983, 3121817601, 1600755533, 2795326503, 2276037615, 988490920, 1318577484, 3627867211, 1190997100, 2929213521, 486656277, 3190673462, 3838029250, 2867293498, 1784955601, 2049773536, 1471247250, 2776922612, 84995084, 3289908307, 429766081, 1196248545, 952329415, 1195640382, 178566285, 444694670, 1179682854, 559548291, 2873636882, 1122333248, 1171530184, 2102662622, 4092408770, 948789231, 3302415128, 1795310242, 1626144564, 1014537746, 3771520357, 918791626, 1615959262, 2821316222, 3508725147, 1534634052, 2740009143, 3755521222, 872942210, 528684039, 2081348237, 1725229524, 3797689317, 894419000, 2539892591, 1398636736, 3968981766, 1674485707, 2572355355, 1014672766, 4156357377, 264495686, 2411726569, 3970144955, 149323648, 2325849903, 2523219960, 2985003149, 2510188747, 1666225706, 2480403767, 2969940457, 903897777, 1435493475, 3468077783, 2573464333, 741279570, 3518468870, 2599503071, 1311811350, 1250192943, 3145085296, 21587628, 1384587431, 2712298187, 4179933641, 953495150, 2859335415, 2748581055, 1431011592, 1586800000, 675160714, 2178297853, 563850371, 471750209, 2998020967, 1198041426, 6868660, 1850216660, 1613104715, 3375531339, 3354467632, 2190460572, 2684817530, 180330089, 3057815918, 3389303713, 208241789, 397461562, 2089344859, 3590330137, 2429261995, 4070172404, 2774217438, 3054743940, 785026045, 3695933400, 2243430136, 4056793796, 3087984658, 86971745, 3245252663, 3075199515, 1939755162, 3552648439, 4002427771, 3141430421, 274802533, 1043520284, 3778491406, 3183324179, 579492067, 4159070034, 1919377187, 3929091404, 3087474120, 2098275233, 1930038384, 607720186, 3395758877, 1555189123, 1052636631, 640446905, 2563033733, 1199268063, 468896858, 574443354, 2637176666, 36257257, 2052769060, 1752180840, 811768384, 1627306149, 3776282080, 1767601078, 570631151, 3861106022, 2053864497, 726984972, 1048356289, 124902218, 1716065934, 2059050567, 777031570, 139517378, 1258580181, 2931180596, 3561464685, 2715620742, 3441367873, 3633508933, 3466832961, 3981956593, 3299628391, 3446094495, 3378813912, 4153456487, 2197349294, 2406866536, 2457604188, 2558828393, 718152320, 1036006528, 3040591559, 320012105, 4170004036, 3996128298, 2519125142, 2491425177, 453856282, 3505238692, 336148384, 2398204114, 1065726771, 810310387, 3119451835, 3101436201, 2890300152, 1349321639, 2090274357, 2277538281, 1390153251, 4219791714, 2715914839, 39406223, 3457947161, 3536970368, 3684238688, 3869910648, 2930935446, 2138782476, 3283265152, 311476805, 2554847016, 3280554861, 1944092588, 240301949, 1788953643, 2401407191, 1127801770, 1246546, 2150021603, 4138131414, 687577557, 2037676838, 940762188, 994104286, 3326583235, 1807481510, 3041534363, 3161920203, 972905789, 2313207961, 4029229334, 1211822943, 4010254213, 3193635798, 1071055862, 2771821562, 3549016033, 1931949292, 2849859015, 320117062, 1959519098, 1222160552, 2592008373, 493887169, 2233559272, 3883030679, 1427719388, 2096567381, 276866297, 1870950667, 2830251781, 2363809915, 3762580066, 967987888, 2582640823, 3961788932, 1306426153, 2584620083, 2885880160, 1081241822, 2454274293, 2260935427, 1009976892, 319799034, 272595411, 4107800399, 2631792726, 2610083531, 279985931, 2805506626, 2345082673, 2464435106, 2828365979, 608230919, 4014860147, 3283878708, 904357826, 875034218, 1044860195, 1959572449, 2969899221, 4184778755, 1213096036, 459310406, 2781899511, 2455098108, 222917927, 58031024, 2311403186, 477133606, 368355112, 1514323255, 4128282318, 27293362, 308972796, 978979482, 18179761, 763483755, 3007494903, 940996591, 3306293269, 1725861946, 2114961122, 1050589156, 3455639936, 4292121124, 3252521099, 1877622523, 695805005, 744852654, 3285526124, 3355488936, 1503064770, 1934323406, 4003003649, 2038151662, 1708723931, 1598582628, 2497701404, 2749131956, 887383193, 3674161431, 700421326, 3928969587, 2004104452, 3877423869, 1192523491, 2352536231, 2248979636, 3210633276, 583987650, 3351292618, 2691408027, 1738260110, 2681162100, 3630046237, 594038689, 1047772222, 2898230512, 3645609534, 1584843713, 245071852, 337775667, 3245226797, 3362885564, 353209845, 161586672, 1615079185, 1531687134, 699610869, 356844297, 276163737, 376158405, 1036283915, 3694049636, 2971306056, 1416513215, 2160160849, 1816405089, 739072827, 2105804665, 1022374242, 1547671191, 3469912790, 4229976854, 3664147953, 4224169710, 1417675157, 819447240, 1916686923, 3176769694, 3953777554, 3027131720, 405275549, 939404583, 3493014502, 1466223094, 1560518876, 2408400412, 3060120020, 1061062326, 869822170, 2732334282, 913680110, 221644598, 4011900379, 3933850160, 2107552156, 1538198322, 1388577311, 2944443507, 311417326, 3214906834, 1746840322, 1448297060, 2868023634, 555005408, 3930449256, 2096818958, 2234364320, 2208508941, 1014631698, 2011344928, 1264518356, 3130232138, 1821759065, 2210455125, 417143229, 3333515489, 579349410, 2030380510, 3020532640, 2614867432, 535269371, 843261571, 1597991534, 1363284177, 991476391, 3865075255, 1180379441, 3417365513, 3015481764, 2998525006, 1212780357, 562329333, 1217046735, 2968872766, 1392941988, 976850679, 2329010915, 2844100830, 3144855073, 149107947, 3521432357, 197652594, 2087331299, 1211306561, 2437522352, 549664430, 4059443751, 576474739, 740216760, 231337549, 1915550273, 1456010659, 3575393969, 1719124554, 815270864, 2808913228, 189236922, 4279832608, 3615918084, 2220873152, 4112593932, 3550022706, 2254801449, 2483909401, 1872635676, 2936838708, 1704387060, 2549925351, 3461208798, 1908250027, 2585921326, 614719442, 2122165937, 1702460383, 4011613426, 3683529473, 3918477288, 3204096137, 587198568, 1268823701, 3881129985, 386210976, 2345779980, 189878179, 1782525090, 3820363532, 1535927686, 2433394032, 106664146, 1334746742, 99013257, 388827243, 2163759473, 818994870, 3286455660, 624634602, 3128961420, 3424438833, 1280643927, 2737959993, 3833285178, 668443954, 1567404012, 3055800002, 2373994455, 1963787419, 3920821999, 2415082710, 1739430474, 2137424958, 1498753489, 315161195, 2047822452, 3762061538, 3266549520, 1603141393, 791779130, 65110123, 2576078428, 3612582961, 3322547624, 159890696, 4000393028, 3416479093, 1200593348, 803136736, 4214091663, 347230213, 688382300, 169597597, 2034127180, 414919270, 1571169816, 2280032183, 539507074, 475145044, 3593141044, 794411516, 1599074944, 3904616077, 1493517070, 1582854443, 3888714634, 254673397, 1717713003, 636078550, 1251015988, 1898292851, 1889622283, 3096139941, 1520240773, 3198495434, 1369240386, 2738418867, 2358049823, 3289288290, 1979711999, 2307136775, 3869465986, 2047413744, 3484126710, 226), None)
Loaded weights: -1.4120259965348652, -13.350314045763522, -0.7162900781796975, 0.0, -2.47244692699355
events: 
  ----
(3, (2269678691, 3943294429, 1523612717, 3118267624, 1097416048, 226821343, 3008961218, 4042599583, 548883732, 2855663027, 2339349984, 3870158577, 1325737368, 1732537319, 3201783594, 3175131186, 3891588027, 1190658273, 566991511, 2139343517, 2835024032, 3351323880, 424282785, 2705595068, 3410827, 1507049514, 2743677227, 3260028541, 4206219833, 2848491703, 2338816303, 1541015957, 3919005644, 1549816824, 970198929, 3114466074, 1424114116, 1477175898, 2367945162, 2854105640, 820675810, 3226513068, 3633348510, 4161934728, 2017287101, 2524555046, 1888217317, 605055299, 1210526315, 4157778986, 3987314431, 2914737145, 3814556150, 1274674367, 1768555110, 1731156789, 2782573478, 2574179621, 1365627450, 2084587844, 2632683238, 2055696970, 2521818530, 1722776402, 19681659, 1689862090, 1274278793, 2946370618, 1053011118, 2769654079, 486120977, 4139580866, 1609681032, 3738614361, 456261556, 3270799066, 673288930, 886513085, 3139273228, 2631284302, 1790758748, 2479021692, 3467819541, 1142137390, 2681279081, 2300152082, 1567619581, 2303169653, 2331574353, 3958114046, 3195123739, 3317849384, 3657548712, 3337624654, 2425675191, 991719248, 1575850828, 1089916885, 1784723499, 2388618705, 1794114117, 4286026207, 2830798703, 3691293071, 2332348859, 383744994, 2022314312, 1353065111, 1279455116, 1546124670, 1624269218, 1300193932, 2035687075, 1303385104, 1981467385, 2600522897, 3575850968, 1705148745, 2100989852, 1020273238, 2720099512, 3468844332, 1024420665, 402059034, 1109900118, 3663889279, 1475869011, 2490957073, 411908482, 2069106331, 736958684, 861206908, 782516744, 1442951550, 495604324, 1433278, 180440426, 3844716537, 3179622198, 3602266417, 1364179270, 238516824, 3214455873, 2518771978, 4136624856, 750314782, 1528815561, 180225048, 3413471322, 3139071791, 3823283480, 103609143, 132575921, 490007252, 3468239442, 623599346, 715948105, 53614894, 421264976, 4178950184, 1424281235, 2775224198, 3644095781, 3425217899, 2071010109, 170543043, 1508554816, 1143942058, 472599714, 3860875007, 1373059132, 1848396844, 364387296, 1355763255, 1819672151, 3626654540, 3948778114, 3282405089, 54769934, 2995853709, 2579124178, 2447378992, 18099414, 1094550295, 3782031166, 2337591352, 496318407, 2956484044, 752647830, 2993454392, 4150765408, 3248377218, 1069181210, 3314185064, 907971794, 981483674, 3202889626, 3505829576, 1716849073, 1742575865, 355512100, 1079094704, 833280571, 383567812, 1297316861, 1417712604, 2924795152, 3624811295, 1842846601, 2588202088, 2631350491, 672182267, 1536055961, 2143136222, 2830989088, 2242263607, 1856314545, 2794743786, 4176158671, 2477935171, 4162930116, 1275572042, 1158801228, 1840845760, 4077463812, 4232048591, 3423821907, 3026978596, 1331436065, 1308113892, 3186921993, 4259559877, 450766533, 1081244587, 2686166620, 3744493675, 1601453134, 1966523167, 151958742, 3025911796, 2566866551, 3664059078, 1602241374, 2793970284, 21163989, 1760924345, 2865313270, 4254865888, 3642834600, 2598331677, 1908790727, 1014141097, 785107519, 3902429024, 286832238, 3073602612, 2176733669, 3244497663, 1554174460, 794635914, 3712929374, 3156949011, 2093244241, 46234808, 2838879062, 710987279, 821476867, 3230413612, 4254259741, 292030058, 540409872, 3325812846, 4279326310, 491219541, 1464171135, 528378144, 2288988588, 3429942719, 2113636868, 4018040418, 3006654934, 278543792, 4178489428, 159555948, 133637521, 821666799, 2085211117, 99640008, 30678433, 1530567063, 1511343809, 488973149, 2031703589, 4057502647, 3661885801, 3178106044, 1646700677, 3641671760, 1799630161, 669342723, 600011561, 3048898729, 2648305457, 2009731865, 642534464, 1272046883, 3846548536, 3881487712, 3662189279, 4107750312, 1618999930, 199677676, 1588147885, 1610567049, 1677068513, 3765805631, 1285504011, 792287928, 1795741042, 1464887541, 428530860, 3770083462, 1740981768, 3356680136, 920961751, 2508666208, 441502487, 1022461685, 2672732592, 949395402, 107841745, 3575468709, 525903007, 3919388030, 4089615855, 36443047, 2296780484, 2978008824, 1591948205, 2780635620, 79835585, 3143156331, 1344801613, 2072863934, 75268307, 667499645, 650369379, 604666614, 1840034819, 3162854284, 4064873412, 637569892, 3620913628, 3692526839, 3713143919, 3340841934, 2062463811, 789545861, 2104280303, 610144668, 3794296634, 646060291, 1086711271, 66325268, 4161057460, 604449969, 1501455067, 3521533154, 3409244528, 68747412, 3847102743, 3381149097, 871874284, 2112073481, 1968459018, 848495808, 1441251469, 1851166689, 270415200, 638345607, 2033496960, 2725403443, 479127957, 2229816854, 2140128729, 3003107810, 3601960858, 1586183581, 4102339036, 441384886, 2019540287, 799986010, 2788515749, 575709890, 4004118027, 3869886220, 2033490803, 315712102, 830700594, 1155490561, 1932467026, 2772999877, 2884076555, 3837408824, 914503728, 3422498305, 2913519506, 2414211498, 4249207087, 4146592233, 1181760737, 1920238072, 854293873, 2041442329, 1672883177, 671920238, 457629295, 3670179599, 1280271911, 2886752321, 1421358587, 2753814639, 3177891904, 2432658216, 2289824492, 2506791473, 4273311758, 4196011467, 3479154930, 2522900824, 145022837, 4198760553, 1944700599, 3494182043, 741716280, 271859966, 1762419837, 2226969151, 2282173953, 1159892694, 174670871, 4069153156, 1354402598, 3964844797, 2391667225, 2472114996, 3174275629, 4293387978, 389378976, 445555735, 1951737005, 3798411105, 2802138296, 3397936072, 452258070, 979435321, 859267882, 2418218896, 1300826133, 2484519971, 154507100, 3218369717, 2873042410, 1952292220, 1615825846, 1501883942, 2172210496, 3867292656, 3639853590, 2270782855, 4172651749, 984856517, 1297748179, 3078681427, 316555795, 1103749469, 1337547036, 3415593320, 1832289656, 306796752, 4070474416, 1559587994, 1640497942, 26702459, 4009537480, 3976948043, 2883175174, 2004242842, 1175329876, 3222569354, 1528770666, 4033426801, 3612129650, 3107730854, 2109855636, 3857213826, 2028686264, 2753722292, 1515954624, 2882769417, 3656813978, 2319208661, 2927934573, 3448555925, 1800234897, 3236606971, 3889872826, 3813962369, 2976486524, 824715186, 529385136, 2551931496, 2431086096, 3458531811, 3061237071, 1928330372, 1131846783, 1235421287, 1485234176, 1184226869, 2585515957, 2557221769, 3355350714, 199896732, 53867931, 3091866626, 1344950157, 876953139, 3346133075, 254754077, 283967094, 3348772426, 1187047092, 3071558609, 1097640679, 1912381423, 3277415889, 2494583589, 2132888856, 2564609590, 243316157, 3744392052, 1255653088, 119386715, 718388030, 3081290364, 1649409700, 676451114, 2372983365, 1866470576, 2336167841, 287542764, 243068155, 2295267325, 2776963730, 3341207275, 426194300, 1425022372, 3361556067, 3764285784, 381625354, 2069028652, 1880209082, 3675112541, 2671155470, 1173542092, 2054533840, 3880518483, 378080707, 399611174, 140224923, 1003471564, 2456492106, 3064927369, 420339660, 1572009074, 3722221572, 75973779, 832061689, 1328197942, 3503462361, 804484776, 2753836314, 1043164615, 406261799, 2176179850, 1201266046, 4123471178, 2182897179, 2475982138, 393739194, 1677848357, 412615703, 1428420584, 4281681902, 1372521076, 1410145365, 3949408445, 3801956403, 1683709458, 1380210249, 3623954067, 1578214727, 3821226183, 1571948068, 3464594757, 2352336237, 1807767403, 2268734889, 3172239987, 632312396, 4207073620, 1186594175, 3387103999, 910509116, 2081452890, 3305124198, 442038798, 3450233210, 1006625273, 1359023107, 2477619443, 3246129655, 2744675741, 474), None)
Loaded weights: -1.4637567203152098, -13.46748287259549, -0.7162900781796975, 0.0, -2.5353330449420466
events: 
  ----
(3, (862114558, 1377976073, 2531577278, 2827812663, 3255048453, 3615277635, 643347555, 1587881544, 3207143699, 1025912033, 1068894445, 1682379780, 536978807, 1446811285, 1595964469, 2547316398, 1657273835, 2218079611, 3535610430, 232409076, 651583891, 2509270073, 2648186371, 2198142214, 2099764045, 3807703797, 3598266546, 1944127915, 2507458291, 3186565394, 2435463062, 1415088399, 4107064996, 981816689, 3346661132, 3325134214, 2358029114, 2564224949, 1989279382, 1262668404, 166469489, 233913688, 692707523, 3984077002, 2293720601, 3982721479, 2216999935, 398745809, 2603604852, 1207086538, 2642738441, 3511989660, 3463534687, 3837961980, 2764317693, 2376752888, 352299614, 535531465, 2100149359, 2020247779, 1761189984, 1313235395, 129353809, 3588439211, 389612034, 4206381553, 4248084422, 1694355526, 1918370605, 1281220750, 64317493, 3240997480, 2911996584, 3552914666, 4096392089, 51925211, 1060255308, 1804554083, 1999299118, 1504229564, 2897952351, 4004187630, 2475911056, 3676133733, 3580299258, 1452079925, 746943810, 2203934784, 3475157560, 2810687681, 2094740574, 2840286559, 811153163, 2250047433, 4058513110, 1106898289, 1193495039, 2504942460, 1137435354, 2053715970, 2865255061, 4256912168, 135898751, 692542788, 571172657, 3022677309, 4275013742, 3234754923, 3491245277, 2898249439, 444392577, 655582986, 2032365523, 1451770374, 2256185557, 260621904, 1626617562, 3804145904, 4206059006, 1626602878, 3187547185, 4110017412, 1068223487, 2376543162, 417398148, 3935282447, 2241924096, 589803695, 1997176507, 3037118304, 1028752182, 1084562287, 4240831592, 3200789506, 671621854, 2982586664, 3206783760, 2524520730, 72848375, 66234988, 4226225549, 1386572039, 488874394, 2263430569, 418505149, 622183912, 4053855809, 38917651, 3780563555, 2191951193, 1853083185, 2571672424, 1461053307, 1920422980, 1142778188, 1982565493, 363689588, 326317398, 4076368518, 380965272, 356236268, 1752792193, 1298109449, 3526384566, 3272083275, 1653160979, 292588512, 647930654, 1918989583, 3608319630, 1011008513, 3845686884, 2418632793, 3904935933, 2715318303, 1133197513, 3116059076, 406086396, 2116906926, 271724246, 1363539014, 460829357, 56437112, 1303014957, 117630243, 3029953949, 2037128580, 2261421931, 4292161601, 3159681408, 1652965763, 1872234467, 4141176416, 3072512337, 1108846274, 35987368, 789854687, 977934399, 4272229476, 1752672651, 2296710203, 2503901052, 3748769999, 1841869349, 498578487, 4199662341, 1399083349, 3167827396, 3056862599, 1002457995, 3879560664, 1377713192, 2323211971, 1114994619, 1582477015, 1079604247, 787370855, 342871158, 249620100, 275554943, 4103866421, 1983059951, 286192058, 1691205070, 2650234018, 1734589379, 3182260677, 2615514533, 1036242270, 1977420170, 3757996243, 2277071669, 3718128512, 779894603, 177118040, 2599371530, 230185682, 2798386750, 3107099467, 3810367651, 2008476850, 3817223752, 1675888048, 1095985684, 2313521913, 860830086, 3188444732, 3642505648, 573889399, 2559943222, 2153207771, 2110930576, 4074583818, 1957267703, 1934226151, 4172228608, 3451406722, 1044366689, 2787879445, 2447471870, 2742162663, 1376609239, 1800718167, 1724536551, 4210207919, 1041129819, 1793614376, 2258184915, 1500086101, 2523923596, 2925994072, 4221109030, 1586964649, 1127807633, 2559511285, 1422455405, 3114107488, 3038166844, 3466902178, 2317862396, 3741128699, 89655756, 3477606705, 4100860432, 1314769040, 3153610286, 1110147262, 1373905672, 3203359750, 2636509097, 1491990586, 2502228007, 2976227444, 351306438, 3774601700, 3591752365, 1424397629, 489550963, 1154269736, 4142777202, 1826324418, 284359486, 1358603618, 3219318334, 890198352, 1401933359, 1115986767, 20310076, 2928981907, 979189593, 3423574184, 2233936748, 3588462066, 3092298466, 4034937399, 4061672316, 780569285, 3909400595, 1737954685, 4099066562, 1880530936, 2671669582, 3119236157, 717101320, 1538330323, 171845162, 2096240044, 375549676, 2663961211, 3396087978, 1656543902, 822934026, 1664982262, 763259932, 3045806712, 246016009, 4118197176, 427211009, 2555843863, 3166551664, 1750058181, 2091532251, 1357760199, 569893098, 1220624591, 2592265810, 4185205686, 1683163820, 2933716393, 196078633, 1467080294, 971478960, 70826177, 181945473, 527175128, 312715204, 1764149165, 3311361829, 2469416623, 3606430181, 1488834881, 2418913476, 2709754364, 209296946, 3447027735, 2631527081, 3789738475, 1058748036, 3080468651, 421942519, 2007310896, 1948590845, 962694785, 1673076263, 3140643866, 647023935, 4287006006, 548472798, 4159211365, 1161620124, 2014029572, 2638136342, 2565827590, 2493400590, 1527339983, 634954788, 2982027779, 3024572617, 1967882296, 1068739834, 1033257702, 1558637161, 1227502394, 3108230483, 1671626267, 3868363310, 4083112736, 1876673719, 866431262, 3326862512, 3310377253, 1914482123, 152110422, 2341919630, 1571239725, 357878834, 3704887016, 2173290949, 3292083476, 804392741, 2712721051, 4111892102, 4092075672, 2370508534, 2162069652, 4227133578, 1347411324, 3538815592, 1318777013, 1282218018, 3839395061, 1709077477, 1050129749, 205618888, 2020852567, 988136005, 1040692869, 1171644490, 352403177, 580842961, 4255030406, 3099034694, 53636447, 1312947445, 3418850060, 255634263, 1176864320, 1451731631, 1566906892, 2385282124, 4292861925, 3300591908, 3676468388, 597962792, 4174328095, 3029984811, 3531921565, 3375149105, 1630778023, 1901177933, 2925092314, 694383631, 2097788545, 1724147831, 3869752043, 1445657325, 805988107, 3775731280, 2689170642, 1292186078, 3584019910, 1672626455, 1043493665, 2991564727, 1072192445, 1575459064, 2402673965, 2070845339, 3028415420, 1827992559, 1024795056, 3310440896, 3129928405, 3357857555, 1966618580, 2272598115, 2794831709, 2274798386, 1635810273, 1287723276, 1459847336, 2130742618, 3469470977, 2317984559, 1658124168, 4035816886, 3847180721, 3012085196, 1756791753, 1336352874, 1616328121, 798050819, 1239518067, 3408945355, 936824223, 83468469, 534710451, 1912618232, 1740797344, 1516272962, 2047442004, 4046174724, 1953524256, 457988443, 2105205304, 2081243532, 2720742720, 1367351247, 2737263185, 2343339618, 818311642, 551983070, 473191763, 80836546, 1956667152, 279641013, 1368682577, 1372234646, 3291684703, 154118051, 365136567, 1174887393, 2115053092, 2605177169, 2723353446, 2159584651, 4039749331, 629279517, 689599707, 2348182934, 243404769, 4089886503, 200642808, 156485416, 1776390043, 504099223, 3965400278, 1143135287, 1665909285, 21447656, 506501882, 2384352441, 480144424, 2859303006, 1145621495, 978817354, 2794055978, 4258069221, 1722078094, 632360458, 1211640494, 1123103795, 3013743777, 1193595351, 3432095690, 3901183041, 378187656, 1364246802, 2662080236, 2868826870, 2076398879, 1132587212, 786250305, 2646832108, 81889333, 843333553, 268793036, 2322896784, 2296912604, 1098594019, 4251336727, 1520010594, 2632985101, 4002934973, 2861120048, 3646712527, 3863032689, 1197815592, 2572726466, 2171828389, 362852761, 2667441, 1032053469, 1818458141, 2512340150, 3302777058, 3502685057, 1126531987, 2497539311, 1028274769, 4118936186, 3274824928, 2190635731, 931228401, 2070460968, 2649771416, 1761651193, 1727484658, 2582387871, 2140263459, 2325798783, 1445289037, 2520404970, 76156088, 2566018522, 4013741789, 2203551393, 297152183, 762412511, 1755003424, 679956804, 1301261190, 2674467721, 2428091793, 2641561450, 3622302429, 3342777480, 1766017912, 2613845028, 719731264, 1839977458, 3690221769, 24274293, 2867737183, 91), None)
Loaded weights: -1.5366182749872783, -13.598441081626309, -0.7162900781796975, 0.0, -2.440360149517833
events: 
  ----
(3, (3754060780, 953604033, 184888308, 1029367160, 2158656565, 3275091896, 2764327082, 3678082939, 3536808605, 1510449729, 3014280135, 1295079280, 2649027760, 388520030, 4277929425, 461590706, 374946964, 3917480331, 3172586352, 3660340586, 1093569707, 2575191915, 233793185, 54778252, 3450649152, 1437281548, 3971566274, 3955298545, 1678922444, 1989324110, 3069252626, 795301307, 3872714678, 3726795520, 3685697157, 1165244610, 2602711024, 2962193479, 714985069, 3688577319, 1350513667, 3502856882, 3096484905, 579656758, 721582360, 3709316, 4048466079, 4116241573, 3613438158, 1162745542, 2709973759, 2667818583, 53542707, 1697905915, 1874221939, 930505646, 4030275404, 1094308867, 4078374467, 74889019, 1596364398, 983246885, 4277935956, 2651016391, 3353793840, 1084767426, 3224457108, 2681006836, 2076797119, 400024040, 1542999727, 3796449000, 85353882, 3725159587, 500550002, 2769809907, 1693171837, 1319978691, 2879472701, 700485805, 4039323077, 675924009, 3091662177, 1034945365, 2370715679, 3632879520, 2340885263, 88452756, 977716489, 2602748830, 1042669500, 2844960915, 3584159569, 413453010, 3596946532, 4084768595, 3247919477, 1446198514, 969751732, 2478018854, 215848300, 3133544000, 1321456608, 4060380947, 1916155973, 186101271, 3793998129, 2357085321, 3009024572, 1981677535, 1107930186, 113136999, 2699601761, 2868090223, 1730344182, 743329342, 898507706, 167375343, 1624442122, 3596865174, 733368916, 49171071, 268186238, 1504965749, 3930601913, 1019322404, 1406972377, 14589156, 2587621947, 2925621064, 2631415413, 393776879, 3566369687, 1518739086, 3945128883, 1415856496, 1114593189, 2999121599, 535995553, 1218449103, 3027818603, 1843008232, 2604362211, 3410025211, 2626991693, 3175525335, 1917705096, 3991605785, 3792462649, 1220067053, 4050171729, 2485555436, 478848040, 1781964296, 3773579990, 3111432091, 1318931324, 4125992585, 2749226125, 471298686, 4234465165, 554394679, 2212953901, 2203051621, 2882389530, 644186033, 2391548515, 2765718125, 432895222, 3610027539, 3102266530, 1509170735, 2886979010, 880987335, 2723457497, 2150469359, 2727199171, 2510261735, 3510992292, 3471034706, 3554041505, 2566268030, 1051656044, 2401858519, 2204939680, 1094052895, 4128149367, 1935502409, 2599818274, 948775839, 3990958269, 2948057055, 4292076070, 2492082459, 3257094964, 202432227, 3014448689, 1144667162, 1891838338, 4101675835, 745041228, 1868330023, 2424126958, 494122427, 4060417296, 1719716767, 451057242, 1524688838, 735331271, 2965976141, 2025402531, 2974121569, 2427007266, 2661725936, 4104888658, 286702309, 2593020842, 2583917608, 1188631357, 1685588045, 2337435728, 2471191801, 411100327, 1666219427, 827145719, 2259447112, 2115258450, 2166590787, 37245700, 3186796354, 3884906557, 3999624693, 218316994, 2709718278, 3595351806, 2484291572, 1231183198, 1983625917, 2780244990, 3862921961, 652952442, 2400061193, 992667064, 2342734135, 2955386184, 2719757422, 3064086962, 2302431695, 2503253616, 3570171283, 2108344004, 4106363333, 3069663656, 1276445550, 3616965873, 47085069, 2961571617, 1022128583, 1738010564, 778392858, 774660660, 1997379057, 4011434862, 1062457720, 1988164661, 535428985, 1100946577, 2781035382, 3690027252, 4020440069, 1598053797, 3712048531, 3098301459, 1677821242, 104076620, 3417207294, 533023064, 3335829422, 3658501289, 4115055633, 664795165, 3508200244, 1296135846, 2534931204, 1556477716, 2449657372, 746890943, 1079059565, 3976294190, 2458575689, 228163595, 2673083658, 181435809, 4031554406, 1842265981, 2293404414, 2152311566, 2040410043, 3644839761, 1937496699, 3597668668, 900242371, 3135668972, 1047293141, 4267839755, 334215493, 693789875, 2122434259, 3966756698, 2655045941, 2133038819, 3888089830, 2225146577, 1791984331, 2085205802, 4094505140, 916989768, 3571901917, 2478558706, 2913640621, 389804661, 328752805, 2787611607, 1967613635, 1395404775, 129250914, 2558699088, 2595310734, 3757051413, 1067302575, 3934388758, 1135146558, 497588249, 4175853581, 1377960018, 2313243616, 2746094464, 3609892382, 1491110495, 1304950236, 229522013, 3596396362, 1018543691, 2296787714, 79207110, 476680401, 2756332480, 2781911135, 3727756468, 608492877, 1161838509, 1901909254, 2695180987, 1550497589, 160386822, 933243186, 365326341, 1279828477, 3842694850, 566502376, 1385219820, 3152292685, 307793513, 4259142513, 1705423668, 4127947915, 388863373, 918451425, 3091302476, 2699688187, 1750793050, 422363602, 361927707, 1876225413, 665568345, 3721339298, 417348866, 1402225724, 4139312546, 546273194, 1688861699, 2895901909, 4080766108, 3121698372, 3875665051, 571112787, 3745278661, 2260799377, 1053995594, 2637028958, 875832206, 2404966279, 2748065223, 1716907441, 2542847866, 1617090918, 969536663, 2704968749, 2060577911, 1471369615, 3565431549, 2799446898, 2246501160, 1431759498, 2671111166, 4281300688, 388996463, 2982855723, 1443337011, 3078497534, 4121054356, 4204313324, 126904164, 3059861309, 245830668, 4073847452, 301608619, 329578552, 2306952142, 1421283459, 2137890870, 1147156801, 170942855, 379422533, 3225447911, 4140319263, 3599788830, 3219145447, 3877355024, 2930930605, 1093171096, 714378080, 3634922810, 1057052636, 2222326450, 147226855, 42095045, 1443610021, 3058908231, 1984851471, 4244320866, 2570754816, 1086628593, 1071739898, 1497839586, 3063140268, 2582044810, 1656953308, 854262272, 262949450, 2934536059, 2529252968, 751233452, 3561956856, 1933459690, 2201342046, 2373201002, 3081389652, 2296902938, 667723297, 1230148946, 1348288433, 339485936, 2409545823, 1489532609, 992307639, 41974267, 1017887396, 1618791969, 631272800, 2836128215, 1952995581, 1594289976, 3426638424, 328101153, 1601630465, 2533828618, 2489469931, 3533876547, 2641795580, 1939162563, 1778107054, 3738310469, 3253699813, 78292764, 2352543683, 2007054332, 3279917839, 1356727748, 1178241389, 2979251366, 3413674323, 2742648771, 2205993601, 1052204019, 1293315186, 3601011321, 1822517109, 4033962802, 2242439737, 1553225784, 2081169500, 1593896332, 561526852, 4174518120, 3406156297, 76446505, 2936332778, 2496438277, 354569803, 2271523051, 3419893090, 2422896125, 383027511, 3507284328, 1556342745, 3127882370, 3062415227, 1120626180, 2570651685, 1246215753, 1388719215, 471453321, 3512738493, 2697645473, 945008871, 3098701610, 1542822798, 810790152, 1689204163, 2659682201, 3147356535, 390224593, 2225214369, 3901525703, 3661790513, 1700337649, 3616458542, 3877382930, 2344175532, 4106754120, 839287102, 3778801819, 3448042092, 3385666936, 2164210023, 1245998336, 1684642738, 21027232, 2184939136, 3442953221, 3556087144, 4247711318, 3200936373, 2012894833, 2494912977, 389406246, 3855879520, 383229765, 4181819977, 3643182187, 3695455661, 2264986134, 2027317061, 1459632409, 1357000761, 1224588820, 1239037747, 803835108, 2601397919, 3853185459, 2479374111, 4062894160, 4044281560, 1349918183, 874063315, 1207322329, 1240229836, 2834160011, 1937627816, 3312868914, 2386955959, 2560173539, 521785950, 774279564, 341914589, 3646837502, 3254173764, 2085193402, 681079636, 2621814017, 3186047618, 885225772, 714721433, 944132653, 1439263855, 2475839874, 4255401418, 4293696284, 2311736187, 2647585660, 750185900, 2676631550, 345577455, 3171065741, 773559853, 4049391662, 3944346163, 2564188613, 3883410494, 2631304071, 1908266368, 4083028804, 2441472368, 1949976096, 1565387790, 3918298082, 970075548, 3660300967, 2501495870, 3534189834, 1310803231, 3961352342, 1445511521, 398), None)
Loaded weights: -1.3275001900965244, -12.763500050958614, -0.7162900781796975, 0.0, -2.506782314729128
events: 
  ----
(3, (4276732422, 917951323, 3454111646, 491089518, 4210027074, 3020255, 3287716579, 3688473365, 319162852, 3294203018, 49170655, 1266155765, 1741830744, 2066243601, 1916929858, 745704074, 2432278649, 2363374616, 3990941064, 1014870474, 4191330924, 1131446730, 3904829846, 3359561688, 3770746691, 459345511, 830489127, 2223758688, 1648911606, 3808160293, 2478785588, 3227163947, 4246476904, 1285147419, 3224810816, 2992434093, 3334668071, 1804769431, 3622578619, 3643940563, 3508220518, 556365446, 2733367552, 3868030287, 2968112229, 381935880, 810864520, 637880847, 4070357543, 2271342640, 2234992796, 1521198970, 1792052355, 2279371546, 1366897768, 2950527440, 2683317472, 1222413105, 2943041384, 956026187, 4233930184, 2864969617, 3065835698, 1673999736, 895426160, 1214645053, 126968722, 2155610646, 2828587780, 4144882902, 1964401729, 4056572718, 1847078889, 1182473616, 3985899308, 2612657455, 3935828390, 863366385, 1823270294, 3562866077, 558855363, 2402216822, 363957561, 1049893037, 1145263092, 765079634, 2441818329, 2639310143, 3972666537, 3495264636, 4154297670, 2156119261, 2668180839, 1818028126, 992290517, 3915443679, 4012353933, 2389960720, 3204288778, 3742440329, 1835197440, 1283263167, 2053828189, 2434667579, 3659811718, 1833245169, 1603402354, 1900662587, 3227173980, 1674675471, 4110506735, 2380423640, 4287731306, 3517097980, 1322723371, 2578906248, 3673895977, 2315228788, 1295626078, 574491319, 4294721807, 1871297138, 3273405527, 1084699213, 956760056, 819850237, 1505357712, 3548389749, 1895318563, 3519938724, 2107457242, 221341393, 1678252527, 2705383904, 3401330372, 1594846926, 1649810457, 836089681, 3225101596, 3343505309, 3585053303, 2696098328, 484416132, 3736894112, 3323239423, 1410051486, 1992813165, 3770766955, 2769119070, 3186885082, 759657491, 3143280787, 941802610, 2049081437, 1378651207, 3229185755, 552526107, 2034218944, 3678617113, 1948640518, 136763553, 2181868146, 2711222347, 726343082, 3936938865, 2221808850, 2976123873, 3647274909, 3428924531, 2088093238, 232250010, 990301913, 1405599591, 2784212904, 310262597, 204775012, 1342519345, 3948932682, 795270746, 1752552457, 4050568978, 2326974821, 991551639, 3909216292, 2114481992, 366165052, 256839993, 2573406671, 486839671, 1204678762, 1343957936, 673766413, 2014546038, 1503194732, 1159184366, 1568837449, 3775019787, 2899965149, 3522132173, 342860485, 4060835068, 1303653337, 1786681350, 3716215748, 3499370915, 3194700129, 3292785911, 3432514742, 1843930150, 3315675250, 2401688396, 1215502728, 1665841217, 1182074549, 2830803115, 1252571225, 3462238807, 3215113250, 3261997879, 3400196589, 2025902396, 2327889809, 3015377645, 4191252035, 3445247258, 1801200196, 4254217805, 3460093712, 660481186, 85519951, 3299762390, 2571978941, 4233388107, 139953398, 3960684501, 167098637, 3869077948, 1537148095, 481809475, 25140388, 2538004730, 980480503, 3567740564, 157541223, 2929018464, 772930907, 439951871, 844263832, 2409234054, 1289709532, 735143566, 1425708340, 2788333594, 76752267, 1004978244, 4262191292, 1522208121, 2988373399, 839423087, 3063977849, 1934157888, 3313405567, 1163333760, 3919901243, 694210953, 3880147691, 2432286864, 1190590609, 3505490261, 3447908732, 3367064517, 3109816347, 3764683327, 2076501045, 3001469665, 842511750, 1045181630, 416806795, 4108202937, 3884183967, 2989563244, 517077420, 2382478214, 2997757165, 58386303, 3800604082, 978069452, 1455294706, 617326445, 1026670282, 3439022664, 3931555819, 1605217823, 464518669, 4161348724, 407488355, 1913219418, 339162310, 2910871190, 1007080385, 3997140377, 2494653338, 2979333617, 340443319, 1021847926, 4256660361, 988365572, 3096928680, 1211757114, 2051212553, 3371107862, 2859519224, 1932457039, 1438676616, 4029574635, 942057855, 2481211852, 3253754971, 905291506, 1127443252, 3854556937, 1739429081, 2233275445, 4293019329, 859579179, 2419535438, 2626188873, 92903077, 1141684365, 1422076336, 1941928265, 4078262031, 1726631050, 223750065, 2485859736, 2120058754, 1136935476, 2829616685, 2929995057, 1232398895, 100337120, 3501237796, 4245207734, 2715270532, 3138651341, 1595120882, 2613144584, 4176712110, 3173088329, 896940268, 2605836397, 3455003096, 439979611, 238953965, 3989071546, 411391572, 354726360, 342173230, 1566788136, 2138810396, 3783780082, 1475948614, 4245397196, 1819159920, 1796730649, 2988836294, 3655881379, 2295669688, 2015752470, 189911848, 3985257932, 3714807390, 1616503096, 827716632, 1629749907, 488408501, 1852825999, 3152993532, 3043289918, 2552784704, 1305467463, 1905851426, 3148306053, 1533420116, 3592631734, 4000358669, 3568664217, 2440247279, 1727951516, 2829820022, 67329505, 169234769, 1096521349, 1569148118, 1940128767, 3270454581, 2304315878, 2437403467, 1317036056, 2512129956, 954833894, 2735830287, 2207614014, 3937141952, 3953406403, 1947917204, 3400753804, 2272009523, 3240799118, 1205849181, 705127697, 1650405291, 3501040562, 3680309903, 457139, 3149276825, 3677871100, 4050271476, 3541167964, 455462916, 1726176500, 372922149, 1700046613, 2418512021, 3791890060, 2420114313, 69741250, 4006259341, 3419084380, 1925021732, 836599307, 790723298, 2055914260, 1796121382, 235906589, 3890372527, 2984794594, 3597688842, 3662731884, 910538518, 719284848, 2555274013, 2880695500, 501149395, 3806832763, 2362197157, 732366381, 1016742843, 2468504376, 4287625952, 1834212650, 1221238500, 810248689, 922045901, 1153202627, 459031246, 1993392647, 2704977750, 833880009, 2176168579, 2264505311, 3568978797, 4038655204, 2249494152, 1321864910, 72543836, 3930186080, 843087177, 1954850648, 3303306245, 3342343095, 2681318030, 1552916080, 4264355130, 622581937, 1793870687, 2425490089, 2942529959, 3500150364, 3625405971, 3015192390, 1635570921, 56806705, 3983642554, 3998681547, 3691061639, 2301335833, 3365634544, 358282422, 2349240726, 2727934136, 2663465607, 3032852264, 327103760, 1363091016, 3482175467, 1744767251, 1382786929, 3352091243, 163637535, 664073451, 777733150, 3970449405, 539782146, 1905802982, 2288136159, 3664727090, 3994073319, 472137789, 1142952535, 778459439, 569241875, 4213703986, 2588400653, 735050167, 2347073568, 3322816819, 4026900417, 3527547218, 273928265, 3575380096, 1101586953, 1428588764, 2510114944, 2721206100, 1581233426, 1645003947, 1406437519, 1069479546, 4191916829, 449546146, 3889266857, 436969032, 927036001, 3449149839, 1137044066, 3044947746, 477776198, 2037470694, 2551390402, 2235667600, 3996225956, 3736690679, 4243461962, 2232194566, 9507566, 2673410831, 1825704446, 2648972644, 2644347013, 1231332039, 877501133, 1452272678, 263234893, 2443649878, 1426590183, 3394494780, 1522703385, 2699669747, 2413361706, 2807658024, 3673210458, 1450666, 2724585905, 2805871978, 2467345531, 3026974035, 3689247796, 993643560, 4055935776, 2792456765, 3049006018, 1973448776, 1673272236, 999110665, 1039311745, 3315800666, 1014514919, 2975062187, 533213247, 857472647, 760145213, 2071060544, 1096459491, 2999065274, 1028445888, 3256010910, 2875653429, 1478601524, 2843611313, 1332134482, 2935958983, 463886631, 2663372009, 138655432, 114463669, 589610051, 4031426577, 2707892000, 2133202677, 3895317325, 3378727935, 2143365133, 1140722913, 3893948615, 2367196272, 3415979699, 2599696781, 2040362185, 3155559355, 1010394570, 1566494108, 3863850897, 4202573530, 2337109638, 2893553941, 3147255949, 3607486074, 1191806700, 3143767546, 1936451355, 2036475765, 209705320, 4130205925, 14), None)
Loaded weights: -1.1750053457610465, -12.119074501920059, -0.7162900781796975, 0.0, -2.5262622636532504
events: 
  ----
(3, (1393822265, 1752213463, 3676223635, 94269127, 2047790911, 996572560, 508061077, 2720478513, 1446387153, 315422268, 1004055958, 4072912546, 3812838538, 321283760, 1952869102, 1104790353, 2637302915, 1995870071, 3850960508, 3890121418, 2429713425, 3880686487, 2134555624, 2408279946, 3263324361, 3835442905, 2455928357, 2468844791, 943015492, 1308068056, 401560775, 3041204840, 2381960566, 298198187, 4010262507, 2162363480, 2278514610, 3169911327, 309583897, 3647324369, 2263145289, 3408210668, 3691756910, 3953343645, 3543110553, 3013184264, 2547317515, 1117865399, 3481058493, 1765581411, 1372557318, 1061328294, 4234265453, 99567390, 1596203532, 2142470017, 3415455882, 1393157751, 3727234228, 1224642787, 1834214465, 1793951632, 4032178239, 2622887143, 1770125868, 4084223277, 2250936195, 445015884, 2144607287, 163734431, 178605278, 2592079987, 3889822413, 4059161633, 1258677446, 700736163, 1050583965, 323857018, 3653925198, 1497169943, 2834564124, 57702431, 1582690970, 2442757820, 2008140992, 2461001090, 986802682, 20624192, 3022774585, 4075118522, 299029313, 3285638874, 4196984249, 637721357, 863601847, 1516159793, 1413923096, 239195853, 957217520, 290355987, 3982332657, 1676746138, 2554811357, 1250349352, 3253827641, 3277898436, 2172664640, 1370840264, 1619156359, 2045202842, 2833352715, 1676446472, 754008489, 3490020837, 758550359, 257765369, 3736606519, 1297296920, 66205092, 1626913131, 2277589752, 1791275942, 3909679536, 3382216572, 3234768680, 2046459668, 626389221, 1128717722, 1993913664, 482499526, 3427044152, 2494712402, 3917210605, 2140508352, 2287351758, 2988974235, 3064142102, 3985132289, 3110711667, 1184976582, 1277415498, 924752036, 3075284370, 2135124400, 2218018667, 2094144030, 1434848416, 3616155049, 1584075267, 1358039513, 3900173672, 3254091613, 964982900, 4185543739, 2373554559, 2683317364, 858750637, 621677701, 790297444, 1464352179, 1539623200, 1764621321, 3665655039, 184922959, 2563223603, 3249313669, 1474244256, 1476795276, 3978975072, 2994739230, 1601086343, 2345837380, 3812192500, 1984311104, 3014028528, 3299499151, 1444146313, 1816024868, 2428565850, 4245977555, 3760823434, 1977063487, 726189101, 1277151523, 665287459, 3856586755, 3571686619, 1699274974, 514469621, 3927924038, 645538796, 1680371471, 2243061639, 1844256165, 423025340, 2989487229, 1373347416, 4189895281, 3589141000, 438372925, 261625122, 2488822563, 1374056215, 426735427, 257842064, 2229825193, 632426170, 2666324692, 2949125193, 2349390613, 4274894153, 3509622838, 103034942, 2976679232, 2701271407, 1483462245, 2779738315, 1936906178, 1344659772, 3354867731, 1265438061, 2279388997, 1585582596, 365347222, 214709847, 2881385105, 2436078445, 12261480, 4092878895, 4182345976, 3492837958, 2636926917, 2135801835, 2974370464, 2144688488, 1702405391, 3859530940, 2894853992, 4068243696, 3907009783, 3608587924, 1580587428, 2623570493, 2323165107, 3103179013, 1906105948, 4277645830, 2535359314, 2166431865, 1792149679, 2784371984, 3516607684, 1071453379, 2408652295, 2887935145, 3428872231, 3455075020, 3622022703, 924705035, 4099776854, 2859586379, 2376873899, 758760858, 1249347497, 375037877, 1510932561, 588647494, 932491068, 2917424722, 559653971, 772114511, 974479961, 1467173325, 397356708, 465215348, 3495601890, 4234144121, 4071110917, 3582713270, 2776190427, 1250409416, 1478819791, 3219971368, 321289194, 1649256622, 2198800210, 1671533722, 3862857512, 1953847541, 3593175323, 1886767053, 2673843708, 1739522804, 3123584441, 3484038178, 1188079770, 64616956, 476406677, 1569446220, 1238272222, 3148436972, 2328352481, 4209619495, 552253222, 3030296417, 2227099852, 1165406403, 3437821185, 2807646788, 2049077649, 3298943168, 2536375864, 3092242118, 2614030288, 3290519328, 3185165791, 185975112, 1260912696, 3796855616, 1375714018, 3437011390, 2835332722, 3165081742, 2496684114, 106578410, 3997266187, 3397517470, 1448312424, 1234209090, 948985766, 3926182512, 2995019388, 1556308419, 2341839244, 781950729, 1096842397, 4105937491, 1723543116, 2656980672, 772588377, 4166856439, 1404228108, 1605824827, 440051086, 584769633, 236094368, 478245308, 1079593987, 813674448, 2108210521, 2943292304, 349884634, 3891125565, 330810296, 251950768, 2085285292, 384878801, 3807718956, 2869927516, 3652718740, 342427875, 3067345064, 3290379811, 438328901, 4103817698, 1284843773, 46915354, 808528065, 850817328, 2173175668, 301388447, 4095260663, 1685643282, 4229741878, 1074583468, 4032057883, 1292199847, 2999294199, 2380352765, 3328910728, 3249941034, 161647330, 4064492894, 406774902, 3409898716, 3695768823, 2264471195, 683405422, 2105027634, 24406736, 2533763896, 560122798, 4017041902, 4144340864, 3766042057, 2844188563, 1663779172, 942576523, 2165089430, 3209542919, 4274398488, 4067208943, 2986106607, 3133752503, 372456174, 3046721564, 665503637, 2159855949, 2402340558, 2806236794, 3828936233, 267496186, 293134747, 233328861, 3785048909, 1932641035, 2460631868, 1341314114, 700090125, 3066284541, 4294477544, 2996058601, 590646504, 551177502, 680790890, 2549737321, 3024940964, 1786617356, 3976637233, 3489685709, 251644466, 840645146, 2976857914, 3149753707, 873823708, 4147919032, 3878742800, 2481313919, 2316452797, 323716358, 608371729, 4108048137, 2408321491, 232002601, 2887533903, 2633945845, 1085450513, 1123826929, 4162538037, 673971345, 832802532, 2380345968, 701260968, 711268179, 219494671, 1368699379, 3923042131, 299971965, 83764827, 2772026075, 1109188553, 126428954, 645063243, 2171519963, 2929885254, 3344730176, 684241548, 3981770040, 3847181177, 1727283001, 3314580212, 3601927741, 1317711041, 896724609, 996152866, 274765298, 2758475939, 3450217022, 613956370, 1711342432, 1713882284, 882619118, 4208506874, 601061110, 552308275, 3934297432, 2416992686, 3772557584, 2343534432, 2088090054, 2619315765, 1278757921, 330341081, 193561442, 2304441366, 1192454660, 2439431988, 2498450853, 3892160009, 3719398247, 8555691, 3034984533, 2152501475, 3298031114, 1871814197, 3099360175, 1266262391, 2644323081, 3812378171, 836190560, 2597860284, 1608100407, 1462000011, 2941180062, 3821815608, 2390424755, 924974628, 424987492, 1316930823, 1294139060, 1139989602, 3845746764, 1277034714, 1388371542, 1937422620, 4119137222, 4180442182, 2759208657, 790802352, 3079434742, 2315962285, 4187711557, 102158627, 4206161115, 2903115824, 3185988053, 874468658, 4162406963, 2603062873, 4209972366, 3973457666, 846546948, 3283013242, 1234405963, 190875983, 1961581080, 664190493, 3257839372, 2134493935, 1092464946, 402529771, 756922361, 1888588658, 3260125493, 2782906948, 1824094684, 3438911861, 1668850390, 4117242729, 258988759, 3874356897, 1854967388, 3378134170, 2804201702, 3057370286, 1566770358, 1140750659, 2780940515, 1800570780, 2508620026, 1088730223, 1477105733, 1070370422, 2555338087, 3349720348, 313402109, 3130798069, 785272602, 3258349594, 1734906529, 2618819065, 851216016, 3320778498, 261211532, 3159573836, 2315713043, 352575185, 2021252473, 996425775, 2745980682, 2488760441, 541119918, 3670176342, 1189741694, 2857423300, 3123486670, 547745699, 1095057679, 310578258, 3378952555, 27633686, 2800022389, 1218700468, 3758206747, 4098481871, 1898194811, 303663505, 611328145, 2392931296, 2891943867, 915505848, 1628474315, 2708988826, 3277827544, 3884929083, 3116053675, 1794541037, 4102219854, 1020510547, 265450172, 1388068069, 3863400829, 194549566, 2477388967, 294), None)
Loaded weights: -1.2051243049492806, -12.10056944297583, -0.7162900781796975, 0.0, -2.4022439034702714
