Starting iterations: 50
(3, (1369040976, 3579813981, 1999838167, 3874412957, 2972471755, 1863193120, 2197781355, 2647367017, 2936924992, 404747737, 1538242107, 90870521, 4166568773, 3536760380, 1845365553, 3351411657, 521954789, 2764055194, 3245702913, 2935599721, 1443865338, 2365301248, 4016105697, 32734632, 4107579693, 2219838414, 1957911014, 2255654448, 3971539080, 775556276, 3475392409, 2804110469, 3726850977, 516308897, 1494972253, 1047577869, 3063749422, 827511472, 2740263784, 2515459390, 982780426, 1021027139, 1748279942, 2817457516, 174530709, 1674644859, 1147514968, 3108939973, 2486113768, 2939866316, 644023345, 610630494, 3191179888, 4235240328, 2133495334, 3210885352, 4266557899, 3418574915, 129055396, 4035642614, 3352024878, 1288048030, 2128301989, 1306717406, 2344819109, 514888677, 1750777722, 1317937057, 3649213428, 1603299431, 1067859958, 3029447818, 367489627, 1734120921, 547414863, 993850151, 3200079574, 579594400, 247555006, 3474160918, 1790545836, 2906667662, 1233029689, 1608015237, 2175834344, 1484817627, 2535800093, 3433510889, 398286517, 3016787453, 2385960117, 4036251574, 929853720, 356904585, 2570504870, 3538528399, 2713096227, 1335071452, 64062595, 3314632801, 1357604757, 2265940035, 732152565, 2583657678, 1456547256, 1899018869, 1043103348, 1809864044, 1135234489, 83941722, 2540384322, 64345928, 1553463481, 3894776865, 3920671341, 3183154198, 3800038081, 2985782705, 1818370144, 1600241121, 645728991, 2131988002, 561638933, 768665311, 388731098, 234047859, 1594610426, 1007565946, 2886593949, 928898811, 1902207707, 2388562685, 1723141563, 1930922192, 1038663972, 3699440198, 3279433758, 801805711, 1916150619, 441079188, 3775122068, 3481341134, 1773718032, 3494205838, 3774682550, 4142292856, 3655428689, 4210114783, 3284961635, 1943154074, 1439105423, 846440237, 3944018765, 1578474629, 1549649939, 877874528, 4258526551, 3469912364, 2409700457, 3777765007, 4065887181, 2936413478, 2055777030, 2417387565, 4186481415, 2893927330, 1472371719, 2820308538, 3651267691, 1661306801, 3374396004, 4162146126, 3654926420, 3063387102, 1684280888, 1925948061, 3984443768, 814668113, 2884914804, 1629561057, 1782382372, 344384855, 2963820554, 3382024139, 2072953273, 2527360861, 2892986601, 2688605340, 107007219, 2015528740, 48568917, 2653454316, 1935254399, 3580223999, 1707967019, 3766405144, 2258589759, 3610553465, 3903858930, 3570382220, 338699745, 506654626, 1841748318, 3972592836, 1946126071, 1957208598, 1302642409, 3454819238, 2552492191, 1047645167, 2161461187, 1886636270, 2886781588, 2197500271, 1232620557, 3445956524, 3419157856, 2678930092, 352036455, 2604524065, 3923358687, 1514811860, 4257120032, 550732309, 2322069416, 1694125920, 3458720203, 1132798909, 2879580162, 494681115, 684948972, 2280373371, 847670301, 1878657440, 1471189492, 1029829666, 1557900499, 2861457372, 1966730067, 377428855, 2177893968, 2370426247, 1407083989, 2637075945, 2753677304, 2780376025, 671807951, 3938008406, 4188428407, 342599073, 4106047815, 941917366, 1616695167, 1721505434, 556896986, 2401984490, 610522644, 3301282993, 432335775, 3584382410, 2543533420, 3193732746, 3146959094, 733052035, 241575181, 116275876, 1092858537, 767885230, 2929175451, 4070169477, 3204998489, 2571367740, 883464208, 3909618789, 2740070753, 843819172, 2799349258, 2040405447, 2599902864, 4125127861, 2280053064, 3832742431, 4027970087, 1331653344, 733717224, 2856767565, 924162020, 2827140773, 261889257, 1768096043, 3278030285, 1082176776, 3213185973, 2137935766, 3665184514, 2159059009, 2982026199, 4006974, 1122179293, 3015339294, 3721788414, 3179968918, 3846083881, 506847293, 2818163625, 52948726, 1334610563, 3676994669, 207903418, 1764043523, 3982594623, 2595337051, 330323769, 2983865686, 1287853260, 2096593174, 1887316433, 2555844474, 1964412028, 1043116863, 2046818963, 460180393, 276997172, 504992662, 4171565905, 97964398, 3820003372, 4225520047, 135325389, 2160420901, 3953945756, 388047887, 2862648995, 4290056429, 1826766237, 3221908300, 964821737, 12073917, 687104423, 449968040, 3822673595, 3635752160, 33472627, 2416697756, 2038930861, 3305088943, 3069595972, 975765311, 3345529682, 2891512040, 3385350361, 2118110708, 944773747, 229562253, 2874599016, 635938835, 1179957594, 255222887, 3315440547, 4202694101, 2993598243, 2817987192, 1936994972, 2867305529, 483859663, 3241073611, 4188647662, 1252643355, 3395174195, 4277985216, 4032505267, 1642870310, 1569076143, 285636879, 4204814197, 876625791, 798361629, 102667976, 551635445, 1174750494, 1065104375, 1087169032, 2505040784, 3638960258, 1550737372, 1298898191, 1731422911, 3243539914, 9714139, 3321468136, 2436242536, 2592339153, 4229457039, 3614577762, 706405629, 3278971416, 1066446525, 2320526839, 1756019383, 3306620737, 592468105, 333574506, 1551900550, 121918622, 1070467126, 1285958694, 237190514, 264355, 755726251, 4039211479, 2307854254, 1450350175, 3675577776, 3167571605, 3749369707, 1545216164, 1335907484, 3419153290, 2986918777, 3884303603, 2465368187, 3693529873, 543702987, 447629142, 2423201810, 3329594200, 846834288, 1572912681, 3935695209, 1181618264, 2053375230, 3232953899, 357108958, 2287080071, 159183638, 612085531, 2325664630, 3700783891, 2765448113, 1001078891, 3545711174, 1389726111, 2966945786, 3543267548, 3882073202, 1752776760, 1681634629, 4234974837, 2841939722, 1943008436, 2657709239, 3093943713, 2539780992, 1841261252, 3209895454, 633714442, 162727499, 2842180892, 1270895655, 9192618, 1351291011, 915371702, 1905082203, 4117652334, 2309573214, 910329586, 4238428311, 3176748003, 2152169439, 3398480862, 870839639, 2610889998, 748423939, 3397442629, 2582606292, 2298530959, 4272688342, 715070979, 1534544592, 905278184, 1560757397, 1182548664, 4037804934, 1263258355, 206866298, 3780973163, 353526880, 2964276090, 693344865, 2339699106, 2318153707, 300466758, 4257154421, 3437104730, 2731561987, 34972121, 3269035995, 3577039557, 3006767505, 2113922385, 3741582532, 3608113038, 3139487854, 1406562187, 1270715721, 3467266978, 998141259, 2074293779, 4198123462, 2631361380, 308281623, 387248828, 3419202693, 1539204964, 2509816782, 2374470725, 3296257398, 3032811977, 2364582982, 3358099238, 2871459030, 3870889521, 853299123, 2477471319, 1367234686, 1976803629, 2204166358, 1968942606, 3238391259, 2858338002, 4018867463, 2936734049, 2206943078, 2059145177, 3544382958, 1645176128, 854989121, 4074425358, 2258247664, 2349309592, 3580695724, 1681974663, 4113311273, 294604012, 3443353850, 3170410486, 712618272, 2006738092, 482856893, 383775250, 2719553584, 1369639282, 4231970464, 1145614343, 3307540992, 3450849281, 2121123909, 4101425366, 697419318, 3763832870, 3950234188, 2888379597, 3405038351, 2781125740, 3470019055, 3578800958, 2362309316, 4134772791, 3755658156, 1745250238, 4050803748, 1135138962, 3737024226, 2542711279, 2615601771, 2876525747, 2305502295, 3840204443, 1986008811, 3105266799, 2074604043, 576149165, 2344858921, 1735501869, 3275103785, 1204398128, 1482163970, 1009133760, 2378623239, 854924713, 764387679, 3736542736, 2947413712, 2411954384, 1787846183, 2950961855, 3563799232, 630071447, 2346992569, 1932390129, 150467126, 3500927692, 1024783762, 844018094, 230275130, 11381223, 4134616183, 4205449388, 1481639989, 4239688547, 738226088, 4202590209, 603776762, 4171569818, 1324543690, 2980646770, 2732171257, 3392772521, 756301066, 1472206859, 4122446389, 1002523088, 1173529430, 391928469, 1), None)
Loaded weights: 30.956078987058373, -2.02082254797569, -0.7162900781796975, 0.0, -2.4511063381452765
events: me found the exit, 
  ----
(3, (1369040976, 3579813981, 1999838167, 3874412957, 2972471755, 1863193120, 2197781355, 2647367017, 2936924992, 404747737, 1538242107, 90870521, 4166568773, 3536760380, 1845365553, 3351411657, 521954789, 2764055194, 3245702913, 2935599721, 1443865338, 2365301248, 4016105697, 32734632, 4107579693, 2219838414, 1957911014, 2255654448, 3971539080, 775556276, 3475392409, 2804110469, 3726850977, 516308897, 1494972253, 1047577869, 3063749422, 827511472, 2740263784, 2515459390, 982780426, 1021027139, 1748279942, 2817457516, 174530709, 1674644859, 1147514968, 3108939973, 2486113768, 2939866316, 644023345, 610630494, 3191179888, 4235240328, 2133495334, 3210885352, 4266557899, 3418574915, 129055396, 4035642614, 3352024878, 1288048030, 2128301989, 1306717406, 2344819109, 514888677, 1750777722, 1317937057, 3649213428, 1603299431, 1067859958, 3029447818, 367489627, 1734120921, 547414863, 993850151, 3200079574, 579594400, 247555006, 3474160918, 1790545836, 2906667662, 1233029689, 1608015237, 2175834344, 1484817627, 2535800093, 3433510889, 398286517, 3016787453, 2385960117, 4036251574, 929853720, 356904585, 2570504870, 3538528399, 2713096227, 1335071452, 64062595, 3314632801, 1357604757, 2265940035, 732152565, 2583657678, 1456547256, 1899018869, 1043103348, 1809864044, 1135234489, 83941722, 2540384322, 64345928, 1553463481, 3894776865, 3920671341, 3183154198, 3800038081, 2985782705, 1818370144, 1600241121, 645728991, 2131988002, 561638933, 768665311, 388731098, 234047859, 1594610426, 1007565946, 2886593949, 928898811, 1902207707, 2388562685, 1723141563, 1930922192, 1038663972, 3699440198, 3279433758, 801805711, 1916150619, 441079188, 3775122068, 3481341134, 1773718032, 3494205838, 3774682550, 4142292856, 3655428689, 4210114783, 3284961635, 1943154074, 1439105423, 846440237, 3944018765, 1578474629, 1549649939, 877874528, 4258526551, 3469912364, 2409700457, 3777765007, 4065887181, 2936413478, 2055777030, 2417387565, 4186481415, 2893927330, 1472371719, 2820308538, 3651267691, 1661306801, 3374396004, 4162146126, 3654926420, 3063387102, 1684280888, 1925948061, 3984443768, 814668113, 2884914804, 1629561057, 1782382372, 344384855, 2963820554, 3382024139, 2072953273, 2527360861, 2892986601, 2688605340, 107007219, 2015528740, 48568917, 2653454316, 1935254399, 3580223999, 1707967019, 3766405144, 2258589759, 3610553465, 3903858930, 3570382220, 338699745, 506654626, 1841748318, 3972592836, 1946126071, 1957208598, 1302642409, 3454819238, 2552492191, 1047645167, 2161461187, 1886636270, 2886781588, 2197500271, 1232620557, 3445956524, 3419157856, 2678930092, 352036455, 2604524065, 3923358687, 1514811860, 4257120032, 550732309, 2322069416, 1694125920, 3458720203, 1132798909, 2879580162, 494681115, 684948972, 2280373371, 847670301, 1878657440, 1471189492, 1029829666, 1557900499, 2861457372, 1966730067, 377428855, 2177893968, 2370426247, 1407083989, 2637075945, 2753677304, 2780376025, 671807951, 3938008406, 4188428407, 342599073, 4106047815, 941917366, 1616695167, 1721505434, 556896986, 2401984490, 610522644, 3301282993, 432335775, 3584382410, 2543533420, 3193732746, 3146959094, 733052035, 241575181, 116275876, 1092858537, 767885230, 2929175451, 4070169477, 3204998489, 2571367740, 883464208, 3909618789, 2740070753, 843819172, 2799349258, 2040405447, 2599902864, 4125127861, 2280053064, 3832742431, 4027970087, 1331653344, 733717224, 2856767565, 924162020, 2827140773, 261889257, 1768096043, 3278030285, 1082176776, 3213185973, 2137935766, 3665184514, 2159059009, 2982026199, 4006974, 1122179293, 3015339294, 3721788414, 3179968918, 3846083881, 506847293, 2818163625, 52948726, 1334610563, 3676994669, 207903418, 1764043523, 3982594623, 2595337051, 330323769, 2983865686, 1287853260, 2096593174, 1887316433, 2555844474, 1964412028, 1043116863, 2046818963, 460180393, 276997172, 504992662, 4171565905, 97964398, 3820003372, 4225520047, 135325389, 2160420901, 3953945756, 388047887, 2862648995, 4290056429, 1826766237, 3221908300, 964821737, 12073917, 687104423, 449968040, 3822673595, 3635752160, 33472627, 2416697756, 2038930861, 3305088943, 3069595972, 975765311, 3345529682, 2891512040, 3385350361, 2118110708, 944773747, 229562253, 2874599016, 635938835, 1179957594, 255222887, 3315440547, 4202694101, 2993598243, 2817987192, 1936994972, 2867305529, 483859663, 3241073611, 4188647662, 1252643355, 3395174195, 4277985216, 4032505267, 1642870310, 1569076143, 285636879, 4204814197, 876625791, 798361629, 102667976, 551635445, 1174750494, 1065104375, 1087169032, 2505040784, 3638960258, 1550737372, 1298898191, 1731422911, 3243539914, 9714139, 3321468136, 2436242536, 2592339153, 4229457039, 3614577762, 706405629, 3278971416, 1066446525, 2320526839, 1756019383, 3306620737, 592468105, 333574506, 1551900550, 121918622, 1070467126, 1285958694, 237190514, 264355, 755726251, 4039211479, 2307854254, 1450350175, 3675577776, 3167571605, 3749369707, 1545216164, 1335907484, 3419153290, 2986918777, 3884303603, 2465368187, 3693529873, 543702987, 447629142, 2423201810, 3329594200, 846834288, 1572912681, 3935695209, 1181618264, 2053375230, 3232953899, 357108958, 2287080071, 159183638, 612085531, 2325664630, 3700783891, 2765448113, 1001078891, 3545711174, 1389726111, 2966945786, 3543267548, 3882073202, 1752776760, 1681634629, 4234974837, 2841939722, 1943008436, 2657709239, 3093943713, 2539780992, 1841261252, 3209895454, 633714442, 162727499, 2842180892, 1270895655, 9192618, 1351291011, 915371702, 1905082203, 4117652334, 2309573214, 910329586, 4238428311, 3176748003, 2152169439, 3398480862, 870839639, 2610889998, 748423939, 3397442629, 2582606292, 2298530959, 4272688342, 715070979, 1534544592, 905278184, 1560757397, 1182548664, 4037804934, 1263258355, 206866298, 3780973163, 353526880, 2964276090, 693344865, 2339699106, 2318153707, 300466758, 4257154421, 3437104730, 2731561987, 34972121, 3269035995, 3577039557, 3006767505, 2113922385, 3741582532, 3608113038, 3139487854, 1406562187, 1270715721, 3467266978, 998141259, 2074293779, 4198123462, 2631361380, 308281623, 387248828, 3419202693, 1539204964, 2509816782, 2374470725, 3296257398, 3032811977, 2364582982, 3358099238, 2871459030, 3870889521, 853299123, 2477471319, 1367234686, 1976803629, 2204166358, 1968942606, 3238391259, 2858338002, 4018867463, 2936734049, 2206943078, 2059145177, 3544382958, 1645176128, 854989121, 4074425358, 2258247664, 2349309592, 3580695724, 1681974663, 4113311273, 294604012, 3443353850, 3170410486, 712618272, 2006738092, 482856893, 383775250, 2719553584, 1369639282, 4231970464, 1145614343, 3307540992, 3450849281, 2121123909, 4101425366, 697419318, 3763832870, 3950234188, 2888379597, 3405038351, 2781125740, 3470019055, 3578800958, 2362309316, 4134772791, 3755658156, 1745250238, 4050803748, 1135138962, 3737024226, 2542711279, 2615601771, 2876525747, 2305502295, 3840204443, 1986008811, 3105266799, 2074604043, 576149165, 2344858921, 1735501869, 3275103785, 1204398128, 1482163970, 1009133760, 2378623239, 854924713, 764387679, 3736542736, 2947413712, 2411954384, 1787846183, 2950961855, 3563799232, 630071447, 2346992569, 1932390129, 150467126, 3500927692, 1024783762, 844018094, 230275130, 11381223, 4134616183, 4205449388, 1481639989, 4239688547, 738226088, 4202590209, 603776762, 4171569818, 1324543690, 2980646770, 2732171257, 3392772521, 756301066, 1472206859, 4122446389, 1002523088, 1173529430, 391928469, 314), None)
Loaded weights: 37.18835161848058, -2.02082254797569, -0.7162900781796975, 0.0, 5.0
events: me found the exit, 
  ----
(3, (972492038, 2319157123, 1869142864, 3805200563, 1684469882, 3304526572, 3500747509, 1749613974, 2577491477, 3137099440, 2612654336, 2284823254, 2577805001, 1719188201, 3969588068, 227696541, 2930597848, 650696756, 2456701263, 614958561, 3450991242, 1555040214, 2809952807, 831545394, 2651770614, 1513198392, 429326414, 3862122582, 2439550210, 2363636067, 2539234484, 478993510, 2416295767, 3487633295, 1182934130, 235372873, 3506142175, 416710306, 1854718340, 3621049971, 1542462061, 2429498098, 677134045, 258761427, 4197826557, 2464491478, 1453202529, 2910074502, 1071916638, 2919401346, 3999149018, 3061729842, 234333552, 3791399844, 2816002517, 1900940218, 2438361658, 4237001548, 494941553, 1784081884, 3473619923, 3987030826, 645739205, 3428985998, 3772747675, 1168138470, 1260510305, 2775057316, 3229745694, 3815921516, 2802944422, 1404859949, 1614170605, 3133092911, 520735810, 868393064, 2613389333, 2660220939, 2928243204, 2347813632, 1010762564, 2797649683, 2198990069, 1574897889, 3006574602, 1647717847, 3021005272, 3733100799, 1639833674, 3405888229, 3370476705, 1927652077, 417250873, 2260161208, 3784615646, 879558075, 2870462260, 976234141, 3117790518, 866419918, 1337604667, 2146365492, 1895848758, 3027015192, 1990165099, 2755065684, 1713784125, 4083155786, 3425314575, 818673002, 977919415, 1299778373, 835525035, 4289784062, 1237940407, 603695418, 2588762467, 3819557886, 994042474, 1313788102, 2337066712, 88402835, 1204307094, 2696099003, 2034762327, 492414670, 2376869994, 3731889775, 3077963407, 584640868, 3950794671, 727178201, 2480210618, 4051660181, 2169207874, 3795279721, 3025270209, 1934711964, 1865043850, 41417739, 2501528169, 4064705272, 2753901151, 2769526391, 523487803, 13902814, 4127153244, 903060628, 3306260795, 2576515384, 4155312101, 2957313732, 3772615823, 356469990, 1267380162, 1541403860, 589423761, 469576939, 607221657, 2655598972, 2750793285, 1423283125, 1901333743, 247409424, 4195861788, 941440467, 2982781809, 990646021, 1037719609, 2824692726, 2323187600, 3006671750, 860728913, 2202031928, 3821385987, 3892351582, 1455517080, 2384252241, 1122790428, 3161805765, 2007964911, 1848917742, 1154803541, 2674401800, 2953698780, 1157413250, 928106083, 420399247, 2077813666, 3223468791, 858920758, 1835173991, 2169462153, 3328299157, 4001921564, 1978329616, 2102486579, 516442718, 3313746041, 125559023, 714561350, 3171364630, 1162450067, 3892347282, 3942628295, 2194545209, 347643005, 3634426026, 3332242639, 1863528265, 2190734555, 1314418047, 616672011, 3518298481, 3704422359, 1176173642, 3077801932, 2642906406, 624905917, 1329460937, 2803663171, 332071578, 2661378526, 4035211745, 1237085792, 4226409324, 4019616660, 740718855, 1569532241, 2063689126, 2016652881, 2754444971, 4077524540, 4218511887, 1995966343, 784597155, 2948299102, 2016261238, 437821362, 2572037601, 3117736181, 477927761, 2584585654, 4240292900, 3978099975, 1600357751, 301669194, 678063726, 2408408537, 69886555, 1837245033, 925374870, 1769969781, 152029475, 3785818019, 3277422088, 931677156, 1119052196, 912160387, 3687326177, 2429497546, 457916425, 3268906967, 1321261446, 463561712, 3608520719, 3241585060, 3585310591, 1888186351, 4006657198, 1137547341, 2690774005, 1063883067, 2654976014, 4099007188, 747204955, 1271216574, 3810886802, 1434894519, 1308936660, 181213812, 1188724761, 383893194, 2223743822, 1889557429, 1175125635, 3877569105, 298681720, 1075606368, 2663702780, 2887939594, 1712690846, 974604077, 1713045472, 2084103003, 22396714, 2741814643, 526955799, 1247887522, 249345042, 3833202916, 4104009225, 3855671465, 288454942, 3743168368, 273123226, 1064125929, 2047684121, 190487117, 749311285, 2307875219, 1675897673, 2061187964, 3530648510, 3774424180, 3230286973, 3341431128, 2993562271, 4110109613, 3173643183, 302581683, 3923113156, 996160624, 239989315, 2027638314, 2282612000, 3611434182, 2461727106, 3867473145, 81161592, 1727313088, 4207375845, 1122291709, 2304764716, 3546625772, 165910180, 2845792363, 3074121147, 1074917521, 2569602601, 2481618574, 2420025425, 738089460, 2139496298, 1490989302, 1615121096, 2320637830, 2834862961, 1399363559, 3122976805, 3752645185, 4234723249, 2189852119, 2550618974, 361462457, 2489295394, 3159059336, 1354377889, 3474942444, 1407903220, 2726618281, 4176569612, 1850483114, 1664273273, 3402531238, 335452157, 4264273369, 691922223, 2369262872, 1157632089, 3588588900, 2834850611, 2438967174, 1369948985, 4143657972, 1272069610, 2594032220, 2127893440, 2470945867, 1718298027, 895040994, 1093492234, 934077589, 1293339519, 2755678899, 2392879641, 3202549657, 2058840695, 1982421441, 969867995, 3673579943, 487802756, 1403271138, 2110546384, 448044553, 4212834232, 880666066, 1730472468, 146086137, 4226626250, 2326835085, 3448092352, 3953309713, 1227254147, 2823805762, 1174270629, 629139275, 4162983909, 3478926042, 1269890, 1834605048, 2642916100, 2207428119, 3252952329, 1996740829, 1544077804, 3854838578, 4080977493, 2275990209, 1363061099, 830080450, 666162470, 2025703867, 1969681978, 2113045490, 2629768513, 2962427684, 2262114093, 3727697722, 2021365484, 1364281944, 2690334120, 535798693, 1342629366, 1402312696, 3285357940, 2555453983, 1240593884, 2324004245, 225053224, 567709025, 3299278890, 797048868, 3301071349, 3921358138, 2385126592, 3892514092, 4088317638, 1781332160, 144535386, 901262318, 34378656, 2369148430, 4030723227, 2126815874, 3227261611, 1874164520, 2228958365, 2758499582, 1111961250, 3761690964, 3610650869, 343093524, 3949976689, 588052239, 3175123750, 1592407247, 1627385797, 2033500350, 1526132674, 4050796195, 576342105, 3811269514, 1561109408, 4125276406, 4040909746, 3362610565, 1077511937, 768778466, 3740568288, 707913855, 3656449632, 1072966574, 832700505, 3944044622, 2094482611, 3282010204, 1567509797, 519126232, 516498685, 104118437, 3161870741, 2977607458, 156644218, 229711692, 3371113693, 490907923, 2204039258, 1201058178, 283874137, 4122480585, 2848032483, 3697997377, 4145234885, 3295715651, 2435925709, 3940409858, 936393111, 145830315, 3336113822, 2399263248, 3427703080, 735431985, 3990053814, 3456562053, 572522971, 1571738823, 3931775017, 33674509, 1870936390, 2353972263, 3160306781, 2441647326, 3419662668, 3163149662, 1272001737, 1953587989, 1576029910, 2712753504, 186504949, 3753658737, 2665059523, 4094767273, 382483230, 185244857, 2334729778, 365228850, 3401739883, 635954181, 275624234, 962177442, 1130858431, 2286805515, 3786704165, 3960630628, 2714211133, 2263335417, 2237812914, 3803844045, 711768168, 1721530106, 1187254650, 1931546108, 4124087750, 1835380061, 12230660, 1055721747, 842815451, 3404509686, 928852699, 1178848661, 790095796, 1526847634, 1476250691, 3717416996, 108465651, 2065196781, 4228324184, 3829242766, 323450854, 508719907, 2004978567, 2995462880, 1588189804, 1682572791, 2396369171, 1365116855, 1033136619, 2045460825, 1717384205, 270811351, 2304905458, 2129643243, 81318979, 861863609, 3811797613, 1308225940, 1030693109, 948132615, 3783475674, 1281967217, 2635627214, 1411340181, 309017109, 2814859439, 3876435064, 2395975885, 1226773607, 1214653588, 2502186653, 2045916767, 2825996605, 1391813949, 2621511233, 3884677100, 829917871, 457059837, 3229190439, 3867127652, 1638716225, 3911271328, 4122878414, 3002269524, 3650777340, 1650716110, 3192727266, 3319496400, 2356969250, 2952526686, 4034347559, 539804984, 944623522, 1773937197, 679895889, 89), None)
Loaded weights: 43.66735450921592, -0.5488198640203067, -0.7162900781796975, 0.0, 5.0
events: 
  ----
(3, (972492038, 2319157123, 1869142864, 3805200563, 1684469882, 3304526572, 3500747509, 1749613974, 2577491477, 3137099440, 2612654336, 2284823254, 2577805001, 1719188201, 3969588068, 227696541, 2930597848, 650696756, 2456701263, 614958561, 3450991242, 1555040214, 2809952807, 831545394, 2651770614, 1513198392, 429326414, 3862122582, 2439550210, 2363636067, 2539234484, 478993510, 2416295767, 3487633295, 1182934130, 235372873, 3506142175, 416710306, 1854718340, 3621049971, 1542462061, 2429498098, 677134045, 258761427, 4197826557, 2464491478, 1453202529, 2910074502, 1071916638, 2919401346, 3999149018, 3061729842, 234333552, 3791399844, 2816002517, 1900940218, 2438361658, 4237001548, 494941553, 1784081884, 3473619923, 3987030826, 645739205, 3428985998, 3772747675, 1168138470, 1260510305, 2775057316, 3229745694, 3815921516, 2802944422, 1404859949, 1614170605, 3133092911, 520735810, 868393064, 2613389333, 2660220939, 2928243204, 2347813632, 1010762564, 2797649683, 2198990069, 1574897889, 3006574602, 1647717847, 3021005272, 3733100799, 1639833674, 3405888229, 3370476705, 1927652077, 417250873, 2260161208, 3784615646, 879558075, 2870462260, 976234141, 3117790518, 866419918, 1337604667, 2146365492, 1895848758, 3027015192, 1990165099, 2755065684, 1713784125, 4083155786, 3425314575, 818673002, 977919415, 1299778373, 835525035, 4289784062, 1237940407, 603695418, 2588762467, 3819557886, 994042474, 1313788102, 2337066712, 88402835, 1204307094, 2696099003, 2034762327, 492414670, 2376869994, 3731889775, 3077963407, 584640868, 3950794671, 727178201, 2480210618, 4051660181, 2169207874, 3795279721, 3025270209, 1934711964, 1865043850, 41417739, 2501528169, 4064705272, 2753901151, 2769526391, 523487803, 13902814, 4127153244, 903060628, 3306260795, 2576515384, 4155312101, 2957313732, 3772615823, 356469990, 1267380162, 1541403860, 589423761, 469576939, 607221657, 2655598972, 2750793285, 1423283125, 1901333743, 247409424, 4195861788, 941440467, 2982781809, 990646021, 1037719609, 2824692726, 2323187600, 3006671750, 860728913, 2202031928, 3821385987, 3892351582, 1455517080, 2384252241, 1122790428, 3161805765, 2007964911, 1848917742, 1154803541, 2674401800, 2953698780, 1157413250, 928106083, 420399247, 2077813666, 3223468791, 858920758, 1835173991, 2169462153, 3328299157, 4001921564, 1978329616, 2102486579, 516442718, 3313746041, 125559023, 714561350, 3171364630, 1162450067, 3892347282, 3942628295, 2194545209, 347643005, 3634426026, 3332242639, 1863528265, 2190734555, 1314418047, 616672011, 3518298481, 3704422359, 1176173642, 3077801932, 2642906406, 624905917, 1329460937, 2803663171, 332071578, 2661378526, 4035211745, 1237085792, 4226409324, 4019616660, 740718855, 1569532241, 2063689126, 2016652881, 2754444971, 4077524540, 4218511887, 1995966343, 784597155, 2948299102, 2016261238, 437821362, 2572037601, 3117736181, 477927761, 2584585654, 4240292900, 3978099975, 1600357751, 301669194, 678063726, 2408408537, 69886555, 1837245033, 925374870, 1769969781, 152029475, 3785818019, 3277422088, 931677156, 1119052196, 912160387, 3687326177, 2429497546, 457916425, 3268906967, 1321261446, 463561712, 3608520719, 3241585060, 3585310591, 1888186351, 4006657198, 1137547341, 2690774005, 1063883067, 2654976014, 4099007188, 747204955, 1271216574, 3810886802, 1434894519, 1308936660, 181213812, 1188724761, 383893194, 2223743822, 1889557429, 1175125635, 3877569105, 298681720, 1075606368, 2663702780, 2887939594, 1712690846, 974604077, 1713045472, 2084103003, 22396714, 2741814643, 526955799, 1247887522, 249345042, 3833202916, 4104009225, 3855671465, 288454942, 3743168368, 273123226, 1064125929, 2047684121, 190487117, 749311285, 2307875219, 1675897673, 2061187964, 3530648510, 3774424180, 3230286973, 3341431128, 2993562271, 4110109613, 3173643183, 302581683, 3923113156, 996160624, 239989315, 2027638314, 2282612000, 3611434182, 2461727106, 3867473145, 81161592, 1727313088, 4207375845, 1122291709, 2304764716, 3546625772, 165910180, 2845792363, 3074121147, 1074917521, 2569602601, 2481618574, 2420025425, 738089460, 2139496298, 1490989302, 1615121096, 2320637830, 2834862961, 1399363559, 3122976805, 3752645185, 4234723249, 2189852119, 2550618974, 361462457, 2489295394, 3159059336, 1354377889, 3474942444, 1407903220, 2726618281, 4176569612, 1850483114, 1664273273, 3402531238, 335452157, 4264273369, 691922223, 2369262872, 1157632089, 3588588900, 2834850611, 2438967174, 1369948985, 4143657972, 1272069610, 2594032220, 2127893440, 2470945867, 1718298027, 895040994, 1093492234, 934077589, 1293339519, 2755678899, 2392879641, 3202549657, 2058840695, 1982421441, 969867995, 3673579943, 487802756, 1403271138, 2110546384, 448044553, 4212834232, 880666066, 1730472468, 146086137, 4226626250, 2326835085, 3448092352, 3953309713, 1227254147, 2823805762, 1174270629, 629139275, 4162983909, 3478926042, 1269890, 1834605048, 2642916100, 2207428119, 3252952329, 1996740829, 1544077804, 3854838578, 4080977493, 2275990209, 1363061099, 830080450, 666162470, 2025703867, 1969681978, 2113045490, 2629768513, 2962427684, 2262114093, 3727697722, 2021365484, 1364281944, 2690334120, 535798693, 1342629366, 1402312696, 3285357940, 2555453983, 1240593884, 2324004245, 225053224, 567709025, 3299278890, 797048868, 3301071349, 3921358138, 2385126592, 3892514092, 4088317638, 1781332160, 144535386, 901262318, 34378656, 2369148430, 4030723227, 2126815874, 3227261611, 1874164520, 2228958365, 2758499582, 1111961250, 3761690964, 3610650869, 343093524, 3949976689, 588052239, 3175123750, 1592407247, 1627385797, 2033500350, 1526132674, 4050796195, 576342105, 3811269514, 1561109408, 4125276406, 4040909746, 3362610565, 1077511937, 768778466, 3740568288, 707913855, 3656449632, 1072966574, 832700505, 3944044622, 2094482611, 3282010204, 1567509797, 519126232, 516498685, 104118437, 3161870741, 2977607458, 156644218, 229711692, 3371113693, 490907923, 2204039258, 1201058178, 283874137, 4122480585, 2848032483, 3697997377, 4145234885, 3295715651, 2435925709, 3940409858, 936393111, 145830315, 3336113822, 2399263248, 3427703080, 735431985, 3990053814, 3456562053, 572522971, 1571738823, 3931775017, 33674509, 1870936390, 2353972263, 3160306781, 2441647326, 3419662668, 3163149662, 1272001737, 1953587989, 1576029910, 2712753504, 186504949, 3753658737, 2665059523, 4094767273, 382483230, 185244857, 2334729778, 365228850, 3401739883, 635954181, 275624234, 962177442, 1130858431, 2286805515, 3786704165, 3960630628, 2714211133, 2263335417, 2237812914, 3803844045, 711768168, 1721530106, 1187254650, 1931546108, 4124087750, 1835380061, 12230660, 1055721747, 842815451, 3404509686, 928852699, 1178848661, 790095796, 1526847634, 1476250691, 3717416996, 108465651, 2065196781, 4228324184, 3829242766, 323450854, 508719907, 2004978567, 2995462880, 1588189804, 1682572791, 2396369171, 1365116855, 1033136619, 2045460825, 1717384205, 270811351, 2304905458, 2129643243, 81318979, 861863609, 3811797613, 1308225940, 1030693109, 948132615, 3783475674, 1281967217, 2635627214, 1411340181, 309017109, 2814859439, 3876435064, 2395975885, 1226773607, 1214653588, 2502186653, 2045916767, 2825996605, 1391813949, 2621511233, 3884677100, 829917871, 457059837, 3229190439, 3867127652, 1638716225, 3911271328, 4122878414, 3002269524, 3650777340, 1650716110, 3192727266, 3319496400, 2356969250, 2952526686, 4034347559, 539804984, 944623522, 1773937197, 679895889, 370), None)
Loaded weights: 43.4661852836533, -2.5233925544080136, -0.7162900781796975, 0.0, -5.0
events: me found the exit, 
  ----
(3, (4214331658, 2130802001, 1401086540, 4169388976, 4026417078, 452894132, 1023547208, 1033361559, 411294205, 1755520971, 3157640846, 445093217, 3928460585, 1528058954, 1111895061, 2495873531, 2457891091, 3879488677, 2538845123, 3273446007, 2640758206, 220092173, 167156082, 1048404665, 1252793530, 1953909148, 1182752273, 893831539, 1137097007, 4215266686, 3365105950, 1329219662, 2256773620, 839932001, 1045450195, 2929372821, 476961447, 1691612986, 1898991250, 1822531574, 1100377253, 1201918500, 2480180126, 2244272704, 2379584449, 3720724171, 3531096758, 3058253333, 2569758465, 2670467265, 2828133343, 752298616, 946043528, 4284284891, 2058065533, 2241687315, 2390373693, 2836138213, 4118244421, 3510130206, 4060714248, 1851618627, 1685469413, 156347974, 3051755654, 2834001915, 4191935907, 1129182720, 3438911632, 224587804, 2418631692, 3492238487, 3735143690, 3203848322, 1002117229, 2009169759, 2336486266, 2728788468, 3038971442, 2524109863, 3394332759, 4115850823, 689159759, 866889850, 836982868, 637295426, 3354131705, 2613815403, 3227461918, 1055228627, 3172215948, 2341917467, 496143777, 1996417994, 2135465879, 2767277240, 3443953899, 291227095, 2436718266, 2744583377, 3165225024, 2132188185, 182310997, 402619939, 3151691081, 913400832, 3466805856, 996999707, 3377773688, 1861336070, 2288258282, 2304708001, 4177623777, 1928189588, 3719515573, 3220950367, 2617739849, 2476278448, 84371896, 1476965291, 837870911, 568719174, 3872723908, 1776448979, 3002246970, 2539553003, 1038309028, 2117835462, 448610427, 3636983837, 2438140901, 2824590397, 3937063136, 2669279056, 1992985512, 925989526, 1868862800, 1017101180, 320497896, 2252433113, 3017888535, 4009610741, 3689729742, 4022926432, 1124963920, 2998029349, 3143453551, 1469192486, 3977171873, 1681519316, 3712013264, 198998869, 1626545691, 1129914651, 1798040336, 4223225707, 1629926252, 3866469966, 262028474, 4129250030, 3244175070, 1800275806, 805486419, 2068328219, 3927034242, 3673012725, 2473818910, 1517737191, 307870728, 1042605349, 2778467995, 613678201, 317152378, 4139261821, 58835624, 3656094764, 3232697371, 87831545, 166176814, 3011590431, 177108636, 3263791660, 1776887049, 1210232377, 3944500275, 4233073925, 2438398171, 246582120, 1512753097, 341899791, 2463552537, 2704033052, 465246543, 992835967, 3891072966, 4089402451, 487530298, 470681676, 1035531472, 2609126254, 1469875180, 3016384002, 2703496788, 2508544867, 1881076990, 2174852060, 2953932308, 499988820, 3757485524, 2206164815, 1046286151, 1830275646, 3497926438, 508529812, 2528337899, 2840280242, 2539239023, 2851404367, 14380377, 1331531438, 3315203695, 2695581617, 289262088, 1156772360, 96026132, 511123431, 3885887245, 1291828605, 1115801474, 4136863163, 1939725370, 2524656808, 4266564716, 3749094484, 3019728921, 257844562, 347457008, 2973337943, 2401776462, 801459596, 2351081533, 1329659598, 3936018409, 2097594191, 293945025, 2678996582, 3609847104, 61392781, 3590575871, 2789161113, 636055154, 3877331039, 3925417426, 4020539679, 1424651895, 402823389, 3664145836, 1253374592, 4225165409, 3471063441, 3871164602, 2251504359, 3388654166, 297626463, 3595670498, 296426048, 2674954390, 2698734477, 1892387955, 1799026535, 217885541, 1265232771, 3537527500, 2823861212, 2030384743, 3167353822, 2931743368, 1532638043, 198528658, 1023801266, 1161367304, 1910196504, 2279128756, 1864542264, 318883707, 1609588146, 2581501090, 3523718328, 1631520061, 845612000, 2052809993, 837094351, 2615545867, 1590631633, 1139222933, 1145533174, 3688766024, 3038364765, 3611889310, 3969696120, 1571910489, 3495680230, 1062847440, 2764957890, 3934634553, 865932313, 847051764, 1458869678, 2047777794, 3034365529, 3679524097, 210683370, 214232733, 3080154819, 1652963978, 2747937202, 4275708739, 1583430021, 1275763219, 3449732775, 1108611496, 586712495, 987694406, 4046141438, 358430535, 4204548313, 3939137552, 1457736419, 1031645861, 967279157, 3012850702, 1134570088, 853447062, 2802964758, 2140981577, 1150525586, 2892276228, 1902396541, 482557546, 2968798630, 2751083107, 2286707023, 2151203562, 2959659570, 2746968020, 3040891, 2507950796, 3242991123, 2784963467, 269208123, 2396953300, 1790519566, 3680316740, 3996015399, 1947487191, 1150875071, 697458066, 3067914003, 3249448647, 1658851947, 3814802902, 32283517, 2678108149, 1241765251, 3966255197, 3037137627, 1272390801, 3044891035, 360019206, 4045278332, 582778150, 195182995, 1130962278, 2149634709, 846923731, 3762304655, 458455860, 1307291946, 3789642079, 2053079274, 1674546718, 3925158277, 1144691211, 3926797034, 942485405, 3387363241, 306994954, 1665282785, 4003542764, 2222014303, 901876953, 3284390515, 3825961245, 119637189, 1744538427, 1214729953, 230068271, 953037368, 426075420, 3468147555, 2423964701, 4015533695, 611323954, 3565740474, 4274682484, 2186341204, 379093554, 1830842353, 2189439597, 1598409205, 1189181371, 870165479, 95759198, 1943952490, 548858782, 1757991504, 4109838842, 1208617382, 1354473846, 50731950, 687281132, 1119574980, 3373018958, 603348675, 2337878579, 1710322498, 1105601575, 948211825, 3489109364, 2307699576, 2242430391, 2799801843, 2846026023, 2581308904, 1009021934, 181832708, 3884424609, 2719416658, 732090154, 1503521097, 1008471169, 3245498361, 304259223, 3817087218, 4007782447, 1960504271, 915074509, 2962194959, 2766534684, 199352319, 1173666776, 52565267, 4284503413, 2566897228, 4124639479, 895187478, 1844883242, 564687429, 4149781497, 3461738694, 769982705, 4190433427, 2749447093, 3694857896, 2946092228, 2035653110, 2259815089, 2964899938, 1648068911, 1261138023, 3038981052, 537957124, 4045959094, 3990403387, 2076538452, 725469410, 1596672966, 855653891, 3361809711, 636049714, 3277647407, 185623456, 2581276718, 4025270667, 2916608006, 3659081807, 962310108, 3922056918, 274667590, 1407725275, 2525950794, 2397881459, 1426064381, 2577932080, 497308988, 2808244261, 1788185418, 1865937828, 3658781424, 1896797687, 1706606706, 2386099608, 1581837027, 1435384566, 2328502498, 2126233491, 4293221286, 3630769922, 1387777623, 3227014076, 151381164, 3756233020, 1763306601, 1742036415, 438246538, 3605061505, 2655167275, 2723364688, 103225196, 80331463, 2582156832, 186868730, 565085776, 2241523943, 1241116390, 1954090955, 3261392403, 1298782697, 215843651, 2307872695, 1923715708, 159771314, 2029717910, 2935031159, 1398802103, 820831643, 146094515, 279599068, 79175039, 275266124, 254549443, 4289231696, 1243137023, 2295535089, 2542420164, 2524039728, 2402260734, 2856429457, 2010044827, 160513595, 3528015683, 751677881, 3228834362, 91233889, 1455299297, 3137576691, 3115391239, 2531405045, 2164658138, 2297939843, 2962893516, 1377576192, 4133877356, 2192377366, 2874634843, 3091709379, 2398603274, 3521445796, 3253721788, 370756516, 312518446, 3137271460, 1870302029, 1045559528, 1596880453, 1415092367, 2546552337, 723749543, 3231646679, 1246215664, 3936310110, 2456492157, 3757846337, 2838860305, 508404474, 2807193101, 3848221390, 1713920138, 825047952, 1620884754, 1150281956, 527391560, 624568078, 3241949209, 3338372007, 3407486399, 211367568, 110063468, 2553862658, 2795026070, 219203284, 3255371154, 2003307888, 1754710210, 2354627746, 1970732926, 3278632102, 284187052, 2879738, 1890204635, 2429630989, 1632915511, 2771007447, 1669179885, 2086969744, 2353826180, 3259957454, 1648128374, 586204095, 3021859713, 453468948, 3391957746, 3308048278, 808344746, 104), None)
Loaded weights: 46.957103954047966, -2.5233925544080136, -0.7162900781796975, 0.0, 5.0
events: me found the exit, 
  ----
(3, (4214331658, 2130802001, 1401086540, 4169388976, 4026417078, 452894132, 1023547208, 1033361559, 411294205, 1755520971, 3157640846, 445093217, 3928460585, 1528058954, 1111895061, 2495873531, 2457891091, 3879488677, 2538845123, 3273446007, 2640758206, 220092173, 167156082, 1048404665, 1252793530, 1953909148, 1182752273, 893831539, 1137097007, 4215266686, 3365105950, 1329219662, 2256773620, 839932001, 1045450195, 2929372821, 476961447, 1691612986, 1898991250, 1822531574, 1100377253, 1201918500, 2480180126, 2244272704, 2379584449, 3720724171, 3531096758, 3058253333, 2569758465, 2670467265, 2828133343, 752298616, 946043528, 4284284891, 2058065533, 2241687315, 2390373693, 2836138213, 4118244421, 3510130206, 4060714248, 1851618627, 1685469413, 156347974, 3051755654, 2834001915, 4191935907, 1129182720, 3438911632, 224587804, 2418631692, 3492238487, 3735143690, 3203848322, 1002117229, 2009169759, 2336486266, 2728788468, 3038971442, 2524109863, 3394332759, 4115850823, 689159759, 866889850, 836982868, 637295426, 3354131705, 2613815403, 3227461918, 1055228627, 3172215948, 2341917467, 496143777, 1996417994, 2135465879, 2767277240, 3443953899, 291227095, 2436718266, 2744583377, 3165225024, 2132188185, 182310997, 402619939, 3151691081, 913400832, 3466805856, 996999707, 3377773688, 1861336070, 2288258282, 2304708001, 4177623777, 1928189588, 3719515573, 3220950367, 2617739849, 2476278448, 84371896, 1476965291, 837870911, 568719174, 3872723908, 1776448979, 3002246970, 2539553003, 1038309028, 2117835462, 448610427, 3636983837, 2438140901, 2824590397, 3937063136, 2669279056, 1992985512, 925989526, 1868862800, 1017101180, 320497896, 2252433113, 3017888535, 4009610741, 3689729742, 4022926432, 1124963920, 2998029349, 3143453551, 1469192486, 3977171873, 1681519316, 3712013264, 198998869, 1626545691, 1129914651, 1798040336, 4223225707, 1629926252, 3866469966, 262028474, 4129250030, 3244175070, 1800275806, 805486419, 2068328219, 3927034242, 3673012725, 2473818910, 1517737191, 307870728, 1042605349, 2778467995, 613678201, 317152378, 4139261821, 58835624, 3656094764, 3232697371, 87831545, 166176814, 3011590431, 177108636, 3263791660, 1776887049, 1210232377, 3944500275, 4233073925, 2438398171, 246582120, 1512753097, 341899791, 2463552537, 2704033052, 465246543, 992835967, 3891072966, 4089402451, 487530298, 470681676, 1035531472, 2609126254, 1469875180, 3016384002, 2703496788, 2508544867, 1881076990, 2174852060, 2953932308, 499988820, 3757485524, 2206164815, 1046286151, 1830275646, 3497926438, 508529812, 2528337899, 2840280242, 2539239023, 2851404367, 14380377, 1331531438, 3315203695, 2695581617, 289262088, 1156772360, 96026132, 511123431, 3885887245, 1291828605, 1115801474, 4136863163, 1939725370, 2524656808, 4266564716, 3749094484, 3019728921, 257844562, 347457008, 2973337943, 2401776462, 801459596, 2351081533, 1329659598, 3936018409, 2097594191, 293945025, 2678996582, 3609847104, 61392781, 3590575871, 2789161113, 636055154, 3877331039, 3925417426, 4020539679, 1424651895, 402823389, 3664145836, 1253374592, 4225165409, 3471063441, 3871164602, 2251504359, 3388654166, 297626463, 3595670498, 296426048, 2674954390, 2698734477, 1892387955, 1799026535, 217885541, 1265232771, 3537527500, 2823861212, 2030384743, 3167353822, 2931743368, 1532638043, 198528658, 1023801266, 1161367304, 1910196504, 2279128756, 1864542264, 318883707, 1609588146, 2581501090, 3523718328, 1631520061, 845612000, 2052809993, 837094351, 2615545867, 1590631633, 1139222933, 1145533174, 3688766024, 3038364765, 3611889310, 3969696120, 1571910489, 3495680230, 1062847440, 2764957890, 3934634553, 865932313, 847051764, 1458869678, 2047777794, 3034365529, 3679524097, 210683370, 214232733, 3080154819, 1652963978, 2747937202, 4275708739, 1583430021, 1275763219, 3449732775, 1108611496, 586712495, 987694406, 4046141438, 358430535, 4204548313, 3939137552, 1457736419, 1031645861, 967279157, 3012850702, 1134570088, 853447062, 2802964758, 2140981577, 1150525586, 2892276228, 1902396541, 482557546, 2968798630, 2751083107, 2286707023, 2151203562, 2959659570, 2746968020, 3040891, 2507950796, 3242991123, 2784963467, 269208123, 2396953300, 1790519566, 3680316740, 3996015399, 1947487191, 1150875071, 697458066, 3067914003, 3249448647, 1658851947, 3814802902, 32283517, 2678108149, 1241765251, 3966255197, 3037137627, 1272390801, 3044891035, 360019206, 4045278332, 582778150, 195182995, 1130962278, 2149634709, 846923731, 3762304655, 458455860, 1307291946, 3789642079, 2053079274, 1674546718, 3925158277, 1144691211, 3926797034, 942485405, 3387363241, 306994954, 1665282785, 4003542764, 2222014303, 901876953, 3284390515, 3825961245, 119637189, 1744538427, 1214729953, 230068271, 953037368, 426075420, 3468147555, 2423964701, 4015533695, 611323954, 3565740474, 4274682484, 2186341204, 379093554, 1830842353, 2189439597, 1598409205, 1189181371, 870165479, 95759198, 1943952490, 548858782, 1757991504, 4109838842, 1208617382, 1354473846, 50731950, 687281132, 1119574980, 3373018958, 603348675, 2337878579, 1710322498, 1105601575, 948211825, 3489109364, 2307699576, 2242430391, 2799801843, 2846026023, 2581308904, 1009021934, 181832708, 3884424609, 2719416658, 732090154, 1503521097, 1008471169, 3245498361, 304259223, 3817087218, 4007782447, 1960504271, 915074509, 2962194959, 2766534684, 199352319, 1173666776, 52565267, 4284503413, 2566897228, 4124639479, 895187478, 1844883242, 564687429, 4149781497, 3461738694, 769982705, 4190433427, 2749447093, 3694857896, 2946092228, 2035653110, 2259815089, 2964899938, 1648068911, 1261138023, 3038981052, 537957124, 4045959094, 3990403387, 2076538452, 725469410, 1596672966, 855653891, 3361809711, 636049714, 3277647407, 185623456, 2581276718, 4025270667, 2916608006, 3659081807, 962310108, 3922056918, 274667590, 1407725275, 2525950794, 2397881459, 1426064381, 2577932080, 497308988, 2808244261, 1788185418, 1865937828, 3658781424, 1896797687, 1706606706, 2386099608, 1581837027, 1435384566, 2328502498, 2126233491, 4293221286, 3630769922, 1387777623, 3227014076, 151381164, 3756233020, 1763306601, 1742036415, 438246538, 3605061505, 2655167275, 2723364688, 103225196, 80331463, 2582156832, 186868730, 565085776, 2241523943, 1241116390, 1954090955, 3261392403, 1298782697, 215843651, 2307872695, 1923715708, 159771314, 2029717910, 2935031159, 1398802103, 820831643, 146094515, 279599068, 79175039, 275266124, 254549443, 4289231696, 1243137023, 2295535089, 2542420164, 2524039728, 2402260734, 2856429457, 2010044827, 160513595, 3528015683, 751677881, 3228834362, 91233889, 1455299297, 3137576691, 3115391239, 2531405045, 2164658138, 2297939843, 2962893516, 1377576192, 4133877356, 2192377366, 2874634843, 3091709379, 2398603274, 3521445796, 3253721788, 370756516, 312518446, 3137271460, 1870302029, 1045559528, 1596880453, 1415092367, 2546552337, 723749543, 3231646679, 1246215664, 3936310110, 2456492157, 3757846337, 2838860305, 508404474, 2807193101, 3848221390, 1713920138, 825047952, 1620884754, 1150281956, 527391560, 624568078, 3241949209, 3338372007, 3407486399, 211367568, 110063468, 2553862658, 2795026070, 219203284, 3255371154, 2003307888, 1754710210, 2354627746, 1970732926, 3278632102, 284187052, 2879738, 1890204635, 2429630989, 1632915511, 2771007447, 1669179885, 2086969744, 2353826180, 3259957454, 1648128374, 586204095, 3021859713, 453468948, 3391957746, 3308048278, 808344746, 421), None)
Loaded weights: 52.8846571966333, -2.5233925544080136, -0.7162900781796975, 0.0, 5.0
events: me found the exit, 
  ----
(3, (3729143887, 816059450, 4076229307, 3884309446, 2720489637, 988879766, 1397472558, 1803757141, 789173358, 142762357, 3110802846, 781927462, 852485072, 4274704750, 2696354757, 3590169352, 2571684583, 4061627040, 2421033908, 3125037861, 2542637823, 1413541327, 2234522157, 228662705, 2021687050, 1933258905, 2690484901, 867360379, 1483644413, 632265896, 1595520086, 3434497422, 1233923991, 59265921, 681865830, 2124199083, 2880593525, 79451303, 1015432191, 1581521708, 2177296448, 575179493, 461346921, 3825104318, 915943491, 2065596876, 564662055, 998042480, 2722387824, 4224363773, 3873707827, 3100919128, 2907115725, 2712256569, 2565083717, 559284020, 1433471713, 376047114, 1573343513, 351430062, 3482220603, 1550520148, 3405588453, 924191922, 884602801, 1174693307, 3181245864, 2313493644, 1071964664, 2393290935, 1101255414, 225143722, 340794406, 1911953237, 2197331060, 4102657547, 3163273665, 559215949, 4178318894, 2735427378, 3500277247, 98585303, 1010598159, 3685564933, 435047937, 589719181, 989963617, 3455614089, 476273145, 668055962, 889589636, 3349081673, 1754749758, 807537758, 2626970159, 2863397719, 1208831236, 356186721, 1872845458, 885082986, 2310278519, 1181928965, 3824802361, 3780972041, 3573567384, 2031700947, 2435844900, 2925559518, 163799440, 4225195475, 97390861, 3074409464, 3106846966, 3201626793, 420923212, 3188890002, 773446887, 1486661718, 1676424843, 531784043, 2996946163, 894279310, 3912255729, 2157036989, 3649344336, 2136943874, 3129425284, 3719298564, 3239199514, 331734846, 2152497960, 2039016243, 3322129439, 164419496, 303912953, 1330201406, 2965297353, 1525494467, 2865030696, 3360497895, 4275831289, 1766750744, 1737245820, 1856689899, 2147085725, 2394871447, 3810138466, 939891147, 3832361818, 2710568726, 1990666980, 3737118281, 2973048425, 3890006731, 2283382483, 2967946124, 910871878, 292619452, 2148283268, 3642625640, 3812962138, 1040556, 744186065, 2240990733, 2791459109, 3218885603, 1990122682, 2726014047, 1046314894, 87130008, 447066439, 3365696641, 3025007813, 1398818426, 2517318834, 2519055775, 3855045067, 1541251666, 3566253279, 3532551519, 174541745, 761471372, 4150155827, 1176094104, 1967415840, 241115123, 4000110501, 2857398721, 879399893, 1966925853, 918452740, 3858237416, 3825381746, 2004446983, 4290265534, 1807591571, 3476765759, 3626498511, 3336048648, 1733785446, 527057005, 3366637864, 1968352248, 1965014187, 3269052540, 794868346, 644897896, 2745406024, 2915171334, 88982490, 645643443, 672464745, 1066270097, 41952551, 905039470, 2005818431, 2928632853, 2768349155, 2883735251, 2039172902, 2875287153, 1785603771, 2523173509, 433847326, 1545475550, 1877641423, 3478729419, 4278639502, 2464507448, 2335751334, 3971498386, 3707776659, 1430931900, 2478684669, 741086460, 626210454, 2299925761, 4278127673, 2038031072, 2916484881, 2573905417, 217236718, 846613616, 142796120, 4257258899, 4225431828, 1654167612, 629459295, 2656551260, 3619990804, 2804161857, 209514979, 2648819913, 1394606401, 2797281994, 1969072939, 1089855976, 4227494073, 852289945, 986876874, 3650715181, 1280906061, 2940907995, 2157614980, 1282005383, 859704244, 2535530037, 1621860006, 2396864905, 2215214340, 1598173344, 536150309, 792123426, 3290571979, 622335647, 4112202292, 258934159, 3809390714, 2790702721, 2413533001, 2571396277, 2601012511, 1455729448, 3321452931, 965880019, 1361582920, 2112992242, 639191674, 1163431588, 1859659198, 3068934538, 2688700267, 2959825676, 90624445, 2881922551, 302771420, 1294133830, 705123769, 2066025238, 3816822101, 1507588902, 3713301916, 3874447978, 1354885122, 3784495006, 3761400788, 2289108453, 3987125246, 2256971044, 3365714768, 2649366768, 2256832912, 2716164403, 1245886500, 3692913744, 4194760839, 3521746311, 2316038738, 2019099077, 161305578, 3092708950, 2180767884, 2453561512, 2611701368, 2977718994, 449078938, 3333971652, 235038970, 3282681792, 4197703742, 2156731197, 3429828435, 1787930456, 2012667743, 2351541911, 535900306, 443404082, 196054584, 2940592427, 1910182168, 1677357777, 1493870137, 3861311627, 2143579917, 2172857268, 1766986733, 3860651709, 2035737065, 3829451596, 3999204763, 4123873594, 4096394738, 2436935758, 1501931696, 1726690308, 3587927507, 2443394152, 2039701652, 2448446169, 4155707124, 3492948681, 2227548380, 3007322400, 528631864, 2573600625, 1445446847, 1274756341, 3026631546, 1371634726, 919763695, 4067641085, 1582129966, 396758786, 590293588, 2435658323, 2848231104, 2272929667, 3747559060, 2744133180, 2161301862, 1244589782, 1930189577, 2246072057, 4082428503, 2894738359, 3374980097, 1907861447, 3558192172, 3678392284, 4021491298, 1031509995, 1299135860, 1698969950, 3698043384, 524336112, 2710472518, 425092740, 370607049, 1993284079, 1702372884, 3183796634, 3291690155, 3160526146, 2594335985, 452319224, 2682058182, 2098655864, 2452611672, 3687413161, 1294356785, 3338641588, 2006906767, 934293958, 4265058922, 2654214377, 235996968, 289008846, 518236863, 3833268799, 4034476164, 1445249765, 3678295577, 2739812141, 1402934777, 2866757742, 2133045956, 3793588097, 949062359, 2355923092, 2928572924, 3211249293, 251661360, 1670211726, 2019714463, 2798179402, 118129161, 1413890931, 1940577062, 2647833362, 3096136462, 3140598276, 3857198842, 1179405382, 1089937629, 1180984027, 699369706, 4173610750, 4178811519, 3063314843, 3030306665, 2168604232, 4205219771, 596989929, 750584431, 2779473541, 2753442221, 48510299, 1310498993, 3123369712, 2595256603, 911700331, 3839113721, 1263448514, 3738891107, 2186657986, 3811071847, 4119487264, 1904204353, 2960116738, 686283182, 1485483226, 3310660168, 339613014, 528098070, 807021870, 2982307007, 1464599242, 438058761, 1585995130, 625413889, 380121233, 2857809629, 2611182385, 371070443, 268325953, 1851866743, 238051489, 2444685838, 4238718207, 2752366718, 1592018274, 3219220646, 1072301100, 3656594603, 3927054955, 4221010988, 3012723926, 1917352408, 4269464321, 501921819, 3275643399, 3543454513, 3755747151, 168433150, 89907052, 2577666898, 3824092360, 1763128129, 3139724481, 306600318, 3926429981, 3558239800, 4224320840, 1895710135, 2489423205, 2473684974, 1072806422, 4127175228, 992878295, 3164540956, 1089953856, 3138512607, 2311988336, 702422325, 2301846147, 3273640128, 473713022, 3334310488, 1083926168, 2679876436, 1409490267, 3723447125, 1849842096, 2026485345, 1826124268, 466913570, 3234435262, 113155728, 2393937078, 1065082637, 1972798860, 538555760, 1734853280, 2586621413, 3241350986, 1070516922, 3316986109, 1522082372, 473681742, 571625430, 1422200443, 2437312463, 3245660533, 1961878379, 2324371292, 108626844, 675956379, 3222150352, 287069261, 853324350, 519622111, 3072021921, 1588048793, 3603875520, 3464814598, 3896378670, 422145738, 51224463, 302384107, 4017529628, 1656427615, 1865866957, 1987768217, 1350784320, 3396476273, 1991040155, 583430167, 1284136974, 2433342218, 2752453089, 2310575185, 2417857403, 407442436, 3733318933, 4080205645, 3814706110, 2225545905, 3366237953, 3029069397, 2433215826, 271967644, 2348487926, 4021381228, 2978893305, 1222837626, 395175790, 899009881, 4268698620, 218183781, 1361996904, 36415645, 3935909099, 2643455649, 2169914834, 2783201579, 2183519343, 3366647216, 1245386411, 3528586811, 343964448, 452358803, 655857795, 563902504, 1334179599, 3526619374, 3122155451, 2662149849, 3037415147, 3463018603, 684165332, 4185734273, 2111233083, 4187597075, 2944256636, 253), None)
Loaded weights: 53.64396915161018, -2.5233925544080136, -0.7162900781796975, 0.0, 5.0
events: me found the exit, 
  ----
(3, (3729143887, 816059450, 4076229307, 3884309446, 2720489637, 988879766, 1397472558, 1803757141, 789173358, 142762357, 3110802846, 781927462, 852485072, 4274704750, 2696354757, 3590169352, 2571684583, 4061627040, 2421033908, 3125037861, 2542637823, 1413541327, 2234522157, 228662705, 2021687050, 1933258905, 2690484901, 867360379, 1483644413, 632265896, 1595520086, 3434497422, 1233923991, 59265921, 681865830, 2124199083, 2880593525, 79451303, 1015432191, 1581521708, 2177296448, 575179493, 461346921, 3825104318, 915943491, 2065596876, 564662055, 998042480, 2722387824, 4224363773, 3873707827, 3100919128, 2907115725, 2712256569, 2565083717, 559284020, 1433471713, 376047114, 1573343513, 351430062, 3482220603, 1550520148, 3405588453, 924191922, 884602801, 1174693307, 3181245864, 2313493644, 1071964664, 2393290935, 1101255414, 225143722, 340794406, 1911953237, 2197331060, 4102657547, 3163273665, 559215949, 4178318894, 2735427378, 3500277247, 98585303, 1010598159, 3685564933, 435047937, 589719181, 989963617, 3455614089, 476273145, 668055962, 889589636, 3349081673, 1754749758, 807537758, 2626970159, 2863397719, 1208831236, 356186721, 1872845458, 885082986, 2310278519, 1181928965, 3824802361, 3780972041, 3573567384, 2031700947, 2435844900, 2925559518, 163799440, 4225195475, 97390861, 3074409464, 3106846966, 3201626793, 420923212, 3188890002, 773446887, 1486661718, 1676424843, 531784043, 2996946163, 894279310, 3912255729, 2157036989, 3649344336, 2136943874, 3129425284, 3719298564, 3239199514, 331734846, 2152497960, 2039016243, 3322129439, 164419496, 303912953, 1330201406, 2965297353, 1525494467, 2865030696, 3360497895, 4275831289, 1766750744, 1737245820, 1856689899, 2147085725, 2394871447, 3810138466, 939891147, 3832361818, 2710568726, 1990666980, 3737118281, 2973048425, 3890006731, 2283382483, 2967946124, 910871878, 292619452, 2148283268, 3642625640, 3812962138, 1040556, 744186065, 2240990733, 2791459109, 3218885603, 1990122682, 2726014047, 1046314894, 87130008, 447066439, 3365696641, 3025007813, 1398818426, 2517318834, 2519055775, 3855045067, 1541251666, 3566253279, 3532551519, 174541745, 761471372, 4150155827, 1176094104, 1967415840, 241115123, 4000110501, 2857398721, 879399893, 1966925853, 918452740, 3858237416, 3825381746, 2004446983, 4290265534, 1807591571, 3476765759, 3626498511, 3336048648, 1733785446, 527057005, 3366637864, 1968352248, 1965014187, 3269052540, 794868346, 644897896, 2745406024, 2915171334, 88982490, 645643443, 672464745, 1066270097, 41952551, 905039470, 2005818431, 2928632853, 2768349155, 2883735251, 2039172902, 2875287153, 1785603771, 2523173509, 433847326, 1545475550, 1877641423, 3478729419, 4278639502, 2464507448, 2335751334, 3971498386, 3707776659, 1430931900, 2478684669, 741086460, 626210454, 2299925761, 4278127673, 2038031072, 2916484881, 2573905417, 217236718, 846613616, 142796120, 4257258899, 4225431828, 1654167612, 629459295, 2656551260, 3619990804, 2804161857, 209514979, 2648819913, 1394606401, 2797281994, 1969072939, 1089855976, 4227494073, 852289945, 986876874, 3650715181, 1280906061, 2940907995, 2157614980, 1282005383, 859704244, 2535530037, 1621860006, 2396864905, 2215214340, 1598173344, 536150309, 792123426, 3290571979, 622335647, 4112202292, 258934159, 3809390714, 2790702721, 2413533001, 2571396277, 2601012511, 1455729448, 3321452931, 965880019, 1361582920, 2112992242, 639191674, 1163431588, 1859659198, 3068934538, 2688700267, 2959825676, 90624445, 2881922551, 302771420, 1294133830, 705123769, 2066025238, 3816822101, 1507588902, 3713301916, 3874447978, 1354885122, 3784495006, 3761400788, 2289108453, 3987125246, 2256971044, 3365714768, 2649366768, 2256832912, 2716164403, 1245886500, 3692913744, 4194760839, 3521746311, 2316038738, 2019099077, 161305578, 3092708950, 2180767884, 2453561512, 2611701368, 2977718994, 449078938, 3333971652, 235038970, 3282681792, 4197703742, 2156731197, 3429828435, 1787930456, 2012667743, 2351541911, 535900306, 443404082, 196054584, 2940592427, 1910182168, 1677357777, 1493870137, 3861311627, 2143579917, 2172857268, 1766986733, 3860651709, 2035737065, 3829451596, 3999204763, 4123873594, 4096394738, 2436935758, 1501931696, 1726690308, 3587927507, 2443394152, 2039701652, 2448446169, 4155707124, 3492948681, 2227548380, 3007322400, 528631864, 2573600625, 1445446847, 1274756341, 3026631546, 1371634726, 919763695, 4067641085, 1582129966, 396758786, 590293588, 2435658323, 2848231104, 2272929667, 3747559060, 2744133180, 2161301862, 1244589782, 1930189577, 2246072057, 4082428503, 2894738359, 3374980097, 1907861447, 3558192172, 3678392284, 4021491298, 1031509995, 1299135860, 1698969950, 3698043384, 524336112, 2710472518, 425092740, 370607049, 1993284079, 1702372884, 3183796634, 3291690155, 3160526146, 2594335985, 452319224, 2682058182, 2098655864, 2452611672, 3687413161, 1294356785, 3338641588, 2006906767, 934293958, 4265058922, 2654214377, 235996968, 289008846, 518236863, 3833268799, 4034476164, 1445249765, 3678295577, 2739812141, 1402934777, 2866757742, 2133045956, 3793588097, 949062359, 2355923092, 2928572924, 3211249293, 251661360, 1670211726, 2019714463, 2798179402, 118129161, 1413890931, 1940577062, 2647833362, 3096136462, 3140598276, 3857198842, 1179405382, 1089937629, 1180984027, 699369706, 4173610750, 4178811519, 3063314843, 3030306665, 2168604232, 4205219771, 596989929, 750584431, 2779473541, 2753442221, 48510299, 1310498993, 3123369712, 2595256603, 911700331, 3839113721, 1263448514, 3738891107, 2186657986, 3811071847, 4119487264, 1904204353, 2960116738, 686283182, 1485483226, 3310660168, 339613014, 528098070, 807021870, 2982307007, 1464599242, 438058761, 1585995130, 625413889, 380121233, 2857809629, 2611182385, 371070443, 268325953, 1851866743, 238051489, 2444685838, 4238718207, 2752366718, 1592018274, 3219220646, 1072301100, 3656594603, 3927054955, 4221010988, 3012723926, 1917352408, 4269464321, 501921819, 3275643399, 3543454513, 3755747151, 168433150, 89907052, 2577666898, 3824092360, 1763128129, 3139724481, 306600318, 3926429981, 3558239800, 4224320840, 1895710135, 2489423205, 2473684974, 1072806422, 4127175228, 992878295, 3164540956, 1089953856, 3138512607, 2311988336, 702422325, 2301846147, 3273640128, 473713022, 3334310488, 1083926168, 2679876436, 1409490267, 3723447125, 1849842096, 2026485345, 1826124268, 466913570, 3234435262, 113155728, 2393937078, 1065082637, 1972798860, 538555760, 1734853280, 2586621413, 3241350986, 1070516922, 3316986109, 1522082372, 473681742, 571625430, 1422200443, 2437312463, 3245660533, 1961878379, 2324371292, 108626844, 675956379, 3222150352, 287069261, 853324350, 519622111, 3072021921, 1588048793, 3603875520, 3464814598, 3896378670, 422145738, 51224463, 302384107, 4017529628, 1656427615, 1865866957, 1987768217, 1350784320, 3396476273, 1991040155, 583430167, 1284136974, 2433342218, 2752453089, 2310575185, 2417857403, 407442436, 3733318933, 4080205645, 3814706110, 2225545905, 3366237953, 3029069397, 2433215826, 271967644, 2348487926, 4021381228, 2978893305, 1222837626, 395175790, 899009881, 4268698620, 218183781, 1361996904, 36415645, 3935909099, 2643455649, 2169914834, 2783201579, 2183519343, 3366647216, 1245386411, 3528586811, 343964448, 452358803, 655857795, 563902504, 1334179599, 3526619374, 3122155451, 2662149849, 3037415147, 3463018603, 684165332, 4185734273, 2111233083, 4187597075, 2944256636, 609), None)
Loaded weights: 57.942962471448624, -0.9331363924110408, -0.7162900781796975, 0.0, 5.0
events: 
  ----
(3, (1313147348, 3602677869, 381340663, 1977606423, 2571876704, 2512655317, 913002244, 225525199, 43349411, 1638103223, 3311550539, 3266217025, 1917008262, 262970761, 492840459, 3793544298, 2268881722, 3591576883, 3392901733, 3287782766, 3989531783, 2146154486, 799082115, 1785003360, 2074836618, 711475872, 2471414299, 534822479, 1844739216, 3448853930, 516597776, 1906454400, 910352611, 2872442814, 2839996090, 4015847275, 2738159379, 562251114, 673746847, 1420113747, 3146133131, 157665273, 2306109905, 2037715706, 3630657052, 3482385162, 1565087077, 1464224099, 3443682891, 314475960, 2776217811, 2034057506, 2101518250, 1413021621, 2852941857, 2418369094, 663224682, 306216662, 2925986682, 3156982169, 539567899, 106755549, 3241901890, 3036887660, 1591655419, 1434471190, 2586344741, 3718754366, 2104736739, 2505804379, 2009755540, 3125264913, 2299814619, 1509352160, 639160722, 3547560297, 3604539759, 211559993, 3762799398, 2786348266, 3252988605, 3651054882, 2442731228, 3277301582, 583873860, 522918238, 2850724720, 3636938850, 2106188474, 347301731, 728839669, 2297305440, 3156004433, 3383149738, 1941710290, 1542234798, 1248262468, 3720525602, 3791069593, 775959218, 2289675781, 1452181186, 4098658240, 2847833547, 917554695, 3611566813, 1564093073, 1102737316, 1028066660, 939572369, 1921569469, 3887282362, 3559166197, 2793665211, 3407815409, 902716388, 1555065244, 1017069311, 94433156, 3215583408, 2941877627, 2529069680, 1709130269, 741681640, 3300814942, 2492316338, 1191830071, 3921298190, 2331846495, 471468266, 594628382, 4203872328, 3680354432, 3288663672, 4199279306, 4011164939, 2360844255, 2042233592, 3875187086, 649011357, 1914282908, 3178673800, 2435187879, 3546465181, 3192811236, 384486929, 1596377567, 4077227751, 1862874417, 3202786703, 3975045567, 3718901925, 3371473516, 2311155149, 3375746569, 2589048790, 2086101301, 2324500126, 1794540712, 1508430134, 2148134022, 2654557434, 2837276135, 3569441170, 1912455311, 636018116, 1593548848, 2443861953, 3936795362, 2373125814, 3192591632, 3509078358, 2261155873, 1774094854, 3173822685, 2643589027, 1030587497, 2033383361, 2263045867, 4278019344, 1513877704, 867059404, 3338926893, 3004867905, 238726237, 3061305097, 312829226, 806291064, 1086918511, 2683838387, 4200117493, 3330979564, 1941170702, 803849539, 1731031136, 1361331884, 1150616001, 730795390, 1680235741, 2737331632, 3661251432, 2007526809, 4071162594, 591875235, 3173607894, 2394407061, 2424802550, 4077172520, 3229826434, 1117756214, 3342457280, 1419753516, 2361973100, 955812, 2245527107, 2949872381, 2215482401, 516581208, 3336431656, 303377726, 1496638825, 1548976630, 1680504539, 3614586478, 3542820995, 1195212969, 3506350011, 121092808, 2468404798, 1625746238, 2186757761, 4092501438, 85098484, 1618822522, 534292100, 2669072380, 2278837876, 3118379323, 1296906006, 2818498141, 1238761470, 73072691, 3864893126, 550804780, 2885575097, 3145195131, 1211973918, 3806366761, 336191868, 3845896444, 3042063694, 3964873265, 3673223903, 2148752254, 4232502021, 1301187684, 1768217897, 3735317507, 1825270373, 2206658346, 1410451143, 669716104, 2937175209, 1544069903, 941375664, 3132141658, 619771904, 635453072, 1264679291, 3872745857, 4018610871, 3489399309, 1955158448, 2530078453, 1842074745, 335371347, 590994821, 1868191564, 2815965785, 2833784111, 2159307237, 3245221301, 735149656, 3796477404, 987001714, 2426395267, 2938576036, 42295369, 825288450, 3662504839, 2083171590, 116070013, 2386268951, 381918977, 2493662800, 1541590720, 424710232, 1247341087, 311392356, 3858341704, 2002574382, 1433362599, 3138620776, 3859910304, 2089096147, 1031270667, 3502707989, 2192046127, 3184586890, 3748400804, 2148918150, 3946263810, 2047493452, 2279876952, 1020036350, 2356517030, 1370922570, 3461678536, 2350952597, 2688004474, 2304455916, 983766406, 372838802, 316196909, 2426438767, 3265990395, 1765869263, 2846716389, 731346653, 755151489, 1451314877, 1140331947, 1974992301, 3257289989, 239269869, 812772093, 1037532045, 4230124279, 2673782838, 2094078274, 319689080, 1627712107, 3542408381, 1550974022, 3510536150, 2946904069, 1510615195, 2641959133, 2023340130, 523889280, 1444948753, 2350786681, 4165955306, 1954314293, 1516193080, 3257710955, 1624488096, 2994853549, 2169210674, 709649723, 2254954006, 2750146138, 2698289431, 420228280, 2342604920, 1510967083, 1016888608, 452533647, 1058487072, 823596806, 3158602250, 3046992229, 125655867, 3468222505, 2816985479, 3049035311, 3511238341, 3173413537, 2646645782, 2917395719, 693104790, 1389188522, 2062776866, 3004876849, 1997582401, 2334517140, 1944193824, 3986033512, 3923828683, 1856511693, 4067870504, 1130355744, 199035192, 291241416, 2171411554, 2785905056, 527447949, 472131896, 3818150492, 2552557804, 2460983436, 3810285180, 1237872900, 1880584085, 1994165538, 4167577559, 4159345724, 2933390019, 3426082443, 3833342839, 1373466201, 367178942, 2305564220, 3300383105, 1996981740, 1213593864, 159480371, 1366130997, 3199609518, 2175351715, 2608750224, 2944588585, 2716040335, 1375379958, 1411306524, 3424660418, 1718102020, 3691775778, 552554855, 873615739, 1690782395, 2364530065, 730743429, 2212751059, 696862451, 1940434148, 2068510373, 3385885769, 148512171, 3511682158, 1929020121, 3875414112, 379607628, 1043797395, 169714477, 4206884695, 4153692382, 2608294267, 2668910237, 613111295, 858374508, 468267944, 3362500929, 1529062438, 3425702593, 1264219212, 3739225017, 2671914489, 666767852, 3341907870, 3407866201, 2055208549, 695404178, 3338579477, 1363290711, 931661446, 1179222946, 1373772287, 1344859364, 3390619819, 41863176, 3789646610, 3033190384, 1345345417, 1661537961, 2142232601, 1899829159, 2585140211, 1744313710, 1219254856, 204517583, 681563714, 2676569678, 4153624534, 1889289191, 4074498794, 2338166317, 3008080999, 1978526391, 3227754008, 1140332380, 1743340198, 255957712, 3371255274, 1479277702, 313015056, 2683393389, 1236467688, 402779871, 3424568428, 1717516210, 2603448065, 1459115692, 563360307, 1669881573, 3593451581, 1164653648, 70183770, 2286749962, 2279441929, 2286064320, 1194422742, 1911059591, 1008690889, 1262344126, 1858615817, 3769809561, 3098874546, 413441651, 3997180727, 2453920945, 3494204520, 2516938885, 2227278278, 735514239, 1553030363, 3332856420, 387018594, 1521661197, 1209709338, 1374591957, 195313419, 2551945956, 3869978083, 2404236478, 2645833941, 2620604908, 2270013917, 763521627, 1086392202, 2548626400, 260007342, 409694859, 825169391, 2444386453, 938645556, 3446349912, 2269565771, 732574317, 2773689968, 2205372181, 1762809866, 567562129, 1812237665, 3935416363, 2797266255, 218479849, 2265437252, 1519799476, 3821218717, 1084446474, 4162428670, 454461853, 1519717262, 2285736032, 3553232723, 3831457370, 2198184018, 1455406053, 997320269, 4074906623, 1930117317, 2280102565, 3862664956, 2133313103, 4042404022, 964483719, 1587857044, 1192301654, 630952989, 2776236375, 377212730, 1952907070, 2151839705, 3274584946, 1511040693, 3608579684, 1160419811, 3949465843, 3905835993, 485598915, 4235846734, 2613055752, 1491992477, 289402424, 3168103763, 237011704, 1674338023, 2634702673, 2673885098, 1660734083, 1881705992, 4111971526, 447982223, 1698442313, 4187350734, 1375131277, 2574236500, 411920442, 4001428404, 966374575, 1742638165, 904899788, 1526461271, 697474154, 1069480056, 2904886631, 206228418, 389814346, 2926258087, 4139262730, 615086132, 4055067806, 2018685799, 357), None)
Loaded weights: 57.170186685287845, -0.8238078928299144, -0.7162900781796975, 0.0, -5.0
events: 
  ----
(3, (2926762449, 834768760, 1002680504, 2651487292, 821489481, 318625414, 4020715949, 4003366700, 1370563411, 1280509126, 1451755580, 3038003784, 2057491820, 3328560515, 619497099, 3404869537, 917956551, 2333277185, 699282367, 3865869487, 781736654, 812521776, 3030074643, 2796282325, 3132553849, 827107677, 2265075214, 1659169364, 3941105943, 688749580, 3839693026, 2730922441, 562605732, 811874790, 1648957179, 3810299347, 3542238310, 2761273827, 3237119890, 4286665023, 342546282, 2506659228, 2917829907, 1590244823, 2167823845, 3775676449, 2359067133, 3048482007, 3017848203, 2082487400, 3890858474, 2713000264, 2543819514, 3207023011, 1408991883, 2611982836, 1375968077, 3674444668, 2353469535, 402401515, 90499016, 119778893, 2645617320, 1031275643, 1354750958, 3178203359, 2821551626, 3069396857, 2754442100, 1034728552, 3586738216, 2376756566, 2799940059, 292724929, 1364223865, 1185811352, 2406937674, 1395322682, 749061740, 2294805030, 4141436258, 791974400, 688359919, 1565928045, 654990061, 2340191222, 2616255463, 240693946, 1636493700, 133020680, 3074203863, 3001761088, 2763062349, 975570357, 1243550705, 712173170, 3859816059, 2983779477, 1166549577, 46478000, 586529929, 573024575, 29968982, 2752504942, 696768176, 2708337467, 21562849, 2100025431, 1395087018, 3844599249, 938964743, 2069361071, 1301598091, 1959113575, 500587556, 1605386313, 3143125353, 1240309884, 1897713233, 773240059, 4092221322, 4081291170, 4166694851, 2954683550, 2583922993, 1820930369, 2954670145, 4154535183, 312236206, 3609198059, 710438726, 924603725, 706228262, 751529648, 3844492625, 1195959764, 2591435935, 3157321849, 1475024964, 2772406306, 2583098009, 4229552343, 2960709275, 3369059474, 3707941497, 2935006907, 2443534915, 2134788818, 2978576940, 571777112, 1889180614, 1339064155, 2025529417, 2128681166, 607815649, 3338096596, 1765935662, 2682974847, 2320403924, 218188458, 3357244985, 2534428312, 2309195604, 2706704274, 3941462044, 879450501, 3410531505, 4251897105, 2507375624, 3145395410, 3952182521, 2362723114, 1336845134, 1971112782, 2764770251, 1079633998, 1135238595, 3848199653, 2408350270, 1415652067, 1198777842, 4254619935, 3843978850, 2070931366, 2487785569, 1026837931, 2554721509, 2051146778, 3437500851, 858940609, 644858517, 2461132276, 1714553255, 795287283, 3572221720, 545399095, 1294629154, 3122950281, 2906735499, 1664983884, 2165364980, 2757680672, 1472932132, 2087222888, 2927353501, 3176428221, 1664217371, 92123784, 2564434773, 1919564397, 4078987074, 518587532, 2928130406, 2726102865, 2839511540, 4007777795, 362725627, 184313982, 1991536359, 414699276, 576916281, 3156317176, 2245147792, 103090068, 3728672959, 1086623644, 1003056643, 2816653006, 1102248679, 2749408039, 3892130531, 1920979123, 583234619, 3763016431, 3776307410, 307954793, 2310335620, 808358839, 1071881657, 508045971, 1564540229, 398593512, 2593677623, 3124848580, 1335993315, 1303417648, 1309968996, 1687988848, 49530190, 3996278708, 1233830930, 1321612233, 1900348642, 1613337427, 69446758, 1196580700, 2673343186, 196089103, 2735072860, 3532193048, 596754082, 3972626544, 336620683, 3475792958, 3117279694, 2458581906, 3983625847, 2832390920, 1057657219, 1126280343, 2688517134, 4218614077, 1935804292, 1668406046, 625097249, 997518230, 1267537870, 1829594137, 1825154816, 1322065623, 1184426918, 101924263, 2861261594, 258581236, 1246023394, 3688142349, 3484821520, 503092297, 3004018513, 3819289643, 2802139034, 3467289274, 1862727552, 2726057250, 3674349593, 2827303768, 2173202872, 3700356122, 3210126066, 3712868300, 2731384909, 1289331149, 900123848, 1748815228, 3566839648, 2647587897, 1352449774, 2821797159, 1082299730, 1762490412, 684568812, 1510963275, 2291035994, 3314983320, 140672745, 156346017, 549928684, 1747208258, 3807438333, 3760023099, 1735888758, 1090755384, 3122016955, 2001267859, 1233513271, 2820674033, 2400926365, 3996563256, 2913878176, 3011599831, 486235748, 2320799929, 427189606, 3747663560, 4229668342, 3569638323, 1111364725, 2019045148, 88046862, 1142146871, 3712972429, 2907472549, 831045226, 2479295106, 2268465313, 2232511171, 3114436682, 2410056635, 4242504418, 1245844116, 790315133, 3861134916, 2411707780, 2637370077, 1337966949, 1660257534, 1465362018, 1795009759, 4214413071, 690741037, 2101255581, 742698245, 198112136, 2678490275, 1212128051, 1235560148, 827043386, 2256367369, 3834794836, 2925195166, 185188607, 129281851, 279209584, 1532900959, 3169366298, 1076188561, 3851364823, 1048237517, 2150185223, 740087810, 1468510747, 423836400, 1181915923, 2344805073, 2591556021, 4089415748, 1003114270, 635674883, 2035085601, 2962810048, 3237669250, 4009981056, 1019651937, 3422427776, 2926053825, 1136865041, 3043555406, 3663440343, 3234214748, 117011208, 83026032, 3224318793, 3780833115, 2026117970, 1080195793, 4101621792, 2583850845, 3093412456, 380566651, 351826321, 1906228729, 2432604031, 3328643508, 3821418003, 1583937694, 1361843317, 2190218372, 959764418, 1265486074, 730672879, 3786326968, 487770496, 1216311756, 1730482988, 2620679528, 3732232073, 1295753437, 1215283352, 660555330, 4238359718, 3809943679, 1655983872, 632107275, 2935874237, 1017767162, 1014489304, 3481979030, 776329544, 910231227, 1324501205, 2432833377, 3798969554, 1760750613, 2308481458, 2930451210, 226379400, 3422866286, 4108423336, 2003601880, 2621889574, 198286912, 1661100224, 760569231, 2228869052, 3259993320, 4157231076, 1967719684, 3022141973, 1374120828, 3729010760, 75259138, 4121715611, 2821514172, 2015185264, 736792820, 482827368, 2947651251, 1968474935, 2881936738, 3685156147, 2326909517, 365216795, 3164604459, 3868769775, 3259230883, 2741370434, 2050089618, 980863653, 1787829997, 3998608474, 1952872562, 199702337, 1016855735, 2115070974, 853401722, 2141429141, 304454644, 3228564262, 3438851964, 1978427173, 4242064749, 3194823846, 3069335911, 2170859572, 2709964416, 2851769322, 670618467, 892847038, 3715994379, 5086301, 4159688769, 1312690551, 2998288976, 3812722787, 3742501080, 243023144, 1289382778, 1119776547, 3707063932, 4004129402, 1827740191, 3954721918, 1557370294, 3928540111, 3012573586, 442254018, 3221173618, 1918877820, 1619133438, 3207571719, 3395223318, 151529604, 3940938683, 1298875992, 1808722600, 2617577408, 2529519741, 379341332, 1758787648, 2220438013, 4108739110, 3633605138, 2006178327, 389701809, 2145622418, 245052836, 3013811229, 3875812638, 2054159246, 2205816490, 2183729999, 2640279411, 2295241865, 2971057785, 870122584, 3292886481, 985055041, 2880054943, 1403652096, 1655121390, 63029398, 3228007456, 120252318, 593187415, 610497856, 1914973707, 2952968181, 1907390526, 582860200, 2032652003, 3815506359, 681077223, 4186889844, 1176558661, 2293603434, 1997590051, 93394718, 790109088, 704430428, 2448498506, 1934236223, 500004140, 4128022973, 1597627314, 3084882912, 963225470, 1695576542, 211012182, 1843479701, 67767792, 3591304512, 1972158202, 4225503181, 918601691, 2667401050, 3501822013, 3535151875, 3514967355, 3240834102, 3703476278, 2711254660, 98538423, 3168496069, 970217766, 18835839, 2743210536, 112488498, 2625920904, 1208266990, 4174558190, 1665823067, 2254662521, 2490642441, 1310297900, 45098666, 1910170270, 548079016, 465634822, 771965738, 2209804699, 556078116, 2156910547, 1204470064, 788726059, 977067327, 4141270861, 4139614497, 3412387239, 1631475596, 1201321700, 2578097818, 2528231310, 2799879805, 995697785, 36), None)
Loaded weights: 56.88304622515702, -1.0139509817848222, -0.7162900781796975, 0.0, -5.0
events: me found the exit, 
  ----
(3, (2926762449, 834768760, 1002680504, 2651487292, 821489481, 318625414, 4020715949, 4003366700, 1370563411, 1280509126, 1451755580, 3038003784, 2057491820, 3328560515, 619497099, 3404869537, 917956551, 2333277185, 699282367, 3865869487, 781736654, 812521776, 3030074643, 2796282325, 3132553849, 827107677, 2265075214, 1659169364, 3941105943, 688749580, 3839693026, 2730922441, 562605732, 811874790, 1648957179, 3810299347, 3542238310, 2761273827, 3237119890, 4286665023, 342546282, 2506659228, 2917829907, 1590244823, 2167823845, 3775676449, 2359067133, 3048482007, 3017848203, 2082487400, 3890858474, 2713000264, 2543819514, 3207023011, 1408991883, 2611982836, 1375968077, 3674444668, 2353469535, 402401515, 90499016, 119778893, 2645617320, 1031275643, 1354750958, 3178203359, 2821551626, 3069396857, 2754442100, 1034728552, 3586738216, 2376756566, 2799940059, 292724929, 1364223865, 1185811352, 2406937674, 1395322682, 749061740, 2294805030, 4141436258, 791974400, 688359919, 1565928045, 654990061, 2340191222, 2616255463, 240693946, 1636493700, 133020680, 3074203863, 3001761088, 2763062349, 975570357, 1243550705, 712173170, 3859816059, 2983779477, 1166549577, 46478000, 586529929, 573024575, 29968982, 2752504942, 696768176, 2708337467, 21562849, 2100025431, 1395087018, 3844599249, 938964743, 2069361071, 1301598091, 1959113575, 500587556, 1605386313, 3143125353, 1240309884, 1897713233, 773240059, 4092221322, 4081291170, 4166694851, 2954683550, 2583922993, 1820930369, 2954670145, 4154535183, 312236206, 3609198059, 710438726, 924603725, 706228262, 751529648, 3844492625, 1195959764, 2591435935, 3157321849, 1475024964, 2772406306, 2583098009, 4229552343, 2960709275, 3369059474, 3707941497, 2935006907, 2443534915, 2134788818, 2978576940, 571777112, 1889180614, 1339064155, 2025529417, 2128681166, 607815649, 3338096596, 1765935662, 2682974847, 2320403924, 218188458, 3357244985, 2534428312, 2309195604, 2706704274, 3941462044, 879450501, 3410531505, 4251897105, 2507375624, 3145395410, 3952182521, 2362723114, 1336845134, 1971112782, 2764770251, 1079633998, 1135238595, 3848199653, 2408350270, 1415652067, 1198777842, 4254619935, 3843978850, 2070931366, 2487785569, 1026837931, 2554721509, 2051146778, 3437500851, 858940609, 644858517, 2461132276, 1714553255, 795287283, 3572221720, 545399095, 1294629154, 3122950281, 2906735499, 1664983884, 2165364980, 2757680672, 1472932132, 2087222888, 2927353501, 3176428221, 1664217371, 92123784, 2564434773, 1919564397, 4078987074, 518587532, 2928130406, 2726102865, 2839511540, 4007777795, 362725627, 184313982, 1991536359, 414699276, 576916281, 3156317176, 2245147792, 103090068, 3728672959, 1086623644, 1003056643, 2816653006, 1102248679, 2749408039, 3892130531, 1920979123, 583234619, 3763016431, 3776307410, 307954793, 2310335620, 808358839, 1071881657, 508045971, 1564540229, 398593512, 2593677623, 3124848580, 1335993315, 1303417648, 1309968996, 1687988848, 49530190, 3996278708, 1233830930, 1321612233, 1900348642, 1613337427, 69446758, 1196580700, 2673343186, 196089103, 2735072860, 3532193048, 596754082, 3972626544, 336620683, 3475792958, 3117279694, 2458581906, 3983625847, 2832390920, 1057657219, 1126280343, 2688517134, 4218614077, 1935804292, 1668406046, 625097249, 997518230, 1267537870, 1829594137, 1825154816, 1322065623, 1184426918, 101924263, 2861261594, 258581236, 1246023394, 3688142349, 3484821520, 503092297, 3004018513, 3819289643, 2802139034, 3467289274, 1862727552, 2726057250, 3674349593, 2827303768, 2173202872, 3700356122, 3210126066, 3712868300, 2731384909, 1289331149, 900123848, 1748815228, 3566839648, 2647587897, 1352449774, 2821797159, 1082299730, 1762490412, 684568812, 1510963275, 2291035994, 3314983320, 140672745, 156346017, 549928684, 1747208258, 3807438333, 3760023099, 1735888758, 1090755384, 3122016955, 2001267859, 1233513271, 2820674033, 2400926365, 3996563256, 2913878176, 3011599831, 486235748, 2320799929, 427189606, 3747663560, 4229668342, 3569638323, 1111364725, 2019045148, 88046862, 1142146871, 3712972429, 2907472549, 831045226, 2479295106, 2268465313, 2232511171, 3114436682, 2410056635, 4242504418, 1245844116, 790315133, 3861134916, 2411707780, 2637370077, 1337966949, 1660257534, 1465362018, 1795009759, 4214413071, 690741037, 2101255581, 742698245, 198112136, 2678490275, 1212128051, 1235560148, 827043386, 2256367369, 3834794836, 2925195166, 185188607, 129281851, 279209584, 1532900959, 3169366298, 1076188561, 3851364823, 1048237517, 2150185223, 740087810, 1468510747, 423836400, 1181915923, 2344805073, 2591556021, 4089415748, 1003114270, 635674883, 2035085601, 2962810048, 3237669250, 4009981056, 1019651937, 3422427776, 2926053825, 1136865041, 3043555406, 3663440343, 3234214748, 117011208, 83026032, 3224318793, 3780833115, 2026117970, 1080195793, 4101621792, 2583850845, 3093412456, 380566651, 351826321, 1906228729, 2432604031, 3328643508, 3821418003, 1583937694, 1361843317, 2190218372, 959764418, 1265486074, 730672879, 3786326968, 487770496, 1216311756, 1730482988, 2620679528, 3732232073, 1295753437, 1215283352, 660555330, 4238359718, 3809943679, 1655983872, 632107275, 2935874237, 1017767162, 1014489304, 3481979030, 776329544, 910231227, 1324501205, 2432833377, 3798969554, 1760750613, 2308481458, 2930451210, 226379400, 3422866286, 4108423336, 2003601880, 2621889574, 198286912, 1661100224, 760569231, 2228869052, 3259993320, 4157231076, 1967719684, 3022141973, 1374120828, 3729010760, 75259138, 4121715611, 2821514172, 2015185264, 736792820, 482827368, 2947651251, 1968474935, 2881936738, 3685156147, 2326909517, 365216795, 3164604459, 3868769775, 3259230883, 2741370434, 2050089618, 980863653, 1787829997, 3998608474, 1952872562, 199702337, 1016855735, 2115070974, 853401722, 2141429141, 304454644, 3228564262, 3438851964, 1978427173, 4242064749, 3194823846, 3069335911, 2170859572, 2709964416, 2851769322, 670618467, 892847038, 3715994379, 5086301, 4159688769, 1312690551, 2998288976, 3812722787, 3742501080, 243023144, 1289382778, 1119776547, 3707063932, 4004129402, 1827740191, 3954721918, 1557370294, 3928540111, 3012573586, 442254018, 3221173618, 1918877820, 1619133438, 3207571719, 3395223318, 151529604, 3940938683, 1298875992, 1808722600, 2617577408, 2529519741, 379341332, 1758787648, 2220438013, 4108739110, 3633605138, 2006178327, 389701809, 2145622418, 245052836, 3013811229, 3875812638, 2054159246, 2205816490, 2183729999, 2640279411, 2295241865, 2971057785, 870122584, 3292886481, 985055041, 2880054943, 1403652096, 1655121390, 63029398, 3228007456, 120252318, 593187415, 610497856, 1914973707, 2952968181, 1907390526, 582860200, 2032652003, 3815506359, 681077223, 4186889844, 1176558661, 2293603434, 1997590051, 93394718, 790109088, 704430428, 2448498506, 1934236223, 500004140, 4128022973, 1597627314, 3084882912, 963225470, 1695576542, 211012182, 1843479701, 67767792, 3591304512, 1972158202, 4225503181, 918601691, 2667401050, 3501822013, 3535151875, 3514967355, 3240834102, 3703476278, 2711254660, 98538423, 3168496069, 970217766, 18835839, 2743210536, 112488498, 2625920904, 1208266990, 4174558190, 1665823067, 2254662521, 2490642441, 1310297900, 45098666, 1910170270, 548079016, 465634822, 771965738, 2209804699, 556078116, 2156910547, 1204470064, 788726059, 977067327, 4141270861, 4139614497, 3412387239, 1631475596, 1201321700, 2578097818, 2528231310, 2799879805, 995697785, 419), None)
Loaded weights: 62.43197356310235, 0.8862442348717194, -0.7162900781796975, 0.0, 5.0
events: me found the exit, 
  ----
(3, (2193321579, 3710380800, 167529750, 3313575691, 3377584138, 1333919570, 260790468, 2981256103, 3528477251, 2974182211, 2733349708, 1811912397, 2931959695, 3135270499, 747581552, 70570632, 2135423180, 2478264734, 4212300541, 3586144739, 553900890, 3358120620, 3788533466, 637341275, 3703320049, 1274959563, 374826502, 810063164, 2331240847, 2136287404, 2147760291, 2006651152, 3834781781, 1262164957, 3392321846, 1279005496, 1707051667, 1557178163, 3670014104, 2243928867, 619811718, 4189909229, 3097387745, 143755596, 199310365, 3082034228, 1246364422, 1850984720, 1936611516, 4293930907, 2755337228, 1017332901, 1524484136, 4213501914, 1859500090, 3713802486, 2841124354, 493137944, 624749390, 2012968672, 784031212, 1597972008, 435192490, 740536565, 1913853739, 4231682233, 3127663123, 2046568782, 1108411996, 2236953255, 864140700, 1639953744, 169272716, 990990638, 915653079, 3139138062, 2400045682, 3557886357, 2802190161, 22889507, 1844216741, 3877333701, 1509312947, 4276872667, 240716474, 3899342235, 960311971, 35165368, 2085962641, 2427681600, 2568643974, 128481669, 2985809184, 1088420938, 2874431391, 485680773, 1082158753, 1514825595, 2828538546, 2945105400, 3173820414, 3717805600, 306867818, 2737584921, 3347077173, 1796894847, 1155323031, 4135691149, 2783410975, 2385076262, 3860670251, 1664588134, 1304445718, 1645884429, 1567151237, 3631677917, 2396918769, 303492709, 2489296992, 2248810167, 201197485, 2242373824, 3877755720, 509053777, 3863216379, 1810045764, 2947768320, 578864895, 780288490, 3286851550, 2484785261, 2111365203, 2453440165, 1602090065, 3140491512, 3818945671, 3492455506, 336991664, 470089141, 1716573582, 27050, 3143311388, 3877500131, 1973484204, 1395627249, 1494523255, 3465124624, 723106126, 2504992253, 50066082, 357214701, 4143917307, 1574414729, 2295608249, 3810319306, 1938547337, 3047594935, 1631859626, 883198814, 218609718, 976772978, 1718386178, 697126186, 2518350265, 3953489402, 1159865587, 2711554578, 3255590510, 716027978, 3914425789, 1769094709, 1311478011, 2874112749, 4163317509, 2111930635, 1322336131, 4103996831, 4028224255, 3394340560, 1185514279, 2874627590, 527335332, 2042494499, 1159858607, 2988321008, 1861633376, 1273085398, 562557788, 271061634, 1485402774, 3638220737, 725255226, 1376104336, 2347734280, 3432395763, 2588824916, 3184447933, 3468130405, 3525100430, 104602696, 3467325592, 601957500, 3336998106, 3984535242, 1103225592, 2095347803, 1286035048, 2547352543, 2447855479, 423310857, 1421182016, 960536473, 1266729708, 1975178462, 1861717005, 2483884434, 712848660, 2557368979, 4203552971, 2122626146, 3581160539, 601311684, 76035374, 800952858, 4141086784, 571392419, 682131230, 2070586311, 1440680524, 3809109176, 632717197, 1094243016, 3870082810, 2130815149, 1637312844, 3599383553, 1884918343, 605218127, 4258476891, 426437106, 2969659543, 3100356660, 1494507882, 2174720482, 3043956742, 3692617679, 3884870875, 544881149, 4281464182, 2232749267, 2610341728, 3827216256, 3806474173, 340176949, 333560466, 2237142246, 2743440116, 2441530253, 517959580, 3042639620, 2103420901, 422723500, 1806311719, 962166388, 362142458, 890236796, 3520515751, 3799804824, 1092916857, 2827067622, 3961536781, 1917861855, 2248995259, 3252924105, 1944698075, 1453904731, 1350446408, 2455752588, 2194504465, 2039594491, 1629864406, 2073037239, 2598957452, 2356836723, 2844150721, 1122500422, 2685242395, 2922723995, 3085267170, 1248992615, 1266082216, 93351147, 3976491560, 1323694784, 767472866, 47529600, 3943844010, 1814752485, 253319862, 3262678389, 3296014615, 742434739, 2399474864, 2772507074, 67028822, 3477624870, 2353884783, 229493004, 3550336723, 1301320133, 1256515873, 169753879, 2325769559, 3825515784, 2679699255, 1815534823, 2762039137, 829073319, 4004411975, 3259765403, 1616785878, 794295837, 4267581459, 4249496549, 3612532572, 1981628195, 3633440356, 3959130030, 491857940, 1547157848, 1057933210, 2335926918, 1151997723, 986782316, 99303051, 1576059386, 2986702760, 3833764268, 3627469346, 4201597071, 2914305408, 95194032, 3516171420, 1414375294, 3382111195, 3364809797, 1490152373, 1972484828, 3766935946, 1772407721, 759534707, 2711346745, 3161596661, 1365520493, 335152256, 86610651, 1872705902, 814418741, 2957360922, 900430004, 3495367180, 3201786172, 1971031561, 759027988, 818185946, 77671080, 4234597077, 1917403136, 3967178707, 999400515, 4017233390, 1534961609, 3987945095, 3506291613, 3523453785, 1048576457, 3301845147, 2354480561, 2700166394, 4011638875, 2222304961, 1496131228, 4016186174, 1636969394, 412874632, 1765911761, 2264848488, 2677446461, 2116029538, 1240480235, 3785049081, 751736469, 1625106867, 1873002029, 988117305, 806995053, 494141833, 152119195, 223816063, 2838891221, 1094190718, 2487502457, 850604586, 1302825000, 3391436527, 509084065, 446258707, 2030606564, 2350577587, 3631878144, 3562402511, 3509428266, 2250108598, 617988505, 2417576377, 292427968, 68360567, 4251726780, 2817827730, 1657982540, 3311858120, 3903425301, 2849823938, 3017073417, 948265854, 763994943, 571210756, 3708064697, 498154031, 778415162, 2619672906, 3391081122, 4069669338, 317957141, 2314105779, 3055692604, 1310317229, 3600660418, 2268138284, 3658054019, 76350135, 2206616280, 2428584267, 2099815569, 3738270167, 3700376956, 83131446, 2931976375, 770975703, 1096874510, 507290234, 2037507672, 543304317, 1234155882, 9405493, 796625102, 1611909485, 1296419379, 1847249644, 2761091195, 3705612735, 897652882, 2860816569, 1705826877, 712067963, 1929595101, 4207418550, 2766276134, 1276150386, 2235840659, 1383418672, 842509516, 912011751, 531048789, 1908983516, 2183726143, 19323230, 936777929, 3543423405, 2563838852, 2294127434, 2493838358, 3125846297, 3135988425, 929019288, 399352422, 2506949271, 455343195, 4207721697, 3436114766, 1718610983, 3622061718, 1975367526, 2165681639, 3061919341, 2345684759, 2988065081, 1536571479, 2877178158, 619948356, 1072961197, 1790090739, 3187713973, 1073162532, 3579957528, 2761969324, 3250993845, 1331652328, 214244490, 1972948060, 3114687308, 3354362138, 4009438846, 4190474450, 3810204666, 2820336219, 861797721, 2067259479, 2198800567, 2284522915, 174190210, 2177170912, 1684053420, 3740614142, 1646816005, 3715325527, 2302058623, 4028583223, 3076820882, 4118160803, 3372952779, 3779041922, 1574820001, 3015484070, 182473694, 1397024770, 1041402698, 936580326, 195245634, 1388074031, 866367086, 1121388972, 2914333444, 4249869645, 2319494544, 721261880, 1318170891, 160118230, 503606506, 4290691160, 3715732981, 2496113811, 4273481431, 3399507140, 1273045108, 2623062833, 619707719, 777001294, 782253352, 3960776479, 4153777728, 959205809, 2817007367, 3059726749, 100814434, 3674096045, 3991094623, 3108676910, 223609877, 825833820, 1521163752, 1805126618, 2802975132, 1128145477, 690317667, 3524188517, 1877814914, 2193458918, 2745096385, 2541049941, 732065552, 3072111545, 3342958057, 1625398979, 3252646900, 1075191364, 3294812918, 2965538839, 3498584359, 632730955, 4141522960, 3080815335, 1481311803, 1709299381, 1669875988, 2938925002, 903056263, 2339390873, 1729429054, 85901045, 1254409982, 19991426, 1502398047, 3314957262, 3032216830, 2963588654, 3808183128, 2473856852, 3254709902, 3220220204, 4175261828, 2071893776, 3888684187, 48760360, 1039483972, 2625010733, 3041590247, 2432985151, 251907559, 1812495102, 620454378, 4036799192, 4106086030, 2233534051, 102), None)
Loaded weights: 69.34002327135886, 0.8862442348717194, -0.7162900781796975, 0.0, 5.0
events: me found the exit, 
  ----
(3, (2193321579, 3710380800, 167529750, 3313575691, 3377584138, 1333919570, 260790468, 2981256103, 3528477251, 2974182211, 2733349708, 1811912397, 2931959695, 3135270499, 747581552, 70570632, 2135423180, 2478264734, 4212300541, 3586144739, 553900890, 3358120620, 3788533466, 637341275, 3703320049, 1274959563, 374826502, 810063164, 2331240847, 2136287404, 2147760291, 2006651152, 3834781781, 1262164957, 3392321846, 1279005496, 1707051667, 1557178163, 3670014104, 2243928867, 619811718, 4189909229, 3097387745, 143755596, 199310365, 3082034228, 1246364422, 1850984720, 1936611516, 4293930907, 2755337228, 1017332901, 1524484136, 4213501914, 1859500090, 3713802486, 2841124354, 493137944, 624749390, 2012968672, 784031212, 1597972008, 435192490, 740536565, 1913853739, 4231682233, 3127663123, 2046568782, 1108411996, 2236953255, 864140700, 1639953744, 169272716, 990990638, 915653079, 3139138062, 2400045682, 3557886357, 2802190161, 22889507, 1844216741, 3877333701, 1509312947, 4276872667, 240716474, 3899342235, 960311971, 35165368, 2085962641, 2427681600, 2568643974, 128481669, 2985809184, 1088420938, 2874431391, 485680773, 1082158753, 1514825595, 2828538546, 2945105400, 3173820414, 3717805600, 306867818, 2737584921, 3347077173, 1796894847, 1155323031, 4135691149, 2783410975, 2385076262, 3860670251, 1664588134, 1304445718, 1645884429, 1567151237, 3631677917, 2396918769, 303492709, 2489296992, 2248810167, 201197485, 2242373824, 3877755720, 509053777, 3863216379, 1810045764, 2947768320, 578864895, 780288490, 3286851550, 2484785261, 2111365203, 2453440165, 1602090065, 3140491512, 3818945671, 3492455506, 336991664, 470089141, 1716573582, 27050, 3143311388, 3877500131, 1973484204, 1395627249, 1494523255, 3465124624, 723106126, 2504992253, 50066082, 357214701, 4143917307, 1574414729, 2295608249, 3810319306, 1938547337, 3047594935, 1631859626, 883198814, 218609718, 976772978, 1718386178, 697126186, 2518350265, 3953489402, 1159865587, 2711554578, 3255590510, 716027978, 3914425789, 1769094709, 1311478011, 2874112749, 4163317509, 2111930635, 1322336131, 4103996831, 4028224255, 3394340560, 1185514279, 2874627590, 527335332, 2042494499, 1159858607, 2988321008, 1861633376, 1273085398, 562557788, 271061634, 1485402774, 3638220737, 725255226, 1376104336, 2347734280, 3432395763, 2588824916, 3184447933, 3468130405, 3525100430, 104602696, 3467325592, 601957500, 3336998106, 3984535242, 1103225592, 2095347803, 1286035048, 2547352543, 2447855479, 423310857, 1421182016, 960536473, 1266729708, 1975178462, 1861717005, 2483884434, 712848660, 2557368979, 4203552971, 2122626146, 3581160539, 601311684, 76035374, 800952858, 4141086784, 571392419, 682131230, 2070586311, 1440680524, 3809109176, 632717197, 1094243016, 3870082810, 2130815149, 1637312844, 3599383553, 1884918343, 605218127, 4258476891, 426437106, 2969659543, 3100356660, 1494507882, 2174720482, 3043956742, 3692617679, 3884870875, 544881149, 4281464182, 2232749267, 2610341728, 3827216256, 3806474173, 340176949, 333560466, 2237142246, 2743440116, 2441530253, 517959580, 3042639620, 2103420901, 422723500, 1806311719, 962166388, 362142458, 890236796, 3520515751, 3799804824, 1092916857, 2827067622, 3961536781, 1917861855, 2248995259, 3252924105, 1944698075, 1453904731, 1350446408, 2455752588, 2194504465, 2039594491, 1629864406, 2073037239, 2598957452, 2356836723, 2844150721, 1122500422, 2685242395, 2922723995, 3085267170, 1248992615, 1266082216, 93351147, 3976491560, 1323694784, 767472866, 47529600, 3943844010, 1814752485, 253319862, 3262678389, 3296014615, 742434739, 2399474864, 2772507074, 67028822, 3477624870, 2353884783, 229493004, 3550336723, 1301320133, 1256515873, 169753879, 2325769559, 3825515784, 2679699255, 1815534823, 2762039137, 829073319, 4004411975, 3259765403, 1616785878, 794295837, 4267581459, 4249496549, 3612532572, 1981628195, 3633440356, 3959130030, 491857940, 1547157848, 1057933210, 2335926918, 1151997723, 986782316, 99303051, 1576059386, 2986702760, 3833764268, 3627469346, 4201597071, 2914305408, 95194032, 3516171420, 1414375294, 3382111195, 3364809797, 1490152373, 1972484828, 3766935946, 1772407721, 759534707, 2711346745, 3161596661, 1365520493, 335152256, 86610651, 1872705902, 814418741, 2957360922, 900430004, 3495367180, 3201786172, 1971031561, 759027988, 818185946, 77671080, 4234597077, 1917403136, 3967178707, 999400515, 4017233390, 1534961609, 3987945095, 3506291613, 3523453785, 1048576457, 3301845147, 2354480561, 2700166394, 4011638875, 2222304961, 1496131228, 4016186174, 1636969394, 412874632, 1765911761, 2264848488, 2677446461, 2116029538, 1240480235, 3785049081, 751736469, 1625106867, 1873002029, 988117305, 806995053, 494141833, 152119195, 223816063, 2838891221, 1094190718, 2487502457, 850604586, 1302825000, 3391436527, 509084065, 446258707, 2030606564, 2350577587, 3631878144, 3562402511, 3509428266, 2250108598, 617988505, 2417576377, 292427968, 68360567, 4251726780, 2817827730, 1657982540, 3311858120, 3903425301, 2849823938, 3017073417, 948265854, 763994943, 571210756, 3708064697, 498154031, 778415162, 2619672906, 3391081122, 4069669338, 317957141, 2314105779, 3055692604, 1310317229, 3600660418, 2268138284, 3658054019, 76350135, 2206616280, 2428584267, 2099815569, 3738270167, 3700376956, 83131446, 2931976375, 770975703, 1096874510, 507290234, 2037507672, 543304317, 1234155882, 9405493, 796625102, 1611909485, 1296419379, 1847249644, 2761091195, 3705612735, 897652882, 2860816569, 1705826877, 712067963, 1929595101, 4207418550, 2766276134, 1276150386, 2235840659, 1383418672, 842509516, 912011751, 531048789, 1908983516, 2183726143, 19323230, 936777929, 3543423405, 2563838852, 2294127434, 2493838358, 3125846297, 3135988425, 929019288, 399352422, 2506949271, 455343195, 4207721697, 3436114766, 1718610983, 3622061718, 1975367526, 2165681639, 3061919341, 2345684759, 2988065081, 1536571479, 2877178158, 619948356, 1072961197, 1790090739, 3187713973, 1073162532, 3579957528, 2761969324, 3250993845, 1331652328, 214244490, 1972948060, 3114687308, 3354362138, 4009438846, 4190474450, 3810204666, 2820336219, 861797721, 2067259479, 2198800567, 2284522915, 174190210, 2177170912, 1684053420, 3740614142, 1646816005, 3715325527, 2302058623, 4028583223, 3076820882, 4118160803, 3372952779, 3779041922, 1574820001, 3015484070, 182473694, 1397024770, 1041402698, 936580326, 195245634, 1388074031, 866367086, 1121388972, 2914333444, 4249869645, 2319494544, 721261880, 1318170891, 160118230, 503606506, 4290691160, 3715732981, 2496113811, 4273481431, 3399507140, 1273045108, 2623062833, 619707719, 777001294, 782253352, 3960776479, 4153777728, 959205809, 2817007367, 3059726749, 100814434, 3674096045, 3991094623, 3108676910, 223609877, 825833820, 1521163752, 1805126618, 2802975132, 1128145477, 690317667, 3524188517, 1877814914, 2193458918, 2745096385, 2541049941, 732065552, 3072111545, 3342958057, 1625398979, 3252646900, 1075191364, 3294812918, 2965538839, 3498584359, 632730955, 4141522960, 3080815335, 1481311803, 1709299381, 1669875988, 2938925002, 903056263, 2339390873, 1729429054, 85901045, 1254409982, 19991426, 1502398047, 3314957262, 3032216830, 2963588654, 3808183128, 2473856852, 3254709902, 3220220204, 4175261828, 2071893776, 3888684187, 48760360, 1039483972, 2625010733, 3041590247, 2432985151, 251907559, 1812495102, 620454378, 4036799192, 4106086030, 2233534051, 463), None)
Loaded weights: 76.48398593069048, 2.4365850112701937, -0.7162900781796975, 0.0, 5.0
events: 
  ----
(3, (1736626715, 1235816436, 318646671, 630254203, 4085561808, 896966216, 3430290724, 973447953, 3757278431, 1273795509, 2516575069, 41112747, 469932014, 2182245111, 3543648622, 3116241616, 755919190, 1956164632, 3800478958, 1418917082, 3648544490, 3608974591, 2837772734, 1915770863, 341708975, 2734124993, 2884675991, 2767464294, 1378039657, 3137425546, 2798197553, 3069221594, 3538981131, 3107739089, 2885796670, 1497713740, 2777892691, 2763100159, 1844791922, 476124014, 1934327659, 1115064963, 2655108389, 2557815910, 2556183746, 4125376712, 1241595929, 3882243465, 2055201390, 1458172464, 1771797050, 10142659, 2096270819, 1767276135, 1474295331, 1959667068, 121495910, 303165842, 344339390, 2001627035, 1658471719, 1659014073, 730562782, 2094928629, 2459206673, 1857684847, 424857242, 192530517, 3902890321, 2735260280, 2487082126, 1226567860, 2563543044, 3493075716, 800724427, 1910166750, 3970374976, 3141760427, 1536104177, 2933401683, 2639469940, 650628523, 1051480502, 3482394135, 966384132, 2143717527, 3152488597, 2424153231, 529801158, 3655348308, 3254743110, 3795277425, 2896235883, 3939333943, 9798923, 3438620905, 892874373, 2731353908, 3692368363, 3968602822, 895132487, 3797644827, 2892825623, 3309079144, 2251756819, 90602785, 2646558781, 513465416, 3820289727, 734009855, 1053076059, 707083521, 3718080133, 236618193, 1927065899, 815568729, 700864319, 3912552394, 1914131935, 4020915792, 2044990519, 4037010707, 1577613524, 2689293856, 4097142850, 1941515692, 381546078, 1969834992, 4236767672, 1513322646, 402361793, 661814303, 62943060, 3566411959, 166138910, 902335112, 4189563006, 2649398747, 1617724101, 1041416095, 712934632, 3777330412, 678177145, 2201799881, 4149606344, 2331115148, 2831352298, 435130289, 1803578473, 3711718690, 2885423476, 3924232433, 1658612059, 2901932048, 1946873096, 2103696339, 3120710929, 1370711515, 2598051626, 972280574, 493233743, 979803069, 2115070748, 2185700541, 3266704151, 3072825870, 3612972714, 1398051399, 2002666412, 5434010, 123198860, 2180712892, 3559005697, 3176361394, 3589809348, 72725388, 2721741797, 1275963915, 676505641, 2051442049, 3440032052, 105420559, 753724509, 850230120, 3228012809, 3803292418, 1881302893, 3385555637, 1817356047, 1896284617, 3848260106, 4186636015, 541163471, 161024310, 4203128909, 2678382138, 2612189784, 176564435, 3962724846, 310776779, 3665876903, 1147648083, 1939941776, 707016578, 2789967728, 2145348971, 1467239166, 1698751386, 1697770997, 3366355320, 383578183, 3829305336, 2234368835, 1454245469, 1903697881, 3002467857, 2547489726, 3652936958, 3811845660, 116940053, 3236941021, 222812016, 2077668339, 529702346, 949189334, 3773421825, 563930975, 1299011389, 2016165288, 3643647638, 84706079, 3235044013, 3556702913, 4240286082, 2286423502, 1054342435, 3236778445, 840878639, 1321607250, 2643104634, 3732386541, 3216898523, 3111247393, 2008671573, 2208066336, 139014748, 2644990203, 3873481809, 211722825, 3840911886, 4128815, 4230461358, 1910277892, 2717938910, 2790796565, 65142291, 1791657363, 3920014591, 2891834712, 894956070, 3047508487, 14443378, 1172960118, 2941889070, 3191240769, 3692469758, 1834952354, 2328986760, 1446402800, 1901669756, 2018870102, 38964416, 203237235, 2868719275, 1429900539, 1379988682, 1606817270, 2985654125, 3847925217, 1281387784, 3449211491, 1521192677, 2885396762, 3405149273, 1935806001, 2642953580, 3109833225, 958987606, 2664642005, 238088202, 3877540959, 2752953605, 164165647, 260936939, 169039637, 3710403844, 1276445909, 2477879765, 4046389969, 1677637712, 521992194, 674799507, 595220543, 2908258027, 2632407480, 2225148185, 3893284053, 764757698, 3641128342, 2195101177, 1402384451, 2780912752, 231003667, 1832117201, 2137946659, 2496397481, 408802136, 1872821690, 437907427, 3700299136, 1684945126, 2796692957, 727225796, 1586577707, 1087047802, 4032684761, 2574373137, 2079471437, 3426784951, 3018483674, 3231792939, 2104143425, 403632151, 105015207, 811777205, 4206249323, 1501648169, 1390399306, 3457821081, 2336687173, 1288487945, 1511453541, 1522156774, 2483393037, 343607607, 2272727258, 3580007230, 1235707122, 491073560, 3517055538, 697172451, 855953895, 2181268805, 524348446, 4009046594, 3410521359, 3682487763, 265900620, 2108145733, 736880210, 2348322857, 3931268037, 592864770, 3788892947, 2679769231, 3344391024, 1194729375, 2236424158, 635772434, 534062990, 2005577714, 1485102164, 2072489885, 1489658009, 3752279946, 3505375483, 35628837, 4219777801, 123852803, 3119386340, 3227609950, 1136393367, 229297674, 3058679509, 4229628780, 2577691422, 4012911039, 1651908734, 2274768791, 3621026367, 1294524200, 1809045265, 436139463, 1394842345, 3528507566, 3773625271, 2647837064, 2566191596, 208190473, 3032358206, 779746897, 2359410129, 579237784, 505434189, 2586384900, 3155605503, 1187170803, 1376743986, 1786093327, 3754862053, 1513859965, 2204722770, 701756177, 3777393518, 2172417749, 4149451627, 1337006103, 3064306627, 2296617417, 49415979, 3838147683, 2926102060, 1598431073, 3354422247, 2236238227, 4248281068, 2769087176, 223410799, 1398107726, 2108927285, 1328272083, 3741490077, 2947420094, 3398157304, 1045558788, 2603987068, 3823655577, 1430549969, 271746022, 1583608519, 1466770225, 2685407139, 1433068678, 565680010, 3086796352, 2706249735, 2291259793, 253587433, 771205751, 1959322318, 589983462, 2980765495, 3291350452, 3100874138, 1523618650, 3509414337, 1720185680, 838985321, 1267932751, 614063809, 2793221579, 67301709, 3574145250, 1289569455, 2459426462, 1940008457, 3489370217, 3095393236, 605508941, 3494607801, 1856123699, 29016844, 2660374057, 2772646805, 2130482833, 1275973350, 1712068277, 2964167718, 2957983340, 897731233, 3897691861, 1652084038, 3348955048, 828727135, 3795877324, 1071895756, 3788422356, 298558632, 1723538133, 2950084026, 2225834341, 3303580658, 1167391698, 2937520459, 1446056924, 2519976627, 2241495432, 1844093889, 1345017954, 2330959098, 111988877, 3543298046, 230383704, 1970732410, 3819262011, 481362020, 735043196, 3421783078, 1617422539, 3072885948, 2835461332, 69179662, 3781856517, 3369191412, 4096604324, 1584757670, 2862854398, 2140250331, 2030799627, 1291325262, 258992667, 2015566275, 4065516539, 2752086408, 604007969, 750576177, 2197401108, 1152303051, 3414900125, 3740761733, 3720852394, 1795228983, 2642362442, 2910774586, 70726339, 3322834995, 2571050890, 1447504738, 362268344, 336923940, 1280861959, 1773462433, 1935892176, 1568507280, 987641638, 2757330873, 3628830571, 1802243731, 2574075377, 3706515425, 2381981629, 2795482062, 2500709563, 4236329259, 3973506570, 121624779, 2764204925, 3622904255, 3530050833, 1673805623, 3286040480, 3130917865, 949037434, 444625432, 3869794115, 568540137, 3621934802, 2473490140, 1116368843, 2012203538, 2714343392, 133302777, 2145431847, 1492686672, 4188584095, 1790158681, 3506225473, 3779714396, 3786853650, 3620909773, 2647000349, 341654633, 573575857, 4220646441, 1876057454, 1603710270, 3934392966, 2058630245, 562137535, 406533642, 588094143, 1788296013, 1823408373, 1995586325, 2463836219, 3859049230, 2204480925, 67162349, 3271767025, 1592118498, 1481827672, 1785326714, 4062500124, 1480744282, 2748764190, 1981807023, 4032039246, 2694716441, 474195969, 1908700744, 3421566301, 1459092990, 3637538826, 4056583069, 4114984631, 1144781499, 106888959, 2476837124, 1574431342, 193152306, 1802358661, 2819503081, 997507161, 1998262362, 6), None)
Loaded weights: 76.37850211783267, 1.3307009656478268, -0.7162900781796975, 0.0, -5.0
events: 
  ----
(3, (1736626715, 1235816436, 318646671, 630254203, 4085561808, 896966216, 3430290724, 973447953, 3757278431, 1273795509, 2516575069, 41112747, 469932014, 2182245111, 3543648622, 3116241616, 755919190, 1956164632, 3800478958, 1418917082, 3648544490, 3608974591, 2837772734, 1915770863, 341708975, 2734124993, 2884675991, 2767464294, 1378039657, 3137425546, 2798197553, 3069221594, 3538981131, 3107739089, 2885796670, 1497713740, 2777892691, 2763100159, 1844791922, 476124014, 1934327659, 1115064963, 2655108389, 2557815910, 2556183746, 4125376712, 1241595929, 3882243465, 2055201390, 1458172464, 1771797050, 10142659, 2096270819, 1767276135, 1474295331, 1959667068, 121495910, 303165842, 344339390, 2001627035, 1658471719, 1659014073, 730562782, 2094928629, 2459206673, 1857684847, 424857242, 192530517, 3902890321, 2735260280, 2487082126, 1226567860, 2563543044, 3493075716, 800724427, 1910166750, 3970374976, 3141760427, 1536104177, 2933401683, 2639469940, 650628523, 1051480502, 3482394135, 966384132, 2143717527, 3152488597, 2424153231, 529801158, 3655348308, 3254743110, 3795277425, 2896235883, 3939333943, 9798923, 3438620905, 892874373, 2731353908, 3692368363, 3968602822, 895132487, 3797644827, 2892825623, 3309079144, 2251756819, 90602785, 2646558781, 513465416, 3820289727, 734009855, 1053076059, 707083521, 3718080133, 236618193, 1927065899, 815568729, 700864319, 3912552394, 1914131935, 4020915792, 2044990519, 4037010707, 1577613524, 2689293856, 4097142850, 1941515692, 381546078, 1969834992, 4236767672, 1513322646, 402361793, 661814303, 62943060, 3566411959, 166138910, 902335112, 4189563006, 2649398747, 1617724101, 1041416095, 712934632, 3777330412, 678177145, 2201799881, 4149606344, 2331115148, 2831352298, 435130289, 1803578473, 3711718690, 2885423476, 3924232433, 1658612059, 2901932048, 1946873096, 2103696339, 3120710929, 1370711515, 2598051626, 972280574, 493233743, 979803069, 2115070748, 2185700541, 3266704151, 3072825870, 3612972714, 1398051399, 2002666412, 5434010, 123198860, 2180712892, 3559005697, 3176361394, 3589809348, 72725388, 2721741797, 1275963915, 676505641, 2051442049, 3440032052, 105420559, 753724509, 850230120, 3228012809, 3803292418, 1881302893, 3385555637, 1817356047, 1896284617, 3848260106, 4186636015, 541163471, 161024310, 4203128909, 2678382138, 2612189784, 176564435, 3962724846, 310776779, 3665876903, 1147648083, 1939941776, 707016578, 2789967728, 2145348971, 1467239166, 1698751386, 1697770997, 3366355320, 383578183, 3829305336, 2234368835, 1454245469, 1903697881, 3002467857, 2547489726, 3652936958, 3811845660, 116940053, 3236941021, 222812016, 2077668339, 529702346, 949189334, 3773421825, 563930975, 1299011389, 2016165288, 3643647638, 84706079, 3235044013, 3556702913, 4240286082, 2286423502, 1054342435, 3236778445, 840878639, 1321607250, 2643104634, 3732386541, 3216898523, 3111247393, 2008671573, 2208066336, 139014748, 2644990203, 3873481809, 211722825, 3840911886, 4128815, 4230461358, 1910277892, 2717938910, 2790796565, 65142291, 1791657363, 3920014591, 2891834712, 894956070, 3047508487, 14443378, 1172960118, 2941889070, 3191240769, 3692469758, 1834952354, 2328986760, 1446402800, 1901669756, 2018870102, 38964416, 203237235, 2868719275, 1429900539, 1379988682, 1606817270, 2985654125, 3847925217, 1281387784, 3449211491, 1521192677, 2885396762, 3405149273, 1935806001, 2642953580, 3109833225, 958987606, 2664642005, 238088202, 3877540959, 2752953605, 164165647, 260936939, 169039637, 3710403844, 1276445909, 2477879765, 4046389969, 1677637712, 521992194, 674799507, 595220543, 2908258027, 2632407480, 2225148185, 3893284053, 764757698, 3641128342, 2195101177, 1402384451, 2780912752, 231003667, 1832117201, 2137946659, 2496397481, 408802136, 1872821690, 437907427, 3700299136, 1684945126, 2796692957, 727225796, 1586577707, 1087047802, 4032684761, 2574373137, 2079471437, 3426784951, 3018483674, 3231792939, 2104143425, 403632151, 105015207, 811777205, 4206249323, 1501648169, 1390399306, 3457821081, 2336687173, 1288487945, 1511453541, 1522156774, 2483393037, 343607607, 2272727258, 3580007230, 1235707122, 491073560, 3517055538, 697172451, 855953895, 2181268805, 524348446, 4009046594, 3410521359, 3682487763, 265900620, 2108145733, 736880210, 2348322857, 3931268037, 592864770, 3788892947, 2679769231, 3344391024, 1194729375, 2236424158, 635772434, 534062990, 2005577714, 1485102164, 2072489885, 1489658009, 3752279946, 3505375483, 35628837, 4219777801, 123852803, 3119386340, 3227609950, 1136393367, 229297674, 3058679509, 4229628780, 2577691422, 4012911039, 1651908734, 2274768791, 3621026367, 1294524200, 1809045265, 436139463, 1394842345, 3528507566, 3773625271, 2647837064, 2566191596, 208190473, 3032358206, 779746897, 2359410129, 579237784, 505434189, 2586384900, 3155605503, 1187170803, 1376743986, 1786093327, 3754862053, 1513859965, 2204722770, 701756177, 3777393518, 2172417749, 4149451627, 1337006103, 3064306627, 2296617417, 49415979, 3838147683, 2926102060, 1598431073, 3354422247, 2236238227, 4248281068, 2769087176, 223410799, 1398107726, 2108927285, 1328272083, 3741490077, 2947420094, 3398157304, 1045558788, 2603987068, 3823655577, 1430549969, 271746022, 1583608519, 1466770225, 2685407139, 1433068678, 565680010, 3086796352, 2706249735, 2291259793, 253587433, 771205751, 1959322318, 589983462, 2980765495, 3291350452, 3100874138, 1523618650, 3509414337, 1720185680, 838985321, 1267932751, 614063809, 2793221579, 67301709, 3574145250, 1289569455, 2459426462, 1940008457, 3489370217, 3095393236, 605508941, 3494607801, 1856123699, 29016844, 2660374057, 2772646805, 2130482833, 1275973350, 1712068277, 2964167718, 2957983340, 897731233, 3897691861, 1652084038, 3348955048, 828727135, 3795877324, 1071895756, 3788422356, 298558632, 1723538133, 2950084026, 2225834341, 3303580658, 1167391698, 2937520459, 1446056924, 2519976627, 2241495432, 1844093889, 1345017954, 2330959098, 111988877, 3543298046, 230383704, 1970732410, 3819262011, 481362020, 735043196, 3421783078, 1617422539, 3072885948, 2835461332, 69179662, 3781856517, 3369191412, 4096604324, 1584757670, 2862854398, 2140250331, 2030799627, 1291325262, 258992667, 2015566275, 4065516539, 2752086408, 604007969, 750576177, 2197401108, 1152303051, 3414900125, 3740761733, 3720852394, 1795228983, 2642362442, 2910774586, 70726339, 3322834995, 2571050890, 1447504738, 362268344, 336923940, 1280861959, 1773462433, 1935892176, 1568507280, 987641638, 2757330873, 3628830571, 1802243731, 2574075377, 3706515425, 2381981629, 2795482062, 2500709563, 4236329259, 3973506570, 121624779, 2764204925, 3622904255, 3530050833, 1673805623, 3286040480, 3130917865, 949037434, 444625432, 3869794115, 568540137, 3621934802, 2473490140, 1116368843, 2012203538, 2714343392, 133302777, 2145431847, 1492686672, 4188584095, 1790158681, 3506225473, 3779714396, 3786853650, 3620909773, 2647000349, 341654633, 573575857, 4220646441, 1876057454, 1603710270, 3934392966, 2058630245, 562137535, 406533642, 588094143, 1788296013, 1823408373, 1995586325, 2463836219, 3859049230, 2204480925, 67162349, 3271767025, 1592118498, 1481827672, 1785326714, 4062500124, 1480744282, 2748764190, 1981807023, 4032039246, 2694716441, 474195969, 1908700744, 3421566301, 1459092990, 3637538826, 4056583069, 4114984631, 1144781499, 106888959, 2476837124, 1574431342, 193152306, 1802358661, 2819503081, 997507161, 1998262362, 188), None)
Loaded weights: 76.20147344470016, -3.197607280154783, -0.7162900781796975, 0.0, -5.0
events: me found the exit, 
  ----
(3, (3156246038, 2619283473, 1065277660, 398172857, 3592090357, 79527178, 3660198170, 752380084, 1088966394, 3577055362, 2319345848, 1685378296, 1204756545, 866144202, 3753275194, 2136262586, 3681167714, 2956930210, 2635784454, 1661810530, 1143169379, 3698451734, 3806501891, 2011350251, 639353107, 2478242677, 2508879956, 1968399096, 3770103721, 1868617615, 1445508866, 2737149460, 3089446658, 422261580, 3013623227, 611261640, 31175896, 1219187517, 2500147659, 1128617459, 3984031823, 2249911723, 307848436, 457376080, 3672256455, 2841834581, 2332822929, 3401791351, 2319114527, 3160171660, 2522398423, 2324061273, 3647696162, 2446140712, 2345520521, 3350263047, 2983947603, 1351846533, 1937959635, 3470942492, 2591560554, 1582751264, 2214487908, 910155548, 3931587365, 3651159983, 3496546394, 1070587625, 572935989, 2246409774, 3706850190, 678501711, 3092346427, 2692188425, 962046307, 2831259785, 1642738079, 2318642486, 3261688336, 681941007, 2059848236, 2937657015, 2336388469, 3030311895, 3297982930, 1130879805, 3763551687, 2911531567, 320064742, 2167473399, 4191731535, 2850237631, 1136180990, 1575615295, 2073725785, 2248170575, 3195114193, 2704485366, 3765814224, 1178558708, 3318720531, 2668980918, 3899775438, 3703565019, 143253937, 2590799001, 976982878, 1266130875, 3495541828, 2913287054, 1206807161, 3617712982, 1764586635, 157768862, 2237227645, 1820399173, 4232814609, 338567828, 1772117134, 1331235386, 3738624653, 370128737, 1558028382, 1970623034, 33525525, 4178324692, 2663195760, 440637181, 1101356666, 269277227, 3458150683, 3396012599, 1840668161, 2570336677, 1910849651, 2711917685, 2055412488, 3976840062, 1074765603, 2348834302, 1725273364, 3634979547, 2357451679, 938646755, 751574247, 654499365, 2290283159, 2518069709, 2328341800, 2377484241, 2258057780, 1896595843, 3398898665, 4160704825, 19330808, 285499116, 223363865, 3787155871, 1539715508, 863619205, 1405803710, 3982555295, 4226751926, 999208692, 3775778542, 1396564527, 3928132580, 3708255893, 566906532, 3561601044, 2475946498, 2979254292, 692485323, 3409282434, 1171836991, 4160044042, 2817979018, 1955159124, 3466089798, 4135165403, 996484612, 1858604003, 3464761209, 620592454, 1694887400, 3274281432, 1182595500, 2163457590, 4263353605, 3626891139, 2675571661, 3903424135, 485995153, 2269544006, 625300560, 561409497, 2864291747, 2764183756, 911200820, 925724305, 4282104859, 4208174905, 1274533667, 1266099936, 2358176272, 3651072099, 1793207447, 138843707, 1380759827, 573751730, 2457951205, 3353213311, 2208023993, 1782860398, 3598994985, 2470165973, 2635545058, 2229255609, 2656003310, 3206654030, 3573703356, 4180935496, 71961559, 1998877422, 24276918, 4071752489, 3366259483, 2151047362, 2961820506, 3840944524, 2933554992, 653082442, 2061741515, 2651731965, 3938133754, 4187379395, 355622218, 2908584081, 1790025029, 2986101224, 4118152184, 436613365, 2642445775, 3668188402, 4095456652, 180485540, 2306200981, 2607055000, 3993382929, 1005956299, 1240538940, 1593148049, 2193015066, 1605295617, 2913676590, 1289405887, 3267047727, 411054, 4186861319, 1006576350, 1497694965, 2438251520, 868469215, 3351787559, 648027586, 3819612826, 1177393079, 2255269175, 3199630101, 779330911, 443172656, 1172573345, 622121951, 2023357235, 3823324434, 2782522340, 1034842085, 2113755384, 3971377885, 1722333388, 1703957125, 2653952260, 1002668020, 1365432980, 1582802995, 3055845128, 2457214903, 202979679, 424584741, 695836052, 4248580417, 935038973, 1198406917, 1281886991, 291241067, 3710156160, 355825179, 1030568505, 1502495079, 3084847674, 761493023, 2984392099, 660936483, 798596419, 1366005093, 795262117, 2121218926, 1447383271, 2004544660, 2072092043, 2793295343, 460972548, 3975584266, 1189916681, 1055179428, 1597842762, 3068230186, 1843198049, 2275681919, 831496845, 3619182862, 775340475, 809520133, 2652116716, 1403461, 902142855, 2731461517, 2061980567, 3336591707, 287962756, 989990180, 2642815333, 4585365, 3137502683, 4012117457, 630302223, 2227887147, 4192980586, 185260459, 2521015888, 3177485811, 2818850830, 4287328156, 796824661, 395684601, 51451153, 730511427, 3497294465, 1054783096, 2433880176, 4127164950, 2583100776, 3064748763, 2848439633, 3874427045, 3037907020, 1474326797, 1774477798, 3751737630, 4047677130, 1964357784, 542012274, 138858787, 2891362192, 2393009862, 3130794035, 2393297425, 874977821, 3611554076, 3074853990, 464581321, 2282191862, 2456772278, 2807131474, 1734993263, 1388367461, 696217226, 1546610410, 1845282545, 2863113798, 254418861, 133403133, 2469081433, 1935524527, 2909360144, 3042350516, 1111677114, 3372840874, 528643423, 2642113058, 2540694947, 1962542290, 3819216772, 3272272819, 880392081, 1864575584, 2553529570, 1286544601, 2882330251, 3883021116, 1416489909, 345762803, 1642964211, 2866970504, 3012212596, 888242528, 3749586114, 2539084124, 3626494414, 982608408, 625593967, 2833556671, 4089096303, 2680844825, 1649591132, 13476305, 1517783741, 1107331062, 819475917, 3080567935, 3497139536, 3555650367, 2609309941, 1897139125, 3663320890, 1690937168, 3901596537, 3599829820, 1560461692, 4117401237, 4261338097, 3680103887, 3168473503, 902485909, 98323973, 3132105856, 3516418949, 2593659414, 1910812867, 824567038, 3812949344, 3157343338, 2212525584, 2263440066, 1299186021, 1125071097, 1638379365, 1525745496, 3276829231, 366951588, 4143558058, 1667591532, 2933639652, 2781692598, 833119485, 3284808434, 1694001767, 303775944, 2913558773, 4040526833, 1158152068, 3225400971, 116409419, 477737477, 1300553546, 3561285038, 3989024770, 1047861633, 2871737846, 1943612553, 3665395060, 1650069063, 3244871857, 1862479362, 3177342955, 1141410708, 597910232, 299270154, 2637960990, 798455471, 781367458, 2389005050, 2371934927, 4087025609, 1610067912, 3379114349, 1931145354, 4077928256, 2260704989, 3902717362, 2780588510, 1147822123, 1831443168, 758455897, 343799985, 4235934673, 3247326304, 847244033, 1083425500, 4283042630, 1359006924, 2772368702, 2674038105, 2507437863, 866506954, 4182869475, 1129487071, 2360022591, 2242141018, 1866704286, 325916179, 4159331950, 3528236274, 3898639333, 1663272076, 203390554, 3485072678, 1488012315, 298289242, 3654383831, 3916511025, 2977571145, 2401287492, 3728601556, 2990275582, 1492293229, 1283515648, 2444122126, 1200699966, 1233571574, 3272716039, 1607742784, 2044317240, 2776371920, 3964327969, 1004888913, 279054394, 2897587891, 292775062, 1406277974, 3946737926, 123039180, 1904469890, 2878235065, 3875048290, 1921601813, 3710981403, 1107708713, 3645376148, 4021677828, 3445342987, 3550166215, 3532491725, 3567630472, 2691698477, 1300880442, 3822704260, 3409877875, 1970046497, 564889669, 2135280880, 3010238828, 684826371, 781599573, 806544193, 553382594, 3757350206, 1160319689, 2482218247, 4017071212, 4119797878, 2976727733, 795696825, 2388022483, 1009064434, 2410178055, 3786866398, 2233789599, 1796674769, 1632102538, 2061603770, 1862248738, 299008647, 537485242, 1175402361, 3940544605, 353373223, 4242394264, 743696503, 2160635043, 1409769, 570252899, 418221414, 516159187, 1193619354, 268016397, 1817072847, 2738478062, 3883244935, 3192269850, 2456132463, 1585156065, 1054990536, 949225093, 3190303458, 1440137814, 1675630741, 3624106866, 1058122457, 802945832, 405158992, 2164353045, 1421566117, 2716385086, 840710696, 2242231039, 2494281376, 4186183828, 1899734603, 1327155353, 1308967576, 4039862114, 1420730957, 2250505193, 1), None)
Loaded weights: 78.82942419765746, -0.059331160401321026, -0.7162900781796975, 0.0, 5.0
events: me found the exit, 
  ----
(3, (3156246038, 2619283473, 1065277660, 398172857, 3592090357, 79527178, 3660198170, 752380084, 1088966394, 3577055362, 2319345848, 1685378296, 1204756545, 866144202, 3753275194, 2136262586, 3681167714, 2956930210, 2635784454, 1661810530, 1143169379, 3698451734, 3806501891, 2011350251, 639353107, 2478242677, 2508879956, 1968399096, 3770103721, 1868617615, 1445508866, 2737149460, 3089446658, 422261580, 3013623227, 611261640, 31175896, 1219187517, 2500147659, 1128617459, 3984031823, 2249911723, 307848436, 457376080, 3672256455, 2841834581, 2332822929, 3401791351, 2319114527, 3160171660, 2522398423, 2324061273, 3647696162, 2446140712, 2345520521, 3350263047, 2983947603, 1351846533, 1937959635, 3470942492, 2591560554, 1582751264, 2214487908, 910155548, 3931587365, 3651159983, 3496546394, 1070587625, 572935989, 2246409774, 3706850190, 678501711, 3092346427, 2692188425, 962046307, 2831259785, 1642738079, 2318642486, 3261688336, 681941007, 2059848236, 2937657015, 2336388469, 3030311895, 3297982930, 1130879805, 3763551687, 2911531567, 320064742, 2167473399, 4191731535, 2850237631, 1136180990, 1575615295, 2073725785, 2248170575, 3195114193, 2704485366, 3765814224, 1178558708, 3318720531, 2668980918, 3899775438, 3703565019, 143253937, 2590799001, 976982878, 1266130875, 3495541828, 2913287054, 1206807161, 3617712982, 1764586635, 157768862, 2237227645, 1820399173, 4232814609, 338567828, 1772117134, 1331235386, 3738624653, 370128737, 1558028382, 1970623034, 33525525, 4178324692, 2663195760, 440637181, 1101356666, 269277227, 3458150683, 3396012599, 1840668161, 2570336677, 1910849651, 2711917685, 2055412488, 3976840062, 1074765603, 2348834302, 1725273364, 3634979547, 2357451679, 938646755, 751574247, 654499365, 2290283159, 2518069709, 2328341800, 2377484241, 2258057780, 1896595843, 3398898665, 4160704825, 19330808, 285499116, 223363865, 3787155871, 1539715508, 863619205, 1405803710, 3982555295, 4226751926, 999208692, 3775778542, 1396564527, 3928132580, 3708255893, 566906532, 3561601044, 2475946498, 2979254292, 692485323, 3409282434, 1171836991, 4160044042, 2817979018, 1955159124, 3466089798, 4135165403, 996484612, 1858604003, 3464761209, 620592454, 1694887400, 3274281432, 1182595500, 2163457590, 4263353605, 3626891139, 2675571661, 3903424135, 485995153, 2269544006, 625300560, 561409497, 2864291747, 2764183756, 911200820, 925724305, 4282104859, 4208174905, 1274533667, 1266099936, 2358176272, 3651072099, 1793207447, 138843707, 1380759827, 573751730, 2457951205, 3353213311, 2208023993, 1782860398, 3598994985, 2470165973, 2635545058, 2229255609, 2656003310, 3206654030, 3573703356, 4180935496, 71961559, 1998877422, 24276918, 4071752489, 3366259483, 2151047362, 2961820506, 3840944524, 2933554992, 653082442, 2061741515, 2651731965, 3938133754, 4187379395, 355622218, 2908584081, 1790025029, 2986101224, 4118152184, 436613365, 2642445775, 3668188402, 4095456652, 180485540, 2306200981, 2607055000, 3993382929, 1005956299, 1240538940, 1593148049, 2193015066, 1605295617, 2913676590, 1289405887, 3267047727, 411054, 4186861319, 1006576350, 1497694965, 2438251520, 868469215, 3351787559, 648027586, 3819612826, 1177393079, 2255269175, 3199630101, 779330911, 443172656, 1172573345, 622121951, 2023357235, 3823324434, 2782522340, 1034842085, 2113755384, 3971377885, 1722333388, 1703957125, 2653952260, 1002668020, 1365432980, 1582802995, 3055845128, 2457214903, 202979679, 424584741, 695836052, 4248580417, 935038973, 1198406917, 1281886991, 291241067, 3710156160, 355825179, 1030568505, 1502495079, 3084847674, 761493023, 2984392099, 660936483, 798596419, 1366005093, 795262117, 2121218926, 1447383271, 2004544660, 2072092043, 2793295343, 460972548, 3975584266, 1189916681, 1055179428, 1597842762, 3068230186, 1843198049, 2275681919, 831496845, 3619182862, 775340475, 809520133, 2652116716, 1403461, 902142855, 2731461517, 2061980567, 3336591707, 287962756, 989990180, 2642815333, 4585365, 3137502683, 4012117457, 630302223, 2227887147, 4192980586, 185260459, 2521015888, 3177485811, 2818850830, 4287328156, 796824661, 395684601, 51451153, 730511427, 3497294465, 1054783096, 2433880176, 4127164950, 2583100776, 3064748763, 2848439633, 3874427045, 3037907020, 1474326797, 1774477798, 3751737630, 4047677130, 1964357784, 542012274, 138858787, 2891362192, 2393009862, 3130794035, 2393297425, 874977821, 3611554076, 3074853990, 464581321, 2282191862, 2456772278, 2807131474, 1734993263, 1388367461, 696217226, 1546610410, 1845282545, 2863113798, 254418861, 133403133, 2469081433, 1935524527, 2909360144, 3042350516, 1111677114, 3372840874, 528643423, 2642113058, 2540694947, 1962542290, 3819216772, 3272272819, 880392081, 1864575584, 2553529570, 1286544601, 2882330251, 3883021116, 1416489909, 345762803, 1642964211, 2866970504, 3012212596, 888242528, 3749586114, 2539084124, 3626494414, 982608408, 625593967, 2833556671, 4089096303, 2680844825, 1649591132, 13476305, 1517783741, 1107331062, 819475917, 3080567935, 3497139536, 3555650367, 2609309941, 1897139125, 3663320890, 1690937168, 3901596537, 3599829820, 1560461692, 4117401237, 4261338097, 3680103887, 3168473503, 902485909, 98323973, 3132105856, 3516418949, 2593659414, 1910812867, 824567038, 3812949344, 3157343338, 2212525584, 2263440066, 1299186021, 1125071097, 1638379365, 1525745496, 3276829231, 366951588, 4143558058, 1667591532, 2933639652, 2781692598, 833119485, 3284808434, 1694001767, 303775944, 2913558773, 4040526833, 1158152068, 3225400971, 116409419, 477737477, 1300553546, 3561285038, 3989024770, 1047861633, 2871737846, 1943612553, 3665395060, 1650069063, 3244871857, 1862479362, 3177342955, 1141410708, 597910232, 299270154, 2637960990, 798455471, 781367458, 2389005050, 2371934927, 4087025609, 1610067912, 3379114349, 1931145354, 4077928256, 2260704989, 3902717362, 2780588510, 1147822123, 1831443168, 758455897, 343799985, 4235934673, 3247326304, 847244033, 1083425500, 4283042630, 1359006924, 2772368702, 2674038105, 2507437863, 866506954, 4182869475, 1129487071, 2360022591, 2242141018, 1866704286, 325916179, 4159331950, 3528236274, 3898639333, 1663272076, 203390554, 3485072678, 1488012315, 298289242, 3654383831, 3916511025, 2977571145, 2401287492, 3728601556, 2990275582, 1492293229, 1283515648, 2444122126, 1200699966, 1233571574, 3272716039, 1607742784, 2044317240, 2776371920, 3964327969, 1004888913, 279054394, 2897587891, 292775062, 1406277974, 3946737926, 123039180, 1904469890, 2878235065, 3875048290, 1921601813, 3710981403, 1107708713, 3645376148, 4021677828, 3445342987, 3550166215, 3532491725, 3567630472, 2691698477, 1300880442, 3822704260, 3409877875, 1970046497, 564889669, 2135280880, 3010238828, 684826371, 781599573, 806544193, 553382594, 3757350206, 1160319689, 2482218247, 4017071212, 4119797878, 2976727733, 795696825, 2388022483, 1009064434, 2410178055, 3786866398, 2233789599, 1796674769, 1632102538, 2061603770, 1862248738, 299008647, 537485242, 1175402361, 3940544605, 353373223, 4242394264, 743696503, 2160635043, 1409769, 570252899, 418221414, 516159187, 1193619354, 268016397, 1817072847, 2738478062, 3883244935, 3192269850, 2456132463, 1585156065, 1054990536, 949225093, 3190303458, 1440137814, 1675630741, 3624106866, 1058122457, 802945832, 405158992, 2164353045, 1421566117, 2716385086, 840710696, 2242231039, 2494281376, 4186183828, 1899734603, 1327155353, 1308967576, 4039862114, 1420730957, 2250505193, 313), None)
Loaded weights: 86.19853621468253, -0.059331160401321026, -0.7162900781796975, 0.0, 5.0
events: 
  ----
(3, (3156246038, 2619283473, 1065277660, 398172857, 3592090357, 79527178, 3660198170, 752380084, 1088966394, 3577055362, 2319345848, 1685378296, 1204756545, 866144202, 3753275194, 2136262586, 3681167714, 2956930210, 2635784454, 1661810530, 1143169379, 3698451734, 3806501891, 2011350251, 639353107, 2478242677, 2508879956, 1968399096, 3770103721, 1868617615, 1445508866, 2737149460, 3089446658, 422261580, 3013623227, 611261640, 31175896, 1219187517, 2500147659, 1128617459, 3984031823, 2249911723, 307848436, 457376080, 3672256455, 2841834581, 2332822929, 3401791351, 2319114527, 3160171660, 2522398423, 2324061273, 3647696162, 2446140712, 2345520521, 3350263047, 2983947603, 1351846533, 1937959635, 3470942492, 2591560554, 1582751264, 2214487908, 910155548, 3931587365, 3651159983, 3496546394, 1070587625, 572935989, 2246409774, 3706850190, 678501711, 3092346427, 2692188425, 962046307, 2831259785, 1642738079, 2318642486, 3261688336, 681941007, 2059848236, 2937657015, 2336388469, 3030311895, 3297982930, 1130879805, 3763551687, 2911531567, 320064742, 2167473399, 4191731535, 2850237631, 1136180990, 1575615295, 2073725785, 2248170575, 3195114193, 2704485366, 3765814224, 1178558708, 3318720531, 2668980918, 3899775438, 3703565019, 143253937, 2590799001, 976982878, 1266130875, 3495541828, 2913287054, 1206807161, 3617712982, 1764586635, 157768862, 2237227645, 1820399173, 4232814609, 338567828, 1772117134, 1331235386, 3738624653, 370128737, 1558028382, 1970623034, 33525525, 4178324692, 2663195760, 440637181, 1101356666, 269277227, 3458150683, 3396012599, 1840668161, 2570336677, 1910849651, 2711917685, 2055412488, 3976840062, 1074765603, 2348834302, 1725273364, 3634979547, 2357451679, 938646755, 751574247, 654499365, 2290283159, 2518069709, 2328341800, 2377484241, 2258057780, 1896595843, 3398898665, 4160704825, 19330808, 285499116, 223363865, 3787155871, 1539715508, 863619205, 1405803710, 3982555295, 4226751926, 999208692, 3775778542, 1396564527, 3928132580, 3708255893, 566906532, 3561601044, 2475946498, 2979254292, 692485323, 3409282434, 1171836991, 4160044042, 2817979018, 1955159124, 3466089798, 4135165403, 996484612, 1858604003, 3464761209, 620592454, 1694887400, 3274281432, 1182595500, 2163457590, 4263353605, 3626891139, 2675571661, 3903424135, 485995153, 2269544006, 625300560, 561409497, 2864291747, 2764183756, 911200820, 925724305, 4282104859, 4208174905, 1274533667, 1266099936, 2358176272, 3651072099, 1793207447, 138843707, 1380759827, 573751730, 2457951205, 3353213311, 2208023993, 1782860398, 3598994985, 2470165973, 2635545058, 2229255609, 2656003310, 3206654030, 3573703356, 4180935496, 71961559, 1998877422, 24276918, 4071752489, 3366259483, 2151047362, 2961820506, 3840944524, 2933554992, 653082442, 2061741515, 2651731965, 3938133754, 4187379395, 355622218, 2908584081, 1790025029, 2986101224, 4118152184, 436613365, 2642445775, 3668188402, 4095456652, 180485540, 2306200981, 2607055000, 3993382929, 1005956299, 1240538940, 1593148049, 2193015066, 1605295617, 2913676590, 1289405887, 3267047727, 411054, 4186861319, 1006576350, 1497694965, 2438251520, 868469215, 3351787559, 648027586, 3819612826, 1177393079, 2255269175, 3199630101, 779330911, 443172656, 1172573345, 622121951, 2023357235, 3823324434, 2782522340, 1034842085, 2113755384, 3971377885, 1722333388, 1703957125, 2653952260, 1002668020, 1365432980, 1582802995, 3055845128, 2457214903, 202979679, 424584741, 695836052, 4248580417, 935038973, 1198406917, 1281886991, 291241067, 3710156160, 355825179, 1030568505, 1502495079, 3084847674, 761493023, 2984392099, 660936483, 798596419, 1366005093, 795262117, 2121218926, 1447383271, 2004544660, 2072092043, 2793295343, 460972548, 3975584266, 1189916681, 1055179428, 1597842762, 3068230186, 1843198049, 2275681919, 831496845, 3619182862, 775340475, 809520133, 2652116716, 1403461, 902142855, 2731461517, 2061980567, 3336591707, 287962756, 989990180, 2642815333, 4585365, 3137502683, 4012117457, 630302223, 2227887147, 4192980586, 185260459, 2521015888, 3177485811, 2818850830, 4287328156, 796824661, 395684601, 51451153, 730511427, 3497294465, 1054783096, 2433880176, 4127164950, 2583100776, 3064748763, 2848439633, 3874427045, 3037907020, 1474326797, 1774477798, 3751737630, 4047677130, 1964357784, 542012274, 138858787, 2891362192, 2393009862, 3130794035, 2393297425, 874977821, 3611554076, 3074853990, 464581321, 2282191862, 2456772278, 2807131474, 1734993263, 1388367461, 696217226, 1546610410, 1845282545, 2863113798, 254418861, 133403133, 2469081433, 1935524527, 2909360144, 3042350516, 1111677114, 3372840874, 528643423, 2642113058, 2540694947, 1962542290, 3819216772, 3272272819, 880392081, 1864575584, 2553529570, 1286544601, 2882330251, 3883021116, 1416489909, 345762803, 1642964211, 2866970504, 3012212596, 888242528, 3749586114, 2539084124, 3626494414, 982608408, 625593967, 2833556671, 4089096303, 2680844825, 1649591132, 13476305, 1517783741, 1107331062, 819475917, 3080567935, 3497139536, 3555650367, 2609309941, 1897139125, 3663320890, 1690937168, 3901596537, 3599829820, 1560461692, 4117401237, 4261338097, 3680103887, 3168473503, 902485909, 98323973, 3132105856, 3516418949, 2593659414, 1910812867, 824567038, 3812949344, 3157343338, 2212525584, 2263440066, 1299186021, 1125071097, 1638379365, 1525745496, 3276829231, 366951588, 4143558058, 1667591532, 2933639652, 2781692598, 833119485, 3284808434, 1694001767, 303775944, 2913558773, 4040526833, 1158152068, 3225400971, 116409419, 477737477, 1300553546, 3561285038, 3989024770, 1047861633, 2871737846, 1943612553, 3665395060, 1650069063, 3244871857, 1862479362, 3177342955, 1141410708, 597910232, 299270154, 2637960990, 798455471, 781367458, 2389005050, 2371934927, 4087025609, 1610067912, 3379114349, 1931145354, 4077928256, 2260704989, 3902717362, 2780588510, 1147822123, 1831443168, 758455897, 343799985, 4235934673, 3247326304, 847244033, 1083425500, 4283042630, 1359006924, 2772368702, 2674038105, 2507437863, 866506954, 4182869475, 1129487071, 2360022591, 2242141018, 1866704286, 325916179, 4159331950, 3528236274, 3898639333, 1663272076, 203390554, 3485072678, 1488012315, 298289242, 3654383831, 3916511025, 2977571145, 2401287492, 3728601556, 2990275582, 1492293229, 1283515648, 2444122126, 1200699966, 1233571574, 3272716039, 1607742784, 2044317240, 2776371920, 3964327969, 1004888913, 279054394, 2897587891, 292775062, 1406277974, 3946737926, 123039180, 1904469890, 2878235065, 3875048290, 1921601813, 3710981403, 1107708713, 3645376148, 4021677828, 3445342987, 3550166215, 3532491725, 3567630472, 2691698477, 1300880442, 3822704260, 3409877875, 1970046497, 564889669, 2135280880, 3010238828, 684826371, 781599573, 806544193, 553382594, 3757350206, 1160319689, 2482218247, 4017071212, 4119797878, 2976727733, 795696825, 2388022483, 1009064434, 2410178055, 3786866398, 2233789599, 1796674769, 1632102538, 2061603770, 1862248738, 299008647, 537485242, 1175402361, 3940544605, 353373223, 4242394264, 743696503, 2160635043, 1409769, 570252899, 418221414, 516159187, 1193619354, 268016397, 1817072847, 2738478062, 3883244935, 3192269850, 2456132463, 1585156065, 1054990536, 949225093, 3190303458, 1440137814, 1675630741, 3624106866, 1058122457, 802945832, 405158992, 2164353045, 1421566117, 2716385086, 840710696, 2242231039, 2494281376, 4186183828, 1899734603, 1327155353, 1308967576, 4039862114, 1420730957, 2250505193, 552), None)
Loaded weights: 85.84009073680117, -4.6869908301004495, -0.7162900781796975, 0.0, -5.0
events: me found the exit, 
  ----
(3, (2611486734, 4101223141, 1973899967, 3865584144, 1455773046, 1291369598, 4237183954, 2482933769, 510346529, 2590052510, 3849138976, 1657325873, 591482365, 177404402, 3612264290, 3725573342, 3352683592, 752858079, 1900755552, 3782118099, 1815639421, 3634481939, 1432645333, 1517767942, 1128080986, 3510883551, 196983497, 1930099761, 2322693192, 3281647864, 3338911798, 17849085, 3120502579, 2099672563, 2305713067, 3157707763, 2291650260, 2522243647, 1109016230, 2116762493, 1084087324, 952631993, 1015309398, 1463638620, 1904801439, 1601093639, 2055238054, 2439364917, 488704703, 3011723473, 2260375979, 2951070910, 1564061232, 706214833, 2578818864, 1866387346, 1418475307, 2439094603, 3837461116, 700736466, 2100309976, 2891338567, 2882167935, 3911511753, 904340867, 1858391142, 3667324334, 3315550223, 3602275001, 2210051525, 4081395705, 772486708, 3135920338, 534386970, 4013060828, 680884385, 1780152473, 3696677603, 2303915852, 515901390, 2672999310, 1100324219, 3973101467, 1289430091, 1994264507, 608302323, 1012303361, 377375163, 1358496713, 2533236722, 1055463872, 3882074530, 1600319730, 24747181, 3731029715, 2870600535, 2108459938, 1682381145, 2674166699, 2053185718, 2113232474, 883633723, 136138484, 2353827019, 822114221, 3263126774, 700909605, 461965032, 2944604196, 3115130684, 2809914260, 1748652480, 1810893777, 2294880242, 413296019, 1969355813, 2725745327, 1475586763, 733215559, 2044345535, 2327719796, 1068062837, 3815494090, 1887846500, 2382116643, 3229495164, 169118325, 2464765123, 3388754599, 4068986194, 1838378442, 2822940129, 3692323579, 585875425, 3591294885, 77087676, 2482565999, 356886383, 1038437806, 1674101424, 434745089, 3459922310, 2435049464, 1683017642, 2380050945, 3972673046, 2039318912, 2744868342, 2908430882, 2658830337, 2743802679, 1695236031, 222492487, 2378741879, 3675853745, 1294801566, 2104540312, 3448969207, 3443361959, 3392977115, 1686525923, 144378106, 2087506751, 1338190727, 1140512932, 499178225, 3642576064, 1626850323, 182398664, 2520605759, 501283523, 1582836669, 3405080237, 241957046, 2325208240, 2090215420, 4094884601, 459879249, 1838946357, 3154406876, 726161841, 3579683762, 859395625, 1214473550, 1332437454, 1928134225, 544243873, 2684963108, 532790083, 3282321694, 293715716, 4213211616, 2204865408, 1387735233, 2823739472, 2495214184, 1285749429, 469943936, 2372377754, 3403364893, 1196996781, 461817545, 2617098090, 2485317223, 2881242895, 3533194844, 2780822855, 235325108, 1154458255, 4087875000, 585447186, 3889494234, 1526324767, 2859248539, 1368655392, 439417940, 2056245565, 2101053535, 3660934872, 4264200190, 2233342256, 2853573503, 1955131886, 1320973635, 1352324649, 2851378975, 3325610888, 3287074211, 2248910371, 583691559, 3038690741, 4072420172, 3673626463, 2312362159, 1983712183, 1425173380, 365370377, 155012445, 2050420165, 1509575681, 3734589783, 1082537306, 3009262247, 3185065614, 1774144781, 3975766133, 2900150943, 2184437162, 475245993, 1906106699, 3959766161, 1113999063, 664537856, 493366366, 2356096561, 841241600, 2207963695, 1657554794, 1559219090, 206907030, 1972115443, 1233598363, 114976575, 3687301173, 2810394482, 3087287714, 3826638137, 2261668169, 4143538377, 833701838, 3972525267, 4194971567, 4197092673, 1265751855, 3280549063, 3674115474, 2373840045, 703142938, 3702626520, 4143527853, 621803315, 3293845706, 1200595672, 3803141101, 2322833103, 881376632, 4139798434, 3902786581, 3102383501, 207408128, 737253864, 2404944862, 3522722110, 1261675332, 3943528143, 86266219, 67409926, 1183496085, 904180521, 1968395010, 2653139732, 629688722, 2790328031, 3685188340, 1391279214, 3060099835, 2901024610, 2767179204, 3848135521, 1726423475, 23582025, 1084572350, 3728677928, 589621075, 971037470, 1267318492, 2031670045, 2754853408, 648847419, 1958665333, 3479850159, 1598711822, 2752768033, 2762903135, 3886900293, 386621106, 2652518818, 3347956264, 2084558201, 362563686, 461842598, 3895082168, 1190580932, 3344809490, 3494470960, 888063726, 3310942217, 2079735710, 1662747368, 2890592759, 3704305653, 1734857309, 3151365840, 817231628, 3480457372, 2810058681, 3370692896, 3587273800, 924864589, 2576618689, 1014841040, 1336060561, 227885323, 3765154552, 3361747173, 990167806, 3328572833, 1113329989, 3504600708, 2795421367, 852264536, 1260722155, 313726068, 3567895564, 3506636713, 3820917881, 2698248033, 843601807, 2509864885, 1173564995, 1616081489, 3303742810, 3210909887, 2469514216, 334727707, 3118765415, 2959948660, 209569936, 1884875932, 3554625614, 389660758, 1266957250, 2911587094, 1808012432, 2537053485, 2887574778, 4005036814, 2991578515, 103199211, 2933101873, 901655022, 1915262822, 3847036919, 438904791, 1466323235, 113691833, 1768053388, 2433623385, 769733155, 969614248, 2637086096, 594132502, 1776752696, 2916589891, 1091695585, 1109592660, 4155490674, 1197190486, 2283083454, 3096773057, 3306784718, 2948498726, 2751559554, 1364844815, 963062035, 2884816578, 3802399461, 2430932285, 2045177600, 3948059944, 2722688385, 2089098485, 1966819181, 1636700456, 1852183848, 539622905, 2710814595, 702142483, 3090887004, 2081055309, 1619437663, 1826193183, 292920649, 1046047386, 324982004, 3037411218, 3202615475, 3273645996, 4282780325, 1801167023, 4101256622, 275004712, 1497649461, 2235523408, 3316950268, 1944979893, 3545367634, 1035899128, 3774450989, 1341400891, 1057932277, 1207382747, 4212274756, 132401449, 3792297178, 1837048783, 734514499, 985840912, 333334123, 3094669469, 818197301, 2890766669, 3284533849, 855995308, 589250442, 215430596, 2680713246, 3406614444, 2690782145, 2657160221, 1442679154, 3489895818, 2608396148, 728058293, 3761739872, 226630853, 2037883214, 3801823006, 2359643487, 819287889, 442139939, 1406661513, 3537986363, 3965783499, 3748687619, 627225559, 903690550, 2950391874, 1036544322, 1409569744, 553271551, 2434267650, 932608593, 1998819774, 570129534, 2520662777, 4052091537, 3431861693, 3316591116, 2460674855, 1508813232, 355520180, 155977438, 3568238792, 2353622580, 605054312, 1772358765, 1742592670, 3019229701, 3610351886, 3646586074, 3814052022, 3652209749, 2270268900, 4002444088, 2671141662, 4178370258, 588406213, 985171818, 1011372665, 2324038463, 2895980653, 1782229377, 1561945593, 3019590780, 329564585, 2105835269, 4260048395, 21704425, 517038467, 3024984148, 1845615474, 2765841299, 1137165229, 1612041395, 3977045884, 3920971317, 1239312130, 1766608405, 3953140907, 1619939765, 18950367, 3343269599, 174364332, 1149215349, 2436668009, 2360691006, 3821948901, 680566668, 1538701691, 1416339683, 400757116, 2103018230, 1462406891, 2705927221, 1305689659, 3909858560, 4164541289, 1643595845, 2035561660, 3740005028, 489233006, 3131922331, 1146698102, 1804322559, 1289866359, 1473693772, 1278891433, 282067051, 3239155435, 4044088969, 30248735, 962432271, 2532982233, 1259206548, 1207643938, 1108267601, 3506308199, 2130796244, 820349142, 3608438377, 1501675897, 721448227, 2087376578, 3996866996, 56836168, 2565888251, 4260217532, 3528061285, 3417400799, 1566563298, 3715481882, 1977081807, 2202101932, 2898012886, 985064717, 1416610740, 2330004557, 2613578583, 1868096983, 1694809287, 209943167, 1017521914, 2943954437, 1721149883, 3634384905, 4292802039, 3518604773, 1550435926, 2711115070, 4065071173, 1684888992, 3169368933, 3082165786, 697675827, 1282632379, 3524368763, 3559606804, 3433907189, 3260006075, 575444070, 2755244250, 2631893394, 615926411, 267), None)
Loaded weights: 91.09547912693537, -2.1072374774178604, -0.7162900781796975, 0.0, 5.0
events: me found the exit, 
  ----
(3, (1916751092, 3459918755, 184496800, 4132181803, 85319721, 1470119377, 2099272088, 2536300974, 1326678555, 2233030882, 2939648273, 12386463, 3185343800, 4005487743, 3233373001, 3354101158, 2654898239, 29537315, 38615924, 229673092, 633159787, 2321311925, 3328785323, 2211872428, 3442230853, 2850892502, 3238256623, 1801366284, 1105527173, 3255984024, 4032382386, 1036782106, 2610030699, 4248381781, 2882185785, 1430157859, 3967478618, 1918094247, 320215795, 2662000317, 1181969967, 3775150222, 1086655873, 1438187070, 2799431156, 1678010854, 344273173, 304910716, 4079425794, 151517272, 1783394983, 2389006901, 3287771708, 869535853, 812143890, 1214029070, 2522622291, 2421448164, 966595110, 358603439, 3051431020, 3744711819, 1441672998, 4081029419, 2603614078, 4002247822, 3368183668, 3511460361, 3556958201, 2137150269, 2617857206, 3172417448, 3515613328, 1650765852, 490838277, 930954215, 2621870107, 2761876422, 1122115362, 1994325129, 458836348, 600155725, 3484448171, 3091018273, 3640637743, 1438814436, 2119604681, 1845780024, 773700654, 1789507030, 2624227475, 1383665979, 3450875225, 2529398601, 1569962870, 1228947328, 3691556301, 3074525556, 3943617186, 3481054652, 1339239039, 3248590198, 226762141, 2556830393, 873423055, 3299291667, 3647701948, 2609439270, 2026302198, 974781863, 331412094, 520453938, 3545567991, 201588428, 1089314427, 1367553501, 1973479518, 1648442948, 986959262, 4233349480, 3855499552, 185429903, 1141600843, 359704689, 3433185235, 3057146980, 3445980999, 1309530608, 1793533696, 189647328, 1891814436, 4132024139, 3601600172, 105008985, 743307948, 875539195, 2423103685, 2129095268, 3706226212, 2085167466, 1858304961, 568180201, 2575844222, 4285053034, 2000961492, 3145792031, 464074839, 315765604, 1191800502, 1148744826, 138633445, 3073987824, 3294254495, 2700057060, 1903533107, 1138875578, 3907761615, 1591695545, 2982531721, 37760558, 4235484948, 3335098629, 3351056800, 4279672566, 2327955401, 2518938107, 2905238432, 1860456859, 3740782263, 2150499826, 4196331688, 2896298978, 2250533552, 4097837265, 2139528417, 2589737132, 1111889070, 3838528337, 1509497292, 2393001558, 4199601598, 3214230815, 349452913, 4037138062, 4194242190, 2721095084, 1819177552, 953365706, 582049991, 3492841337, 3229450828, 2482780325, 1004683616, 1232648138, 2536060974, 2324566602, 2369784812, 2853168283, 3335768284, 2932551485, 506126326, 2520175842, 3158385211, 2849124255, 1708087633, 4151404678, 3900329311, 3724134435, 3782496981, 2930536062, 3797145992, 2820512134, 765898796, 2592478037, 1769284490, 413655844, 270756586, 76482399, 862333252, 2426312163, 405336948, 3068738306, 2082026693, 2466860973, 701189002, 4291028054, 3695745157, 2821861178, 106409455, 2306399397, 2400325261, 4050049881, 2319540569, 2671144092, 3176518764, 3707288768, 412044947, 186957612, 3041433152, 194536780, 2399010514, 1075786437, 2567412449, 1944690278, 2931209414, 3442208484, 1286170193, 4070319712, 731556047, 1768101180, 2079190296, 3739370437, 2807643385, 1581053992, 843874572, 3642809421, 3010755629, 3727597691, 1004968273, 945771341, 1089602119, 833563001, 3788843750, 3216732387, 777120118, 4162077872, 1153793734, 2751950484, 3118242665, 4021177143, 2981452086, 1120279435, 2561946286, 2890472361, 2136201141, 747724683, 1576236629, 1142210251, 1813082428, 142090618, 301865992, 1404011646, 3758326823, 1248679659, 3390047064, 50148855, 4162358394, 1889327733, 2568856203, 1075241938, 4103328964, 4090741729, 2333386028, 1682730188, 181811811, 3590362106, 3308238888, 536067581, 2277414441, 3734886682, 815830229, 2539760309, 1521416861, 4113567276, 648341092, 345444499, 615062123, 4043245587, 3384706635, 1443573712, 2557449086, 4158666555, 2639811474, 1655108678, 1270907222, 2342086015, 2024827078, 1446275153, 4046376926, 1930279889, 4184259406, 3599957945, 2183121008, 920039216, 4240713261, 3825454707, 2897890472, 2831446044, 3413092677, 4688334, 2893233381, 1467222445, 3876187418, 2974757156, 3254747473, 3277989421, 1206051432, 575484682, 2418587414, 607664594, 3870861117, 1560714515, 165269083, 1377378320, 2834728263, 1588040974, 2528867148, 660003289, 2664420656, 439741731, 2879999462, 1398812553, 2249032984, 811456490, 328185999, 3504171279, 4083904925, 1488140134, 1007567055, 2412400000, 3134747763, 622096534, 511396093, 1642369998, 2519765127, 361351499, 3160783474, 4245124292, 3660356119, 816401033, 3709679303, 2986197844, 4061667307, 3411561861, 2536032520, 524284684, 38178866, 812586667, 2664886487, 2412164532, 2234352645, 1739602360, 906221298, 2055154566, 147925700, 3331969806, 3262083128, 644855614, 1219029826, 2640446807, 3322074437, 560986349, 1111478991, 529658862, 4103046936, 3930514417, 295806849, 904321382, 2957480502, 2293445752, 2784286682, 1265963261, 364847314, 3150339457, 3319451259, 1647245685, 3977222397, 4267335393, 2060940576, 1985542550, 2810090525, 2885662031, 1402265076, 3923072518, 757748651, 3404452202, 21675320, 3163485644, 2790618673, 4090398591, 2922547567, 884747079, 3125353182, 3128099192, 588491448, 1326622658, 1664054251, 37177176, 1899713819, 353027787, 112599247, 4101842730, 3898465739, 3788842789, 3346813930, 655287891, 3475210664, 83389445, 1152973070, 396143355, 3535015361, 3705650127, 439899020, 1928935572, 3832591194, 449784685, 3460423071, 2975630653, 1209768000, 4204193248, 704275999, 339890344, 624521245, 3981211368, 1199902210, 2327640977, 2484699693, 536190311, 1951670216, 1261144092, 270012645, 1170105759, 2239366422, 151048534, 223290830, 3131878991, 1847460506, 1204045805, 2519139348, 4093206104, 1541952675, 3809136508, 26344161, 2092083809, 760584413, 388069480, 1479446195, 2763520872, 528505010, 863817399, 4007637299, 2184478798, 907602551, 1170537331, 362236239, 554173898, 800253804, 504772326, 464322705, 1755363910, 3073412578, 3969016961, 3280309359, 1413005561, 907083575, 1477913342, 283245878, 3546467376, 2459688647, 4098057846, 2798746867, 2079708378, 113696751, 467124559, 370969727, 3251357653, 999738421, 2433501653, 943147257, 2360261194, 1002946224, 1069585837, 1096151813, 2404431334, 1057483770, 3852193250, 2291629551, 3922696049, 1962891778, 392107116, 2869577765, 3871596156, 1636078041, 3704757782, 3475598838, 544479604, 2036399808, 3909989246, 16886443, 1082668727, 2184242069, 2915166066, 3967566234, 2376813805, 3329850285, 611095950, 853810257, 901842091, 1530434993, 1947716503, 4215197942, 4050333414, 3467324969, 3280406819, 3349321146, 3077860161, 2615291132, 2905535624, 1648432091, 824355038, 1025976206, 3261654870, 1453210073, 622226029, 1462067166, 4293555141, 3847476389, 1166026776, 1809716211, 3363574856, 4292590611, 1168218691, 2706291350, 3945771464, 2637522414, 3150172976, 2603459545, 2010650583, 3834046137, 3897855424, 2348242752, 760279839, 3436329789, 4080896134, 78335560, 650120391, 2873253839, 3559514764, 1259531234, 881788659, 3314911113, 2668052161, 4008182382, 3296124231, 419600194, 2843663469, 4047285470, 1257520158, 3653530278, 1892984076, 1331589955, 1976815551, 338263325, 3929779993, 961853085, 4028333005, 2899410032, 166822835, 1599668576, 1502802263, 1410416741, 2306595445, 2441860305, 3892671536, 2235010672, 2016492275, 2115164057, 3944310574, 2004620071, 3593301519, 139035990, 2410530729, 2638404611, 263002366, 2573120188, 4171798304, 4151812189, 962380896, 3644888943, 320444668, 227355523, 3135260625, 555054699, 683540987, 7), None)
Loaded weights: 98.39573248498859, -0.24282506953937566, -0.7162900781796975, 0.0, 5.0
events: 
  ----
(3, (1916751092, 3459918755, 184496800, 4132181803, 85319721, 1470119377, 2099272088, 2536300974, 1326678555, 2233030882, 2939648273, 12386463, 3185343800, 4005487743, 3233373001, 3354101158, 2654898239, 29537315, 38615924, 229673092, 633159787, 2321311925, 3328785323, 2211872428, 3442230853, 2850892502, 3238256623, 1801366284, 1105527173, 3255984024, 4032382386, 1036782106, 2610030699, 4248381781, 2882185785, 1430157859, 3967478618, 1918094247, 320215795, 2662000317, 1181969967, 3775150222, 1086655873, 1438187070, 2799431156, 1678010854, 344273173, 304910716, 4079425794, 151517272, 1783394983, 2389006901, 3287771708, 869535853, 812143890, 1214029070, 2522622291, 2421448164, 966595110, 358603439, 3051431020, 3744711819, 1441672998, 4081029419, 2603614078, 4002247822, 3368183668, 3511460361, 3556958201, 2137150269, 2617857206, 3172417448, 3515613328, 1650765852, 490838277, 930954215, 2621870107, 2761876422, 1122115362, 1994325129, 458836348, 600155725, 3484448171, 3091018273, 3640637743, 1438814436, 2119604681, 1845780024, 773700654, 1789507030, 2624227475, 1383665979, 3450875225, 2529398601, 1569962870, 1228947328, 3691556301, 3074525556, 3943617186, 3481054652, 1339239039, 3248590198, 226762141, 2556830393, 873423055, 3299291667, 3647701948, 2609439270, 2026302198, 974781863, 331412094, 520453938, 3545567991, 201588428, 1089314427, 1367553501, 1973479518, 1648442948, 986959262, 4233349480, 3855499552, 185429903, 1141600843, 359704689, 3433185235, 3057146980, 3445980999, 1309530608, 1793533696, 189647328, 1891814436, 4132024139, 3601600172, 105008985, 743307948, 875539195, 2423103685, 2129095268, 3706226212, 2085167466, 1858304961, 568180201, 2575844222, 4285053034, 2000961492, 3145792031, 464074839, 315765604, 1191800502, 1148744826, 138633445, 3073987824, 3294254495, 2700057060, 1903533107, 1138875578, 3907761615, 1591695545, 2982531721, 37760558, 4235484948, 3335098629, 3351056800, 4279672566, 2327955401, 2518938107, 2905238432, 1860456859, 3740782263, 2150499826, 4196331688, 2896298978, 2250533552, 4097837265, 2139528417, 2589737132, 1111889070, 3838528337, 1509497292, 2393001558, 4199601598, 3214230815, 349452913, 4037138062, 4194242190, 2721095084, 1819177552, 953365706, 582049991, 3492841337, 3229450828, 2482780325, 1004683616, 1232648138, 2536060974, 2324566602, 2369784812, 2853168283, 3335768284, 2932551485, 506126326, 2520175842, 3158385211, 2849124255, 1708087633, 4151404678, 3900329311, 3724134435, 3782496981, 2930536062, 3797145992, 2820512134, 765898796, 2592478037, 1769284490, 413655844, 270756586, 76482399, 862333252, 2426312163, 405336948, 3068738306, 2082026693, 2466860973, 701189002, 4291028054, 3695745157, 2821861178, 106409455, 2306399397, 2400325261, 4050049881, 2319540569, 2671144092, 3176518764, 3707288768, 412044947, 186957612, 3041433152, 194536780, 2399010514, 1075786437, 2567412449, 1944690278, 2931209414, 3442208484, 1286170193, 4070319712, 731556047, 1768101180, 2079190296, 3739370437, 2807643385, 1581053992, 843874572, 3642809421, 3010755629, 3727597691, 1004968273, 945771341, 1089602119, 833563001, 3788843750, 3216732387, 777120118, 4162077872, 1153793734, 2751950484, 3118242665, 4021177143, 2981452086, 1120279435, 2561946286, 2890472361, 2136201141, 747724683, 1576236629, 1142210251, 1813082428, 142090618, 301865992, 1404011646, 3758326823, 1248679659, 3390047064, 50148855, 4162358394, 1889327733, 2568856203, 1075241938, 4103328964, 4090741729, 2333386028, 1682730188, 181811811, 3590362106, 3308238888, 536067581, 2277414441, 3734886682, 815830229, 2539760309, 1521416861, 4113567276, 648341092, 345444499, 615062123, 4043245587, 3384706635, 1443573712, 2557449086, 4158666555, 2639811474, 1655108678, 1270907222, 2342086015, 2024827078, 1446275153, 4046376926, 1930279889, 4184259406, 3599957945, 2183121008, 920039216, 4240713261, 3825454707, 2897890472, 2831446044, 3413092677, 4688334, 2893233381, 1467222445, 3876187418, 2974757156, 3254747473, 3277989421, 1206051432, 575484682, 2418587414, 607664594, 3870861117, 1560714515, 165269083, 1377378320, 2834728263, 1588040974, 2528867148, 660003289, 2664420656, 439741731, 2879999462, 1398812553, 2249032984, 811456490, 328185999, 3504171279, 4083904925, 1488140134, 1007567055, 2412400000, 3134747763, 622096534, 511396093, 1642369998, 2519765127, 361351499, 3160783474, 4245124292, 3660356119, 816401033, 3709679303, 2986197844, 4061667307, 3411561861, 2536032520, 524284684, 38178866, 812586667, 2664886487, 2412164532, 2234352645, 1739602360, 906221298, 2055154566, 147925700, 3331969806, 3262083128, 644855614, 1219029826, 2640446807, 3322074437, 560986349, 1111478991, 529658862, 4103046936, 3930514417, 295806849, 904321382, 2957480502, 2293445752, 2784286682, 1265963261, 364847314, 3150339457, 3319451259, 1647245685, 3977222397, 4267335393, 2060940576, 1985542550, 2810090525, 2885662031, 1402265076, 3923072518, 757748651, 3404452202, 21675320, 3163485644, 2790618673, 4090398591, 2922547567, 884747079, 3125353182, 3128099192, 588491448, 1326622658, 1664054251, 37177176, 1899713819, 353027787, 112599247, 4101842730, 3898465739, 3788842789, 3346813930, 655287891, 3475210664, 83389445, 1152973070, 396143355, 3535015361, 3705650127, 439899020, 1928935572, 3832591194, 449784685, 3460423071, 2975630653, 1209768000, 4204193248, 704275999, 339890344, 624521245, 3981211368, 1199902210, 2327640977, 2484699693, 536190311, 1951670216, 1261144092, 270012645, 1170105759, 2239366422, 151048534, 223290830, 3131878991, 1847460506, 1204045805, 2519139348, 4093206104, 1541952675, 3809136508, 26344161, 2092083809, 760584413, 388069480, 1479446195, 2763520872, 528505010, 863817399, 4007637299, 2184478798, 907602551, 1170537331, 362236239, 554173898, 800253804, 504772326, 464322705, 1755363910, 3073412578, 3969016961, 3280309359, 1413005561, 907083575, 1477913342, 283245878, 3546467376, 2459688647, 4098057846, 2798746867, 2079708378, 113696751, 467124559, 370969727, 3251357653, 999738421, 2433501653, 943147257, 2360261194, 1002946224, 1069585837, 1096151813, 2404431334, 1057483770, 3852193250, 2291629551, 3922696049, 1962891778, 392107116, 2869577765, 3871596156, 1636078041, 3704757782, 3475598838, 544479604, 2036399808, 3909989246, 16886443, 1082668727, 2184242069, 2915166066, 3967566234, 2376813805, 3329850285, 611095950, 853810257, 901842091, 1530434993, 1947716503, 4215197942, 4050333414, 3467324969, 3280406819, 3349321146, 3077860161, 2615291132, 2905535624, 1648432091, 824355038, 1025976206, 3261654870, 1453210073, 622226029, 1462067166, 4293555141, 3847476389, 1166026776, 1809716211, 3363574856, 4292590611, 1168218691, 2706291350, 3945771464, 2637522414, 3150172976, 2603459545, 2010650583, 3834046137, 3897855424, 2348242752, 760279839, 3436329789, 4080896134, 78335560, 650120391, 2873253839, 3559514764, 1259531234, 881788659, 3314911113, 2668052161, 4008182382, 3296124231, 419600194, 2843663469, 4047285470, 1257520158, 3653530278, 1892984076, 1331589955, 1976815551, 338263325, 3929779993, 961853085, 4028333005, 2899410032, 166822835, 1599668576, 1502802263, 1410416741, 2306595445, 2441860305, 3892671536, 2235010672, 2016492275, 2115164057, 3944310574, 2004620071, 3593301519, 139035990, 2410530729, 2638404611, 263002366, 2573120188, 4171798304, 4151812189, 962380896, 3644888943, 320444668, 227355523, 3135260625, 555054699, 683540987, 104), None)
Loaded weights: 98.12569300821353, -3.040699052880254, -0.7162900781796975, 0.0, -5.0
events: me found the exit, 
  ----
(3, (1916751092, 3459918755, 184496800, 4132181803, 85319721, 1470119377, 2099272088, 2536300974, 1326678555, 2233030882, 2939648273, 12386463, 3185343800, 4005487743, 3233373001, 3354101158, 2654898239, 29537315, 38615924, 229673092, 633159787, 2321311925, 3328785323, 2211872428, 3442230853, 2850892502, 3238256623, 1801366284, 1105527173, 3255984024, 4032382386, 1036782106, 2610030699, 4248381781, 2882185785, 1430157859, 3967478618, 1918094247, 320215795, 2662000317, 1181969967, 3775150222, 1086655873, 1438187070, 2799431156, 1678010854, 344273173, 304910716, 4079425794, 151517272, 1783394983, 2389006901, 3287771708, 869535853, 812143890, 1214029070, 2522622291, 2421448164, 966595110, 358603439, 3051431020, 3744711819, 1441672998, 4081029419, 2603614078, 4002247822, 3368183668, 3511460361, 3556958201, 2137150269, 2617857206, 3172417448, 3515613328, 1650765852, 490838277, 930954215, 2621870107, 2761876422, 1122115362, 1994325129, 458836348, 600155725, 3484448171, 3091018273, 3640637743, 1438814436, 2119604681, 1845780024, 773700654, 1789507030, 2624227475, 1383665979, 3450875225, 2529398601, 1569962870, 1228947328, 3691556301, 3074525556, 3943617186, 3481054652, 1339239039, 3248590198, 226762141, 2556830393, 873423055, 3299291667, 3647701948, 2609439270, 2026302198, 974781863, 331412094, 520453938, 3545567991, 201588428, 1089314427, 1367553501, 1973479518, 1648442948, 986959262, 4233349480, 3855499552, 185429903, 1141600843, 359704689, 3433185235, 3057146980, 3445980999, 1309530608, 1793533696, 189647328, 1891814436, 4132024139, 3601600172, 105008985, 743307948, 875539195, 2423103685, 2129095268, 3706226212, 2085167466, 1858304961, 568180201, 2575844222, 4285053034, 2000961492, 3145792031, 464074839, 315765604, 1191800502, 1148744826, 138633445, 3073987824, 3294254495, 2700057060, 1903533107, 1138875578, 3907761615, 1591695545, 2982531721, 37760558, 4235484948, 3335098629, 3351056800, 4279672566, 2327955401, 2518938107, 2905238432, 1860456859, 3740782263, 2150499826, 4196331688, 2896298978, 2250533552, 4097837265, 2139528417, 2589737132, 1111889070, 3838528337, 1509497292, 2393001558, 4199601598, 3214230815, 349452913, 4037138062, 4194242190, 2721095084, 1819177552, 953365706, 582049991, 3492841337, 3229450828, 2482780325, 1004683616, 1232648138, 2536060974, 2324566602, 2369784812, 2853168283, 3335768284, 2932551485, 506126326, 2520175842, 3158385211, 2849124255, 1708087633, 4151404678, 3900329311, 3724134435, 3782496981, 2930536062, 3797145992, 2820512134, 765898796, 2592478037, 1769284490, 413655844, 270756586, 76482399, 862333252, 2426312163, 405336948, 3068738306, 2082026693, 2466860973, 701189002, 4291028054, 3695745157, 2821861178, 106409455, 2306399397, 2400325261, 4050049881, 2319540569, 2671144092, 3176518764, 3707288768, 412044947, 186957612, 3041433152, 194536780, 2399010514, 1075786437, 2567412449, 1944690278, 2931209414, 3442208484, 1286170193, 4070319712, 731556047, 1768101180, 2079190296, 3739370437, 2807643385, 1581053992, 843874572, 3642809421, 3010755629, 3727597691, 1004968273, 945771341, 1089602119, 833563001, 3788843750, 3216732387, 777120118, 4162077872, 1153793734, 2751950484, 3118242665, 4021177143, 2981452086, 1120279435, 2561946286, 2890472361, 2136201141, 747724683, 1576236629, 1142210251, 1813082428, 142090618, 301865992, 1404011646, 3758326823, 1248679659, 3390047064, 50148855, 4162358394, 1889327733, 2568856203, 1075241938, 4103328964, 4090741729, 2333386028, 1682730188, 181811811, 3590362106, 3308238888, 536067581, 2277414441, 3734886682, 815830229, 2539760309, 1521416861, 4113567276, 648341092, 345444499, 615062123, 4043245587, 3384706635, 1443573712, 2557449086, 4158666555, 2639811474, 1655108678, 1270907222, 2342086015, 2024827078, 1446275153, 4046376926, 1930279889, 4184259406, 3599957945, 2183121008, 920039216, 4240713261, 3825454707, 2897890472, 2831446044, 3413092677, 4688334, 2893233381, 1467222445, 3876187418, 2974757156, 3254747473, 3277989421, 1206051432, 575484682, 2418587414, 607664594, 3870861117, 1560714515, 165269083, 1377378320, 2834728263, 1588040974, 2528867148, 660003289, 2664420656, 439741731, 2879999462, 1398812553, 2249032984, 811456490, 328185999, 3504171279, 4083904925, 1488140134, 1007567055, 2412400000, 3134747763, 622096534, 511396093, 1642369998, 2519765127, 361351499, 3160783474, 4245124292, 3660356119, 816401033, 3709679303, 2986197844, 4061667307, 3411561861, 2536032520, 524284684, 38178866, 812586667, 2664886487, 2412164532, 2234352645, 1739602360, 906221298, 2055154566, 147925700, 3331969806, 3262083128, 644855614, 1219029826, 2640446807, 3322074437, 560986349, 1111478991, 529658862, 4103046936, 3930514417, 295806849, 904321382, 2957480502, 2293445752, 2784286682, 1265963261, 364847314, 3150339457, 3319451259, 1647245685, 3977222397, 4267335393, 2060940576, 1985542550, 2810090525, 2885662031, 1402265076, 3923072518, 757748651, 3404452202, 21675320, 3163485644, 2790618673, 4090398591, 2922547567, 884747079, 3125353182, 3128099192, 588491448, 1326622658, 1664054251, 37177176, 1899713819, 353027787, 112599247, 4101842730, 3898465739, 3788842789, 3346813930, 655287891, 3475210664, 83389445, 1152973070, 396143355, 3535015361, 3705650127, 439899020, 1928935572, 3832591194, 449784685, 3460423071, 2975630653, 1209768000, 4204193248, 704275999, 339890344, 624521245, 3981211368, 1199902210, 2327640977, 2484699693, 536190311, 1951670216, 1261144092, 270012645, 1170105759, 2239366422, 151048534, 223290830, 3131878991, 1847460506, 1204045805, 2519139348, 4093206104, 1541952675, 3809136508, 26344161, 2092083809, 760584413, 388069480, 1479446195, 2763520872, 528505010, 863817399, 4007637299, 2184478798, 907602551, 1170537331, 362236239, 554173898, 800253804, 504772326, 464322705, 1755363910, 3073412578, 3969016961, 3280309359, 1413005561, 907083575, 1477913342, 283245878, 3546467376, 2459688647, 4098057846, 2798746867, 2079708378, 113696751, 467124559, 370969727, 3251357653, 999738421, 2433501653, 943147257, 2360261194, 1002946224, 1069585837, 1096151813, 2404431334, 1057483770, 3852193250, 2291629551, 3922696049, 1962891778, 392107116, 2869577765, 3871596156, 1636078041, 3704757782, 3475598838, 544479604, 2036399808, 3909989246, 16886443, 1082668727, 2184242069, 2915166066, 3967566234, 2376813805, 3329850285, 611095950, 853810257, 901842091, 1530434993, 1947716503, 4215197942, 4050333414, 3467324969, 3280406819, 3349321146, 3077860161, 2615291132, 2905535624, 1648432091, 824355038, 1025976206, 3261654870, 1453210073, 622226029, 1462067166, 4293555141, 3847476389, 1166026776, 1809716211, 3363574856, 4292590611, 1168218691, 2706291350, 3945771464, 2637522414, 3150172976, 2603459545, 2010650583, 3834046137, 3897855424, 2348242752, 760279839, 3436329789, 4080896134, 78335560, 650120391, 2873253839, 3559514764, 1259531234, 881788659, 3314911113, 2668052161, 4008182382, 3296124231, 419600194, 2843663469, 4047285470, 1257520158, 3653530278, 1892984076, 1331589955, 1976815551, 338263325, 3929779993, 961853085, 4028333005, 2899410032, 166822835, 1599668576, 1502802263, 1410416741, 2306595445, 2441860305, 3892671536, 2235010672, 2016492275, 2115164057, 3944310574, 2004620071, 3593301519, 139035990, 2410530729, 2638404611, 263002366, 2573120188, 4171798304, 4151812189, 962380896, 3644888943, 320444668, 227355523, 3135260625, 555054699, 683540987, 437), None)
Loaded weights: 105.62458392771285, -0.7277864133496472, -0.7162900781796975, 0.0, 5.0
events: 
  ----
(3, (1916751092, 3459918755, 184496800, 4132181803, 85319721, 1470119377, 2099272088, 2536300974, 1326678555, 2233030882, 2939648273, 12386463, 3185343800, 4005487743, 3233373001, 3354101158, 2654898239, 29537315, 38615924, 229673092, 633159787, 2321311925, 3328785323, 2211872428, 3442230853, 2850892502, 3238256623, 1801366284, 1105527173, 3255984024, 4032382386, 1036782106, 2610030699, 4248381781, 2882185785, 1430157859, 3967478618, 1918094247, 320215795, 2662000317, 1181969967, 3775150222, 1086655873, 1438187070, 2799431156, 1678010854, 344273173, 304910716, 4079425794, 151517272, 1783394983, 2389006901, 3287771708, 869535853, 812143890, 1214029070, 2522622291, 2421448164, 966595110, 358603439, 3051431020, 3744711819, 1441672998, 4081029419, 2603614078, 4002247822, 3368183668, 3511460361, 3556958201, 2137150269, 2617857206, 3172417448, 3515613328, 1650765852, 490838277, 930954215, 2621870107, 2761876422, 1122115362, 1994325129, 458836348, 600155725, 3484448171, 3091018273, 3640637743, 1438814436, 2119604681, 1845780024, 773700654, 1789507030, 2624227475, 1383665979, 3450875225, 2529398601, 1569962870, 1228947328, 3691556301, 3074525556, 3943617186, 3481054652, 1339239039, 3248590198, 226762141, 2556830393, 873423055, 3299291667, 3647701948, 2609439270, 2026302198, 974781863, 331412094, 520453938, 3545567991, 201588428, 1089314427, 1367553501, 1973479518, 1648442948, 986959262, 4233349480, 3855499552, 185429903, 1141600843, 359704689, 3433185235, 3057146980, 3445980999, 1309530608, 1793533696, 189647328, 1891814436, 4132024139, 3601600172, 105008985, 743307948, 875539195, 2423103685, 2129095268, 3706226212, 2085167466, 1858304961, 568180201, 2575844222, 4285053034, 2000961492, 3145792031, 464074839, 315765604, 1191800502, 1148744826, 138633445, 3073987824, 3294254495, 2700057060, 1903533107, 1138875578, 3907761615, 1591695545, 2982531721, 37760558, 4235484948, 3335098629, 3351056800, 4279672566, 2327955401, 2518938107, 2905238432, 1860456859, 3740782263, 2150499826, 4196331688, 2896298978, 2250533552, 4097837265, 2139528417, 2589737132, 1111889070, 3838528337, 1509497292, 2393001558, 4199601598, 3214230815, 349452913, 4037138062, 4194242190, 2721095084, 1819177552, 953365706, 582049991, 3492841337, 3229450828, 2482780325, 1004683616, 1232648138, 2536060974, 2324566602, 2369784812, 2853168283, 3335768284, 2932551485, 506126326, 2520175842, 3158385211, 2849124255, 1708087633, 4151404678, 3900329311, 3724134435, 3782496981, 2930536062, 3797145992, 2820512134, 765898796, 2592478037, 1769284490, 413655844, 270756586, 76482399, 862333252, 2426312163, 405336948, 3068738306, 2082026693, 2466860973, 701189002, 4291028054, 3695745157, 2821861178, 106409455, 2306399397, 2400325261, 4050049881, 2319540569, 2671144092, 3176518764, 3707288768, 412044947, 186957612, 3041433152, 194536780, 2399010514, 1075786437, 2567412449, 1944690278, 2931209414, 3442208484, 1286170193, 4070319712, 731556047, 1768101180, 2079190296, 3739370437, 2807643385, 1581053992, 843874572, 3642809421, 3010755629, 3727597691, 1004968273, 945771341, 1089602119, 833563001, 3788843750, 3216732387, 777120118, 4162077872, 1153793734, 2751950484, 3118242665, 4021177143, 2981452086, 1120279435, 2561946286, 2890472361, 2136201141, 747724683, 1576236629, 1142210251, 1813082428, 142090618, 301865992, 1404011646, 3758326823, 1248679659, 3390047064, 50148855, 4162358394, 1889327733, 2568856203, 1075241938, 4103328964, 4090741729, 2333386028, 1682730188, 181811811, 3590362106, 3308238888, 536067581, 2277414441, 3734886682, 815830229, 2539760309, 1521416861, 4113567276, 648341092, 345444499, 615062123, 4043245587, 3384706635, 1443573712, 2557449086, 4158666555, 2639811474, 1655108678, 1270907222, 2342086015, 2024827078, 1446275153, 4046376926, 1930279889, 4184259406, 3599957945, 2183121008, 920039216, 4240713261, 3825454707, 2897890472, 2831446044, 3413092677, 4688334, 2893233381, 1467222445, 3876187418, 2974757156, 3254747473, 3277989421, 1206051432, 575484682, 2418587414, 607664594, 3870861117, 1560714515, 165269083, 1377378320, 2834728263, 1588040974, 2528867148, 660003289, 2664420656, 439741731, 2879999462, 1398812553, 2249032984, 811456490, 328185999, 3504171279, 4083904925, 1488140134, 1007567055, 2412400000, 3134747763, 622096534, 511396093, 1642369998, 2519765127, 361351499, 3160783474, 4245124292, 3660356119, 816401033, 3709679303, 2986197844, 4061667307, 3411561861, 2536032520, 524284684, 38178866, 812586667, 2664886487, 2412164532, 2234352645, 1739602360, 906221298, 2055154566, 147925700, 3331969806, 3262083128, 644855614, 1219029826, 2640446807, 3322074437, 560986349, 1111478991, 529658862, 4103046936, 3930514417, 295806849, 904321382, 2957480502, 2293445752, 2784286682, 1265963261, 364847314, 3150339457, 3319451259, 1647245685, 3977222397, 4267335393, 2060940576, 1985542550, 2810090525, 2885662031, 1402265076, 3923072518, 757748651, 3404452202, 21675320, 3163485644, 2790618673, 4090398591, 2922547567, 884747079, 3125353182, 3128099192, 588491448, 1326622658, 1664054251, 37177176, 1899713819, 353027787, 112599247, 4101842730, 3898465739, 3788842789, 3346813930, 655287891, 3475210664, 83389445, 1152973070, 396143355, 3535015361, 3705650127, 439899020, 1928935572, 3832591194, 449784685, 3460423071, 2975630653, 1209768000, 4204193248, 704275999, 339890344, 624521245, 3981211368, 1199902210, 2327640977, 2484699693, 536190311, 1951670216, 1261144092, 270012645, 1170105759, 2239366422, 151048534, 223290830, 3131878991, 1847460506, 1204045805, 2519139348, 4093206104, 1541952675, 3809136508, 26344161, 2092083809, 760584413, 388069480, 1479446195, 2763520872, 528505010, 863817399, 4007637299, 2184478798, 907602551, 1170537331, 362236239, 554173898, 800253804, 504772326, 464322705, 1755363910, 3073412578, 3969016961, 3280309359, 1413005561, 907083575, 1477913342, 283245878, 3546467376, 2459688647, 4098057846, 2798746867, 2079708378, 113696751, 467124559, 370969727, 3251357653, 999738421, 2433501653, 943147257, 2360261194, 1002946224, 1069585837, 1096151813, 2404431334, 1057483770, 3852193250, 2291629551, 3922696049, 1962891778, 392107116, 2869577765, 3871596156, 1636078041, 3704757782, 3475598838, 544479604, 2036399808, 3909989246, 16886443, 1082668727, 2184242069, 2915166066, 3967566234, 2376813805, 3329850285, 611095950, 853810257, 901842091, 1530434993, 1947716503, 4215197942, 4050333414, 3467324969, 3280406819, 3349321146, 3077860161, 2615291132, 2905535624, 1648432091, 824355038, 1025976206, 3261654870, 1453210073, 622226029, 1462067166, 4293555141, 3847476389, 1166026776, 1809716211, 3363574856, 4292590611, 1168218691, 2706291350, 3945771464, 2637522414, 3150172976, 2603459545, 2010650583, 3834046137, 3897855424, 2348242752, 760279839, 3436329789, 4080896134, 78335560, 650120391, 2873253839, 3559514764, 1259531234, 881788659, 3314911113, 2668052161, 4008182382, 3296124231, 419600194, 2843663469, 4047285470, 1257520158, 3653530278, 1892984076, 1331589955, 1976815551, 338263325, 3929779993, 961853085, 4028333005, 2899410032, 166822835, 1599668576, 1502802263, 1410416741, 2306595445, 2441860305, 3892671536, 2235010672, 2016492275, 2115164057, 3944310574, 2004620071, 3593301519, 139035990, 2410530729, 2638404611, 263002366, 2573120188, 4171798304, 4151812189, 962380896, 3644888943, 320444668, 227355523, 3135260625, 555054699, 683540987, 606), None)
Loaded weights: 105.33770086382255, -2.9368524265858946, -0.7162900781796975, 0.0, -5.0
events: me found the exit, 
  ----
(3, (2347990120, 4114090854, 714968882, 2121701137, 4188913354, 724503582, 2958044502, 995868585, 1621251332, 597464234, 655126129, 1681476540, 2551135094, 1579845990, 3356129180, 2239965492, 809286856, 739036689, 3425932584, 2325523922, 547909961, 1550408507, 2988816425, 1370233490, 1615511084, 1136674294, 3487323390, 2599000741, 1847298062, 453234994, 1557217877, 3858436593, 4070499006, 3395011852, 132819684, 3730876518, 32797225, 1476390476, 2975016402, 890406496, 880439362, 3184709393, 1027659236, 3252288315, 2933755708, 2305981401, 2079289386, 3722657755, 1582094145, 1651463187, 795252984, 702557534, 980704521, 835603606, 812391983, 3072316523, 2774947866, 457934609, 421242393, 2397638683, 3915698173, 514000987, 3955028054, 1569714010, 855171032, 3776657068, 4172165261, 4266064621, 1544894222, 1612359873, 424663097, 4276159580, 2194343510, 3426756862, 1639768656, 2528772659, 788388738, 1277466444, 3041310451, 1434593805, 744331409, 2706428600, 4134201208, 464051579, 3906324540, 2419791436, 1925633135, 43620184, 341630753, 3096384506, 3995209380, 2759698146, 3133787453, 3656994905, 3358751553, 1955162710, 261620803, 1134007910, 1068071968, 3993032918, 4088531595, 1297178838, 1635305461, 1709079627, 3232693516, 1785929265, 1444130908, 1786771716, 1171229145, 846640394, 2660169292, 2291495261, 3400484140, 2193211730, 2383003548, 2072348458, 3195022020, 577637685, 3685886294, 4201667967, 893489257, 3488764920, 2230317195, 341042963, 3185569870, 2654903973, 3151295214, 4200267382, 634584452, 1090623698, 1260508164, 1784131069, 2594283972, 2484477635, 786334416, 2101485863, 4074306015, 3893180607, 1514669371, 2626490734, 3156699776, 1476178958, 195270562, 2157760284, 1973674806, 444007133, 3404599441, 3827704545, 2504544636, 113978449, 3065143024, 2573502923, 1632986156, 3700775240, 3818391819, 4225979361, 3547428590, 3603891781, 3200935122, 3681155887, 3219935301, 134257443, 3086441267, 598994728, 2545472097, 4158361414, 89467354, 726020714, 4225028553, 3861044109, 562632230, 2811548641, 192690551, 1832692207, 545182537, 2918265194, 1481678321, 1750581934, 563162092, 3597284624, 317452508, 2557494789, 216001972, 3110731982, 3458166807, 2564766534, 3625928482, 2438109182, 409874190, 2432855544, 2583859347, 2218086934, 1416167145, 1154150228, 815056538, 1384741099, 641002891, 1513968371, 1047944332, 3821278091, 48949698, 2557550754, 2490586695, 3221117970, 2999152182, 2092843681, 535896318, 1820661701, 795282892, 255540061, 3205999597, 565136177, 1114036090, 2096305299, 2214475323, 2505271670, 2497850254, 2163058206, 1777298702, 3143883239, 573069793, 1044692434, 2207617013, 1500024390, 2231481850, 3594095350, 2091325030, 1372592704, 1754060267, 4095490219, 2681031266, 629522105, 1689533008, 4009412448, 1428677065, 3052225170, 638503740, 1034429777, 569735450, 2675033119, 2804785371, 1568737843, 4235716103, 661120683, 1251555683, 862951135, 3016933090, 3966604785, 1759039909, 2412990117, 3889531823, 2867761295, 752761314, 3606713464, 795952220, 2930312903, 3978047952, 2552938018, 1625032840, 1273975618, 1266999663, 922763159, 414556360, 1457292946, 1811270676, 3543243441, 655438122, 4053568809, 1393384021, 1704622463, 967984673, 2726794859, 1180583634, 2639145775, 1386422465, 3921534132, 3647847337, 426647654, 769408483, 847991565, 404328105, 2573561059, 1260507073, 2154715574, 3275599157, 622321700, 1873792510, 2095230567, 2124970418, 3522501172, 3178151541, 2003995982, 2470248650, 1691196771, 3578180368, 1048767258, 3068905184, 2207785970, 2444224721, 1133772003, 1593331067, 2514694081, 2887910693, 2108663984, 3748114394, 1041926937, 4109704923, 3515509611, 3394585936, 4200410823, 4182799929, 2793005557, 3781717103, 1462146244, 2656933176, 1745152834, 178099981, 3602213195, 1156828117, 2256179354, 733519706, 2302517113, 803356110, 2834474890, 2828976512, 1777621620, 3127042264, 252538614, 225616945, 3997821272, 2540488770, 4079618945, 852788899, 2951004203, 2462472909, 641661165, 592456847, 2526719431, 3666439604, 1627104877, 1966227204, 334358638, 1384716066, 855890104, 1295894450, 3505361136, 819167564, 975600369, 467670454, 2436585080, 3840622600, 3201905346, 3322967376, 723230326, 1262287406, 3312448917, 760742753, 3425584316, 1840417597, 1589979938, 3332122248, 3102447217, 1303406784, 1623720259, 1002532037, 1148901378, 3792612108, 1211733844, 2527109525, 3156589598, 3630313142, 2510773276, 3872625856, 2172285973, 2881084263, 2490046821, 2280921051, 550606404, 3733443345, 3133871857, 2941076884, 4170834546, 3336357410, 3608798092, 4119064514, 3757956302, 2287870128, 2612536804, 2679712087, 1308524878, 3926696833, 800033753, 4162025137, 1058204246, 3345871693, 705475286, 4241602366, 967499581, 3821881821, 1501975194, 2442039630, 715211552, 689614709, 2746567187, 2152206027, 2384353101, 810527423, 1870678604, 2740730574, 2254968677, 1973250742, 2815762157, 2889191493, 394452520, 3022487371, 1489727890, 2403669790, 1344314196, 1692049782, 2591623809, 2275166760, 766528501, 263256151, 2008889559, 2108948754, 2531874214, 3806310439, 2743071632, 201126680, 237041407, 2244005767, 1608855564, 2505859564, 2085554443, 2785727539, 150392088, 3561995648, 2638993258, 3010047635, 4063519045, 2341763499, 3470925821, 2888824124, 2799333923, 1417839479, 3620156190, 2059742118, 1176868289, 51367714, 1314917413, 1397335570, 244694315, 3768562050, 526750055, 3448166231, 3146294306, 586041031, 2783397254, 1079991, 4121985789, 1429030256, 1469768514, 4050463289, 547969499, 3119956649, 1459255383, 630937398, 2889753297, 612214047, 143359113, 383942933, 2472113356, 2487120688, 1014022739, 3892128197, 3720816163, 2642981649, 2819991542, 710428427, 2193183140, 2548061279, 3983901112, 356764577, 2128553384, 2293152967, 1996847934, 1155811377, 3747271160, 55599796, 53339705, 3114075149, 2470427388, 539314706, 2769419886, 3717666902, 1534960846, 1277894503, 3925285277, 3634767184, 2352892020, 3769942338, 3368615913, 2103348428, 1265323337, 2692969299, 3911183142, 2735064888, 3708459530, 2670866886, 381816985, 109487039, 2057299048, 582990551, 808204291, 1311721622, 2750117786, 1008361811, 3339785076, 2094860152, 531665927, 397177437, 1015827235, 283894801, 3514789915, 3550621512, 2904528817, 1997874524, 2272274673, 749700165, 875742256, 726620937, 2841218839, 3787955632, 247534546, 2210144684, 1244658599, 2041912397, 1304726590, 91927777, 3707175956, 798163895, 1610658547, 2429542156, 1766645200, 336063540, 151182763, 3505253086, 3281036904, 2444020502, 829533705, 2311509025, 1524198835, 3799506845, 2448445239, 2851137483, 3872652988, 2357853524, 998994276, 3608412581, 3560040565, 1413266901, 2187396998, 1403592713, 1841995384, 3413853279, 236391559, 2183077209, 3732536455, 1741139598, 393395330, 4238545384, 4066142963, 2842776755, 1921394280, 2957954125, 2538179214, 4214204222, 2170697209, 1033240932, 2110916171, 4254118345, 1011415833, 1046227945, 1641629888, 1100585557, 355261778, 1002386733, 3934134235, 3229730039, 4078428606, 3274266179, 2833080980, 3899637585, 665600157, 3913063021, 3234340781, 1641401624, 4157517318, 543593576, 1439925293, 483338736, 2054455760, 3765019517, 3312439523, 3317808098, 2022049794, 2403837286, 1308359896, 1250420138, 2197292169, 1237823623, 573190428, 2552975537, 2230417902, 3891031668, 2097826214, 290513790, 1604606185, 1713588135, 1742558127, 3144317281, 250607783, 2807759604, 4180150538, 331), None)
Loaded weights: 112.93963642922006, -0.6340506156383747, -0.7162900781796975, 0.0, 5.0
events: 
  ----
(3, (2347990120, 4114090854, 714968882, 2121701137, 4188913354, 724503582, 2958044502, 995868585, 1621251332, 597464234, 655126129, 1681476540, 2551135094, 1579845990, 3356129180, 2239965492, 809286856, 739036689, 3425932584, 2325523922, 547909961, 1550408507, 2988816425, 1370233490, 1615511084, 1136674294, 3487323390, 2599000741, 1847298062, 453234994, 1557217877, 3858436593, 4070499006, 3395011852, 132819684, 3730876518, 32797225, 1476390476, 2975016402, 890406496, 880439362, 3184709393, 1027659236, 3252288315, 2933755708, 2305981401, 2079289386, 3722657755, 1582094145, 1651463187, 795252984, 702557534, 980704521, 835603606, 812391983, 3072316523, 2774947866, 457934609, 421242393, 2397638683, 3915698173, 514000987, 3955028054, 1569714010, 855171032, 3776657068, 4172165261, 4266064621, 1544894222, 1612359873, 424663097, 4276159580, 2194343510, 3426756862, 1639768656, 2528772659, 788388738, 1277466444, 3041310451, 1434593805, 744331409, 2706428600, 4134201208, 464051579, 3906324540, 2419791436, 1925633135, 43620184, 341630753, 3096384506, 3995209380, 2759698146, 3133787453, 3656994905, 3358751553, 1955162710, 261620803, 1134007910, 1068071968, 3993032918, 4088531595, 1297178838, 1635305461, 1709079627, 3232693516, 1785929265, 1444130908, 1786771716, 1171229145, 846640394, 2660169292, 2291495261, 3400484140, 2193211730, 2383003548, 2072348458, 3195022020, 577637685, 3685886294, 4201667967, 893489257, 3488764920, 2230317195, 341042963, 3185569870, 2654903973, 3151295214, 4200267382, 634584452, 1090623698, 1260508164, 1784131069, 2594283972, 2484477635, 786334416, 2101485863, 4074306015, 3893180607, 1514669371, 2626490734, 3156699776, 1476178958, 195270562, 2157760284, 1973674806, 444007133, 3404599441, 3827704545, 2504544636, 113978449, 3065143024, 2573502923, 1632986156, 3700775240, 3818391819, 4225979361, 3547428590, 3603891781, 3200935122, 3681155887, 3219935301, 134257443, 3086441267, 598994728, 2545472097, 4158361414, 89467354, 726020714, 4225028553, 3861044109, 562632230, 2811548641, 192690551, 1832692207, 545182537, 2918265194, 1481678321, 1750581934, 563162092, 3597284624, 317452508, 2557494789, 216001972, 3110731982, 3458166807, 2564766534, 3625928482, 2438109182, 409874190, 2432855544, 2583859347, 2218086934, 1416167145, 1154150228, 815056538, 1384741099, 641002891, 1513968371, 1047944332, 3821278091, 48949698, 2557550754, 2490586695, 3221117970, 2999152182, 2092843681, 535896318, 1820661701, 795282892, 255540061, 3205999597, 565136177, 1114036090, 2096305299, 2214475323, 2505271670, 2497850254, 2163058206, 1777298702, 3143883239, 573069793, 1044692434, 2207617013, 1500024390, 2231481850, 3594095350, 2091325030, 1372592704, 1754060267, 4095490219, 2681031266, 629522105, 1689533008, 4009412448, 1428677065, 3052225170, 638503740, 1034429777, 569735450, 2675033119, 2804785371, 1568737843, 4235716103, 661120683, 1251555683, 862951135, 3016933090, 3966604785, 1759039909, 2412990117, 3889531823, 2867761295, 752761314, 3606713464, 795952220, 2930312903, 3978047952, 2552938018, 1625032840, 1273975618, 1266999663, 922763159, 414556360, 1457292946, 1811270676, 3543243441, 655438122, 4053568809, 1393384021, 1704622463, 967984673, 2726794859, 1180583634, 2639145775, 1386422465, 3921534132, 3647847337, 426647654, 769408483, 847991565, 404328105, 2573561059, 1260507073, 2154715574, 3275599157, 622321700, 1873792510, 2095230567, 2124970418, 3522501172, 3178151541, 2003995982, 2470248650, 1691196771, 3578180368, 1048767258, 3068905184, 2207785970, 2444224721, 1133772003, 1593331067, 2514694081, 2887910693, 2108663984, 3748114394, 1041926937, 4109704923, 3515509611, 3394585936, 4200410823, 4182799929, 2793005557, 3781717103, 1462146244, 2656933176, 1745152834, 178099981, 3602213195, 1156828117, 2256179354, 733519706, 2302517113, 803356110, 2834474890, 2828976512, 1777621620, 3127042264, 252538614, 225616945, 3997821272, 2540488770, 4079618945, 852788899, 2951004203, 2462472909, 641661165, 592456847, 2526719431, 3666439604, 1627104877, 1966227204, 334358638, 1384716066, 855890104, 1295894450, 3505361136, 819167564, 975600369, 467670454, 2436585080, 3840622600, 3201905346, 3322967376, 723230326, 1262287406, 3312448917, 760742753, 3425584316, 1840417597, 1589979938, 3332122248, 3102447217, 1303406784, 1623720259, 1002532037, 1148901378, 3792612108, 1211733844, 2527109525, 3156589598, 3630313142, 2510773276, 3872625856, 2172285973, 2881084263, 2490046821, 2280921051, 550606404, 3733443345, 3133871857, 2941076884, 4170834546, 3336357410, 3608798092, 4119064514, 3757956302, 2287870128, 2612536804, 2679712087, 1308524878, 3926696833, 800033753, 4162025137, 1058204246, 3345871693, 705475286, 4241602366, 967499581, 3821881821, 1501975194, 2442039630, 715211552, 689614709, 2746567187, 2152206027, 2384353101, 810527423, 1870678604, 2740730574, 2254968677, 1973250742, 2815762157, 2889191493, 394452520, 3022487371, 1489727890, 2403669790, 1344314196, 1692049782, 2591623809, 2275166760, 766528501, 263256151, 2008889559, 2108948754, 2531874214, 3806310439, 2743071632, 201126680, 237041407, 2244005767, 1608855564, 2505859564, 2085554443, 2785727539, 150392088, 3561995648, 2638993258, 3010047635, 4063519045, 2341763499, 3470925821, 2888824124, 2799333923, 1417839479, 3620156190, 2059742118, 1176868289, 51367714, 1314917413, 1397335570, 244694315, 3768562050, 526750055, 3448166231, 3146294306, 586041031, 2783397254, 1079991, 4121985789, 1429030256, 1469768514, 4050463289, 547969499, 3119956649, 1459255383, 630937398, 2889753297, 612214047, 143359113, 383942933, 2472113356, 2487120688, 1014022739, 3892128197, 3720816163, 2642981649, 2819991542, 710428427, 2193183140, 2548061279, 3983901112, 356764577, 2128553384, 2293152967, 1996847934, 1155811377, 3747271160, 55599796, 53339705, 3114075149, 2470427388, 539314706, 2769419886, 3717666902, 1534960846, 1277894503, 3925285277, 3634767184, 2352892020, 3769942338, 3368615913, 2103348428, 1265323337, 2692969299, 3911183142, 2735064888, 3708459530, 2670866886, 381816985, 109487039, 2057299048, 582990551, 808204291, 1311721622, 2750117786, 1008361811, 3339785076, 2094860152, 531665927, 397177437, 1015827235, 283894801, 3514789915, 3550621512, 2904528817, 1997874524, 2272274673, 749700165, 875742256, 726620937, 2841218839, 3787955632, 247534546, 2210144684, 1244658599, 2041912397, 1304726590, 91927777, 3707175956, 798163895, 1610658547, 2429542156, 1766645200, 336063540, 151182763, 3505253086, 3281036904, 2444020502, 829533705, 2311509025, 1524198835, 3799506845, 2448445239, 2851137483, 3872652988, 2357853524, 998994276, 3608412581, 3560040565, 1413266901, 2187396998, 1403592713, 1841995384, 3413853279, 236391559, 2183077209, 3732536455, 1741139598, 393395330, 4238545384, 4066142963, 2842776755, 1921394280, 2957954125, 2538179214, 4214204222, 2170697209, 1033240932, 2110916171, 4254118345, 1011415833, 1046227945, 1641629888, 1100585557, 355261778, 1002386733, 3934134235, 3229730039, 4078428606, 3274266179, 2833080980, 3899637585, 665600157, 3913063021, 3234340781, 1641401624, 4157517318, 543593576, 1439925293, 483338736, 2054455760, 3765019517, 3312439523, 3317808098, 2022049794, 2403837286, 1308359896, 1250420138, 2197292169, 1237823623, 573190428, 2552975537, 2230417902, 3891031668, 2097826214, 290513790, 1604606185, 1713588135, 1742558127, 3144317281, 250607783, 2807759604, 4180150538, 481), None)
Loaded weights: 112.56634238739204, -3.3087757633758708, -0.7162900781796975, 0.0, -5.0
events: me found the exit, 
  ----
(3, (1127668366, 3062074948, 4290095565, 2908245547, 2134295855, 825407966, 1729111320, 2954437705, 2681216280, 3133222232, 1570566034, 2942019445, 3917304790, 1368936824, 3843328631, 4096511521, 2559314431, 2453583327, 495265659, 1176084325, 3877406230, 3837840829, 4071557064, 3082360126, 206596366, 677302824, 2747352410, 179946773, 2607332671, 1438622162, 143313847, 1924366919, 1796019321, 3325401845, 1893033023, 1286531111, 1471217197, 3198371546, 1384091176, 3463611809, 447348797, 3989423201, 1271933959, 3707420213, 324244174, 3520613673, 287530257, 2729203720, 2146970056, 1836476378, 1389724526, 2268942713, 1451698798, 3531020762, 2350049217, 2989268367, 3418939952, 1476637828, 636787952, 3478426086, 1941860724, 902693532, 2608297296, 1280387740, 1729591316, 338854560, 3330446450, 3623639342, 4294941928, 2956200949, 2471403775, 1696081460, 1856727286, 1715269693, 17614090, 3275792113, 442665461, 1683407459, 772703226, 313446278, 3099446954, 1366111415, 1449496518, 2743775297, 2775059102, 4113043785, 2140401156, 461923208, 1799549635, 871714659, 2372141705, 3342611701, 4141481674, 1150060914, 3917156311, 3202480364, 2228893021, 3259213382, 1820182693, 2902108925, 2405411318, 1897068149, 668583566, 3236151236, 620347438, 1448563938, 2119479755, 460064608, 4028936611, 2890054686, 4756091, 4200960848, 1470033968, 1099070577, 123545597, 1032302517, 4162031174, 1677089853, 1205594618, 4289862072, 3773315720, 2812432354, 3432109905, 155421306, 3936072878, 1291951462, 2891058976, 2169196938, 2376031192, 1384501086, 726879952, 570381479, 3878779790, 2082478689, 250621787, 1101222272, 3822010194, 2005963758, 1147761424, 665233677, 641390137, 11239216, 3703137178, 1430450732, 4097016642, 749758363, 2186771583, 1587790986, 3547331420, 3417621926, 371872338, 3775297792, 523961005, 1627545723, 3189798044, 2345624810, 1671396554, 4137014690, 309310452, 1249338793, 3867380778, 1441209571, 2246582241, 3337118778, 4186751013, 285455588, 2020181837, 1872338020, 3826176414, 3537606218, 1421551016, 3144745706, 3101972650, 1972684947, 3836015174, 1548855956, 1185793855, 2693159355, 3162279942, 2992267088, 340960804, 2079979454, 1634141740, 60274973, 1881630394, 1381206136, 695206719, 229543378, 497937326, 4021734843, 2825172688, 868027228, 3513947668, 3680711950, 412184126, 1652390219, 2478463291, 4127700011, 1747101367, 547404281, 4227219031, 4082601876, 170699300, 1169071851, 2636320863, 4019270402, 1780870110, 3530702084, 3860014451, 163889231, 2217011615, 1806994967, 629751327, 3509590853, 1753449895, 3529131382, 3297225441, 2468075763, 4189263242, 3645669201, 1082525184, 4276170882, 191435916, 3119162268, 1710439900, 3641215431, 3519022122, 4000841892, 361046734, 2958232828, 1720852904, 1298978823, 105896558, 2492163363, 2867823872, 3436673158, 1025347375, 1298551583, 971765157, 602092388, 2790286526, 1109903787, 1049660843, 617096593, 310496879, 74217482, 2837964098, 175660571, 2049038896, 407728832, 2076634534, 1514108415, 52680724, 4101629812, 2229663401, 3991315927, 430636739, 2028261363, 1464085478, 3620197393, 1153250785, 2089792603, 1740680046, 1649023015, 238238557, 32970429, 1874097130, 3928235464, 1175209985, 3456221128, 1420936671, 1887220135, 1182263393, 3782901166, 2524100178, 2319860931, 566327273, 3711118656, 124799008, 3280166373, 1204625268, 1888137470, 2988159316, 861832309, 176702614, 304314895, 1747809802, 1290423725, 489983878, 1556650677, 937978939, 1854535793, 4284284110, 3961638394, 2294099107, 3834281880, 4059568652, 1116857416, 2648271002, 3638558356, 4123383554, 3457513287, 3180808873, 902913560, 2723362608, 2373762120, 3814935276, 3717688322, 3041596171, 3016033285, 1774121060, 1288998006, 2663078699, 1891443864, 1871320617, 4144269722, 2175224601, 1981110204, 3288431800, 2735059303, 3642422801, 3196719408, 2862132009, 3499447709, 3065613180, 1900853449, 3950779782, 284052273, 1177944793, 1819255471, 545131227, 3835376544, 3635250216, 2923375730, 3514551241, 2021922619, 1040669218, 1829512353, 319877305, 1829236658, 1215596614, 773434476, 604390377, 3733810591, 1266783301, 531769692, 2074711071, 3977785427, 2940200158, 3202643797, 1445925659, 2308148742, 411849309, 2311877175, 989076383, 1111222967, 1955785984, 3296902033, 245219638, 3296684234, 3109904774, 1747458875, 3905937918, 1730623983, 1437466607, 1970153110, 1136288423, 3026335276, 1589223743, 2961732801, 529620002, 2270841122, 4110806350, 1317216531, 2376005863, 161300590, 2614890116, 2690714373, 627786407, 1218289767, 491688258, 3712882573, 3762525484, 425626411, 2573941701, 1447076780, 128677723, 811051102, 857234500, 703004414, 137826569, 1552796578, 1317716431, 3268922932, 983549199, 3664120321, 386287883, 4233441689, 3618778023, 2955087885, 549742851, 1763775779, 3565403970, 2676060293, 2122433218, 2102654342, 2241493622, 100449091, 2714062035, 464106359, 2306180788, 3207929415, 429057900, 2859142213, 1640707355, 437215265, 2275835921, 2584340075, 2810789571, 2461840128, 347316267, 2252448458, 3232454143, 2908772786, 4252180216, 2152058491, 1897873457, 3188213723, 1833911348, 2445573432, 710674157, 2542608553, 146671448, 3760730392, 2517195656, 3426024371, 1197550586, 1150848521, 2342915690, 4182487573, 793355364, 1049919289, 406834360, 936270725, 3103277436, 2228322393, 1666581870, 1090642321, 1087997519, 583911301, 665374166, 1438442781, 263385515, 1846271838, 3015463605, 3724194162, 2728439359, 3214060588, 4005308838, 1826191574, 3209041026, 189898947, 93021364, 3102629540, 3205750763, 723934782, 2901709523, 1835402990, 3748316976, 2900983294, 761569271, 1486813175, 3277629948, 64078207, 4254301653, 2918003559, 1279762747, 3085074172, 1533271341, 3520807652, 2193827752, 1464640422, 3532207875, 2230653055, 57045612, 3963535137, 4167744749, 85263547, 3826382744, 3792083383, 735429977, 1579261524, 327149962, 25165761, 2275069871, 4178671469, 1676837849, 954390391, 912496029, 908953792, 471249541, 3906859060, 922440376, 2827517599, 2847725779, 1458744252, 2902855904, 139724695, 2732787821, 676352084, 236025409, 2195663138, 2470303441, 1329254977, 1562375776, 3660648432, 2134905615, 1233579911, 4166582957, 1837266239, 1802459316, 432041588, 1430091594, 2552827304, 2367070031, 3864263220, 1114593843, 983213567, 3557561695, 825776114, 3094686028, 3534813672, 3390846369, 3804060218, 562569486, 278474226, 2502378010, 4060814027, 1655639676, 1350199855, 3652570430, 1743649199, 2208491378, 2342829315, 3952904630, 3967257047, 3268272723, 2446103450, 2134537963, 930312678, 619795355, 512414829, 2696687501, 646766268, 1669837935, 7535731, 833231389, 2466036438, 395016005, 733702685, 2937040817, 564652818, 1315002375, 2192722130, 3004109373, 2333593290, 2603852078, 999776001, 631304749, 441961245, 1051453497, 2251394755, 1727085160, 4203102950, 2797401364, 3534239553, 1734204790, 149164969, 779238908, 3209476710, 1323351908, 3167927988, 1926713047, 3445002485, 3457471800, 2320165759, 1749604344, 1075131170, 295955428, 273938944, 860457125, 3096613016, 3216029191, 3995901774, 1292798245, 777209779, 2339316674, 1336022550, 884685803, 4217534902, 1941529083, 614635910, 4062320832, 4181513077, 3693219588, 583569428, 778067467, 940401559, 1161471254, 497614256, 139170725, 209068866, 339222363, 1952268385, 1322421389, 1001401851, 2671534677, 2720924165, 4134261418, 3392621984, 480805560, 691160181, 2800881284, 1990009932, 172), None)
Loaded weights: 120.53293094756188, -3.3087757633758708, -0.7162900781796975, 0.0, 5.0
events: 
  ----
(3, (1127668366, 3062074948, 4290095565, 2908245547, 2134295855, 825407966, 1729111320, 2954437705, 2681216280, 3133222232, 1570566034, 2942019445, 3917304790, 1368936824, 3843328631, 4096511521, 2559314431, 2453583327, 495265659, 1176084325, 3877406230, 3837840829, 4071557064, 3082360126, 206596366, 677302824, 2747352410, 179946773, 2607332671, 1438622162, 143313847, 1924366919, 1796019321, 3325401845, 1893033023, 1286531111, 1471217197, 3198371546, 1384091176, 3463611809, 447348797, 3989423201, 1271933959, 3707420213, 324244174, 3520613673, 287530257, 2729203720, 2146970056, 1836476378, 1389724526, 2268942713, 1451698798, 3531020762, 2350049217, 2989268367, 3418939952, 1476637828, 636787952, 3478426086, 1941860724, 902693532, 2608297296, 1280387740, 1729591316, 338854560, 3330446450, 3623639342, 4294941928, 2956200949, 2471403775, 1696081460, 1856727286, 1715269693, 17614090, 3275792113, 442665461, 1683407459, 772703226, 313446278, 3099446954, 1366111415, 1449496518, 2743775297, 2775059102, 4113043785, 2140401156, 461923208, 1799549635, 871714659, 2372141705, 3342611701, 4141481674, 1150060914, 3917156311, 3202480364, 2228893021, 3259213382, 1820182693, 2902108925, 2405411318, 1897068149, 668583566, 3236151236, 620347438, 1448563938, 2119479755, 460064608, 4028936611, 2890054686, 4756091, 4200960848, 1470033968, 1099070577, 123545597, 1032302517, 4162031174, 1677089853, 1205594618, 4289862072, 3773315720, 2812432354, 3432109905, 155421306, 3936072878, 1291951462, 2891058976, 2169196938, 2376031192, 1384501086, 726879952, 570381479, 3878779790, 2082478689, 250621787, 1101222272, 3822010194, 2005963758, 1147761424, 665233677, 641390137, 11239216, 3703137178, 1430450732, 4097016642, 749758363, 2186771583, 1587790986, 3547331420, 3417621926, 371872338, 3775297792, 523961005, 1627545723, 3189798044, 2345624810, 1671396554, 4137014690, 309310452, 1249338793, 3867380778, 1441209571, 2246582241, 3337118778, 4186751013, 285455588, 2020181837, 1872338020, 3826176414, 3537606218, 1421551016, 3144745706, 3101972650, 1972684947, 3836015174, 1548855956, 1185793855, 2693159355, 3162279942, 2992267088, 340960804, 2079979454, 1634141740, 60274973, 1881630394, 1381206136, 695206719, 229543378, 497937326, 4021734843, 2825172688, 868027228, 3513947668, 3680711950, 412184126, 1652390219, 2478463291, 4127700011, 1747101367, 547404281, 4227219031, 4082601876, 170699300, 1169071851, 2636320863, 4019270402, 1780870110, 3530702084, 3860014451, 163889231, 2217011615, 1806994967, 629751327, 3509590853, 1753449895, 3529131382, 3297225441, 2468075763, 4189263242, 3645669201, 1082525184, 4276170882, 191435916, 3119162268, 1710439900, 3641215431, 3519022122, 4000841892, 361046734, 2958232828, 1720852904, 1298978823, 105896558, 2492163363, 2867823872, 3436673158, 1025347375, 1298551583, 971765157, 602092388, 2790286526, 1109903787, 1049660843, 617096593, 310496879, 74217482, 2837964098, 175660571, 2049038896, 407728832, 2076634534, 1514108415, 52680724, 4101629812, 2229663401, 3991315927, 430636739, 2028261363, 1464085478, 3620197393, 1153250785, 2089792603, 1740680046, 1649023015, 238238557, 32970429, 1874097130, 3928235464, 1175209985, 3456221128, 1420936671, 1887220135, 1182263393, 3782901166, 2524100178, 2319860931, 566327273, 3711118656, 124799008, 3280166373, 1204625268, 1888137470, 2988159316, 861832309, 176702614, 304314895, 1747809802, 1290423725, 489983878, 1556650677, 937978939, 1854535793, 4284284110, 3961638394, 2294099107, 3834281880, 4059568652, 1116857416, 2648271002, 3638558356, 4123383554, 3457513287, 3180808873, 902913560, 2723362608, 2373762120, 3814935276, 3717688322, 3041596171, 3016033285, 1774121060, 1288998006, 2663078699, 1891443864, 1871320617, 4144269722, 2175224601, 1981110204, 3288431800, 2735059303, 3642422801, 3196719408, 2862132009, 3499447709, 3065613180, 1900853449, 3950779782, 284052273, 1177944793, 1819255471, 545131227, 3835376544, 3635250216, 2923375730, 3514551241, 2021922619, 1040669218, 1829512353, 319877305, 1829236658, 1215596614, 773434476, 604390377, 3733810591, 1266783301, 531769692, 2074711071, 3977785427, 2940200158, 3202643797, 1445925659, 2308148742, 411849309, 2311877175, 989076383, 1111222967, 1955785984, 3296902033, 245219638, 3296684234, 3109904774, 1747458875, 3905937918, 1730623983, 1437466607, 1970153110, 1136288423, 3026335276, 1589223743, 2961732801, 529620002, 2270841122, 4110806350, 1317216531, 2376005863, 161300590, 2614890116, 2690714373, 627786407, 1218289767, 491688258, 3712882573, 3762525484, 425626411, 2573941701, 1447076780, 128677723, 811051102, 857234500, 703004414, 137826569, 1552796578, 1317716431, 3268922932, 983549199, 3664120321, 386287883, 4233441689, 3618778023, 2955087885, 549742851, 1763775779, 3565403970, 2676060293, 2122433218, 2102654342, 2241493622, 100449091, 2714062035, 464106359, 2306180788, 3207929415, 429057900, 2859142213, 1640707355, 437215265, 2275835921, 2584340075, 2810789571, 2461840128, 347316267, 2252448458, 3232454143, 2908772786, 4252180216, 2152058491, 1897873457, 3188213723, 1833911348, 2445573432, 710674157, 2542608553, 146671448, 3760730392, 2517195656, 3426024371, 1197550586, 1150848521, 2342915690, 4182487573, 793355364, 1049919289, 406834360, 936270725, 3103277436, 2228322393, 1666581870, 1090642321, 1087997519, 583911301, 665374166, 1438442781, 263385515, 1846271838, 3015463605, 3724194162, 2728439359, 3214060588, 4005308838, 1826191574, 3209041026, 189898947, 93021364, 3102629540, 3205750763, 723934782, 2901709523, 1835402990, 3748316976, 2900983294, 761569271, 1486813175, 3277629948, 64078207, 4254301653, 2918003559, 1279762747, 3085074172, 1533271341, 3520807652, 2193827752, 1464640422, 3532207875, 2230653055, 57045612, 3963535137, 4167744749, 85263547, 3826382744, 3792083383, 735429977, 1579261524, 327149962, 25165761, 2275069871, 4178671469, 1676837849, 954390391, 912496029, 908953792, 471249541, 3906859060, 922440376, 2827517599, 2847725779, 1458744252, 2902855904, 139724695, 2732787821, 676352084, 236025409, 2195663138, 2470303441, 1329254977, 1562375776, 3660648432, 2134905615, 1233579911, 4166582957, 1837266239, 1802459316, 432041588, 1430091594, 2552827304, 2367070031, 3864263220, 1114593843, 983213567, 3557561695, 825776114, 3094686028, 3534813672, 3390846369, 3804060218, 562569486, 278474226, 2502378010, 4060814027, 1655639676, 1350199855, 3652570430, 1743649199, 2208491378, 2342829315, 3952904630, 3967257047, 3268272723, 2446103450, 2134537963, 930312678, 619795355, 512414829, 2696687501, 646766268, 1669837935, 7535731, 833231389, 2466036438, 395016005, 733702685, 2937040817, 564652818, 1315002375, 2192722130, 3004109373, 2333593290, 2603852078, 999776001, 631304749, 441961245, 1051453497, 2251394755, 1727085160, 4203102950, 2797401364, 3534239553, 1734204790, 149164969, 779238908, 3209476710, 1323351908, 3167927988, 1926713047, 3445002485, 3457471800, 2320165759, 1749604344, 1075131170, 295955428, 273938944, 860457125, 3096613016, 3216029191, 3995901774, 1292798245, 777209779, 2339316674, 1336022550, 884685803, 4217534902, 1941529083, 614635910, 4062320832, 4181513077, 3693219588, 583569428, 778067467, 940401559, 1161471254, 497614256, 139170725, 209068866, 339222363, 1952268385, 1322421389, 1001401851, 2671534677, 2720924165, 4134261418, 3392621984, 480805560, 691160181, 2800881284, 1990009932, 360), None)
Loaded weights: 120.09554550254005, -6.798560389958244, -0.7162900781796975, 0.0, -5.0
events: 
  ----
(3, (2353945783, 503354781, 2329736879, 3653078962, 4057813711, 1160104074, 339335586, 3593664065, 636130258, 3006172937, 3595504732, 715631284, 844016837, 2658473729, 4284227736, 2540440207, 2690959277, 80260998, 3830885415, 2428917583, 1700820862, 2382124414, 3355363867, 1964411696, 2170322283, 2554835888, 1182368420, 1282421258, 2846703890, 2142516424, 4182146162, 3048005876, 806127484, 3146759021, 2466961212, 1368427590, 3835309693, 2956158138, 201599059, 2072249267, 2863646509, 205835771, 1373901985, 1693981267, 3567205901, 2815978742, 2602964661, 2958962529, 1134785160, 1799151035, 1912070144, 1045048901, 1615482158, 241066842, 3997993157, 4161986992, 148636450, 655094650, 363222461, 29169588, 2134162115, 1099689564, 1837330821, 1325281366, 3752486350, 1262662390, 1796240341, 3072686182, 2900200666, 420192281, 1481526712, 1449880381, 2667278534, 1869119121, 1193500849, 3775464730, 3130477801, 3520257612, 1172293426, 3428604430, 706563490, 244409204, 455456400, 42511502, 4191217933, 967166414, 1602004684, 1971464291, 2785004562, 885247807, 2295308722, 3004769105, 77197255, 248561983, 3531588346, 2890361095, 146607942, 3485993526, 2862165488, 346446541, 388514931, 628834924, 1227697388, 3778824527, 138326843, 1029290311, 1948788350, 1782039098, 3217387940, 914989062, 4111198874, 155431939, 2125124377, 3718456330, 4132651611, 1664564539, 2902215213, 3020123343, 1817272361, 955074685, 2217310475, 3317616053, 3547633028, 2752414523, 3116215707, 731021984, 1047811745, 3165610673, 2391039925, 2028393464, 321132594, 2373055475, 45457772, 3920846697, 768679175, 1910990326, 801680555, 429141969, 1824093485, 1843596773, 2017168613, 399882780, 1360659010, 5561337, 3629938799, 1538784481, 134305919, 1986433524, 3950331098, 1837402265, 1801966318, 2580629272, 1993360589, 2163835065, 686626932, 3346487736, 3518574232, 3831602427, 1243104391, 2794880455, 2832278538, 1192374656, 1814688770, 818660653, 1719272188, 1144405947, 1538215733, 140006385, 3397471942, 578251509, 881468835, 3221140807, 3646659500, 1813339352, 1812217747, 93435901, 1453797987, 1633594829, 3833035558, 1556759648, 1118995563, 1063731137, 469471343, 141228643, 1964257159, 1866168496, 1928125048, 3813324009, 2947690825, 2791381001, 3745879801, 1775688779, 2924244336, 1051744984, 1902200300, 1402142018, 1938780941, 3652060125, 2680611572, 163995341, 3263824519, 3486544847, 2919519676, 2581491701, 627318279, 2430558983, 1977642772, 67622634, 1499743622, 3862217295, 3383280932, 3935060719, 1919999396, 1172650194, 3845996107, 1323195225, 4255415706, 3679739198, 3903141525, 1399626916, 1180557198, 3641788863, 4081713939, 1811918502, 3628826360, 191861148, 3928351621, 3639261255, 2171563723, 790689211, 2046487824, 3422422287, 1625063669, 2796573051, 3857218672, 3600148858, 762607299, 4094308889, 1518435966, 523812712, 4081141952, 93120746, 998171294, 4202648211, 3347868079, 2421719619, 3070147062, 3574908290, 4156420824, 3031991645, 1021909210, 4108844831, 3445658502, 90409954, 332651164, 338809028, 1699325218, 3235081842, 2649552301, 3745284300, 3054953348, 52682189, 1629803460, 1324371244, 198462529, 2249970275, 2855376752, 2190277764, 317966859, 2869421817, 2807135298, 3893544977, 3507026594, 2528245030, 345490417, 3908660075, 1730884426, 2706822773, 1245858860, 1077700197, 3506516562, 3140760046, 582828740, 2306554743, 2675256, 1739019771, 2369933883, 2349448537, 1166892017, 2781557613, 1368227756, 4157014518, 3580438647, 3947648035, 1732885431, 2069691438, 2290106394, 3278814055, 677758050, 3070954433, 2778349731, 4176292100, 1693216833, 3967974895, 3143050917, 2210271194, 3466914975, 3947391348, 3246209727, 539690238, 3401752346, 1247244532, 1784382710, 3427985820, 789182189, 3952254790, 436356894, 2050793765, 284367074, 2969805410, 4048728660, 2396253711, 2982550953, 2503246933, 925758702, 151059485, 4229348482, 309350362, 1791931172, 926861645, 1877259704, 4074051001, 1461464397, 3688289134, 635432555, 186639549, 1685758808, 2329684300, 1402108235, 1064768178, 2595015564, 3136178602, 3619624666, 224489963, 2493075505, 3842081704, 3338790318, 1032855683, 2820704541, 3187750772, 2970197920, 3602960660, 4242882113, 2660949485, 1057744867, 4173584275, 49773580, 3908642451, 3359039132, 1731803346, 330874717, 1700879895, 4256856923, 2856704402, 2446801693, 4147119253, 4142849971, 1592006242, 1834771592, 1629132357, 1766530548, 2864192653, 640595220, 2457535159, 877094871, 302877462, 1493030866, 1628651817, 150416149, 821505451, 3579827966, 713501221, 3276461328, 679051366, 4147111550, 3731943499, 2597562602, 1033621343, 3035935090, 2271381899, 461256065, 56714446, 1017828839, 3627948156, 2301111284, 2024797165, 134764361, 4058474028, 2122958962, 3387641350, 221847244, 2956935062, 2598344928, 1974636937, 637189924, 2671135403, 45300480, 666660780, 4160030120, 2596518226, 1693712124, 213470002, 2114782871, 1485458024, 4234924604, 3683210996, 3487749264, 2808605262, 3884444850, 1230252736, 172792249, 227264162, 1792917566, 3591986547, 1675685545, 2333011318, 1771136814, 1730484842, 1351965130, 3581110652, 189554431, 2818495497, 1146577857, 293117734, 3544583357, 511406950, 3467807732, 84771954, 1313520463, 64023249, 3360685023, 1258028384, 3414488506, 270104088, 495336956, 2346624564, 1097984122, 3264080553, 1653785634, 75586767, 3015746136, 3837824871, 3537698702, 314100968, 2825006935, 1910783638, 679169049, 2072207704, 1728341808, 1802893525, 1432027279, 3624493544, 111819847, 1089448025, 3522588807, 3371604944, 630463753, 742914209, 3632357130, 3452956445, 4038323666, 683182006, 784243682, 4147725305, 452314975, 3221539521, 1688917472, 559963017, 2716644481, 882649990, 1583322891, 566832762, 3379879305, 4046943152, 315636729, 3631086005, 1762196122, 2408203631, 1819496154, 102296531, 2035115200, 635466746, 1097253847, 2420946648, 1205833579, 1324884041, 2314213750, 695433315, 1175878172, 4260303099, 3063464475, 3069733033, 625482963, 511735636, 2058773560, 282818511, 3179177861, 1682601807, 2017738213, 565025575, 3114245670, 3242831706, 1122084901, 389108808, 1281418863, 527306194, 2786711966, 958068086, 2238821347, 1295165803, 3881279192, 2972662540, 2199679846, 1621057172, 1683080027, 340367917, 3346804222, 2586762162, 1228810978, 3584375648, 496806193, 812988445, 4105535406, 1366466989, 3059494395, 1050148265, 1670280463, 437415530, 917842589, 215674826, 2258415567, 1542414156, 1175477920, 56259877, 4109926729, 1315092328, 936585746, 3657739673, 3620195955, 2120823980, 3575573525, 2792045977, 3204225156, 1480506814, 3469617732, 4174175238, 4181924237, 1046379384, 3597774951, 3426284380, 1798580240, 3012813009, 109731227, 3443843947, 1255125518, 2989132659, 2723022626, 247086717, 745885925, 775882468, 3577742519, 866798761, 1174297964, 2580262173, 1693892233, 1376461295, 2565348091, 852827517, 2315616834, 614870285, 239459707, 2054565436, 4244728571, 1458581832, 1765158348, 75239396, 115170197, 3987186153, 3029309342, 1069793744, 211867973, 4212635869, 3396747220, 720602214, 2749953226, 3174403910, 1353749719, 3347379531, 3895883902, 2341988959, 344579663, 3718598041, 2625488667, 1161211036, 1820040451, 3679864722, 3197525335, 2274607061, 3211990061, 492986807, 3627249953, 754590803, 2350911252, 3841863382, 2056442927, 3121961393, 2294001783, 38147653, 1095770706, 3690350102, 303287444, 905911010, 3753913095, 3609709005, 377), None)
Loaded weights: 117.00927221420687, -16.82054468500365, -0.7162900781796975, 0.0, -2.6569613756853157
