Starting iterations: 50
(3, (231753386, 2072235017, 4284337237, 663739706, 54071595, 2837558320, 1176517845, 3025410554, 1682769710, 2441069712, 2201969960, 3136134970, 286120218, 1629219820, 1348555226, 2780945651, 796601570, 890561856, 2040877603, 2736793510, 170814204, 790017954, 2878598105, 1141576694, 4133677066, 613084854, 3802828718, 1672696182, 893211806, 2120332606, 4084556208, 2953704178, 1010500353, 2407206171, 1231058499, 122947983, 606473058, 1960311313, 2366369274, 146833332, 3245108501, 4184735745, 1256290504, 1557973307, 236386575, 986516622, 4044956495, 2252251228, 3139430216, 4143607957, 3368928941, 2140585461, 4208405763, 2563026415, 3087076710, 3523327748, 3207510692, 3705428178, 1591018968, 706756276, 3962763137, 3210954474, 1180466805, 2956622468, 891893452, 4202943000, 1299547178, 2103322923, 2562397927, 1500180384, 221074970, 380463193, 2470367190, 1788867648, 2898795212, 559907837, 252037803, 2796948114, 2477395574, 1109168784, 2281461700, 4264292867, 1619069678, 2663660382, 520738355, 2038014282, 3946259077, 3539208919, 2070938543, 818089470, 3372488578, 1919060627, 3715896237, 687790878, 2411558452, 2675167002, 3731199712, 4211771939, 2508661844, 1635662501, 4037557869, 3348906268, 1850875506, 4195413752, 1139430259, 980746648, 2779407563, 1025465709, 2337833190, 4177083706, 3903544252, 1635183760, 607758557, 3318619769, 4274468669, 1300286948, 1631819019, 3181050822, 1277325856, 393269403, 3577965647, 2898800196, 2057627132, 4091465230, 666245731, 829918779, 2519535347, 3378249481, 776656316, 4226874757, 1599232487, 1522700866, 1710508944, 2405813351, 853731666, 2767798740, 2310347998, 2298052361, 1426435338, 4187901531, 3184189155, 1300546081, 876646673, 3929377209, 1829452867, 3070136468, 2183142132, 1675678096, 10905960, 3398093205, 724217016, 742379593, 486068189, 3921506718, 1012575739, 726055993, 4147467299, 4218422781, 2966871909, 3658608489, 135147557, 1818128559, 1266505740, 3192010373, 1267831681, 2330718952, 732759975, 615849881, 3999757118, 1660988502, 1020370891, 1233269042, 949041329, 3163187212, 3084751217, 843900105, 243137390, 202028007, 887667824, 3015152202, 954005413, 1419830948, 1245005210, 1384921530, 3482628341, 1957176384, 2410932247, 3010154423, 1753576632, 2079694942, 3344263825, 4159109145, 227304914, 1251626469, 2752827902, 2062472285, 4078504192, 816164374, 676601833, 2935395018, 1377539706, 1345063424, 322563241, 3522999749, 76425325, 3217857643, 2813822281, 206845123, 3790227904, 3210983179, 396256541, 764839174, 3261600524, 3955794646, 1895954530, 2138969008, 4226940790, 4144058561, 3104900963, 564543961, 1748261922, 1514400810, 2135175875, 3381063926, 653314773, 4093476238, 1160268905, 3128869557, 1047494037, 445485814, 3981383638, 22412554, 3733296523, 3661889013, 423988788, 2449312804, 3065282176, 3964221930, 3547157364, 2577294284, 4193608457, 519614906, 232623444, 3151717665, 2043193134, 1301879839, 1233519416, 818850347, 3760898850, 1406726046, 3599228664, 3495484953, 3503250368, 1118724207, 2589569808, 2805633329, 1000597004, 43692017, 2379148080, 572945334, 2141809496, 2061946602, 1111626734, 3797890769, 2947965952, 841497217, 1568032538, 813725947, 2808245681, 1761417481, 2920249574, 4046954125, 2438207472, 1460854703, 1896459776, 1335041373, 656928592, 1572891442, 2238954406, 4089409608, 965552410, 2607960342, 439202155, 4114957322, 1347410068, 1268189497, 2465518213, 2860396566, 1174655215, 1838541119, 1393263506, 4064383177, 3488907928, 981034561, 126222350, 4228505215, 4158640221, 120237347, 345481052, 3455054452, 3007144474, 2368838543, 848245563, 3256740016, 2989124543, 2825624126, 3819223924, 432247493, 4286246279, 1072720642, 4193408398, 3426797411, 304964809, 379175738, 1494741139, 4266954640, 220354485, 3079497883, 1275199105, 3801718153, 67556157, 2356307476, 1239008729, 1475551002, 149239583, 939898611, 2178733864, 4039854556, 2802703896, 939027443, 476252792, 2793483167, 1184750595, 15712028, 664719156, 2670069455, 2006344026, 1912858346, 1611499164, 1351185570, 3356959155, 2147175770, 1438503001, 3048721980, 131386943, 2463223244, 825701468, 633435000, 505358123, 2949513296, 3039186576, 1733088321, 1363555623, 3885688087, 2247515861, 1977121378, 1975681876, 2784193338, 660494286, 2089399632, 4148412898, 4274533012, 141411689, 541017167, 2894872791, 3836117911, 3538526189, 657039055, 3757507883, 1984647700, 120609955, 99731006, 2582959868, 4102873016, 2259920148, 2949900209, 1683197358, 156292869, 2269434073, 3674698157, 1824310412, 963057738, 3801221784, 2223223805, 3694086559, 1351339185, 3117150283, 3693430835, 3013185230, 1645871155, 1280926345, 2258453819, 2235017789, 2828335481, 320133137, 1663723458, 2541293715, 1327214019, 2707034651, 3371437466, 1318878272, 3060864228, 1931045815, 60690292, 1901164146, 3455317069, 4195766157, 3925476609, 719399186, 2052320186, 2775516144, 2194211783, 111162328, 1633193305, 1512304411, 684323302, 380104902, 948579088, 3713421436, 369211174, 1256131811, 2488549456, 1765431125, 3364055555, 3080096674, 1419833952, 990975093, 1448490235, 2366051950, 1358996590, 837096570, 391617620, 288720517, 4137751938, 446250874, 1266115748, 1824708831, 4017408694, 412461622, 882711032, 807345233, 2922186636, 3458980959, 1073262691, 1651364963, 4085110609, 2812918880, 1986197752, 3096312192, 4009213066, 3128124803, 2894697497, 498965119, 1950515645, 788136445, 3247050089, 832119324, 1248517248, 2534812188, 1716048681, 3409211650, 2742240376, 636854251, 1752068234, 2197960555, 1624280420, 2034956185, 1953062529, 3657226021, 3155741894, 1872859538, 3715224495, 224794548, 244906366, 4236083828, 4135483778, 359039834, 123962539, 3699930952, 3183952275, 339425065, 2597082463, 1278523325, 1534842263, 3817246112, 200528370, 1489047377, 2253916600, 1266724799, 3495905125, 3997506805, 883345530, 1005967561, 1388626708, 2657960776, 913687827, 2779751041, 332618236, 1169189971, 30061925, 2730124461, 1164580694, 458684532, 1924072151, 1328123757, 2954295845, 2465618317, 494059279, 109595564, 1931375007, 3901128619, 1562455486, 3942331250, 3949989014, 1907894042, 858397755, 4052999613, 1658873541, 256848754, 238805015, 3445020309, 61297298, 1948491422, 1086404277, 1146450527, 4199770879, 1451196641, 1975971275, 609105804, 2013008966, 448726927, 764243718, 2164682763, 11493641, 1286109150, 396393651, 2273016598, 249550299, 2138530169, 1325715131, 1857019884, 3519809358, 1811307718, 3505821839, 1928807886, 1477526015, 2580046460, 3851094474, 2267312694, 3042340607, 1924371160, 2893965409, 3321901668, 1724251534, 341710391, 3754967047, 4070202327, 2690020037, 3818868592, 3960791764, 1222341935, 1843136663, 3470066205, 2093983416, 1892488365, 3525040107, 3649467670, 2936630024, 707493571, 2118004894, 2189179946, 2030482814, 1977558253, 3801808222, 1029065514, 3472578104, 3921697337, 70616528, 3889117039, 1565145566, 2485574413, 3575496027, 1862523989, 3719233492, 2157187126, 796571196, 4143427094, 1161884535, 143115078, 2637827841, 4136242957, 197476059, 709103458, 1132482879, 2772442068, 3427578317, 3132968979, 1794776985, 1877728581, 3150718394, 1383847892, 3404280907, 785417727, 2062564022, 3622619690, 1809044674, 1258294084, 1007315401, 3123028046, 3667444418, 1682539204, 2267821293, 1788543600, 3557421421, 2645512113, 2068195700, 4105234478, 1169103450, 1499208255, 3705162590, 1597210863, 2855582723, 2529632236, 2442212294, 1), None)
events: me killed itself, 
  ----
(3, (231753386, 2072235017, 4284337237, 663739706, 54071595, 2837558320, 1176517845, 3025410554, 1682769710, 2441069712, 2201969960, 3136134970, 286120218, 1629219820, 1348555226, 2780945651, 796601570, 890561856, 2040877603, 2736793510, 170814204, 790017954, 2878598105, 1141576694, 4133677066, 613084854, 3802828718, 1672696182, 893211806, 2120332606, 4084556208, 2953704178, 1010500353, 2407206171, 1231058499, 122947983, 606473058, 1960311313, 2366369274, 146833332, 3245108501, 4184735745, 1256290504, 1557973307, 236386575, 986516622, 4044956495, 2252251228, 3139430216, 4143607957, 3368928941, 2140585461, 4208405763, 2563026415, 3087076710, 3523327748, 3207510692, 3705428178, 1591018968, 706756276, 3962763137, 3210954474, 1180466805, 2956622468, 891893452, 4202943000, 1299547178, 2103322923, 2562397927, 1500180384, 221074970, 380463193, 2470367190, 1788867648, 2898795212, 559907837, 252037803, 2796948114, 2477395574, 1109168784, 2281461700, 4264292867, 1619069678, 2663660382, 520738355, 2038014282, 3946259077, 3539208919, 2070938543, 818089470, 3372488578, 1919060627, 3715896237, 687790878, 2411558452, 2675167002, 3731199712, 4211771939, 2508661844, 1635662501, 4037557869, 3348906268, 1850875506, 4195413752, 1139430259, 980746648, 2779407563, 1025465709, 2337833190, 4177083706, 3903544252, 1635183760, 607758557, 3318619769, 4274468669, 1300286948, 1631819019, 3181050822, 1277325856, 393269403, 3577965647, 2898800196, 2057627132, 4091465230, 666245731, 829918779, 2519535347, 3378249481, 776656316, 4226874757, 1599232487, 1522700866, 1710508944, 2405813351, 853731666, 2767798740, 2310347998, 2298052361, 1426435338, 4187901531, 3184189155, 1300546081, 876646673, 3929377209, 1829452867, 3070136468, 2183142132, 1675678096, 10905960, 3398093205, 724217016, 742379593, 486068189, 3921506718, 1012575739, 726055993, 4147467299, 4218422781, 2966871909, 3658608489, 135147557, 1818128559, 1266505740, 3192010373, 1267831681, 2330718952, 732759975, 615849881, 3999757118, 1660988502, 1020370891, 1233269042, 949041329, 3163187212, 3084751217, 843900105, 243137390, 202028007, 887667824, 3015152202, 954005413, 1419830948, 1245005210, 1384921530, 3482628341, 1957176384, 2410932247, 3010154423, 1753576632, 2079694942, 3344263825, 4159109145, 227304914, 1251626469, 2752827902, 2062472285, 4078504192, 816164374, 676601833, 2935395018, 1377539706, 1345063424, 322563241, 3522999749, 76425325, 3217857643, 2813822281, 206845123, 3790227904, 3210983179, 396256541, 764839174, 3261600524, 3955794646, 1895954530, 2138969008, 4226940790, 4144058561, 3104900963, 564543961, 1748261922, 1514400810, 2135175875, 3381063926, 653314773, 4093476238, 1160268905, 3128869557, 1047494037, 445485814, 3981383638, 22412554, 3733296523, 3661889013, 423988788, 2449312804, 3065282176, 3964221930, 3547157364, 2577294284, 4193608457, 519614906, 232623444, 3151717665, 2043193134, 1301879839, 1233519416, 818850347, 3760898850, 1406726046, 3599228664, 3495484953, 3503250368, 1118724207, 2589569808, 2805633329, 1000597004, 43692017, 2379148080, 572945334, 2141809496, 2061946602, 1111626734, 3797890769, 2947965952, 841497217, 1568032538, 813725947, 2808245681, 1761417481, 2920249574, 4046954125, 2438207472, 1460854703, 1896459776, 1335041373, 656928592, 1572891442, 2238954406, 4089409608, 965552410, 2607960342, 439202155, 4114957322, 1347410068, 1268189497, 2465518213, 2860396566, 1174655215, 1838541119, 1393263506, 4064383177, 3488907928, 981034561, 126222350, 4228505215, 4158640221, 120237347, 345481052, 3455054452, 3007144474, 2368838543, 848245563, 3256740016, 2989124543, 2825624126, 3819223924, 432247493, 4286246279, 1072720642, 4193408398, 3426797411, 304964809, 379175738, 1494741139, 4266954640, 220354485, 3079497883, 1275199105, 3801718153, 67556157, 2356307476, 1239008729, 1475551002, 149239583, 939898611, 2178733864, 4039854556, 2802703896, 939027443, 476252792, 2793483167, 1184750595, 15712028, 664719156, 2670069455, 2006344026, 1912858346, 1611499164, 1351185570, 3356959155, 2147175770, 1438503001, 3048721980, 131386943, 2463223244, 825701468, 633435000, 505358123, 2949513296, 3039186576, 1733088321, 1363555623, 3885688087, 2247515861, 1977121378, 1975681876, 2784193338, 660494286, 2089399632, 4148412898, 4274533012, 141411689, 541017167, 2894872791, 3836117911, 3538526189, 657039055, 3757507883, 1984647700, 120609955, 99731006, 2582959868, 4102873016, 2259920148, 2949900209, 1683197358, 156292869, 2269434073, 3674698157, 1824310412, 963057738, 3801221784, 2223223805, 3694086559, 1351339185, 3117150283, 3693430835, 3013185230, 1645871155, 1280926345, 2258453819, 2235017789, 2828335481, 320133137, 1663723458, 2541293715, 1327214019, 2707034651, 3371437466, 1318878272, 3060864228, 1931045815, 60690292, 1901164146, 3455317069, 4195766157, 3925476609, 719399186, 2052320186, 2775516144, 2194211783, 111162328, 1633193305, 1512304411, 684323302, 380104902, 948579088, 3713421436, 369211174, 1256131811, 2488549456, 1765431125, 3364055555, 3080096674, 1419833952, 990975093, 1448490235, 2366051950, 1358996590, 837096570, 391617620, 288720517, 4137751938, 446250874, 1266115748, 1824708831, 4017408694, 412461622, 882711032, 807345233, 2922186636, 3458980959, 1073262691, 1651364963, 4085110609, 2812918880, 1986197752, 3096312192, 4009213066, 3128124803, 2894697497, 498965119, 1950515645, 788136445, 3247050089, 832119324, 1248517248, 2534812188, 1716048681, 3409211650, 2742240376, 636854251, 1752068234, 2197960555, 1624280420, 2034956185, 1953062529, 3657226021, 3155741894, 1872859538, 3715224495, 224794548, 244906366, 4236083828, 4135483778, 359039834, 123962539, 3699930952, 3183952275, 339425065, 2597082463, 1278523325, 1534842263, 3817246112, 200528370, 1489047377, 2253916600, 1266724799, 3495905125, 3997506805, 883345530, 1005967561, 1388626708, 2657960776, 913687827, 2779751041, 332618236, 1169189971, 30061925, 2730124461, 1164580694, 458684532, 1924072151, 1328123757, 2954295845, 2465618317, 494059279, 109595564, 1931375007, 3901128619, 1562455486, 3942331250, 3949989014, 1907894042, 858397755, 4052999613, 1658873541, 256848754, 238805015, 3445020309, 61297298, 1948491422, 1086404277, 1146450527, 4199770879, 1451196641, 1975971275, 609105804, 2013008966, 448726927, 764243718, 2164682763, 11493641, 1286109150, 396393651, 2273016598, 249550299, 2138530169, 1325715131, 1857019884, 3519809358, 1811307718, 3505821839, 1928807886, 1477526015, 2580046460, 3851094474, 2267312694, 3042340607, 1924371160, 2893965409, 3321901668, 1724251534, 341710391, 3754967047, 4070202327, 2690020037, 3818868592, 3960791764, 1222341935, 1843136663, 3470066205, 2093983416, 1892488365, 3525040107, 3649467670, 2936630024, 707493571, 2118004894, 2189179946, 2030482814, 1977558253, 3801808222, 1029065514, 3472578104, 3921697337, 70616528, 3889117039, 1565145566, 2485574413, 3575496027, 1862523989, 3719233492, 2157187126, 796571196, 4143427094, 1161884535, 143115078, 2637827841, 4136242957, 197476059, 709103458, 1132482879, 2772442068, 3427578317, 3132968979, 1794776985, 1877728581, 3150718394, 1383847892, 3404280907, 785417727, 2062564022, 3622619690, 1809044674, 1258294084, 1007315401, 3123028046, 3667444418, 1682539204, 2267821293, 1788543600, 3557421421, 2645512113, 2068195700, 4105234478, 1169103450, 1499208255, 3705162590, 1597210863, 2855582723, 2529632236, 2442212294, 75), None)
Loaded weights: -0.04040398385513526, 0.0, 0.9258212708191975, 0.0, 0.0
events: me killed itself, 
  ----
(3, (231753386, 2072235017, 4284337237, 663739706, 54071595, 2837558320, 1176517845, 3025410554, 1682769710, 2441069712, 2201969960, 3136134970, 286120218, 1629219820, 1348555226, 2780945651, 796601570, 890561856, 2040877603, 2736793510, 170814204, 790017954, 2878598105, 1141576694, 4133677066, 613084854, 3802828718, 1672696182, 893211806, 2120332606, 4084556208, 2953704178, 1010500353, 2407206171, 1231058499, 122947983, 606473058, 1960311313, 2366369274, 146833332, 3245108501, 4184735745, 1256290504, 1557973307, 236386575, 986516622, 4044956495, 2252251228, 3139430216, 4143607957, 3368928941, 2140585461, 4208405763, 2563026415, 3087076710, 3523327748, 3207510692, 3705428178, 1591018968, 706756276, 3962763137, 3210954474, 1180466805, 2956622468, 891893452, 4202943000, 1299547178, 2103322923, 2562397927, 1500180384, 221074970, 380463193, 2470367190, 1788867648, 2898795212, 559907837, 252037803, 2796948114, 2477395574, 1109168784, 2281461700, 4264292867, 1619069678, 2663660382, 520738355, 2038014282, 3946259077, 3539208919, 2070938543, 818089470, 3372488578, 1919060627, 3715896237, 687790878, 2411558452, 2675167002, 3731199712, 4211771939, 2508661844, 1635662501, 4037557869, 3348906268, 1850875506, 4195413752, 1139430259, 980746648, 2779407563, 1025465709, 2337833190, 4177083706, 3903544252, 1635183760, 607758557, 3318619769, 4274468669, 1300286948, 1631819019, 3181050822, 1277325856, 393269403, 3577965647, 2898800196, 2057627132, 4091465230, 666245731, 829918779, 2519535347, 3378249481, 776656316, 4226874757, 1599232487, 1522700866, 1710508944, 2405813351, 853731666, 2767798740, 2310347998, 2298052361, 1426435338, 4187901531, 3184189155, 1300546081, 876646673, 3929377209, 1829452867, 3070136468, 2183142132, 1675678096, 10905960, 3398093205, 724217016, 742379593, 486068189, 3921506718, 1012575739, 726055993, 4147467299, 4218422781, 2966871909, 3658608489, 135147557, 1818128559, 1266505740, 3192010373, 1267831681, 2330718952, 732759975, 615849881, 3999757118, 1660988502, 1020370891, 1233269042, 949041329, 3163187212, 3084751217, 843900105, 243137390, 202028007, 887667824, 3015152202, 954005413, 1419830948, 1245005210, 1384921530, 3482628341, 1957176384, 2410932247, 3010154423, 1753576632, 2079694942, 3344263825, 4159109145, 227304914, 1251626469, 2752827902, 2062472285, 4078504192, 816164374, 676601833, 2935395018, 1377539706, 1345063424, 322563241, 3522999749, 76425325, 3217857643, 2813822281, 206845123, 3790227904, 3210983179, 396256541, 764839174, 3261600524, 3955794646, 1895954530, 2138969008, 4226940790, 4144058561, 3104900963, 564543961, 1748261922, 1514400810, 2135175875, 3381063926, 653314773, 4093476238, 1160268905, 3128869557, 1047494037, 445485814, 3981383638, 22412554, 3733296523, 3661889013, 423988788, 2449312804, 3065282176, 3964221930, 3547157364, 2577294284, 4193608457, 519614906, 232623444, 3151717665, 2043193134, 1301879839, 1233519416, 818850347, 3760898850, 1406726046, 3599228664, 3495484953, 3503250368, 1118724207, 2589569808, 2805633329, 1000597004, 43692017, 2379148080, 572945334, 2141809496, 2061946602, 1111626734, 3797890769, 2947965952, 841497217, 1568032538, 813725947, 2808245681, 1761417481, 2920249574, 4046954125, 2438207472, 1460854703, 1896459776, 1335041373, 656928592, 1572891442, 2238954406, 4089409608, 965552410, 2607960342, 439202155, 4114957322, 1347410068, 1268189497, 2465518213, 2860396566, 1174655215, 1838541119, 1393263506, 4064383177, 3488907928, 981034561, 126222350, 4228505215, 4158640221, 120237347, 345481052, 3455054452, 3007144474, 2368838543, 848245563, 3256740016, 2989124543, 2825624126, 3819223924, 432247493, 4286246279, 1072720642, 4193408398, 3426797411, 304964809, 379175738, 1494741139, 4266954640, 220354485, 3079497883, 1275199105, 3801718153, 67556157, 2356307476, 1239008729, 1475551002, 149239583, 939898611, 2178733864, 4039854556, 2802703896, 939027443, 476252792, 2793483167, 1184750595, 15712028, 664719156, 2670069455, 2006344026, 1912858346, 1611499164, 1351185570, 3356959155, 2147175770, 1438503001, 3048721980, 131386943, 2463223244, 825701468, 633435000, 505358123, 2949513296, 3039186576, 1733088321, 1363555623, 3885688087, 2247515861, 1977121378, 1975681876, 2784193338, 660494286, 2089399632, 4148412898, 4274533012, 141411689, 541017167, 2894872791, 3836117911, 3538526189, 657039055, 3757507883, 1984647700, 120609955, 99731006, 2582959868, 4102873016, 2259920148, 2949900209, 1683197358, 156292869, 2269434073, 3674698157, 1824310412, 963057738, 3801221784, 2223223805, 3694086559, 1351339185, 3117150283, 3693430835, 3013185230, 1645871155, 1280926345, 2258453819, 2235017789, 2828335481, 320133137, 1663723458, 2541293715, 1327214019, 2707034651, 3371437466, 1318878272, 3060864228, 1931045815, 60690292, 1901164146, 3455317069, 4195766157, 3925476609, 719399186, 2052320186, 2775516144, 2194211783, 111162328, 1633193305, 1512304411, 684323302, 380104902, 948579088, 3713421436, 369211174, 1256131811, 2488549456, 1765431125, 3364055555, 3080096674, 1419833952, 990975093, 1448490235, 2366051950, 1358996590, 837096570, 391617620, 288720517, 4137751938, 446250874, 1266115748, 1824708831, 4017408694, 412461622, 882711032, 807345233, 2922186636, 3458980959, 1073262691, 1651364963, 4085110609, 2812918880, 1986197752, 3096312192, 4009213066, 3128124803, 2894697497, 498965119, 1950515645, 788136445, 3247050089, 832119324, 1248517248, 2534812188, 1716048681, 3409211650, 2742240376, 636854251, 1752068234, 2197960555, 1624280420, 2034956185, 1953062529, 3657226021, 3155741894, 1872859538, 3715224495, 224794548, 244906366, 4236083828, 4135483778, 359039834, 123962539, 3699930952, 3183952275, 339425065, 2597082463, 1278523325, 1534842263, 3817246112, 200528370, 1489047377, 2253916600, 1266724799, 3495905125, 3997506805, 883345530, 1005967561, 1388626708, 2657960776, 913687827, 2779751041, 332618236, 1169189971, 30061925, 2730124461, 1164580694, 458684532, 1924072151, 1328123757, 2954295845, 2465618317, 494059279, 109595564, 1931375007, 3901128619, 1562455486, 3942331250, 3949989014, 1907894042, 858397755, 4052999613, 1658873541, 256848754, 238805015, 3445020309, 61297298, 1948491422, 1086404277, 1146450527, 4199770879, 1451196641, 1975971275, 609105804, 2013008966, 448726927, 764243718, 2164682763, 11493641, 1286109150, 396393651, 2273016598, 249550299, 2138530169, 1325715131, 1857019884, 3519809358, 1811307718, 3505821839, 1928807886, 1477526015, 2580046460, 3851094474, 2267312694, 3042340607, 1924371160, 2893965409, 3321901668, 1724251534, 341710391, 3754967047, 4070202327, 2690020037, 3818868592, 3960791764, 1222341935, 1843136663, 3470066205, 2093983416, 1892488365, 3525040107, 3649467670, 2936630024, 707493571, 2118004894, 2189179946, 2030482814, 1977558253, 3801808222, 1029065514, 3472578104, 3921697337, 70616528, 3889117039, 1565145566, 2485574413, 3575496027, 1862523989, 3719233492, 2157187126, 796571196, 4143427094, 1161884535, 143115078, 2637827841, 4136242957, 197476059, 709103458, 1132482879, 2772442068, 3427578317, 3132968979, 1794776985, 1877728581, 3150718394, 1383847892, 3404280907, 785417727, 2062564022, 3622619690, 1809044674, 1258294084, 1007315401, 3123028046, 3667444418, 1682539204, 2267821293, 1788543600, 3557421421, 2645512113, 2068195700, 4105234478, 1169103450, 1499208255, 3705162590, 1597210863, 2855582723, 2529632236, 2442212294, 182), None)
Loaded weights: -0.09905664660286671, -0.4081875585188134, 0.7759825592288028, 0.0, 0.0
events: me killed itself, 
  ----
(3, (231753386, 2072235017, 4284337237, 663739706, 54071595, 2837558320, 1176517845, 3025410554, 1682769710, 2441069712, 2201969960, 3136134970, 286120218, 1629219820, 1348555226, 2780945651, 796601570, 890561856, 2040877603, 2736793510, 170814204, 790017954, 2878598105, 1141576694, 4133677066, 613084854, 3802828718, 1672696182, 893211806, 2120332606, 4084556208, 2953704178, 1010500353, 2407206171, 1231058499, 122947983, 606473058, 1960311313, 2366369274, 146833332, 3245108501, 4184735745, 1256290504, 1557973307, 236386575, 986516622, 4044956495, 2252251228, 3139430216, 4143607957, 3368928941, 2140585461, 4208405763, 2563026415, 3087076710, 3523327748, 3207510692, 3705428178, 1591018968, 706756276, 3962763137, 3210954474, 1180466805, 2956622468, 891893452, 4202943000, 1299547178, 2103322923, 2562397927, 1500180384, 221074970, 380463193, 2470367190, 1788867648, 2898795212, 559907837, 252037803, 2796948114, 2477395574, 1109168784, 2281461700, 4264292867, 1619069678, 2663660382, 520738355, 2038014282, 3946259077, 3539208919, 2070938543, 818089470, 3372488578, 1919060627, 3715896237, 687790878, 2411558452, 2675167002, 3731199712, 4211771939, 2508661844, 1635662501, 4037557869, 3348906268, 1850875506, 4195413752, 1139430259, 980746648, 2779407563, 1025465709, 2337833190, 4177083706, 3903544252, 1635183760, 607758557, 3318619769, 4274468669, 1300286948, 1631819019, 3181050822, 1277325856, 393269403, 3577965647, 2898800196, 2057627132, 4091465230, 666245731, 829918779, 2519535347, 3378249481, 776656316, 4226874757, 1599232487, 1522700866, 1710508944, 2405813351, 853731666, 2767798740, 2310347998, 2298052361, 1426435338, 4187901531, 3184189155, 1300546081, 876646673, 3929377209, 1829452867, 3070136468, 2183142132, 1675678096, 10905960, 3398093205, 724217016, 742379593, 486068189, 3921506718, 1012575739, 726055993, 4147467299, 4218422781, 2966871909, 3658608489, 135147557, 1818128559, 1266505740, 3192010373, 1267831681, 2330718952, 732759975, 615849881, 3999757118, 1660988502, 1020370891, 1233269042, 949041329, 3163187212, 3084751217, 843900105, 243137390, 202028007, 887667824, 3015152202, 954005413, 1419830948, 1245005210, 1384921530, 3482628341, 1957176384, 2410932247, 3010154423, 1753576632, 2079694942, 3344263825, 4159109145, 227304914, 1251626469, 2752827902, 2062472285, 4078504192, 816164374, 676601833, 2935395018, 1377539706, 1345063424, 322563241, 3522999749, 76425325, 3217857643, 2813822281, 206845123, 3790227904, 3210983179, 396256541, 764839174, 3261600524, 3955794646, 1895954530, 2138969008, 4226940790, 4144058561, 3104900963, 564543961, 1748261922, 1514400810, 2135175875, 3381063926, 653314773, 4093476238, 1160268905, 3128869557, 1047494037, 445485814, 3981383638, 22412554, 3733296523, 3661889013, 423988788, 2449312804, 3065282176, 3964221930, 3547157364, 2577294284, 4193608457, 519614906, 232623444, 3151717665, 2043193134, 1301879839, 1233519416, 818850347, 3760898850, 1406726046, 3599228664, 3495484953, 3503250368, 1118724207, 2589569808, 2805633329, 1000597004, 43692017, 2379148080, 572945334, 2141809496, 2061946602, 1111626734, 3797890769, 2947965952, 841497217, 1568032538, 813725947, 2808245681, 1761417481, 2920249574, 4046954125, 2438207472, 1460854703, 1896459776, 1335041373, 656928592, 1572891442, 2238954406, 4089409608, 965552410, 2607960342, 439202155, 4114957322, 1347410068, 1268189497, 2465518213, 2860396566, 1174655215, 1838541119, 1393263506, 4064383177, 3488907928, 981034561, 126222350, 4228505215, 4158640221, 120237347, 345481052, 3455054452, 3007144474, 2368838543, 848245563, 3256740016, 2989124543, 2825624126, 3819223924, 432247493, 4286246279, 1072720642, 4193408398, 3426797411, 304964809, 379175738, 1494741139, 4266954640, 220354485, 3079497883, 1275199105, 3801718153, 67556157, 2356307476, 1239008729, 1475551002, 149239583, 939898611, 2178733864, 4039854556, 2802703896, 939027443, 476252792, 2793483167, 1184750595, 15712028, 664719156, 2670069455, 2006344026, 1912858346, 1611499164, 1351185570, 3356959155, 2147175770, 1438503001, 3048721980, 131386943, 2463223244, 825701468, 633435000, 505358123, 2949513296, 3039186576, 1733088321, 1363555623, 3885688087, 2247515861, 1977121378, 1975681876, 2784193338, 660494286, 2089399632, 4148412898, 4274533012, 141411689, 541017167, 2894872791, 3836117911, 3538526189, 657039055, 3757507883, 1984647700, 120609955, 99731006, 2582959868, 4102873016, 2259920148, 2949900209, 1683197358, 156292869, 2269434073, 3674698157, 1824310412, 963057738, 3801221784, 2223223805, 3694086559, 1351339185, 3117150283, 3693430835, 3013185230, 1645871155, 1280926345, 2258453819, 2235017789, 2828335481, 320133137, 1663723458, 2541293715, 1327214019, 2707034651, 3371437466, 1318878272, 3060864228, 1931045815, 60690292, 1901164146, 3455317069, 4195766157, 3925476609, 719399186, 2052320186, 2775516144, 2194211783, 111162328, 1633193305, 1512304411, 684323302, 380104902, 948579088, 3713421436, 369211174, 1256131811, 2488549456, 1765431125, 3364055555, 3080096674, 1419833952, 990975093, 1448490235, 2366051950, 1358996590, 837096570, 391617620, 288720517, 4137751938, 446250874, 1266115748, 1824708831, 4017408694, 412461622, 882711032, 807345233, 2922186636, 3458980959, 1073262691, 1651364963, 4085110609, 2812918880, 1986197752, 3096312192, 4009213066, 3128124803, 2894697497, 498965119, 1950515645, 788136445, 3247050089, 832119324, 1248517248, 2534812188, 1716048681, 3409211650, 2742240376, 636854251, 1752068234, 2197960555, 1624280420, 2034956185, 1953062529, 3657226021, 3155741894, 1872859538, 3715224495, 224794548, 244906366, 4236083828, 4135483778, 359039834, 123962539, 3699930952, 3183952275, 339425065, 2597082463, 1278523325, 1534842263, 3817246112, 200528370, 1489047377, 2253916600, 1266724799, 3495905125, 3997506805, 883345530, 1005967561, 1388626708, 2657960776, 913687827, 2779751041, 332618236, 1169189971, 30061925, 2730124461, 1164580694, 458684532, 1924072151, 1328123757, 2954295845, 2465618317, 494059279, 109595564, 1931375007, 3901128619, 1562455486, 3942331250, 3949989014, 1907894042, 858397755, 4052999613, 1658873541, 256848754, 238805015, 3445020309, 61297298, 1948491422, 1086404277, 1146450527, 4199770879, 1451196641, 1975971275, 609105804, 2013008966, 448726927, 764243718, 2164682763, 11493641, 1286109150, 396393651, 2273016598, 249550299, 2138530169, 1325715131, 1857019884, 3519809358, 1811307718, 3505821839, 1928807886, 1477526015, 2580046460, 3851094474, 2267312694, 3042340607, 1924371160, 2893965409, 3321901668, 1724251534, 341710391, 3754967047, 4070202327, 2690020037, 3818868592, 3960791764, 1222341935, 1843136663, 3470066205, 2093983416, 1892488365, 3525040107, 3649467670, 2936630024, 707493571, 2118004894, 2189179946, 2030482814, 1977558253, 3801808222, 1029065514, 3472578104, 3921697337, 70616528, 3889117039, 1565145566, 2485574413, 3575496027, 1862523989, 3719233492, 2157187126, 796571196, 4143427094, 1161884535, 143115078, 2637827841, 4136242957, 197476059, 709103458, 1132482879, 2772442068, 3427578317, 3132968979, 1794776985, 1877728581, 3150718394, 1383847892, 3404280907, 785417727, 2062564022, 3622619690, 1809044674, 1258294084, 1007315401, 3123028046, 3667444418, 1682539204, 2267821293, 1788543600, 3557421421, 2645512113, 2068195700, 4105234478, 1169103450, 1499208255, 3705162590, 1597210863, 2855582723, 2529632236, 2442212294, 263), None)
Loaded weights: -0.1559765972151387, -0.6388753640946514, 0.7406466847011162, 0.0, 0.0
events: me killed itself, 
  ----
(3, (231753386, 2072235017, 4284337237, 663739706, 54071595, 2837558320, 1176517845, 3025410554, 1682769710, 2441069712, 2201969960, 3136134970, 286120218, 1629219820, 1348555226, 2780945651, 796601570, 890561856, 2040877603, 2736793510, 170814204, 790017954, 2878598105, 1141576694, 4133677066, 613084854, 3802828718, 1672696182, 893211806, 2120332606, 4084556208, 2953704178, 1010500353, 2407206171, 1231058499, 122947983, 606473058, 1960311313, 2366369274, 146833332, 3245108501, 4184735745, 1256290504, 1557973307, 236386575, 986516622, 4044956495, 2252251228, 3139430216, 4143607957, 3368928941, 2140585461, 4208405763, 2563026415, 3087076710, 3523327748, 3207510692, 3705428178, 1591018968, 706756276, 3962763137, 3210954474, 1180466805, 2956622468, 891893452, 4202943000, 1299547178, 2103322923, 2562397927, 1500180384, 221074970, 380463193, 2470367190, 1788867648, 2898795212, 559907837, 252037803, 2796948114, 2477395574, 1109168784, 2281461700, 4264292867, 1619069678, 2663660382, 520738355, 2038014282, 3946259077, 3539208919, 2070938543, 818089470, 3372488578, 1919060627, 3715896237, 687790878, 2411558452, 2675167002, 3731199712, 4211771939, 2508661844, 1635662501, 4037557869, 3348906268, 1850875506, 4195413752, 1139430259, 980746648, 2779407563, 1025465709, 2337833190, 4177083706, 3903544252, 1635183760, 607758557, 3318619769, 4274468669, 1300286948, 1631819019, 3181050822, 1277325856, 393269403, 3577965647, 2898800196, 2057627132, 4091465230, 666245731, 829918779, 2519535347, 3378249481, 776656316, 4226874757, 1599232487, 1522700866, 1710508944, 2405813351, 853731666, 2767798740, 2310347998, 2298052361, 1426435338, 4187901531, 3184189155, 1300546081, 876646673, 3929377209, 1829452867, 3070136468, 2183142132, 1675678096, 10905960, 3398093205, 724217016, 742379593, 486068189, 3921506718, 1012575739, 726055993, 4147467299, 4218422781, 2966871909, 3658608489, 135147557, 1818128559, 1266505740, 3192010373, 1267831681, 2330718952, 732759975, 615849881, 3999757118, 1660988502, 1020370891, 1233269042, 949041329, 3163187212, 3084751217, 843900105, 243137390, 202028007, 887667824, 3015152202, 954005413, 1419830948, 1245005210, 1384921530, 3482628341, 1957176384, 2410932247, 3010154423, 1753576632, 2079694942, 3344263825, 4159109145, 227304914, 1251626469, 2752827902, 2062472285, 4078504192, 816164374, 676601833, 2935395018, 1377539706, 1345063424, 322563241, 3522999749, 76425325, 3217857643, 2813822281, 206845123, 3790227904, 3210983179, 396256541, 764839174, 3261600524, 3955794646, 1895954530, 2138969008, 4226940790, 4144058561, 3104900963, 564543961, 1748261922, 1514400810, 2135175875, 3381063926, 653314773, 4093476238, 1160268905, 3128869557, 1047494037, 445485814, 3981383638, 22412554, 3733296523, 3661889013, 423988788, 2449312804, 3065282176, 3964221930, 3547157364, 2577294284, 4193608457, 519614906, 232623444, 3151717665, 2043193134, 1301879839, 1233519416, 818850347, 3760898850, 1406726046, 3599228664, 3495484953, 3503250368, 1118724207, 2589569808, 2805633329, 1000597004, 43692017, 2379148080, 572945334, 2141809496, 2061946602, 1111626734, 3797890769, 2947965952, 841497217, 1568032538, 813725947, 2808245681, 1761417481, 2920249574, 4046954125, 2438207472, 1460854703, 1896459776, 1335041373, 656928592, 1572891442, 2238954406, 4089409608, 965552410, 2607960342, 439202155, 4114957322, 1347410068, 1268189497, 2465518213, 2860396566, 1174655215, 1838541119, 1393263506, 4064383177, 3488907928, 981034561, 126222350, 4228505215, 4158640221, 120237347, 345481052, 3455054452, 3007144474, 2368838543, 848245563, 3256740016, 2989124543, 2825624126, 3819223924, 432247493, 4286246279, 1072720642, 4193408398, 3426797411, 304964809, 379175738, 1494741139, 4266954640, 220354485, 3079497883, 1275199105, 3801718153, 67556157, 2356307476, 1239008729, 1475551002, 149239583, 939898611, 2178733864, 4039854556, 2802703896, 939027443, 476252792, 2793483167, 1184750595, 15712028, 664719156, 2670069455, 2006344026, 1912858346, 1611499164, 1351185570, 3356959155, 2147175770, 1438503001, 3048721980, 131386943, 2463223244, 825701468, 633435000, 505358123, 2949513296, 3039186576, 1733088321, 1363555623, 3885688087, 2247515861, 1977121378, 1975681876, 2784193338, 660494286, 2089399632, 4148412898, 4274533012, 141411689, 541017167, 2894872791, 3836117911, 3538526189, 657039055, 3757507883, 1984647700, 120609955, 99731006, 2582959868, 4102873016, 2259920148, 2949900209, 1683197358, 156292869, 2269434073, 3674698157, 1824310412, 963057738, 3801221784, 2223223805, 3694086559, 1351339185, 3117150283, 3693430835, 3013185230, 1645871155, 1280926345, 2258453819, 2235017789, 2828335481, 320133137, 1663723458, 2541293715, 1327214019, 2707034651, 3371437466, 1318878272, 3060864228, 1931045815, 60690292, 1901164146, 3455317069, 4195766157, 3925476609, 719399186, 2052320186, 2775516144, 2194211783, 111162328, 1633193305, 1512304411, 684323302, 380104902, 948579088, 3713421436, 369211174, 1256131811, 2488549456, 1765431125, 3364055555, 3080096674, 1419833952, 990975093, 1448490235, 2366051950, 1358996590, 837096570, 391617620, 288720517, 4137751938, 446250874, 1266115748, 1824708831, 4017408694, 412461622, 882711032, 807345233, 2922186636, 3458980959, 1073262691, 1651364963, 4085110609, 2812918880, 1986197752, 3096312192, 4009213066, 3128124803, 2894697497, 498965119, 1950515645, 788136445, 3247050089, 832119324, 1248517248, 2534812188, 1716048681, 3409211650, 2742240376, 636854251, 1752068234, 2197960555, 1624280420, 2034956185, 1953062529, 3657226021, 3155741894, 1872859538, 3715224495, 224794548, 244906366, 4236083828, 4135483778, 359039834, 123962539, 3699930952, 3183952275, 339425065, 2597082463, 1278523325, 1534842263, 3817246112, 200528370, 1489047377, 2253916600, 1266724799, 3495905125, 3997506805, 883345530, 1005967561, 1388626708, 2657960776, 913687827, 2779751041, 332618236, 1169189971, 30061925, 2730124461, 1164580694, 458684532, 1924072151, 1328123757, 2954295845, 2465618317, 494059279, 109595564, 1931375007, 3901128619, 1562455486, 3942331250, 3949989014, 1907894042, 858397755, 4052999613, 1658873541, 256848754, 238805015, 3445020309, 61297298, 1948491422, 1086404277, 1146450527, 4199770879, 1451196641, 1975971275, 609105804, 2013008966, 448726927, 764243718, 2164682763, 11493641, 1286109150, 396393651, 2273016598, 249550299, 2138530169, 1325715131, 1857019884, 3519809358, 1811307718, 3505821839, 1928807886, 1477526015, 2580046460, 3851094474, 2267312694, 3042340607, 1924371160, 2893965409, 3321901668, 1724251534, 341710391, 3754967047, 4070202327, 2690020037, 3818868592, 3960791764, 1222341935, 1843136663, 3470066205, 2093983416, 1892488365, 3525040107, 3649467670, 2936630024, 707493571, 2118004894, 2189179946, 2030482814, 1977558253, 3801808222, 1029065514, 3472578104, 3921697337, 70616528, 3889117039, 1565145566, 2485574413, 3575496027, 1862523989, 3719233492, 2157187126, 796571196, 4143427094, 1161884535, 143115078, 2637827841, 4136242957, 197476059, 709103458, 1132482879, 2772442068, 3427578317, 3132968979, 1794776985, 1877728581, 3150718394, 1383847892, 3404280907, 785417727, 2062564022, 3622619690, 1809044674, 1258294084, 1007315401, 3123028046, 3667444418, 1682539204, 2267821293, 1788543600, 3557421421, 2645512113, 2068195700, 4105234478, 1169103450, 1499208255, 3705162590, 1597210863, 2855582723, 2529632236, 2442212294, 365), None)
Loaded weights: -0.21240382149883585, -0.9587854852948535, 0.7402250560483167, 0.0, 0.0
events: me killed itself, 
  ----
(3, (231753386, 2072235017, 4284337237, 663739706, 54071595, 2837558320, 1176517845, 3025410554, 1682769710, 2441069712, 2201969960, 3136134970, 286120218, 1629219820, 1348555226, 2780945651, 796601570, 890561856, 2040877603, 2736793510, 170814204, 790017954, 2878598105, 1141576694, 4133677066, 613084854, 3802828718, 1672696182, 893211806, 2120332606, 4084556208, 2953704178, 1010500353, 2407206171, 1231058499, 122947983, 606473058, 1960311313, 2366369274, 146833332, 3245108501, 4184735745, 1256290504, 1557973307, 236386575, 986516622, 4044956495, 2252251228, 3139430216, 4143607957, 3368928941, 2140585461, 4208405763, 2563026415, 3087076710, 3523327748, 3207510692, 3705428178, 1591018968, 706756276, 3962763137, 3210954474, 1180466805, 2956622468, 891893452, 4202943000, 1299547178, 2103322923, 2562397927, 1500180384, 221074970, 380463193, 2470367190, 1788867648, 2898795212, 559907837, 252037803, 2796948114, 2477395574, 1109168784, 2281461700, 4264292867, 1619069678, 2663660382, 520738355, 2038014282, 3946259077, 3539208919, 2070938543, 818089470, 3372488578, 1919060627, 3715896237, 687790878, 2411558452, 2675167002, 3731199712, 4211771939, 2508661844, 1635662501, 4037557869, 3348906268, 1850875506, 4195413752, 1139430259, 980746648, 2779407563, 1025465709, 2337833190, 4177083706, 3903544252, 1635183760, 607758557, 3318619769, 4274468669, 1300286948, 1631819019, 3181050822, 1277325856, 393269403, 3577965647, 2898800196, 2057627132, 4091465230, 666245731, 829918779, 2519535347, 3378249481, 776656316, 4226874757, 1599232487, 1522700866, 1710508944, 2405813351, 853731666, 2767798740, 2310347998, 2298052361, 1426435338, 4187901531, 3184189155, 1300546081, 876646673, 3929377209, 1829452867, 3070136468, 2183142132, 1675678096, 10905960, 3398093205, 724217016, 742379593, 486068189, 3921506718, 1012575739, 726055993, 4147467299, 4218422781, 2966871909, 3658608489, 135147557, 1818128559, 1266505740, 3192010373, 1267831681, 2330718952, 732759975, 615849881, 3999757118, 1660988502, 1020370891, 1233269042, 949041329, 3163187212, 3084751217, 843900105, 243137390, 202028007, 887667824, 3015152202, 954005413, 1419830948, 1245005210, 1384921530, 3482628341, 1957176384, 2410932247, 3010154423, 1753576632, 2079694942, 3344263825, 4159109145, 227304914, 1251626469, 2752827902, 2062472285, 4078504192, 816164374, 676601833, 2935395018, 1377539706, 1345063424, 322563241, 3522999749, 76425325, 3217857643, 2813822281, 206845123, 3790227904, 3210983179, 396256541, 764839174, 3261600524, 3955794646, 1895954530, 2138969008, 4226940790, 4144058561, 3104900963, 564543961, 1748261922, 1514400810, 2135175875, 3381063926, 653314773, 4093476238, 1160268905, 3128869557, 1047494037, 445485814, 3981383638, 22412554, 3733296523, 3661889013, 423988788, 2449312804, 3065282176, 3964221930, 3547157364, 2577294284, 4193608457, 519614906, 232623444, 3151717665, 2043193134, 1301879839, 1233519416, 818850347, 3760898850, 1406726046, 3599228664, 3495484953, 3503250368, 1118724207, 2589569808, 2805633329, 1000597004, 43692017, 2379148080, 572945334, 2141809496, 2061946602, 1111626734, 3797890769, 2947965952, 841497217, 1568032538, 813725947, 2808245681, 1761417481, 2920249574, 4046954125, 2438207472, 1460854703, 1896459776, 1335041373, 656928592, 1572891442, 2238954406, 4089409608, 965552410, 2607960342, 439202155, 4114957322, 1347410068, 1268189497, 2465518213, 2860396566, 1174655215, 1838541119, 1393263506, 4064383177, 3488907928, 981034561, 126222350, 4228505215, 4158640221, 120237347, 345481052, 3455054452, 3007144474, 2368838543, 848245563, 3256740016, 2989124543, 2825624126, 3819223924, 432247493, 4286246279, 1072720642, 4193408398, 3426797411, 304964809, 379175738, 1494741139, 4266954640, 220354485, 3079497883, 1275199105, 3801718153, 67556157, 2356307476, 1239008729, 1475551002, 149239583, 939898611, 2178733864, 4039854556, 2802703896, 939027443, 476252792, 2793483167, 1184750595, 15712028, 664719156, 2670069455, 2006344026, 1912858346, 1611499164, 1351185570, 3356959155, 2147175770, 1438503001, 3048721980, 131386943, 2463223244, 825701468, 633435000, 505358123, 2949513296, 3039186576, 1733088321, 1363555623, 3885688087, 2247515861, 1977121378, 1975681876, 2784193338, 660494286, 2089399632, 4148412898, 4274533012, 141411689, 541017167, 2894872791, 3836117911, 3538526189, 657039055, 3757507883, 1984647700, 120609955, 99731006, 2582959868, 4102873016, 2259920148, 2949900209, 1683197358, 156292869, 2269434073, 3674698157, 1824310412, 963057738, 3801221784, 2223223805, 3694086559, 1351339185, 3117150283, 3693430835, 3013185230, 1645871155, 1280926345, 2258453819, 2235017789, 2828335481, 320133137, 1663723458, 2541293715, 1327214019, 2707034651, 3371437466, 1318878272, 3060864228, 1931045815, 60690292, 1901164146, 3455317069, 4195766157, 3925476609, 719399186, 2052320186, 2775516144, 2194211783, 111162328, 1633193305, 1512304411, 684323302, 380104902, 948579088, 3713421436, 369211174, 1256131811, 2488549456, 1765431125, 3364055555, 3080096674, 1419833952, 990975093, 1448490235, 2366051950, 1358996590, 837096570, 391617620, 288720517, 4137751938, 446250874, 1266115748, 1824708831, 4017408694, 412461622, 882711032, 807345233, 2922186636, 3458980959, 1073262691, 1651364963, 4085110609, 2812918880, 1986197752, 3096312192, 4009213066, 3128124803, 2894697497, 498965119, 1950515645, 788136445, 3247050089, 832119324, 1248517248, 2534812188, 1716048681, 3409211650, 2742240376, 636854251, 1752068234, 2197960555, 1624280420, 2034956185, 1953062529, 3657226021, 3155741894, 1872859538, 3715224495, 224794548, 244906366, 4236083828, 4135483778, 359039834, 123962539, 3699930952, 3183952275, 339425065, 2597082463, 1278523325, 1534842263, 3817246112, 200528370, 1489047377, 2253916600, 1266724799, 3495905125, 3997506805, 883345530, 1005967561, 1388626708, 2657960776, 913687827, 2779751041, 332618236, 1169189971, 30061925, 2730124461, 1164580694, 458684532, 1924072151, 1328123757, 2954295845, 2465618317, 494059279, 109595564, 1931375007, 3901128619, 1562455486, 3942331250, 3949989014, 1907894042, 858397755, 4052999613, 1658873541, 256848754, 238805015, 3445020309, 61297298, 1948491422, 1086404277, 1146450527, 4199770879, 1451196641, 1975971275, 609105804, 2013008966, 448726927, 764243718, 2164682763, 11493641, 1286109150, 396393651, 2273016598, 249550299, 2138530169, 1325715131, 1857019884, 3519809358, 1811307718, 3505821839, 1928807886, 1477526015, 2580046460, 3851094474, 2267312694, 3042340607, 1924371160, 2893965409, 3321901668, 1724251534, 341710391, 3754967047, 4070202327, 2690020037, 3818868592, 3960791764, 1222341935, 1843136663, 3470066205, 2093983416, 1892488365, 3525040107, 3649467670, 2936630024, 707493571, 2118004894, 2189179946, 2030482814, 1977558253, 3801808222, 1029065514, 3472578104, 3921697337, 70616528, 3889117039, 1565145566, 2485574413, 3575496027, 1862523989, 3719233492, 2157187126, 796571196, 4143427094, 1161884535, 143115078, 2637827841, 4136242957, 197476059, 709103458, 1132482879, 2772442068, 3427578317, 3132968979, 1794776985, 1877728581, 3150718394, 1383847892, 3404280907, 785417727, 2062564022, 3622619690, 1809044674, 1258294084, 1007315401, 3123028046, 3667444418, 1682539204, 2267821293, 1788543600, 3557421421, 2645512113, 2068195700, 4105234478, 1169103450, 1499208255, 3705162590, 1597210863, 2855582723, 2529632236, 2442212294, 459), None)
Loaded weights: -0.34339190970701283, -1.2070860684266667, 1.0005179997598623, 0.0, 0.0
events: me killed itself, 
  ----
(3, (231753386, 2072235017, 4284337237, 663739706, 54071595, 2837558320, 1176517845, 3025410554, 1682769710, 2441069712, 2201969960, 3136134970, 286120218, 1629219820, 1348555226, 2780945651, 796601570, 890561856, 2040877603, 2736793510, 170814204, 790017954, 2878598105, 1141576694, 4133677066, 613084854, 3802828718, 1672696182, 893211806, 2120332606, 4084556208, 2953704178, 1010500353, 2407206171, 1231058499, 122947983, 606473058, 1960311313, 2366369274, 146833332, 3245108501, 4184735745, 1256290504, 1557973307, 236386575, 986516622, 4044956495, 2252251228, 3139430216, 4143607957, 3368928941, 2140585461, 4208405763, 2563026415, 3087076710, 3523327748, 3207510692, 3705428178, 1591018968, 706756276, 3962763137, 3210954474, 1180466805, 2956622468, 891893452, 4202943000, 1299547178, 2103322923, 2562397927, 1500180384, 221074970, 380463193, 2470367190, 1788867648, 2898795212, 559907837, 252037803, 2796948114, 2477395574, 1109168784, 2281461700, 4264292867, 1619069678, 2663660382, 520738355, 2038014282, 3946259077, 3539208919, 2070938543, 818089470, 3372488578, 1919060627, 3715896237, 687790878, 2411558452, 2675167002, 3731199712, 4211771939, 2508661844, 1635662501, 4037557869, 3348906268, 1850875506, 4195413752, 1139430259, 980746648, 2779407563, 1025465709, 2337833190, 4177083706, 3903544252, 1635183760, 607758557, 3318619769, 4274468669, 1300286948, 1631819019, 3181050822, 1277325856, 393269403, 3577965647, 2898800196, 2057627132, 4091465230, 666245731, 829918779, 2519535347, 3378249481, 776656316, 4226874757, 1599232487, 1522700866, 1710508944, 2405813351, 853731666, 2767798740, 2310347998, 2298052361, 1426435338, 4187901531, 3184189155, 1300546081, 876646673, 3929377209, 1829452867, 3070136468, 2183142132, 1675678096, 10905960, 3398093205, 724217016, 742379593, 486068189, 3921506718, 1012575739, 726055993, 4147467299, 4218422781, 2966871909, 3658608489, 135147557, 1818128559, 1266505740, 3192010373, 1267831681, 2330718952, 732759975, 615849881, 3999757118, 1660988502, 1020370891, 1233269042, 949041329, 3163187212, 3084751217, 843900105, 243137390, 202028007, 887667824, 3015152202, 954005413, 1419830948, 1245005210, 1384921530, 3482628341, 1957176384, 2410932247, 3010154423, 1753576632, 2079694942, 3344263825, 4159109145, 227304914, 1251626469, 2752827902, 2062472285, 4078504192, 816164374, 676601833, 2935395018, 1377539706, 1345063424, 322563241, 3522999749, 76425325, 3217857643, 2813822281, 206845123, 3790227904, 3210983179, 396256541, 764839174, 3261600524, 3955794646, 1895954530, 2138969008, 4226940790, 4144058561, 3104900963, 564543961, 1748261922, 1514400810, 2135175875, 3381063926, 653314773, 4093476238, 1160268905, 3128869557, 1047494037, 445485814, 3981383638, 22412554, 3733296523, 3661889013, 423988788, 2449312804, 3065282176, 3964221930, 3547157364, 2577294284, 4193608457, 519614906, 232623444, 3151717665, 2043193134, 1301879839, 1233519416, 818850347, 3760898850, 1406726046, 3599228664, 3495484953, 3503250368, 1118724207, 2589569808, 2805633329, 1000597004, 43692017, 2379148080, 572945334, 2141809496, 2061946602, 1111626734, 3797890769, 2947965952, 841497217, 1568032538, 813725947, 2808245681, 1761417481, 2920249574, 4046954125, 2438207472, 1460854703, 1896459776, 1335041373, 656928592, 1572891442, 2238954406, 4089409608, 965552410, 2607960342, 439202155, 4114957322, 1347410068, 1268189497, 2465518213, 2860396566, 1174655215, 1838541119, 1393263506, 4064383177, 3488907928, 981034561, 126222350, 4228505215, 4158640221, 120237347, 345481052, 3455054452, 3007144474, 2368838543, 848245563, 3256740016, 2989124543, 2825624126, 3819223924, 432247493, 4286246279, 1072720642, 4193408398, 3426797411, 304964809, 379175738, 1494741139, 4266954640, 220354485, 3079497883, 1275199105, 3801718153, 67556157, 2356307476, 1239008729, 1475551002, 149239583, 939898611, 2178733864, 4039854556, 2802703896, 939027443, 476252792, 2793483167, 1184750595, 15712028, 664719156, 2670069455, 2006344026, 1912858346, 1611499164, 1351185570, 3356959155, 2147175770, 1438503001, 3048721980, 131386943, 2463223244, 825701468, 633435000, 505358123, 2949513296, 3039186576, 1733088321, 1363555623, 3885688087, 2247515861, 1977121378, 1975681876, 2784193338, 660494286, 2089399632, 4148412898, 4274533012, 141411689, 541017167, 2894872791, 3836117911, 3538526189, 657039055, 3757507883, 1984647700, 120609955, 99731006, 2582959868, 4102873016, 2259920148, 2949900209, 1683197358, 156292869, 2269434073, 3674698157, 1824310412, 963057738, 3801221784, 2223223805, 3694086559, 1351339185, 3117150283, 3693430835, 3013185230, 1645871155, 1280926345, 2258453819, 2235017789, 2828335481, 320133137, 1663723458, 2541293715, 1327214019, 2707034651, 3371437466, 1318878272, 3060864228, 1931045815, 60690292, 1901164146, 3455317069, 4195766157, 3925476609, 719399186, 2052320186, 2775516144, 2194211783, 111162328, 1633193305, 1512304411, 684323302, 380104902, 948579088, 3713421436, 369211174, 1256131811, 2488549456, 1765431125, 3364055555, 3080096674, 1419833952, 990975093, 1448490235, 2366051950, 1358996590, 837096570, 391617620, 288720517, 4137751938, 446250874, 1266115748, 1824708831, 4017408694, 412461622, 882711032, 807345233, 2922186636, 3458980959, 1073262691, 1651364963, 4085110609, 2812918880, 1986197752, 3096312192, 4009213066, 3128124803, 2894697497, 498965119, 1950515645, 788136445, 3247050089, 832119324, 1248517248, 2534812188, 1716048681, 3409211650, 2742240376, 636854251, 1752068234, 2197960555, 1624280420, 2034956185, 1953062529, 3657226021, 3155741894, 1872859538, 3715224495, 224794548, 244906366, 4236083828, 4135483778, 359039834, 123962539, 3699930952, 3183952275, 339425065, 2597082463, 1278523325, 1534842263, 3817246112, 200528370, 1489047377, 2253916600, 1266724799, 3495905125, 3997506805, 883345530, 1005967561, 1388626708, 2657960776, 913687827, 2779751041, 332618236, 1169189971, 30061925, 2730124461, 1164580694, 458684532, 1924072151, 1328123757, 2954295845, 2465618317, 494059279, 109595564, 1931375007, 3901128619, 1562455486, 3942331250, 3949989014, 1907894042, 858397755, 4052999613, 1658873541, 256848754, 238805015, 3445020309, 61297298, 1948491422, 1086404277, 1146450527, 4199770879, 1451196641, 1975971275, 609105804, 2013008966, 448726927, 764243718, 2164682763, 11493641, 1286109150, 396393651, 2273016598, 249550299, 2138530169, 1325715131, 1857019884, 3519809358, 1811307718, 3505821839, 1928807886, 1477526015, 2580046460, 3851094474, 2267312694, 3042340607, 1924371160, 2893965409, 3321901668, 1724251534, 341710391, 3754967047, 4070202327, 2690020037, 3818868592, 3960791764, 1222341935, 1843136663, 3470066205, 2093983416, 1892488365, 3525040107, 3649467670, 2936630024, 707493571, 2118004894, 2189179946, 2030482814, 1977558253, 3801808222, 1029065514, 3472578104, 3921697337, 70616528, 3889117039, 1565145566, 2485574413, 3575496027, 1862523989, 3719233492, 2157187126, 796571196, 4143427094, 1161884535, 143115078, 2637827841, 4136242957, 197476059, 709103458, 1132482879, 2772442068, 3427578317, 3132968979, 1794776985, 1877728581, 3150718394, 1383847892, 3404280907, 785417727, 2062564022, 3622619690, 1809044674, 1258294084, 1007315401, 3123028046, 3667444418, 1682539204, 2267821293, 1788543600, 3557421421, 2645512113, 2068195700, 4105234478, 1169103450, 1499208255, 3705162590, 1597210863, 2855582723, 2529632236, 2442212294, 564), None)
Loaded weights: -0.3940747040038914, -1.4582794023785688, 1.086085442692288, 0.0, 0.0
events: me killed itself, 
  ----
(3, (3956472600, 133973230, 2603868935, 3590865930, 2732707580, 2298594562, 431227785, 58193381, 3310097925, 3146382617, 3029125788, 1650967967, 1256070732, 2371857181, 153181537, 1360897449, 2077425657, 4294571733, 962191925, 1404093880, 788623553, 1368855887, 1946435293, 1911453926, 3323016971, 1483673730, 3109733048, 2902991341, 1804609791, 44803245, 240176514, 1242703665, 3484783164, 3428687748, 2381654092, 52855604, 1438799957, 471648647, 253188990, 3581697674, 181107305, 2112165458, 2214317498, 2921123849, 3008070091, 1873804583, 2095571021, 1071785927, 285761476, 1523052521, 2426476253, 485416926, 1000168098, 3866354480, 3314110363, 1110099757, 439135700, 1099989777, 3566866995, 2659772675, 366706677, 1831904761, 2119560811, 2443242084, 2654121332, 1129274878, 3486110912, 374803655, 208009908, 2145148052, 3862387314, 3496194254, 3377936102, 2042993908, 349610638, 2481734206, 499383351, 3047720271, 2540712138, 379103416, 3783183733, 2898850367, 2997181500, 3266800879, 2792392186, 3769079328, 2869518371, 120994984, 328357645, 2084766864, 1717697582, 4231403190, 2216700650, 3919292399, 2065641463, 1422332857, 3058251482, 3568226658, 3754059934, 83037544, 1880979826, 848913258, 1019396633, 1514667467, 1481676698, 2425060046, 3039304894, 1250283294, 3429524664, 3869504595, 1841940807, 2375823133, 3371290236, 250434794, 1004620620, 1129466152, 4122833269, 396959242, 2711274665, 1111153477, 881095143, 1914519948, 936675088, 126184315, 2182358352, 3862800696, 3177478638, 326113409, 1587782882, 2698910925, 1487381738, 380899908, 3913695914, 1137603366, 1072812012, 3319594596, 3722145362, 640328027, 2993154881, 1083614392, 4044686356, 4234123566, 3809917624, 2166550802, 3400748804, 719737276, 2701586503, 1923379578, 3831272938, 3428660256, 1788629297, 273720583, 2173228592, 3046536442, 550864546, 1687300266, 2188726191, 3577596250, 735053676, 798356250, 259127885, 3324109686, 1782401353, 3021671472, 1755967971, 34287889, 4154300843, 1207872818, 2744877504, 1592134188, 2345169809, 2943046212, 1618674840, 1083851853, 3106437061, 1927403866, 2107053170, 656545042, 3609239325, 749113652, 778434178, 3268777378, 1946952963, 719598504, 2940841851, 4057110657, 487844048, 4107709034, 310404627, 1280682881, 2814066596, 1312944559, 562010412, 3833620466, 4022002730, 331910114, 466781748, 677553407, 3677878440, 3551566638, 1122769561, 4286553038, 171626375, 2301915965, 1275579041, 3825465220, 2782040072, 3877236426, 2909454232, 2579990805, 717302602, 2601626056, 2944177065, 482967285, 3096657205, 1466170827, 914483666, 1479507167, 2996681031, 3232417343, 1754197071, 4294357889, 4162532133, 2504217946, 2479489732, 1834715399, 363258435, 770569485, 179998101, 2912184556, 2527246991, 346797286, 2099809063, 1427555475, 193541111, 2652252485, 3450692076, 3711591206, 782824569, 2938904343, 3257136064, 265264075, 3589842918, 121023598, 1077790725, 496690089, 3537838194, 521408848, 947610240, 1598542241, 2160764725, 2927008491, 2687537258, 3027639088, 1738398122, 910285817, 2599306122, 146257946, 453058282, 4032898960, 4046387441, 2899583419, 2869012611, 35220053, 3691013144, 564951283, 1412747816, 2155019374, 2425563657, 2499572169, 1334816656, 4225862195, 2637046319, 1147352909, 2166561206, 43755628, 1948768880, 2451098382, 1697736698, 1734069807, 3955936187, 295118833, 2022204712, 1913340318, 4250122066, 1156107182, 3417829640, 4023527261, 3270697401, 1473261474, 831034079, 4190694456, 2273009153, 3423261895, 2975552295, 4001538629, 2772548314, 3967587804, 4136913396, 2429126635, 2790646252, 3566832588, 3001202278, 3722344759, 3785181264, 3869404528, 3279016197, 1204489065, 4080060350, 2388424443, 1033879425, 1986955073, 3958077373, 512370869, 941390688, 3423325192, 4270653442, 2573841329, 1416784045, 1596715947, 4020409573, 2264628676, 2134809652, 724770186, 1369750212, 3744203530, 2090248582, 597399166, 4033734220, 854804261, 3490699483, 2719402308, 2432476480, 2800188196, 3692985510, 3080803349, 3751937830, 1573849609, 2782434636, 1978855034, 1896936007, 2285310911, 1502195254, 794797749, 516028652, 4177616519, 1356489465, 2726515373, 1710899620, 1833410648, 3979063684, 868192028, 1291348844, 1721230939, 1771840944, 1682105672, 2988943696, 185110285, 686868716, 3538395739, 1017801324, 3805257095, 1288432796, 1385561830, 3446755407, 1109103720, 2315967232, 1206269534, 2272931876, 2038834230, 2212106765, 3326682234, 1352679008, 3797885645, 3158651517, 2524271421, 1375596413, 4030105986, 3839601934, 4158043254, 2837838047, 295470062, 3218817419, 1969904575, 611360733, 2923253654, 3633309660, 1455242538, 774132656, 3575204050, 777854578, 3006960674, 3477732722, 656360828, 1986764499, 825211222, 2690870290, 40749635, 3406910601, 120928952, 1537396287, 1504473793, 1932451552, 1161801547, 2563989483, 857933828, 3243451243, 2064998923, 4294729855, 1723573499, 4068999828, 3961108119, 1484156658, 2836049794, 3769782937, 433299056, 1343274505, 2299533210, 88156732, 2635640706, 4004136922, 36667231, 2927726140, 1075430373, 1110629839, 1605878349, 1637036428, 1148162478, 2550123001, 315114938, 2191506711, 3717577020, 3746790725, 3902672821, 3265420440, 33776424, 2927488078, 1720450641, 2170496308, 779857246, 199228723, 1183736773, 2442597669, 2663363388, 4170786728, 3779684215, 3147545155, 1959268495, 2290970052, 1009398075, 1510944649, 1142718244, 3463608582, 2614317666, 2485142374, 1383472283, 2292254380, 2636754817, 4270288301, 1488106406, 78603951, 3229306077, 2854293760, 1428474502, 2907841940, 2332376938, 202375304, 2010458253, 1371798952, 2720558895, 2961634662, 110019551, 450273046, 3974226248, 1680551313, 1925718829, 3321799467, 2928581777, 1771932413, 1931852577, 538476864, 2559521451, 2197062125, 2871854426, 1296978147, 2926127517, 4081918796, 233185265, 502477526, 1160484390, 1481248360, 1492269219, 147724665, 1526887308, 1111535160, 457984918, 3709197623, 4099877222, 1644978270, 360423590, 651574502, 2357749132, 2730793432, 3401297177, 320538307, 3041065955, 2968134007, 3901681261, 2970660833, 3586386466, 479975233, 3358469867, 827379173, 3010192005, 1867487647, 1664335800, 3215502367, 909052774, 1742580972, 953714068, 2379840910, 2336922728, 1474988480, 509850410, 1214091388, 77805915, 857883089, 3027434026, 4016538095, 649430398, 3407400628, 2014757002, 1073573163, 3844467434, 3574826479, 4035803701, 1346055369, 2603401186, 3370406083, 3703347275, 913058578, 1307006211, 2105028752, 2281087717, 745120657, 1486248339, 770602830, 2888871422, 1163459172, 107435352, 2751764837, 849650678, 2890857933, 4021359170, 2507867810, 271088504, 4224765592, 2713747299, 3558651950, 1838788360, 151113648, 1652313463, 3385231177, 2127314351, 3989459235, 3374034887, 578182142, 3171810809, 3072855024, 1488433187, 1406991370, 3173440069, 3360432168, 242304876, 2248079793, 2282937447, 794649264, 1204067052, 1562022899, 3756242485, 2500954153, 2266331973, 1251318434, 4067270987, 1555420179, 327884775, 693070655, 954829775, 1968843480, 2928040901, 2390741332, 3629340670, 4208135208, 2561332970, 3100171879, 1126967538, 2515770149, 757550192, 3685693095, 966645130, 1579354167, 1915076701, 2869775974, 2047576680, 2246009827, 3244009644, 1893412941, 3023513848, 2094064271, 3456073961, 4025807126, 1362960101, 489752575, 256962779, 723397008, 343680935, 3083781631, 2616959922, 2639704461, 970493402, 2869799842, 1023938853, 2045190325, 3582595486, 26), None)
Loaded weights: -0.537883916412202, -1.6616977397175408, 0.8533362083286065, 0.0, 0.0
events: me killed itself, 
  ----
(3, (3956472600, 133973230, 2603868935, 3590865930, 2732707580, 2298594562, 431227785, 58193381, 3310097925, 3146382617, 3029125788, 1650967967, 1256070732, 2371857181, 153181537, 1360897449, 2077425657, 4294571733, 962191925, 1404093880, 788623553, 1368855887, 1946435293, 1911453926, 3323016971, 1483673730, 3109733048, 2902991341, 1804609791, 44803245, 240176514, 1242703665, 3484783164, 3428687748, 2381654092, 52855604, 1438799957, 471648647, 253188990, 3581697674, 181107305, 2112165458, 2214317498, 2921123849, 3008070091, 1873804583, 2095571021, 1071785927, 285761476, 1523052521, 2426476253, 485416926, 1000168098, 3866354480, 3314110363, 1110099757, 439135700, 1099989777, 3566866995, 2659772675, 366706677, 1831904761, 2119560811, 2443242084, 2654121332, 1129274878, 3486110912, 374803655, 208009908, 2145148052, 3862387314, 3496194254, 3377936102, 2042993908, 349610638, 2481734206, 499383351, 3047720271, 2540712138, 379103416, 3783183733, 2898850367, 2997181500, 3266800879, 2792392186, 3769079328, 2869518371, 120994984, 328357645, 2084766864, 1717697582, 4231403190, 2216700650, 3919292399, 2065641463, 1422332857, 3058251482, 3568226658, 3754059934, 83037544, 1880979826, 848913258, 1019396633, 1514667467, 1481676698, 2425060046, 3039304894, 1250283294, 3429524664, 3869504595, 1841940807, 2375823133, 3371290236, 250434794, 1004620620, 1129466152, 4122833269, 396959242, 2711274665, 1111153477, 881095143, 1914519948, 936675088, 126184315, 2182358352, 3862800696, 3177478638, 326113409, 1587782882, 2698910925, 1487381738, 380899908, 3913695914, 1137603366, 1072812012, 3319594596, 3722145362, 640328027, 2993154881, 1083614392, 4044686356, 4234123566, 3809917624, 2166550802, 3400748804, 719737276, 2701586503, 1923379578, 3831272938, 3428660256, 1788629297, 273720583, 2173228592, 3046536442, 550864546, 1687300266, 2188726191, 3577596250, 735053676, 798356250, 259127885, 3324109686, 1782401353, 3021671472, 1755967971, 34287889, 4154300843, 1207872818, 2744877504, 1592134188, 2345169809, 2943046212, 1618674840, 1083851853, 3106437061, 1927403866, 2107053170, 656545042, 3609239325, 749113652, 778434178, 3268777378, 1946952963, 719598504, 2940841851, 4057110657, 487844048, 4107709034, 310404627, 1280682881, 2814066596, 1312944559, 562010412, 3833620466, 4022002730, 331910114, 466781748, 677553407, 3677878440, 3551566638, 1122769561, 4286553038, 171626375, 2301915965, 1275579041, 3825465220, 2782040072, 3877236426, 2909454232, 2579990805, 717302602, 2601626056, 2944177065, 482967285, 3096657205, 1466170827, 914483666, 1479507167, 2996681031, 3232417343, 1754197071, 4294357889, 4162532133, 2504217946, 2479489732, 1834715399, 363258435, 770569485, 179998101, 2912184556, 2527246991, 346797286, 2099809063, 1427555475, 193541111, 2652252485, 3450692076, 3711591206, 782824569, 2938904343, 3257136064, 265264075, 3589842918, 121023598, 1077790725, 496690089, 3537838194, 521408848, 947610240, 1598542241, 2160764725, 2927008491, 2687537258, 3027639088, 1738398122, 910285817, 2599306122, 146257946, 453058282, 4032898960, 4046387441, 2899583419, 2869012611, 35220053, 3691013144, 564951283, 1412747816, 2155019374, 2425563657, 2499572169, 1334816656, 4225862195, 2637046319, 1147352909, 2166561206, 43755628, 1948768880, 2451098382, 1697736698, 1734069807, 3955936187, 295118833, 2022204712, 1913340318, 4250122066, 1156107182, 3417829640, 4023527261, 3270697401, 1473261474, 831034079, 4190694456, 2273009153, 3423261895, 2975552295, 4001538629, 2772548314, 3967587804, 4136913396, 2429126635, 2790646252, 3566832588, 3001202278, 3722344759, 3785181264, 3869404528, 3279016197, 1204489065, 4080060350, 2388424443, 1033879425, 1986955073, 3958077373, 512370869, 941390688, 3423325192, 4270653442, 2573841329, 1416784045, 1596715947, 4020409573, 2264628676, 2134809652, 724770186, 1369750212, 3744203530, 2090248582, 597399166, 4033734220, 854804261, 3490699483, 2719402308, 2432476480, 2800188196, 3692985510, 3080803349, 3751937830, 1573849609, 2782434636, 1978855034, 1896936007, 2285310911, 1502195254, 794797749, 516028652, 4177616519, 1356489465, 2726515373, 1710899620, 1833410648, 3979063684, 868192028, 1291348844, 1721230939, 1771840944, 1682105672, 2988943696, 185110285, 686868716, 3538395739, 1017801324, 3805257095, 1288432796, 1385561830, 3446755407, 1109103720, 2315967232, 1206269534, 2272931876, 2038834230, 2212106765, 3326682234, 1352679008, 3797885645, 3158651517, 2524271421, 1375596413, 4030105986, 3839601934, 4158043254, 2837838047, 295470062, 3218817419, 1969904575, 611360733, 2923253654, 3633309660, 1455242538, 774132656, 3575204050, 777854578, 3006960674, 3477732722, 656360828, 1986764499, 825211222, 2690870290, 40749635, 3406910601, 120928952, 1537396287, 1504473793, 1932451552, 1161801547, 2563989483, 857933828, 3243451243, 2064998923, 4294729855, 1723573499, 4068999828, 3961108119, 1484156658, 2836049794, 3769782937, 433299056, 1343274505, 2299533210, 88156732, 2635640706, 4004136922, 36667231, 2927726140, 1075430373, 1110629839, 1605878349, 1637036428, 1148162478, 2550123001, 315114938, 2191506711, 3717577020, 3746790725, 3902672821, 3265420440, 33776424, 2927488078, 1720450641, 2170496308, 779857246, 199228723, 1183736773, 2442597669, 2663363388, 4170786728, 3779684215, 3147545155, 1959268495, 2290970052, 1009398075, 1510944649, 1142718244, 3463608582, 2614317666, 2485142374, 1383472283, 2292254380, 2636754817, 4270288301, 1488106406, 78603951, 3229306077, 2854293760, 1428474502, 2907841940, 2332376938, 202375304, 2010458253, 1371798952, 2720558895, 2961634662, 110019551, 450273046, 3974226248, 1680551313, 1925718829, 3321799467, 2928581777, 1771932413, 1931852577, 538476864, 2559521451, 2197062125, 2871854426, 1296978147, 2926127517, 4081918796, 233185265, 502477526, 1160484390, 1481248360, 1492269219, 147724665, 1526887308, 1111535160, 457984918, 3709197623, 4099877222, 1644978270, 360423590, 651574502, 2357749132, 2730793432, 3401297177, 320538307, 3041065955, 2968134007, 3901681261, 2970660833, 3586386466, 479975233, 3358469867, 827379173, 3010192005, 1867487647, 1664335800, 3215502367, 909052774, 1742580972, 953714068, 2379840910, 2336922728, 1474988480, 509850410, 1214091388, 77805915, 857883089, 3027434026, 4016538095, 649430398, 3407400628, 2014757002, 1073573163, 3844467434, 3574826479, 4035803701, 1346055369, 2603401186, 3370406083, 3703347275, 913058578, 1307006211, 2105028752, 2281087717, 745120657, 1486248339, 770602830, 2888871422, 1163459172, 107435352, 2751764837, 849650678, 2890857933, 4021359170, 2507867810, 271088504, 4224765592, 2713747299, 3558651950, 1838788360, 151113648, 1652313463, 3385231177, 2127314351, 3989459235, 3374034887, 578182142, 3171810809, 3072855024, 1488433187, 1406991370, 3173440069, 3360432168, 242304876, 2248079793, 2282937447, 794649264, 1204067052, 1562022899, 3756242485, 2500954153, 2266331973, 1251318434, 4067270987, 1555420179, 327884775, 693070655, 954829775, 1968843480, 2928040901, 2390741332, 3629340670, 4208135208, 2561332970, 3100171879, 1126967538, 2515770149, 757550192, 3685693095, 966645130, 1579354167, 1915076701, 2869775974, 2047576680, 2246009827, 3244009644, 1893412941, 3023513848, 2094064271, 3456073961, 4025807126, 1362960101, 489752575, 256962779, 723397008, 343680935, 3083781631, 2616959922, 2639704461, 970493402, 2869799842, 1023938853, 2045190325, 3582595486, 104), None)
Loaded weights: -0.5950617790125626, -1.978272938711014, 0.7951034187030579, 0.0, 0.0
events: me killed itself, 
  ----
(3, (3956472600, 133973230, 2603868935, 3590865930, 2732707580, 2298594562, 431227785, 58193381, 3310097925, 3146382617, 3029125788, 1650967967, 1256070732, 2371857181, 153181537, 1360897449, 2077425657, 4294571733, 962191925, 1404093880, 788623553, 1368855887, 1946435293, 1911453926, 3323016971, 1483673730, 3109733048, 2902991341, 1804609791, 44803245, 240176514, 1242703665, 3484783164, 3428687748, 2381654092, 52855604, 1438799957, 471648647, 253188990, 3581697674, 181107305, 2112165458, 2214317498, 2921123849, 3008070091, 1873804583, 2095571021, 1071785927, 285761476, 1523052521, 2426476253, 485416926, 1000168098, 3866354480, 3314110363, 1110099757, 439135700, 1099989777, 3566866995, 2659772675, 366706677, 1831904761, 2119560811, 2443242084, 2654121332, 1129274878, 3486110912, 374803655, 208009908, 2145148052, 3862387314, 3496194254, 3377936102, 2042993908, 349610638, 2481734206, 499383351, 3047720271, 2540712138, 379103416, 3783183733, 2898850367, 2997181500, 3266800879, 2792392186, 3769079328, 2869518371, 120994984, 328357645, 2084766864, 1717697582, 4231403190, 2216700650, 3919292399, 2065641463, 1422332857, 3058251482, 3568226658, 3754059934, 83037544, 1880979826, 848913258, 1019396633, 1514667467, 1481676698, 2425060046, 3039304894, 1250283294, 3429524664, 3869504595, 1841940807, 2375823133, 3371290236, 250434794, 1004620620, 1129466152, 4122833269, 396959242, 2711274665, 1111153477, 881095143, 1914519948, 936675088, 126184315, 2182358352, 3862800696, 3177478638, 326113409, 1587782882, 2698910925, 1487381738, 380899908, 3913695914, 1137603366, 1072812012, 3319594596, 3722145362, 640328027, 2993154881, 1083614392, 4044686356, 4234123566, 3809917624, 2166550802, 3400748804, 719737276, 2701586503, 1923379578, 3831272938, 3428660256, 1788629297, 273720583, 2173228592, 3046536442, 550864546, 1687300266, 2188726191, 3577596250, 735053676, 798356250, 259127885, 3324109686, 1782401353, 3021671472, 1755967971, 34287889, 4154300843, 1207872818, 2744877504, 1592134188, 2345169809, 2943046212, 1618674840, 1083851853, 3106437061, 1927403866, 2107053170, 656545042, 3609239325, 749113652, 778434178, 3268777378, 1946952963, 719598504, 2940841851, 4057110657, 487844048, 4107709034, 310404627, 1280682881, 2814066596, 1312944559, 562010412, 3833620466, 4022002730, 331910114, 466781748, 677553407, 3677878440, 3551566638, 1122769561, 4286553038, 171626375, 2301915965, 1275579041, 3825465220, 2782040072, 3877236426, 2909454232, 2579990805, 717302602, 2601626056, 2944177065, 482967285, 3096657205, 1466170827, 914483666, 1479507167, 2996681031, 3232417343, 1754197071, 4294357889, 4162532133, 2504217946, 2479489732, 1834715399, 363258435, 770569485, 179998101, 2912184556, 2527246991, 346797286, 2099809063, 1427555475, 193541111, 2652252485, 3450692076, 3711591206, 782824569, 2938904343, 3257136064, 265264075, 3589842918, 121023598, 1077790725, 496690089, 3537838194, 521408848, 947610240, 1598542241, 2160764725, 2927008491, 2687537258, 3027639088, 1738398122, 910285817, 2599306122, 146257946, 453058282, 4032898960, 4046387441, 2899583419, 2869012611, 35220053, 3691013144, 564951283, 1412747816, 2155019374, 2425563657, 2499572169, 1334816656, 4225862195, 2637046319, 1147352909, 2166561206, 43755628, 1948768880, 2451098382, 1697736698, 1734069807, 3955936187, 295118833, 2022204712, 1913340318, 4250122066, 1156107182, 3417829640, 4023527261, 3270697401, 1473261474, 831034079, 4190694456, 2273009153, 3423261895, 2975552295, 4001538629, 2772548314, 3967587804, 4136913396, 2429126635, 2790646252, 3566832588, 3001202278, 3722344759, 3785181264, 3869404528, 3279016197, 1204489065, 4080060350, 2388424443, 1033879425, 1986955073, 3958077373, 512370869, 941390688, 3423325192, 4270653442, 2573841329, 1416784045, 1596715947, 4020409573, 2264628676, 2134809652, 724770186, 1369750212, 3744203530, 2090248582, 597399166, 4033734220, 854804261, 3490699483, 2719402308, 2432476480, 2800188196, 3692985510, 3080803349, 3751937830, 1573849609, 2782434636, 1978855034, 1896936007, 2285310911, 1502195254, 794797749, 516028652, 4177616519, 1356489465, 2726515373, 1710899620, 1833410648, 3979063684, 868192028, 1291348844, 1721230939, 1771840944, 1682105672, 2988943696, 185110285, 686868716, 3538395739, 1017801324, 3805257095, 1288432796, 1385561830, 3446755407, 1109103720, 2315967232, 1206269534, 2272931876, 2038834230, 2212106765, 3326682234, 1352679008, 3797885645, 3158651517, 2524271421, 1375596413, 4030105986, 3839601934, 4158043254, 2837838047, 295470062, 3218817419, 1969904575, 611360733, 2923253654, 3633309660, 1455242538, 774132656, 3575204050, 777854578, 3006960674, 3477732722, 656360828, 1986764499, 825211222, 2690870290, 40749635, 3406910601, 120928952, 1537396287, 1504473793, 1932451552, 1161801547, 2563989483, 857933828, 3243451243, 2064998923, 4294729855, 1723573499, 4068999828, 3961108119, 1484156658, 2836049794, 3769782937, 433299056, 1343274505, 2299533210, 88156732, 2635640706, 4004136922, 36667231, 2927726140, 1075430373, 1110629839, 1605878349, 1637036428, 1148162478, 2550123001, 315114938, 2191506711, 3717577020, 3746790725, 3902672821, 3265420440, 33776424, 2927488078, 1720450641, 2170496308, 779857246, 199228723, 1183736773, 2442597669, 2663363388, 4170786728, 3779684215, 3147545155, 1959268495, 2290970052, 1009398075, 1510944649, 1142718244, 3463608582, 2614317666, 2485142374, 1383472283, 2292254380, 2636754817, 4270288301, 1488106406, 78603951, 3229306077, 2854293760, 1428474502, 2907841940, 2332376938, 202375304, 2010458253, 1371798952, 2720558895, 2961634662, 110019551, 450273046, 3974226248, 1680551313, 1925718829, 3321799467, 2928581777, 1771932413, 1931852577, 538476864, 2559521451, 2197062125, 2871854426, 1296978147, 2926127517, 4081918796, 233185265, 502477526, 1160484390, 1481248360, 1492269219, 147724665, 1526887308, 1111535160, 457984918, 3709197623, 4099877222, 1644978270, 360423590, 651574502, 2357749132, 2730793432, 3401297177, 320538307, 3041065955, 2968134007, 3901681261, 2970660833, 3586386466, 479975233, 3358469867, 827379173, 3010192005, 1867487647, 1664335800, 3215502367, 909052774, 1742580972, 953714068, 2379840910, 2336922728, 1474988480, 509850410, 1214091388, 77805915, 857883089, 3027434026, 4016538095, 649430398, 3407400628, 2014757002, 1073573163, 3844467434, 3574826479, 4035803701, 1346055369, 2603401186, 3370406083, 3703347275, 913058578, 1307006211, 2105028752, 2281087717, 745120657, 1486248339, 770602830, 2888871422, 1163459172, 107435352, 2751764837, 849650678, 2890857933, 4021359170, 2507867810, 271088504, 4224765592, 2713747299, 3558651950, 1838788360, 151113648, 1652313463, 3385231177, 2127314351, 3989459235, 3374034887, 578182142, 3171810809, 3072855024, 1488433187, 1406991370, 3173440069, 3360432168, 242304876, 2248079793, 2282937447, 794649264, 1204067052, 1562022899, 3756242485, 2500954153, 2266331973, 1251318434, 4067270987, 1555420179, 327884775, 693070655, 954829775, 1968843480, 2928040901, 2390741332, 3629340670, 4208135208, 2561332970, 3100171879, 1126967538, 2515770149, 757550192, 3685693095, 966645130, 1579354167, 1915076701, 2869775974, 2047576680, 2246009827, 3244009644, 1893412941, 3023513848, 2094064271, 3456073961, 4025807126, 1362960101, 489752575, 256962779, 723397008, 343680935, 3083781631, 2616959922, 2639704461, 970493402, 2869799842, 1023938853, 2045190325, 3582595486, 183), None)
Loaded weights: -0.7251110977407816, -2.396339224860749, 1.0476683249691154, 0.0, 0.0
events: me killed itself, 
  ----
(3, (3956472600, 133973230, 2603868935, 3590865930, 2732707580, 2298594562, 431227785, 58193381, 3310097925, 3146382617, 3029125788, 1650967967, 1256070732, 2371857181, 153181537, 1360897449, 2077425657, 4294571733, 962191925, 1404093880, 788623553, 1368855887, 1946435293, 1911453926, 3323016971, 1483673730, 3109733048, 2902991341, 1804609791, 44803245, 240176514, 1242703665, 3484783164, 3428687748, 2381654092, 52855604, 1438799957, 471648647, 253188990, 3581697674, 181107305, 2112165458, 2214317498, 2921123849, 3008070091, 1873804583, 2095571021, 1071785927, 285761476, 1523052521, 2426476253, 485416926, 1000168098, 3866354480, 3314110363, 1110099757, 439135700, 1099989777, 3566866995, 2659772675, 366706677, 1831904761, 2119560811, 2443242084, 2654121332, 1129274878, 3486110912, 374803655, 208009908, 2145148052, 3862387314, 3496194254, 3377936102, 2042993908, 349610638, 2481734206, 499383351, 3047720271, 2540712138, 379103416, 3783183733, 2898850367, 2997181500, 3266800879, 2792392186, 3769079328, 2869518371, 120994984, 328357645, 2084766864, 1717697582, 4231403190, 2216700650, 3919292399, 2065641463, 1422332857, 3058251482, 3568226658, 3754059934, 83037544, 1880979826, 848913258, 1019396633, 1514667467, 1481676698, 2425060046, 3039304894, 1250283294, 3429524664, 3869504595, 1841940807, 2375823133, 3371290236, 250434794, 1004620620, 1129466152, 4122833269, 396959242, 2711274665, 1111153477, 881095143, 1914519948, 936675088, 126184315, 2182358352, 3862800696, 3177478638, 326113409, 1587782882, 2698910925, 1487381738, 380899908, 3913695914, 1137603366, 1072812012, 3319594596, 3722145362, 640328027, 2993154881, 1083614392, 4044686356, 4234123566, 3809917624, 2166550802, 3400748804, 719737276, 2701586503, 1923379578, 3831272938, 3428660256, 1788629297, 273720583, 2173228592, 3046536442, 550864546, 1687300266, 2188726191, 3577596250, 735053676, 798356250, 259127885, 3324109686, 1782401353, 3021671472, 1755967971, 34287889, 4154300843, 1207872818, 2744877504, 1592134188, 2345169809, 2943046212, 1618674840, 1083851853, 3106437061, 1927403866, 2107053170, 656545042, 3609239325, 749113652, 778434178, 3268777378, 1946952963, 719598504, 2940841851, 4057110657, 487844048, 4107709034, 310404627, 1280682881, 2814066596, 1312944559, 562010412, 3833620466, 4022002730, 331910114, 466781748, 677553407, 3677878440, 3551566638, 1122769561, 4286553038, 171626375, 2301915965, 1275579041, 3825465220, 2782040072, 3877236426, 2909454232, 2579990805, 717302602, 2601626056, 2944177065, 482967285, 3096657205, 1466170827, 914483666, 1479507167, 2996681031, 3232417343, 1754197071, 4294357889, 4162532133, 2504217946, 2479489732, 1834715399, 363258435, 770569485, 179998101, 2912184556, 2527246991, 346797286, 2099809063, 1427555475, 193541111, 2652252485, 3450692076, 3711591206, 782824569, 2938904343, 3257136064, 265264075, 3589842918, 121023598, 1077790725, 496690089, 3537838194, 521408848, 947610240, 1598542241, 2160764725, 2927008491, 2687537258, 3027639088, 1738398122, 910285817, 2599306122, 146257946, 453058282, 4032898960, 4046387441, 2899583419, 2869012611, 35220053, 3691013144, 564951283, 1412747816, 2155019374, 2425563657, 2499572169, 1334816656, 4225862195, 2637046319, 1147352909, 2166561206, 43755628, 1948768880, 2451098382, 1697736698, 1734069807, 3955936187, 295118833, 2022204712, 1913340318, 4250122066, 1156107182, 3417829640, 4023527261, 3270697401, 1473261474, 831034079, 4190694456, 2273009153, 3423261895, 2975552295, 4001538629, 2772548314, 3967587804, 4136913396, 2429126635, 2790646252, 3566832588, 3001202278, 3722344759, 3785181264, 3869404528, 3279016197, 1204489065, 4080060350, 2388424443, 1033879425, 1986955073, 3958077373, 512370869, 941390688, 3423325192, 4270653442, 2573841329, 1416784045, 1596715947, 4020409573, 2264628676, 2134809652, 724770186, 1369750212, 3744203530, 2090248582, 597399166, 4033734220, 854804261, 3490699483, 2719402308, 2432476480, 2800188196, 3692985510, 3080803349, 3751937830, 1573849609, 2782434636, 1978855034, 1896936007, 2285310911, 1502195254, 794797749, 516028652, 4177616519, 1356489465, 2726515373, 1710899620, 1833410648, 3979063684, 868192028, 1291348844, 1721230939, 1771840944, 1682105672, 2988943696, 185110285, 686868716, 3538395739, 1017801324, 3805257095, 1288432796, 1385561830, 3446755407, 1109103720, 2315967232, 1206269534, 2272931876, 2038834230, 2212106765, 3326682234, 1352679008, 3797885645, 3158651517, 2524271421, 1375596413, 4030105986, 3839601934, 4158043254, 2837838047, 295470062, 3218817419, 1969904575, 611360733, 2923253654, 3633309660, 1455242538, 774132656, 3575204050, 777854578, 3006960674, 3477732722, 656360828, 1986764499, 825211222, 2690870290, 40749635, 3406910601, 120928952, 1537396287, 1504473793, 1932451552, 1161801547, 2563989483, 857933828, 3243451243, 2064998923, 4294729855, 1723573499, 4068999828, 3961108119, 1484156658, 2836049794, 3769782937, 433299056, 1343274505, 2299533210, 88156732, 2635640706, 4004136922, 36667231, 2927726140, 1075430373, 1110629839, 1605878349, 1637036428, 1148162478, 2550123001, 315114938, 2191506711, 3717577020, 3746790725, 3902672821, 3265420440, 33776424, 2927488078, 1720450641, 2170496308, 779857246, 199228723, 1183736773, 2442597669, 2663363388, 4170786728, 3779684215, 3147545155, 1959268495, 2290970052, 1009398075, 1510944649, 1142718244, 3463608582, 2614317666, 2485142374, 1383472283, 2292254380, 2636754817, 4270288301, 1488106406, 78603951, 3229306077, 2854293760, 1428474502, 2907841940, 2332376938, 202375304, 2010458253, 1371798952, 2720558895, 2961634662, 110019551, 450273046, 3974226248, 1680551313, 1925718829, 3321799467, 2928581777, 1771932413, 1931852577, 538476864, 2559521451, 2197062125, 2871854426, 1296978147, 2926127517, 4081918796, 233185265, 502477526, 1160484390, 1481248360, 1492269219, 147724665, 1526887308, 1111535160, 457984918, 3709197623, 4099877222, 1644978270, 360423590, 651574502, 2357749132, 2730793432, 3401297177, 320538307, 3041065955, 2968134007, 3901681261, 2970660833, 3586386466, 479975233, 3358469867, 827379173, 3010192005, 1867487647, 1664335800, 3215502367, 909052774, 1742580972, 953714068, 2379840910, 2336922728, 1474988480, 509850410, 1214091388, 77805915, 857883089, 3027434026, 4016538095, 649430398, 3407400628, 2014757002, 1073573163, 3844467434, 3574826479, 4035803701, 1346055369, 2603401186, 3370406083, 3703347275, 913058578, 1307006211, 2105028752, 2281087717, 745120657, 1486248339, 770602830, 2888871422, 1163459172, 107435352, 2751764837, 849650678, 2890857933, 4021359170, 2507867810, 271088504, 4224765592, 2713747299, 3558651950, 1838788360, 151113648, 1652313463, 3385231177, 2127314351, 3989459235, 3374034887, 578182142, 3171810809, 3072855024, 1488433187, 1406991370, 3173440069, 3360432168, 242304876, 2248079793, 2282937447, 794649264, 1204067052, 1562022899, 3756242485, 2500954153, 2266331973, 1251318434, 4067270987, 1555420179, 327884775, 693070655, 954829775, 1968843480, 2928040901, 2390741332, 3629340670, 4208135208, 2561332970, 3100171879, 1126967538, 2515770149, 757550192, 3685693095, 966645130, 1579354167, 1915076701, 2869775974, 2047576680, 2246009827, 3244009644, 1893412941, 3023513848, 2094064271, 3456073961, 4025807126, 1362960101, 489752575, 256962779, 723397008, 343680935, 3083781631, 2616959922, 2639704461, 970493402, 2869799842, 1023938853, 2045190325, 3582595486, 257), None)
Loaded weights: -0.8694855709897253, -2.396339224860749, 0.8210868298417486, 0.0, 0.0
events: me killed itself, 
  ----
(3, (3956472600, 133973230, 2603868935, 3590865930, 2732707580, 2298594562, 431227785, 58193381, 3310097925, 3146382617, 3029125788, 1650967967, 1256070732, 2371857181, 153181537, 1360897449, 2077425657, 4294571733, 962191925, 1404093880, 788623553, 1368855887, 1946435293, 1911453926, 3323016971, 1483673730, 3109733048, 2902991341, 1804609791, 44803245, 240176514, 1242703665, 3484783164, 3428687748, 2381654092, 52855604, 1438799957, 471648647, 253188990, 3581697674, 181107305, 2112165458, 2214317498, 2921123849, 3008070091, 1873804583, 2095571021, 1071785927, 285761476, 1523052521, 2426476253, 485416926, 1000168098, 3866354480, 3314110363, 1110099757, 439135700, 1099989777, 3566866995, 2659772675, 366706677, 1831904761, 2119560811, 2443242084, 2654121332, 1129274878, 3486110912, 374803655, 208009908, 2145148052, 3862387314, 3496194254, 3377936102, 2042993908, 349610638, 2481734206, 499383351, 3047720271, 2540712138, 379103416, 3783183733, 2898850367, 2997181500, 3266800879, 2792392186, 3769079328, 2869518371, 120994984, 328357645, 2084766864, 1717697582, 4231403190, 2216700650, 3919292399, 2065641463, 1422332857, 3058251482, 3568226658, 3754059934, 83037544, 1880979826, 848913258, 1019396633, 1514667467, 1481676698, 2425060046, 3039304894, 1250283294, 3429524664, 3869504595, 1841940807, 2375823133, 3371290236, 250434794, 1004620620, 1129466152, 4122833269, 396959242, 2711274665, 1111153477, 881095143, 1914519948, 936675088, 126184315, 2182358352, 3862800696, 3177478638, 326113409, 1587782882, 2698910925, 1487381738, 380899908, 3913695914, 1137603366, 1072812012, 3319594596, 3722145362, 640328027, 2993154881, 1083614392, 4044686356, 4234123566, 3809917624, 2166550802, 3400748804, 719737276, 2701586503, 1923379578, 3831272938, 3428660256, 1788629297, 273720583, 2173228592, 3046536442, 550864546, 1687300266, 2188726191, 3577596250, 735053676, 798356250, 259127885, 3324109686, 1782401353, 3021671472, 1755967971, 34287889, 4154300843, 1207872818, 2744877504, 1592134188, 2345169809, 2943046212, 1618674840, 1083851853, 3106437061, 1927403866, 2107053170, 656545042, 3609239325, 749113652, 778434178, 3268777378, 1946952963, 719598504, 2940841851, 4057110657, 487844048, 4107709034, 310404627, 1280682881, 2814066596, 1312944559, 562010412, 3833620466, 4022002730, 331910114, 466781748, 677553407, 3677878440, 3551566638, 1122769561, 4286553038, 171626375, 2301915965, 1275579041, 3825465220, 2782040072, 3877236426, 2909454232, 2579990805, 717302602, 2601626056, 2944177065, 482967285, 3096657205, 1466170827, 914483666, 1479507167, 2996681031, 3232417343, 1754197071, 4294357889, 4162532133, 2504217946, 2479489732, 1834715399, 363258435, 770569485, 179998101, 2912184556, 2527246991, 346797286, 2099809063, 1427555475, 193541111, 2652252485, 3450692076, 3711591206, 782824569, 2938904343, 3257136064, 265264075, 3589842918, 121023598, 1077790725, 496690089, 3537838194, 521408848, 947610240, 1598542241, 2160764725, 2927008491, 2687537258, 3027639088, 1738398122, 910285817, 2599306122, 146257946, 453058282, 4032898960, 4046387441, 2899583419, 2869012611, 35220053, 3691013144, 564951283, 1412747816, 2155019374, 2425563657, 2499572169, 1334816656, 4225862195, 2637046319, 1147352909, 2166561206, 43755628, 1948768880, 2451098382, 1697736698, 1734069807, 3955936187, 295118833, 2022204712, 1913340318, 4250122066, 1156107182, 3417829640, 4023527261, 3270697401, 1473261474, 831034079, 4190694456, 2273009153, 3423261895, 2975552295, 4001538629, 2772548314, 3967587804, 4136913396, 2429126635, 2790646252, 3566832588, 3001202278, 3722344759, 3785181264, 3869404528, 3279016197, 1204489065, 4080060350, 2388424443, 1033879425, 1986955073, 3958077373, 512370869, 941390688, 3423325192, 4270653442, 2573841329, 1416784045, 1596715947, 4020409573, 2264628676, 2134809652, 724770186, 1369750212, 3744203530, 2090248582, 597399166, 4033734220, 854804261, 3490699483, 2719402308, 2432476480, 2800188196, 3692985510, 3080803349, 3751937830, 1573849609, 2782434636, 1978855034, 1896936007, 2285310911, 1502195254, 794797749, 516028652, 4177616519, 1356489465, 2726515373, 1710899620, 1833410648, 3979063684, 868192028, 1291348844, 1721230939, 1771840944, 1682105672, 2988943696, 185110285, 686868716, 3538395739, 1017801324, 3805257095, 1288432796, 1385561830, 3446755407, 1109103720, 2315967232, 1206269534, 2272931876, 2038834230, 2212106765, 3326682234, 1352679008, 3797885645, 3158651517, 2524271421, 1375596413, 4030105986, 3839601934, 4158043254, 2837838047, 295470062, 3218817419, 1969904575, 611360733, 2923253654, 3633309660, 1455242538, 774132656, 3575204050, 777854578, 3006960674, 3477732722, 656360828, 1986764499, 825211222, 2690870290, 40749635, 3406910601, 120928952, 1537396287, 1504473793, 1932451552, 1161801547, 2563989483, 857933828, 3243451243, 2064998923, 4294729855, 1723573499, 4068999828, 3961108119, 1484156658, 2836049794, 3769782937, 433299056, 1343274505, 2299533210, 88156732, 2635640706, 4004136922, 36667231, 2927726140, 1075430373, 1110629839, 1605878349, 1637036428, 1148162478, 2550123001, 315114938, 2191506711, 3717577020, 3746790725, 3902672821, 3265420440, 33776424, 2927488078, 1720450641, 2170496308, 779857246, 199228723, 1183736773, 2442597669, 2663363388, 4170786728, 3779684215, 3147545155, 1959268495, 2290970052, 1009398075, 1510944649, 1142718244, 3463608582, 2614317666, 2485142374, 1383472283, 2292254380, 2636754817, 4270288301, 1488106406, 78603951, 3229306077, 2854293760, 1428474502, 2907841940, 2332376938, 202375304, 2010458253, 1371798952, 2720558895, 2961634662, 110019551, 450273046, 3974226248, 1680551313, 1925718829, 3321799467, 2928581777, 1771932413, 1931852577, 538476864, 2559521451, 2197062125, 2871854426, 1296978147, 2926127517, 4081918796, 233185265, 502477526, 1160484390, 1481248360, 1492269219, 147724665, 1526887308, 1111535160, 457984918, 3709197623, 4099877222, 1644978270, 360423590, 651574502, 2357749132, 2730793432, 3401297177, 320538307, 3041065955, 2968134007, 3901681261, 2970660833, 3586386466, 479975233, 3358469867, 827379173, 3010192005, 1867487647, 1664335800, 3215502367, 909052774, 1742580972, 953714068, 2379840910, 2336922728, 1474988480, 509850410, 1214091388, 77805915, 857883089, 3027434026, 4016538095, 649430398, 3407400628, 2014757002, 1073573163, 3844467434, 3574826479, 4035803701, 1346055369, 2603401186, 3370406083, 3703347275, 913058578, 1307006211, 2105028752, 2281087717, 745120657, 1486248339, 770602830, 2888871422, 1163459172, 107435352, 2751764837, 849650678, 2890857933, 4021359170, 2507867810, 271088504, 4224765592, 2713747299, 3558651950, 1838788360, 151113648, 1652313463, 3385231177, 2127314351, 3989459235, 3374034887, 578182142, 3171810809, 3072855024, 1488433187, 1406991370, 3173440069, 3360432168, 242304876, 2248079793, 2282937447, 794649264, 1204067052, 1562022899, 3756242485, 2500954153, 2266331973, 1251318434, 4067270987, 1555420179, 327884775, 693070655, 954829775, 1968843480, 2928040901, 2390741332, 3629340670, 4208135208, 2561332970, 3100171879, 1126967538, 2515770149, 757550192, 3685693095, 966645130, 1579354167, 1915076701, 2869775974, 2047576680, 2246009827, 3244009644, 1893412941, 3023513848, 2094064271, 3456073961, 4025807126, 1362960101, 489752575, 256962779, 723397008, 343680935, 3083781631, 2616959922, 2639704461, 970493402, 2869799842, 1023938853, 2045190325, 3582595486, 362), None)
Loaded weights: -0.9253991999602801, -2.9020562582484573, 0.8816189972203359, 0.0, 0.0
events: me killed itself, 
  ----
(3, (3956472600, 133973230, 2603868935, 3590865930, 2732707580, 2298594562, 431227785, 58193381, 3310097925, 3146382617, 3029125788, 1650967967, 1256070732, 2371857181, 153181537, 1360897449, 2077425657, 4294571733, 962191925, 1404093880, 788623553, 1368855887, 1946435293, 1911453926, 3323016971, 1483673730, 3109733048, 2902991341, 1804609791, 44803245, 240176514, 1242703665, 3484783164, 3428687748, 2381654092, 52855604, 1438799957, 471648647, 253188990, 3581697674, 181107305, 2112165458, 2214317498, 2921123849, 3008070091, 1873804583, 2095571021, 1071785927, 285761476, 1523052521, 2426476253, 485416926, 1000168098, 3866354480, 3314110363, 1110099757, 439135700, 1099989777, 3566866995, 2659772675, 366706677, 1831904761, 2119560811, 2443242084, 2654121332, 1129274878, 3486110912, 374803655, 208009908, 2145148052, 3862387314, 3496194254, 3377936102, 2042993908, 349610638, 2481734206, 499383351, 3047720271, 2540712138, 379103416, 3783183733, 2898850367, 2997181500, 3266800879, 2792392186, 3769079328, 2869518371, 120994984, 328357645, 2084766864, 1717697582, 4231403190, 2216700650, 3919292399, 2065641463, 1422332857, 3058251482, 3568226658, 3754059934, 83037544, 1880979826, 848913258, 1019396633, 1514667467, 1481676698, 2425060046, 3039304894, 1250283294, 3429524664, 3869504595, 1841940807, 2375823133, 3371290236, 250434794, 1004620620, 1129466152, 4122833269, 396959242, 2711274665, 1111153477, 881095143, 1914519948, 936675088, 126184315, 2182358352, 3862800696, 3177478638, 326113409, 1587782882, 2698910925, 1487381738, 380899908, 3913695914, 1137603366, 1072812012, 3319594596, 3722145362, 640328027, 2993154881, 1083614392, 4044686356, 4234123566, 3809917624, 2166550802, 3400748804, 719737276, 2701586503, 1923379578, 3831272938, 3428660256, 1788629297, 273720583, 2173228592, 3046536442, 550864546, 1687300266, 2188726191, 3577596250, 735053676, 798356250, 259127885, 3324109686, 1782401353, 3021671472, 1755967971, 34287889, 4154300843, 1207872818, 2744877504, 1592134188, 2345169809, 2943046212, 1618674840, 1083851853, 3106437061, 1927403866, 2107053170, 656545042, 3609239325, 749113652, 778434178, 3268777378, 1946952963, 719598504, 2940841851, 4057110657, 487844048, 4107709034, 310404627, 1280682881, 2814066596, 1312944559, 562010412, 3833620466, 4022002730, 331910114, 466781748, 677553407, 3677878440, 3551566638, 1122769561, 4286553038, 171626375, 2301915965, 1275579041, 3825465220, 2782040072, 3877236426, 2909454232, 2579990805, 717302602, 2601626056, 2944177065, 482967285, 3096657205, 1466170827, 914483666, 1479507167, 2996681031, 3232417343, 1754197071, 4294357889, 4162532133, 2504217946, 2479489732, 1834715399, 363258435, 770569485, 179998101, 2912184556, 2527246991, 346797286, 2099809063, 1427555475, 193541111, 2652252485, 3450692076, 3711591206, 782824569, 2938904343, 3257136064, 265264075, 3589842918, 121023598, 1077790725, 496690089, 3537838194, 521408848, 947610240, 1598542241, 2160764725, 2927008491, 2687537258, 3027639088, 1738398122, 910285817, 2599306122, 146257946, 453058282, 4032898960, 4046387441, 2899583419, 2869012611, 35220053, 3691013144, 564951283, 1412747816, 2155019374, 2425563657, 2499572169, 1334816656, 4225862195, 2637046319, 1147352909, 2166561206, 43755628, 1948768880, 2451098382, 1697736698, 1734069807, 3955936187, 295118833, 2022204712, 1913340318, 4250122066, 1156107182, 3417829640, 4023527261, 3270697401, 1473261474, 831034079, 4190694456, 2273009153, 3423261895, 2975552295, 4001538629, 2772548314, 3967587804, 4136913396, 2429126635, 2790646252, 3566832588, 3001202278, 3722344759, 3785181264, 3869404528, 3279016197, 1204489065, 4080060350, 2388424443, 1033879425, 1986955073, 3958077373, 512370869, 941390688, 3423325192, 4270653442, 2573841329, 1416784045, 1596715947, 4020409573, 2264628676, 2134809652, 724770186, 1369750212, 3744203530, 2090248582, 597399166, 4033734220, 854804261, 3490699483, 2719402308, 2432476480, 2800188196, 3692985510, 3080803349, 3751937830, 1573849609, 2782434636, 1978855034, 1896936007, 2285310911, 1502195254, 794797749, 516028652, 4177616519, 1356489465, 2726515373, 1710899620, 1833410648, 3979063684, 868192028, 1291348844, 1721230939, 1771840944, 1682105672, 2988943696, 185110285, 686868716, 3538395739, 1017801324, 3805257095, 1288432796, 1385561830, 3446755407, 1109103720, 2315967232, 1206269534, 2272931876, 2038834230, 2212106765, 3326682234, 1352679008, 3797885645, 3158651517, 2524271421, 1375596413, 4030105986, 3839601934, 4158043254, 2837838047, 295470062, 3218817419, 1969904575, 611360733, 2923253654, 3633309660, 1455242538, 774132656, 3575204050, 777854578, 3006960674, 3477732722, 656360828, 1986764499, 825211222, 2690870290, 40749635, 3406910601, 120928952, 1537396287, 1504473793, 1932451552, 1161801547, 2563989483, 857933828, 3243451243, 2064998923, 4294729855, 1723573499, 4068999828, 3961108119, 1484156658, 2836049794, 3769782937, 433299056, 1343274505, 2299533210, 88156732, 2635640706, 4004136922, 36667231, 2927726140, 1075430373, 1110629839, 1605878349, 1637036428, 1148162478, 2550123001, 315114938, 2191506711, 3717577020, 3746790725, 3902672821, 3265420440, 33776424, 2927488078, 1720450641, 2170496308, 779857246, 199228723, 1183736773, 2442597669, 2663363388, 4170786728, 3779684215, 3147545155, 1959268495, 2290970052, 1009398075, 1510944649, 1142718244, 3463608582, 2614317666, 2485142374, 1383472283, 2292254380, 2636754817, 4270288301, 1488106406, 78603951, 3229306077, 2854293760, 1428474502, 2907841940, 2332376938, 202375304, 2010458253, 1371798952, 2720558895, 2961634662, 110019551, 450273046, 3974226248, 1680551313, 1925718829, 3321799467, 2928581777, 1771932413, 1931852577, 538476864, 2559521451, 2197062125, 2871854426, 1296978147, 2926127517, 4081918796, 233185265, 502477526, 1160484390, 1481248360, 1492269219, 147724665, 1526887308, 1111535160, 457984918, 3709197623, 4099877222, 1644978270, 360423590, 651574502, 2357749132, 2730793432, 3401297177, 320538307, 3041065955, 2968134007, 3901681261, 2970660833, 3586386466, 479975233, 3358469867, 827379173, 3010192005, 1867487647, 1664335800, 3215502367, 909052774, 1742580972, 953714068, 2379840910, 2336922728, 1474988480, 509850410, 1214091388, 77805915, 857883089, 3027434026, 4016538095, 649430398, 3407400628, 2014757002, 1073573163, 3844467434, 3574826479, 4035803701, 1346055369, 2603401186, 3370406083, 3703347275, 913058578, 1307006211, 2105028752, 2281087717, 745120657, 1486248339, 770602830, 2888871422, 1163459172, 107435352, 2751764837, 849650678, 2890857933, 4021359170, 2507867810, 271088504, 4224765592, 2713747299, 3558651950, 1838788360, 151113648, 1652313463, 3385231177, 2127314351, 3989459235, 3374034887, 578182142, 3171810809, 3072855024, 1488433187, 1406991370, 3173440069, 3360432168, 242304876, 2248079793, 2282937447, 794649264, 1204067052, 1562022899, 3756242485, 2500954153, 2266331973, 1251318434, 4067270987, 1555420179, 327884775, 693070655, 954829775, 1968843480, 2928040901, 2390741332, 3629340670, 4208135208, 2561332970, 3100171879, 1126967538, 2515770149, 757550192, 3685693095, 966645130, 1579354167, 1915076701, 2869775974, 2047576680, 2246009827, 3244009644, 1893412941, 3023513848, 2094064271, 3456073961, 4025807126, 1362960101, 489752575, 256962779, 723397008, 343680935, 3083781631, 2616959922, 2639704461, 970493402, 2869799842, 1023938853, 2045190325, 3582595486, 468), None)
Loaded weights: -0.9811825661951082, -3.3354471708994446, 0.8958321224340366, 0.0, 0.0
events: me killed itself, 
  ----
(3, (3956472600, 133973230, 2603868935, 3590865930, 2732707580, 2298594562, 431227785, 58193381, 3310097925, 3146382617, 3029125788, 1650967967, 1256070732, 2371857181, 153181537, 1360897449, 2077425657, 4294571733, 962191925, 1404093880, 788623553, 1368855887, 1946435293, 1911453926, 3323016971, 1483673730, 3109733048, 2902991341, 1804609791, 44803245, 240176514, 1242703665, 3484783164, 3428687748, 2381654092, 52855604, 1438799957, 471648647, 253188990, 3581697674, 181107305, 2112165458, 2214317498, 2921123849, 3008070091, 1873804583, 2095571021, 1071785927, 285761476, 1523052521, 2426476253, 485416926, 1000168098, 3866354480, 3314110363, 1110099757, 439135700, 1099989777, 3566866995, 2659772675, 366706677, 1831904761, 2119560811, 2443242084, 2654121332, 1129274878, 3486110912, 374803655, 208009908, 2145148052, 3862387314, 3496194254, 3377936102, 2042993908, 349610638, 2481734206, 499383351, 3047720271, 2540712138, 379103416, 3783183733, 2898850367, 2997181500, 3266800879, 2792392186, 3769079328, 2869518371, 120994984, 328357645, 2084766864, 1717697582, 4231403190, 2216700650, 3919292399, 2065641463, 1422332857, 3058251482, 3568226658, 3754059934, 83037544, 1880979826, 848913258, 1019396633, 1514667467, 1481676698, 2425060046, 3039304894, 1250283294, 3429524664, 3869504595, 1841940807, 2375823133, 3371290236, 250434794, 1004620620, 1129466152, 4122833269, 396959242, 2711274665, 1111153477, 881095143, 1914519948, 936675088, 126184315, 2182358352, 3862800696, 3177478638, 326113409, 1587782882, 2698910925, 1487381738, 380899908, 3913695914, 1137603366, 1072812012, 3319594596, 3722145362, 640328027, 2993154881, 1083614392, 4044686356, 4234123566, 3809917624, 2166550802, 3400748804, 719737276, 2701586503, 1923379578, 3831272938, 3428660256, 1788629297, 273720583, 2173228592, 3046536442, 550864546, 1687300266, 2188726191, 3577596250, 735053676, 798356250, 259127885, 3324109686, 1782401353, 3021671472, 1755967971, 34287889, 4154300843, 1207872818, 2744877504, 1592134188, 2345169809, 2943046212, 1618674840, 1083851853, 3106437061, 1927403866, 2107053170, 656545042, 3609239325, 749113652, 778434178, 3268777378, 1946952963, 719598504, 2940841851, 4057110657, 487844048, 4107709034, 310404627, 1280682881, 2814066596, 1312944559, 562010412, 3833620466, 4022002730, 331910114, 466781748, 677553407, 3677878440, 3551566638, 1122769561, 4286553038, 171626375, 2301915965, 1275579041, 3825465220, 2782040072, 3877236426, 2909454232, 2579990805, 717302602, 2601626056, 2944177065, 482967285, 3096657205, 1466170827, 914483666, 1479507167, 2996681031, 3232417343, 1754197071, 4294357889, 4162532133, 2504217946, 2479489732, 1834715399, 363258435, 770569485, 179998101, 2912184556, 2527246991, 346797286, 2099809063, 1427555475, 193541111, 2652252485, 3450692076, 3711591206, 782824569, 2938904343, 3257136064, 265264075, 3589842918, 121023598, 1077790725, 496690089, 3537838194, 521408848, 947610240, 1598542241, 2160764725, 2927008491, 2687537258, 3027639088, 1738398122, 910285817, 2599306122, 146257946, 453058282, 4032898960, 4046387441, 2899583419, 2869012611, 35220053, 3691013144, 564951283, 1412747816, 2155019374, 2425563657, 2499572169, 1334816656, 4225862195, 2637046319, 1147352909, 2166561206, 43755628, 1948768880, 2451098382, 1697736698, 1734069807, 3955936187, 295118833, 2022204712, 1913340318, 4250122066, 1156107182, 3417829640, 4023527261, 3270697401, 1473261474, 831034079, 4190694456, 2273009153, 3423261895, 2975552295, 4001538629, 2772548314, 3967587804, 4136913396, 2429126635, 2790646252, 3566832588, 3001202278, 3722344759, 3785181264, 3869404528, 3279016197, 1204489065, 4080060350, 2388424443, 1033879425, 1986955073, 3958077373, 512370869, 941390688, 3423325192, 4270653442, 2573841329, 1416784045, 1596715947, 4020409573, 2264628676, 2134809652, 724770186, 1369750212, 3744203530, 2090248582, 597399166, 4033734220, 854804261, 3490699483, 2719402308, 2432476480, 2800188196, 3692985510, 3080803349, 3751937830, 1573849609, 2782434636, 1978855034, 1896936007, 2285310911, 1502195254, 794797749, 516028652, 4177616519, 1356489465, 2726515373, 1710899620, 1833410648, 3979063684, 868192028, 1291348844, 1721230939, 1771840944, 1682105672, 2988943696, 185110285, 686868716, 3538395739, 1017801324, 3805257095, 1288432796, 1385561830, 3446755407, 1109103720, 2315967232, 1206269534, 2272931876, 2038834230, 2212106765, 3326682234, 1352679008, 3797885645, 3158651517, 2524271421, 1375596413, 4030105986, 3839601934, 4158043254, 2837838047, 295470062, 3218817419, 1969904575, 611360733, 2923253654, 3633309660, 1455242538, 774132656, 3575204050, 777854578, 3006960674, 3477732722, 656360828, 1986764499, 825211222, 2690870290, 40749635, 3406910601, 120928952, 1537396287, 1504473793, 1932451552, 1161801547, 2563989483, 857933828, 3243451243, 2064998923, 4294729855, 1723573499, 4068999828, 3961108119, 1484156658, 2836049794, 3769782937, 433299056, 1343274505, 2299533210, 88156732, 2635640706, 4004136922, 36667231, 2927726140, 1075430373, 1110629839, 1605878349, 1637036428, 1148162478, 2550123001, 315114938, 2191506711, 3717577020, 3746790725, 3902672821, 3265420440, 33776424, 2927488078, 1720450641, 2170496308, 779857246, 199228723, 1183736773, 2442597669, 2663363388, 4170786728, 3779684215, 3147545155, 1959268495, 2290970052, 1009398075, 1510944649, 1142718244, 3463608582, 2614317666, 2485142374, 1383472283, 2292254380, 2636754817, 4270288301, 1488106406, 78603951, 3229306077, 2854293760, 1428474502, 2907841940, 2332376938, 202375304, 2010458253, 1371798952, 2720558895, 2961634662, 110019551, 450273046, 3974226248, 1680551313, 1925718829, 3321799467, 2928581777, 1771932413, 1931852577, 538476864, 2559521451, 2197062125, 2871854426, 1296978147, 2926127517, 4081918796, 233185265, 502477526, 1160484390, 1481248360, 1492269219, 147724665, 1526887308, 1111535160, 457984918, 3709197623, 4099877222, 1644978270, 360423590, 651574502, 2357749132, 2730793432, 3401297177, 320538307, 3041065955, 2968134007, 3901681261, 2970660833, 3586386466, 479975233, 3358469867, 827379173, 3010192005, 1867487647, 1664335800, 3215502367, 909052774, 1742580972, 953714068, 2379840910, 2336922728, 1474988480, 509850410, 1214091388, 77805915, 857883089, 3027434026, 4016538095, 649430398, 3407400628, 2014757002, 1073573163, 3844467434, 3574826479, 4035803701, 1346055369, 2603401186, 3370406083, 3703347275, 913058578, 1307006211, 2105028752, 2281087717, 745120657, 1486248339, 770602830, 2888871422, 1163459172, 107435352, 2751764837, 849650678, 2890857933, 4021359170, 2507867810, 271088504, 4224765592, 2713747299, 3558651950, 1838788360, 151113648, 1652313463, 3385231177, 2127314351, 3989459235, 3374034887, 578182142, 3171810809, 3072855024, 1488433187, 1406991370, 3173440069, 3360432168, 242304876, 2248079793, 2282937447, 794649264, 1204067052, 1562022899, 3756242485, 2500954153, 2266331973, 1251318434, 4067270987, 1555420179, 327884775, 693070655, 954829775, 1968843480, 2928040901, 2390741332, 3629340670, 4208135208, 2561332970, 3100171879, 1126967538, 2515770149, 757550192, 3685693095, 966645130, 1579354167, 1915076701, 2869775974, 2047576680, 2246009827, 3244009644, 1893412941, 3023513848, 2094064271, 3456073961, 4025807126, 1362960101, 489752575, 256962779, 723397008, 343680935, 3083781631, 2616959922, 2639704461, 970493402, 2869799842, 1023938853, 2045190325, 3582595486, 541), None)
Loaded weights: -1.1335945058061832, -3.3354471708994446, 0.5281103479003999, 0.0, 0.0
events: me killed itself, 
  ----
(3, (1100212276, 1602229717, 1815156925, 181545281, 489459776, 2801561595, 3716998502, 595452982, 4159653463, 2601862693, 2469277723, 3667095385, 4179411370, 789585147, 1570755740, 4237795793, 268362807, 622203740, 806091948, 3734550198, 953363938, 2789967245, 2783941617, 1420455040, 1847129886, 2989289312, 2408932300, 2935126383, 3354042564, 1723553613, 4167971561, 2955215079, 1961265784, 3294964017, 2617702566, 1824186800, 2140724137, 3307860263, 683494509, 1913708965, 1484354936, 2158150633, 3766318469, 3413282057, 2823892361, 921458140, 407244800, 4028434506, 1428299868, 717455858, 985628512, 2504245397, 252952739, 2713925787, 3154226285, 3278122988, 571712309, 660994720, 2218449093, 1531185545, 851004834, 1487219271, 1348650644, 1270231061, 2715607586, 2378562400, 2265447482, 2875250894, 3035304224, 1057729969, 535097578, 896034523, 3737821525, 3136136225, 259580608, 3443511762, 1866273584, 798176756, 964982641, 1816753486, 1642222929, 818881763, 2339814793, 1931527101, 3906795963, 1316520227, 3904248590, 3717188538, 2420681685, 3229474139, 872223914, 1608722339, 2834232590, 3167562060, 3952673184, 334135828, 827661117, 765565559, 1496698146, 3843776910, 3977484499, 3848647053, 2706435740, 184448811, 2228082923, 4166031239, 2952350358, 892220575, 1595650325, 1594258699, 2001226044, 3580381407, 2461352023, 23818983, 3917941375, 2458305920, 4173294976, 3867822868, 2602984133, 1021453363, 253864864, 2084040548, 2719121654, 2362666790, 4166273268, 156808503, 3469938613, 1728856589, 2378467298, 1601278884, 3207131912, 3687096506, 1196604653, 3571460418, 1526251448, 1360058882, 792201880, 1428734096, 2428905577, 1756475075, 3842208629, 3111062943, 2620252354, 1396018320, 412384733, 4109629548, 4272200280, 508029284, 1052296067, 3249073929, 1024479138, 1167888764, 1554804517, 4100872756, 15579043, 880601797, 2234513135, 3230860564, 132285173, 1700823905, 2194706136, 940223573, 2006198544, 3831334814, 4201735456, 1795226435, 489909046, 4228354499, 2791877329, 3197817577, 3937948891, 3340077500, 3790742234, 3594549047, 3293984488, 4136086033, 501239269, 929433312, 3728839933, 946838001, 1722699837, 3188994477, 3398545377, 465432395, 1727301594, 68972234, 3355899006, 2365413317, 2896788216, 982709485, 3334587335, 1709565518, 2630248508, 4188185409, 2444694031, 4147793714, 361968714, 2505253427, 720659813, 1837967030, 311984535, 129687995, 2752470219, 2703777208, 1076116383, 4192470626, 159874317, 3546954799, 347135225, 633054696, 3116366876, 2993036164, 445878092, 1790304083, 2743357663, 108131094, 3125804651, 2874689004, 3978425447, 1518404359, 1023953581, 2018744512, 1937319799, 3806898880, 3534579065, 3929858379, 1517575111, 3720748577, 1229595043, 3194549541, 1082651442, 3132122380, 360693101, 1094765634, 3044950091, 2436495009, 4119361462, 1567816440, 1410191373, 2551003210, 4060045761, 2003011439, 3205298150, 3068702954, 3000226391, 426011797, 2433924638, 619617442, 283172226, 1015181492, 2593755434, 1040236331, 3893879544, 4233858841, 752493644, 3399319809, 585141056, 4126064028, 2283115311, 2507753183, 185043251, 1351523384, 3032409157, 1368975781, 217546113, 44508537, 1915330450, 2302169251, 1406421970, 2277155405, 1871378639, 2144242753, 3453320869, 416783579, 2974866556, 1865534820, 600826997, 1210567837, 1072076637, 2751337889, 1879055292, 2152046329, 4200697635, 481982620, 1158782839, 2715885633, 3047533304, 3402141089, 860700054, 3517857572, 2001880585, 2070543869, 1925718492, 1185080694, 1160329523, 3863727181, 1228269407, 1689179152, 3825473009, 2380288419, 3500237255, 1443478003, 987258262, 536065816, 1556218700, 3241422636, 2527346725, 1484404366, 4008292161, 1286722198, 3508482242, 1143075514, 2553619878, 4105709246, 4220136894, 4010683348, 365016156, 3234631715, 3917377193, 104271779, 4289763246, 2483441594, 108203217, 428295775, 37198834, 662608353, 4107709105, 3575999477, 622109376, 274706990, 1542787977, 3434318411, 2871208469, 3254154437, 4160106058, 818590342, 2833858768, 1705247642, 2945531874, 859146667, 2625129447, 2235817316, 471967237, 4158624246, 1124226184, 1782834022, 3031121338, 2111605618, 1251229512, 2491897908, 3574376616, 3727195458, 2736518853, 4196212077, 1429024937, 2497139530, 2214421757, 2874185598, 1807728968, 419924443, 2089768798, 1016941046, 2019173745, 2424836704, 874842788, 2512602601, 188921324, 3871239015, 3316391812, 80238875, 806428333, 1891918573, 1557453269, 965653433, 3430281253, 3478029538, 4189301704, 1333631269, 1048038215, 2436244373, 3164609475, 2248714169, 3619780549, 236915166, 3616383711, 1806004507, 238951924, 2512561920, 310773820, 549103145, 4257271183, 2648021913, 948918781, 3205371008, 3834662248, 3059293400, 1722058519, 1446530624, 2223969504, 1428944154, 1671364232, 4257307032, 1292946795, 2290176719, 1861714658, 1742779799, 3706558507, 3227046109, 1413567247, 4090867371, 4105798879, 181383331, 278477067, 559377901, 3222575357, 497653027, 1041956640, 2220971737, 1802088847, 3952298961, 566078513, 2264388881, 238951967, 2911038066, 595620810, 440270243, 1337650785, 2154812852, 1323221862, 1011364511, 3487727910, 3062183394, 346272103, 1758876481, 2456522171, 59648734, 3489065503, 3104861830, 3847998763, 2255798538, 3506069102, 843541138, 1227762312, 3322113471, 1123305096, 702847385, 3119365023, 961477711, 3209572482, 3346399340, 3236336978, 4120140282, 2815772794, 275020404, 771072179, 1293591285, 1777635898, 2798449979, 3605609695, 2384510693, 4168473331, 3765356747, 4222325730, 3810616700, 418407757, 302370889, 988749011, 3642662677, 4286513191, 3880750421, 1822908890, 3216547292, 789879857, 2047842313, 2223128043, 2870426824, 4073557539, 2002773131, 2660946532, 4162560600, 1762961043, 4104705125, 2668299180, 3712947182, 2077399437, 4055040649, 1250097656, 100536408, 1914394411, 2560353137, 3840492843, 2442707426, 791026879, 1393150094, 2224977256, 3830846870, 4254414590, 512542944, 1970494482, 3737018582, 512994845, 3761410192, 2472848183, 4081768395, 3415081395, 4271585081, 1320276552, 2978020499, 3936644072, 757388380, 2712002358, 2226211162, 559702492, 1527437032, 4216410749, 3046234950, 2327427735, 1153208447, 1728429879, 1948557083, 50834242, 786202067, 3917092312, 1830498145, 4294441058, 1688044998, 2547592374, 1041895919, 89357132, 525613772, 1677252445, 3660842246, 4087798361, 1696936461, 3107208011, 536644090, 1093111143, 744859772, 3010924096, 3271766063, 1262697696, 3308664310, 1979566713, 3674068299, 1972309045, 4287190286, 271538524, 2635917980, 2536891670, 2373578940, 1087707044, 2367182283, 1353060544, 3194694112, 2637256265, 419218828, 3652664640, 838553502, 3128909263, 2946747853, 1774248609, 1243471153, 3601079438, 117758110, 2552325286, 4272558621, 3032205192, 3354152479, 1880143274, 902813696, 1883524107, 656688284, 763052240, 794620349, 2698859934, 490376720, 3076855106, 1653166478, 1758533255, 1889239566, 547295248, 812121592, 887698224, 1957641771, 1000187986, 3859858440, 2625371363, 1176650290, 3000423627, 1063636443, 4238457247, 1229753520, 3650498204, 3459148288, 2267578142, 1448960713, 1381760803, 2228106529, 738887720, 3939364113, 2576671560, 3656603414, 2991276502, 1649715942, 802180467, 3742557118, 2335029225, 1539365467, 973068050, 2688225102, 4287182451, 1075679743, 4110793129, 464587068, 116655116, 2422856220, 1833400304, 711140758, 3241794932, 755600428, 2021829837, 1097559533, 2627474455, 107836173, 4), None)
Loaded weights: -1.260279956613092, -3.7103280717867544, 0.973779822116628, 0.0, 0.0
events: me killed itself, 
  ----
(3, (1100212276, 1602229717, 1815156925, 181545281, 489459776, 2801561595, 3716998502, 595452982, 4159653463, 2601862693, 2469277723, 3667095385, 4179411370, 789585147, 1570755740, 4237795793, 268362807, 622203740, 806091948, 3734550198, 953363938, 2789967245, 2783941617, 1420455040, 1847129886, 2989289312, 2408932300, 2935126383, 3354042564, 1723553613, 4167971561, 2955215079, 1961265784, 3294964017, 2617702566, 1824186800, 2140724137, 3307860263, 683494509, 1913708965, 1484354936, 2158150633, 3766318469, 3413282057, 2823892361, 921458140, 407244800, 4028434506, 1428299868, 717455858, 985628512, 2504245397, 252952739, 2713925787, 3154226285, 3278122988, 571712309, 660994720, 2218449093, 1531185545, 851004834, 1487219271, 1348650644, 1270231061, 2715607586, 2378562400, 2265447482, 2875250894, 3035304224, 1057729969, 535097578, 896034523, 3737821525, 3136136225, 259580608, 3443511762, 1866273584, 798176756, 964982641, 1816753486, 1642222929, 818881763, 2339814793, 1931527101, 3906795963, 1316520227, 3904248590, 3717188538, 2420681685, 3229474139, 872223914, 1608722339, 2834232590, 3167562060, 3952673184, 334135828, 827661117, 765565559, 1496698146, 3843776910, 3977484499, 3848647053, 2706435740, 184448811, 2228082923, 4166031239, 2952350358, 892220575, 1595650325, 1594258699, 2001226044, 3580381407, 2461352023, 23818983, 3917941375, 2458305920, 4173294976, 3867822868, 2602984133, 1021453363, 253864864, 2084040548, 2719121654, 2362666790, 4166273268, 156808503, 3469938613, 1728856589, 2378467298, 1601278884, 3207131912, 3687096506, 1196604653, 3571460418, 1526251448, 1360058882, 792201880, 1428734096, 2428905577, 1756475075, 3842208629, 3111062943, 2620252354, 1396018320, 412384733, 4109629548, 4272200280, 508029284, 1052296067, 3249073929, 1024479138, 1167888764, 1554804517, 4100872756, 15579043, 880601797, 2234513135, 3230860564, 132285173, 1700823905, 2194706136, 940223573, 2006198544, 3831334814, 4201735456, 1795226435, 489909046, 4228354499, 2791877329, 3197817577, 3937948891, 3340077500, 3790742234, 3594549047, 3293984488, 4136086033, 501239269, 929433312, 3728839933, 946838001, 1722699837, 3188994477, 3398545377, 465432395, 1727301594, 68972234, 3355899006, 2365413317, 2896788216, 982709485, 3334587335, 1709565518, 2630248508, 4188185409, 2444694031, 4147793714, 361968714, 2505253427, 720659813, 1837967030, 311984535, 129687995, 2752470219, 2703777208, 1076116383, 4192470626, 159874317, 3546954799, 347135225, 633054696, 3116366876, 2993036164, 445878092, 1790304083, 2743357663, 108131094, 3125804651, 2874689004, 3978425447, 1518404359, 1023953581, 2018744512, 1937319799, 3806898880, 3534579065, 3929858379, 1517575111, 3720748577, 1229595043, 3194549541, 1082651442, 3132122380, 360693101, 1094765634, 3044950091, 2436495009, 4119361462, 1567816440, 1410191373, 2551003210, 4060045761, 2003011439, 3205298150, 3068702954, 3000226391, 426011797, 2433924638, 619617442, 283172226, 1015181492, 2593755434, 1040236331, 3893879544, 4233858841, 752493644, 3399319809, 585141056, 4126064028, 2283115311, 2507753183, 185043251, 1351523384, 3032409157, 1368975781, 217546113, 44508537, 1915330450, 2302169251, 1406421970, 2277155405, 1871378639, 2144242753, 3453320869, 416783579, 2974866556, 1865534820, 600826997, 1210567837, 1072076637, 2751337889, 1879055292, 2152046329, 4200697635, 481982620, 1158782839, 2715885633, 3047533304, 3402141089, 860700054, 3517857572, 2001880585, 2070543869, 1925718492, 1185080694, 1160329523, 3863727181, 1228269407, 1689179152, 3825473009, 2380288419, 3500237255, 1443478003, 987258262, 536065816, 1556218700, 3241422636, 2527346725, 1484404366, 4008292161, 1286722198, 3508482242, 1143075514, 2553619878, 4105709246, 4220136894, 4010683348, 365016156, 3234631715, 3917377193, 104271779, 4289763246, 2483441594, 108203217, 428295775, 37198834, 662608353, 4107709105, 3575999477, 622109376, 274706990, 1542787977, 3434318411, 2871208469, 3254154437, 4160106058, 818590342, 2833858768, 1705247642, 2945531874, 859146667, 2625129447, 2235817316, 471967237, 4158624246, 1124226184, 1782834022, 3031121338, 2111605618, 1251229512, 2491897908, 3574376616, 3727195458, 2736518853, 4196212077, 1429024937, 2497139530, 2214421757, 2874185598, 1807728968, 419924443, 2089768798, 1016941046, 2019173745, 2424836704, 874842788, 2512602601, 188921324, 3871239015, 3316391812, 80238875, 806428333, 1891918573, 1557453269, 965653433, 3430281253, 3478029538, 4189301704, 1333631269, 1048038215, 2436244373, 3164609475, 2248714169, 3619780549, 236915166, 3616383711, 1806004507, 238951924, 2512561920, 310773820, 549103145, 4257271183, 2648021913, 948918781, 3205371008, 3834662248, 3059293400, 1722058519, 1446530624, 2223969504, 1428944154, 1671364232, 4257307032, 1292946795, 2290176719, 1861714658, 1742779799, 3706558507, 3227046109, 1413567247, 4090867371, 4105798879, 181383331, 278477067, 559377901, 3222575357, 497653027, 1041956640, 2220971737, 1802088847, 3952298961, 566078513, 2264388881, 238951967, 2911038066, 595620810, 440270243, 1337650785, 2154812852, 1323221862, 1011364511, 3487727910, 3062183394, 346272103, 1758876481, 2456522171, 59648734, 3489065503, 3104861830, 3847998763, 2255798538, 3506069102, 843541138, 1227762312, 3322113471, 1123305096, 702847385, 3119365023, 961477711, 3209572482, 3346399340, 3236336978, 4120140282, 2815772794, 275020404, 771072179, 1293591285, 1777635898, 2798449979, 3605609695, 2384510693, 4168473331, 3765356747, 4222325730, 3810616700, 418407757, 302370889, 988749011, 3642662677, 4286513191, 3880750421, 1822908890, 3216547292, 789879857, 2047842313, 2223128043, 2870426824, 4073557539, 2002773131, 2660946532, 4162560600, 1762961043, 4104705125, 2668299180, 3712947182, 2077399437, 4055040649, 1250097656, 100536408, 1914394411, 2560353137, 3840492843, 2442707426, 791026879, 1393150094, 2224977256, 3830846870, 4254414590, 512542944, 1970494482, 3737018582, 512994845, 3761410192, 2472848183, 4081768395, 3415081395, 4271585081, 1320276552, 2978020499, 3936644072, 757388380, 2712002358, 2226211162, 559702492, 1527437032, 4216410749, 3046234950, 2327427735, 1153208447, 1728429879, 1948557083, 50834242, 786202067, 3917092312, 1830498145, 4294441058, 1688044998, 2547592374, 1041895919, 89357132, 525613772, 1677252445, 3660842246, 4087798361, 1696936461, 3107208011, 536644090, 1093111143, 744859772, 3010924096, 3271766063, 1262697696, 3308664310, 1979566713, 3674068299, 1972309045, 4287190286, 271538524, 2635917980, 2536891670, 2373578940, 1087707044, 2367182283, 1353060544, 3194694112, 2637256265, 419218828, 3652664640, 838553502, 3128909263, 2946747853, 1774248609, 1243471153, 3601079438, 117758110, 2552325286, 4272558621, 3032205192, 3354152479, 1880143274, 902813696, 1883524107, 656688284, 763052240, 794620349, 2698859934, 490376720, 3076855106, 1653166478, 1758533255, 1889239566, 547295248, 812121592, 887698224, 1957641771, 1000187986, 3859858440, 2625371363, 1176650290, 3000423627, 1063636443, 4238457247, 1229753520, 3650498204, 3459148288, 2267578142, 1448960713, 1381760803, 2228106529, 738887720, 3939364113, 2576671560, 3656603414, 2991276502, 1649715942, 802180467, 3742557118, 2335029225, 1539365467, 973068050, 2688225102, 4287182451, 1075679743, 4110793129, 464587068, 116655116, 2422856220, 1833400304, 711140758, 3241794932, 755600428, 2021829837, 1097559533, 2627474455, 107836173, 75), None)
Loaded weights: -1.3997995984482294, -3.999561039298028, 0.9093168817455267, 0.0, 0.0
events: me killed itself, 
  ----
(3, (1100212276, 1602229717, 1815156925, 181545281, 489459776, 2801561595, 3716998502, 595452982, 4159653463, 2601862693, 2469277723, 3667095385, 4179411370, 789585147, 1570755740, 4237795793, 268362807, 622203740, 806091948, 3734550198, 953363938, 2789967245, 2783941617, 1420455040, 1847129886, 2989289312, 2408932300, 2935126383, 3354042564, 1723553613, 4167971561, 2955215079, 1961265784, 3294964017, 2617702566, 1824186800, 2140724137, 3307860263, 683494509, 1913708965, 1484354936, 2158150633, 3766318469, 3413282057, 2823892361, 921458140, 407244800, 4028434506, 1428299868, 717455858, 985628512, 2504245397, 252952739, 2713925787, 3154226285, 3278122988, 571712309, 660994720, 2218449093, 1531185545, 851004834, 1487219271, 1348650644, 1270231061, 2715607586, 2378562400, 2265447482, 2875250894, 3035304224, 1057729969, 535097578, 896034523, 3737821525, 3136136225, 259580608, 3443511762, 1866273584, 798176756, 964982641, 1816753486, 1642222929, 818881763, 2339814793, 1931527101, 3906795963, 1316520227, 3904248590, 3717188538, 2420681685, 3229474139, 872223914, 1608722339, 2834232590, 3167562060, 3952673184, 334135828, 827661117, 765565559, 1496698146, 3843776910, 3977484499, 3848647053, 2706435740, 184448811, 2228082923, 4166031239, 2952350358, 892220575, 1595650325, 1594258699, 2001226044, 3580381407, 2461352023, 23818983, 3917941375, 2458305920, 4173294976, 3867822868, 2602984133, 1021453363, 253864864, 2084040548, 2719121654, 2362666790, 4166273268, 156808503, 3469938613, 1728856589, 2378467298, 1601278884, 3207131912, 3687096506, 1196604653, 3571460418, 1526251448, 1360058882, 792201880, 1428734096, 2428905577, 1756475075, 3842208629, 3111062943, 2620252354, 1396018320, 412384733, 4109629548, 4272200280, 508029284, 1052296067, 3249073929, 1024479138, 1167888764, 1554804517, 4100872756, 15579043, 880601797, 2234513135, 3230860564, 132285173, 1700823905, 2194706136, 940223573, 2006198544, 3831334814, 4201735456, 1795226435, 489909046, 4228354499, 2791877329, 3197817577, 3937948891, 3340077500, 3790742234, 3594549047, 3293984488, 4136086033, 501239269, 929433312, 3728839933, 946838001, 1722699837, 3188994477, 3398545377, 465432395, 1727301594, 68972234, 3355899006, 2365413317, 2896788216, 982709485, 3334587335, 1709565518, 2630248508, 4188185409, 2444694031, 4147793714, 361968714, 2505253427, 720659813, 1837967030, 311984535, 129687995, 2752470219, 2703777208, 1076116383, 4192470626, 159874317, 3546954799, 347135225, 633054696, 3116366876, 2993036164, 445878092, 1790304083, 2743357663, 108131094, 3125804651, 2874689004, 3978425447, 1518404359, 1023953581, 2018744512, 1937319799, 3806898880, 3534579065, 3929858379, 1517575111, 3720748577, 1229595043, 3194549541, 1082651442, 3132122380, 360693101, 1094765634, 3044950091, 2436495009, 4119361462, 1567816440, 1410191373, 2551003210, 4060045761, 2003011439, 3205298150, 3068702954, 3000226391, 426011797, 2433924638, 619617442, 283172226, 1015181492, 2593755434, 1040236331, 3893879544, 4233858841, 752493644, 3399319809, 585141056, 4126064028, 2283115311, 2507753183, 185043251, 1351523384, 3032409157, 1368975781, 217546113, 44508537, 1915330450, 2302169251, 1406421970, 2277155405, 1871378639, 2144242753, 3453320869, 416783579, 2974866556, 1865534820, 600826997, 1210567837, 1072076637, 2751337889, 1879055292, 2152046329, 4200697635, 481982620, 1158782839, 2715885633, 3047533304, 3402141089, 860700054, 3517857572, 2001880585, 2070543869, 1925718492, 1185080694, 1160329523, 3863727181, 1228269407, 1689179152, 3825473009, 2380288419, 3500237255, 1443478003, 987258262, 536065816, 1556218700, 3241422636, 2527346725, 1484404366, 4008292161, 1286722198, 3508482242, 1143075514, 2553619878, 4105709246, 4220136894, 4010683348, 365016156, 3234631715, 3917377193, 104271779, 4289763246, 2483441594, 108203217, 428295775, 37198834, 662608353, 4107709105, 3575999477, 622109376, 274706990, 1542787977, 3434318411, 2871208469, 3254154437, 4160106058, 818590342, 2833858768, 1705247642, 2945531874, 859146667, 2625129447, 2235817316, 471967237, 4158624246, 1124226184, 1782834022, 3031121338, 2111605618, 1251229512, 2491897908, 3574376616, 3727195458, 2736518853, 4196212077, 1429024937, 2497139530, 2214421757, 2874185598, 1807728968, 419924443, 2089768798, 1016941046, 2019173745, 2424836704, 874842788, 2512602601, 188921324, 3871239015, 3316391812, 80238875, 806428333, 1891918573, 1557453269, 965653433, 3430281253, 3478029538, 4189301704, 1333631269, 1048038215, 2436244373, 3164609475, 2248714169, 3619780549, 236915166, 3616383711, 1806004507, 238951924, 2512561920, 310773820, 549103145, 4257271183, 2648021913, 948918781, 3205371008, 3834662248, 3059293400, 1722058519, 1446530624, 2223969504, 1428944154, 1671364232, 4257307032, 1292946795, 2290176719, 1861714658, 1742779799, 3706558507, 3227046109, 1413567247, 4090867371, 4105798879, 181383331, 278477067, 559377901, 3222575357, 497653027, 1041956640, 2220971737, 1802088847, 3952298961, 566078513, 2264388881, 238951967, 2911038066, 595620810, 440270243, 1337650785, 2154812852, 1323221862, 1011364511, 3487727910, 3062183394, 346272103, 1758876481, 2456522171, 59648734, 3489065503, 3104861830, 3847998763, 2255798538, 3506069102, 843541138, 1227762312, 3322113471, 1123305096, 702847385, 3119365023, 961477711, 3209572482, 3346399340, 3236336978, 4120140282, 2815772794, 275020404, 771072179, 1293591285, 1777635898, 2798449979, 3605609695, 2384510693, 4168473331, 3765356747, 4222325730, 3810616700, 418407757, 302370889, 988749011, 3642662677, 4286513191, 3880750421, 1822908890, 3216547292, 789879857, 2047842313, 2223128043, 2870426824, 4073557539, 2002773131, 2660946532, 4162560600, 1762961043, 4104705125, 2668299180, 3712947182, 2077399437, 4055040649, 1250097656, 100536408, 1914394411, 2560353137, 3840492843, 2442707426, 791026879, 1393150094, 2224977256, 3830846870, 4254414590, 512542944, 1970494482, 3737018582, 512994845, 3761410192, 2472848183, 4081768395, 3415081395, 4271585081, 1320276552, 2978020499, 3936644072, 757388380, 2712002358, 2226211162, 559702492, 1527437032, 4216410749, 3046234950, 2327427735, 1153208447, 1728429879, 1948557083, 50834242, 786202067, 3917092312, 1830498145, 4294441058, 1688044998, 2547592374, 1041895919, 89357132, 525613772, 1677252445, 3660842246, 4087798361, 1696936461, 3107208011, 536644090, 1093111143, 744859772, 3010924096, 3271766063, 1262697696, 3308664310, 1979566713, 3674068299, 1972309045, 4287190286, 271538524, 2635917980, 2536891670, 2373578940, 1087707044, 2367182283, 1353060544, 3194694112, 2637256265, 419218828, 3652664640, 838553502, 3128909263, 2946747853, 1774248609, 1243471153, 3601079438, 117758110, 2552325286, 4272558621, 3032205192, 3354152479, 1880143274, 902813696, 1883524107, 656688284, 763052240, 794620349, 2698859934, 490376720, 3076855106, 1653166478, 1758533255, 1889239566, 547295248, 812121592, 887698224, 1957641771, 1000187986, 3859858440, 2625371363, 1176650290, 3000423627, 1063636443, 4238457247, 1229753520, 3650498204, 3459148288, 2267578142, 1448960713, 1381760803, 2228106529, 738887720, 3939364113, 2576671560, 3656603414, 2991276502, 1649715942, 802180467, 3742557118, 2335029225, 1539365467, 973068050, 2688225102, 4287182451, 1075679743, 4110793129, 464587068, 116655116, 2422856220, 1833400304, 711140758, 3241794932, 755600428, 2021829837, 1097559533, 2627474455, 107836173, 183), None)
Loaded weights: -1.456145326614327, -4.381321767364266, 0.8696390145296412, 0.0, 0.0
events: me killed itself, 
  ----
(3, (1100212276, 1602229717, 1815156925, 181545281, 489459776, 2801561595, 3716998502, 595452982, 4159653463, 2601862693, 2469277723, 3667095385, 4179411370, 789585147, 1570755740, 4237795793, 268362807, 622203740, 806091948, 3734550198, 953363938, 2789967245, 2783941617, 1420455040, 1847129886, 2989289312, 2408932300, 2935126383, 3354042564, 1723553613, 4167971561, 2955215079, 1961265784, 3294964017, 2617702566, 1824186800, 2140724137, 3307860263, 683494509, 1913708965, 1484354936, 2158150633, 3766318469, 3413282057, 2823892361, 921458140, 407244800, 4028434506, 1428299868, 717455858, 985628512, 2504245397, 252952739, 2713925787, 3154226285, 3278122988, 571712309, 660994720, 2218449093, 1531185545, 851004834, 1487219271, 1348650644, 1270231061, 2715607586, 2378562400, 2265447482, 2875250894, 3035304224, 1057729969, 535097578, 896034523, 3737821525, 3136136225, 259580608, 3443511762, 1866273584, 798176756, 964982641, 1816753486, 1642222929, 818881763, 2339814793, 1931527101, 3906795963, 1316520227, 3904248590, 3717188538, 2420681685, 3229474139, 872223914, 1608722339, 2834232590, 3167562060, 3952673184, 334135828, 827661117, 765565559, 1496698146, 3843776910, 3977484499, 3848647053, 2706435740, 184448811, 2228082923, 4166031239, 2952350358, 892220575, 1595650325, 1594258699, 2001226044, 3580381407, 2461352023, 23818983, 3917941375, 2458305920, 4173294976, 3867822868, 2602984133, 1021453363, 253864864, 2084040548, 2719121654, 2362666790, 4166273268, 156808503, 3469938613, 1728856589, 2378467298, 1601278884, 3207131912, 3687096506, 1196604653, 3571460418, 1526251448, 1360058882, 792201880, 1428734096, 2428905577, 1756475075, 3842208629, 3111062943, 2620252354, 1396018320, 412384733, 4109629548, 4272200280, 508029284, 1052296067, 3249073929, 1024479138, 1167888764, 1554804517, 4100872756, 15579043, 880601797, 2234513135, 3230860564, 132285173, 1700823905, 2194706136, 940223573, 2006198544, 3831334814, 4201735456, 1795226435, 489909046, 4228354499, 2791877329, 3197817577, 3937948891, 3340077500, 3790742234, 3594549047, 3293984488, 4136086033, 501239269, 929433312, 3728839933, 946838001, 1722699837, 3188994477, 3398545377, 465432395, 1727301594, 68972234, 3355899006, 2365413317, 2896788216, 982709485, 3334587335, 1709565518, 2630248508, 4188185409, 2444694031, 4147793714, 361968714, 2505253427, 720659813, 1837967030, 311984535, 129687995, 2752470219, 2703777208, 1076116383, 4192470626, 159874317, 3546954799, 347135225, 633054696, 3116366876, 2993036164, 445878092, 1790304083, 2743357663, 108131094, 3125804651, 2874689004, 3978425447, 1518404359, 1023953581, 2018744512, 1937319799, 3806898880, 3534579065, 3929858379, 1517575111, 3720748577, 1229595043, 3194549541, 1082651442, 3132122380, 360693101, 1094765634, 3044950091, 2436495009, 4119361462, 1567816440, 1410191373, 2551003210, 4060045761, 2003011439, 3205298150, 3068702954, 3000226391, 426011797, 2433924638, 619617442, 283172226, 1015181492, 2593755434, 1040236331, 3893879544, 4233858841, 752493644, 3399319809, 585141056, 4126064028, 2283115311, 2507753183, 185043251, 1351523384, 3032409157, 1368975781, 217546113, 44508537, 1915330450, 2302169251, 1406421970, 2277155405, 1871378639, 2144242753, 3453320869, 416783579, 2974866556, 1865534820, 600826997, 1210567837, 1072076637, 2751337889, 1879055292, 2152046329, 4200697635, 481982620, 1158782839, 2715885633, 3047533304, 3402141089, 860700054, 3517857572, 2001880585, 2070543869, 1925718492, 1185080694, 1160329523, 3863727181, 1228269407, 1689179152, 3825473009, 2380288419, 3500237255, 1443478003, 987258262, 536065816, 1556218700, 3241422636, 2527346725, 1484404366, 4008292161, 1286722198, 3508482242, 1143075514, 2553619878, 4105709246, 4220136894, 4010683348, 365016156, 3234631715, 3917377193, 104271779, 4289763246, 2483441594, 108203217, 428295775, 37198834, 662608353, 4107709105, 3575999477, 622109376, 274706990, 1542787977, 3434318411, 2871208469, 3254154437, 4160106058, 818590342, 2833858768, 1705247642, 2945531874, 859146667, 2625129447, 2235817316, 471967237, 4158624246, 1124226184, 1782834022, 3031121338, 2111605618, 1251229512, 2491897908, 3574376616, 3727195458, 2736518853, 4196212077, 1429024937, 2497139530, 2214421757, 2874185598, 1807728968, 419924443, 2089768798, 1016941046, 2019173745, 2424836704, 874842788, 2512602601, 188921324, 3871239015, 3316391812, 80238875, 806428333, 1891918573, 1557453269, 965653433, 3430281253, 3478029538, 4189301704, 1333631269, 1048038215, 2436244373, 3164609475, 2248714169, 3619780549, 236915166, 3616383711, 1806004507, 238951924, 2512561920, 310773820, 549103145, 4257271183, 2648021913, 948918781, 3205371008, 3834662248, 3059293400, 1722058519, 1446530624, 2223969504, 1428944154, 1671364232, 4257307032, 1292946795, 2290176719, 1861714658, 1742779799, 3706558507, 3227046109, 1413567247, 4090867371, 4105798879, 181383331, 278477067, 559377901, 3222575357, 497653027, 1041956640, 2220971737, 1802088847, 3952298961, 566078513, 2264388881, 238951967, 2911038066, 595620810, 440270243, 1337650785, 2154812852, 1323221862, 1011364511, 3487727910, 3062183394, 346272103, 1758876481, 2456522171, 59648734, 3489065503, 3104861830, 3847998763, 2255798538, 3506069102, 843541138, 1227762312, 3322113471, 1123305096, 702847385, 3119365023, 961477711, 3209572482, 3346399340, 3236336978, 4120140282, 2815772794, 275020404, 771072179, 1293591285, 1777635898, 2798449979, 3605609695, 2384510693, 4168473331, 3765356747, 4222325730, 3810616700, 418407757, 302370889, 988749011, 3642662677, 4286513191, 3880750421, 1822908890, 3216547292, 789879857, 2047842313, 2223128043, 2870426824, 4073557539, 2002773131, 2660946532, 4162560600, 1762961043, 4104705125, 2668299180, 3712947182, 2077399437, 4055040649, 1250097656, 100536408, 1914394411, 2560353137, 3840492843, 2442707426, 791026879, 1393150094, 2224977256, 3830846870, 4254414590, 512542944, 1970494482, 3737018582, 512994845, 3761410192, 2472848183, 4081768395, 3415081395, 4271585081, 1320276552, 2978020499, 3936644072, 757388380, 2712002358, 2226211162, 559702492, 1527437032, 4216410749, 3046234950, 2327427735, 1153208447, 1728429879, 1948557083, 50834242, 786202067, 3917092312, 1830498145, 4294441058, 1688044998, 2547592374, 1041895919, 89357132, 525613772, 1677252445, 3660842246, 4087798361, 1696936461, 3107208011, 536644090, 1093111143, 744859772, 3010924096, 3271766063, 1262697696, 3308664310, 1979566713, 3674068299, 1972309045, 4287190286, 271538524, 2635917980, 2536891670, 2373578940, 1087707044, 2367182283, 1353060544, 3194694112, 2637256265, 419218828, 3652664640, 838553502, 3128909263, 2946747853, 1774248609, 1243471153, 3601079438, 117758110, 2552325286, 4272558621, 3032205192, 3354152479, 1880143274, 902813696, 1883524107, 656688284, 763052240, 794620349, 2698859934, 490376720, 3076855106, 1653166478, 1758533255, 1889239566, 547295248, 812121592, 887698224, 1957641771, 1000187986, 3859858440, 2625371363, 1176650290, 3000423627, 1063636443, 4238457247, 1229753520, 3650498204, 3459148288, 2267578142, 1448960713, 1381760803, 2228106529, 738887720, 3939364113, 2576671560, 3656603414, 2991276502, 1649715942, 802180467, 3742557118, 2335029225, 1539365467, 973068050, 2688225102, 4287182451, 1075679743, 4110793129, 464587068, 116655116, 2422856220, 1833400304, 711140758, 3241794932, 755600428, 2021829837, 1097559533, 2627474455, 107836173, 257), None)
Loaded weights: -1.5207264967203098, -4.6343259179639755, 0.5981695610036097, 0.0, 0.0
events: me killed itself, 
  ----
(3, (1100212276, 1602229717, 1815156925, 181545281, 489459776, 2801561595, 3716998502, 595452982, 4159653463, 2601862693, 2469277723, 3667095385, 4179411370, 789585147, 1570755740, 4237795793, 268362807, 622203740, 806091948, 3734550198, 953363938, 2789967245, 2783941617, 1420455040, 1847129886, 2989289312, 2408932300, 2935126383, 3354042564, 1723553613, 4167971561, 2955215079, 1961265784, 3294964017, 2617702566, 1824186800, 2140724137, 3307860263, 683494509, 1913708965, 1484354936, 2158150633, 3766318469, 3413282057, 2823892361, 921458140, 407244800, 4028434506, 1428299868, 717455858, 985628512, 2504245397, 252952739, 2713925787, 3154226285, 3278122988, 571712309, 660994720, 2218449093, 1531185545, 851004834, 1487219271, 1348650644, 1270231061, 2715607586, 2378562400, 2265447482, 2875250894, 3035304224, 1057729969, 535097578, 896034523, 3737821525, 3136136225, 259580608, 3443511762, 1866273584, 798176756, 964982641, 1816753486, 1642222929, 818881763, 2339814793, 1931527101, 3906795963, 1316520227, 3904248590, 3717188538, 2420681685, 3229474139, 872223914, 1608722339, 2834232590, 3167562060, 3952673184, 334135828, 827661117, 765565559, 1496698146, 3843776910, 3977484499, 3848647053, 2706435740, 184448811, 2228082923, 4166031239, 2952350358, 892220575, 1595650325, 1594258699, 2001226044, 3580381407, 2461352023, 23818983, 3917941375, 2458305920, 4173294976, 3867822868, 2602984133, 1021453363, 253864864, 2084040548, 2719121654, 2362666790, 4166273268, 156808503, 3469938613, 1728856589, 2378467298, 1601278884, 3207131912, 3687096506, 1196604653, 3571460418, 1526251448, 1360058882, 792201880, 1428734096, 2428905577, 1756475075, 3842208629, 3111062943, 2620252354, 1396018320, 412384733, 4109629548, 4272200280, 508029284, 1052296067, 3249073929, 1024479138, 1167888764, 1554804517, 4100872756, 15579043, 880601797, 2234513135, 3230860564, 132285173, 1700823905, 2194706136, 940223573, 2006198544, 3831334814, 4201735456, 1795226435, 489909046, 4228354499, 2791877329, 3197817577, 3937948891, 3340077500, 3790742234, 3594549047, 3293984488, 4136086033, 501239269, 929433312, 3728839933, 946838001, 1722699837, 3188994477, 3398545377, 465432395, 1727301594, 68972234, 3355899006, 2365413317, 2896788216, 982709485, 3334587335, 1709565518, 2630248508, 4188185409, 2444694031, 4147793714, 361968714, 2505253427, 720659813, 1837967030, 311984535, 129687995, 2752470219, 2703777208, 1076116383, 4192470626, 159874317, 3546954799, 347135225, 633054696, 3116366876, 2993036164, 445878092, 1790304083, 2743357663, 108131094, 3125804651, 2874689004, 3978425447, 1518404359, 1023953581, 2018744512, 1937319799, 3806898880, 3534579065, 3929858379, 1517575111, 3720748577, 1229595043, 3194549541, 1082651442, 3132122380, 360693101, 1094765634, 3044950091, 2436495009, 4119361462, 1567816440, 1410191373, 2551003210, 4060045761, 2003011439, 3205298150, 3068702954, 3000226391, 426011797, 2433924638, 619617442, 283172226, 1015181492, 2593755434, 1040236331, 3893879544, 4233858841, 752493644, 3399319809, 585141056, 4126064028, 2283115311, 2507753183, 185043251, 1351523384, 3032409157, 1368975781, 217546113, 44508537, 1915330450, 2302169251, 1406421970, 2277155405, 1871378639, 2144242753, 3453320869, 416783579, 2974866556, 1865534820, 600826997, 1210567837, 1072076637, 2751337889, 1879055292, 2152046329, 4200697635, 481982620, 1158782839, 2715885633, 3047533304, 3402141089, 860700054, 3517857572, 2001880585, 2070543869, 1925718492, 1185080694, 1160329523, 3863727181, 1228269407, 1689179152, 3825473009, 2380288419, 3500237255, 1443478003, 987258262, 536065816, 1556218700, 3241422636, 2527346725, 1484404366, 4008292161, 1286722198, 3508482242, 1143075514, 2553619878, 4105709246, 4220136894, 4010683348, 365016156, 3234631715, 3917377193, 104271779, 4289763246, 2483441594, 108203217, 428295775, 37198834, 662608353, 4107709105, 3575999477, 622109376, 274706990, 1542787977, 3434318411, 2871208469, 3254154437, 4160106058, 818590342, 2833858768, 1705247642, 2945531874, 859146667, 2625129447, 2235817316, 471967237, 4158624246, 1124226184, 1782834022, 3031121338, 2111605618, 1251229512, 2491897908, 3574376616, 3727195458, 2736518853, 4196212077, 1429024937, 2497139530, 2214421757, 2874185598, 1807728968, 419924443, 2089768798, 1016941046, 2019173745, 2424836704, 874842788, 2512602601, 188921324, 3871239015, 3316391812, 80238875, 806428333, 1891918573, 1557453269, 965653433, 3430281253, 3478029538, 4189301704, 1333631269, 1048038215, 2436244373, 3164609475, 2248714169, 3619780549, 236915166, 3616383711, 1806004507, 238951924, 2512561920, 310773820, 549103145, 4257271183, 2648021913, 948918781, 3205371008, 3834662248, 3059293400, 1722058519, 1446530624, 2223969504, 1428944154, 1671364232, 4257307032, 1292946795, 2290176719, 1861714658, 1742779799, 3706558507, 3227046109, 1413567247, 4090867371, 4105798879, 181383331, 278477067, 559377901, 3222575357, 497653027, 1041956640, 2220971737, 1802088847, 3952298961, 566078513, 2264388881, 238951967, 2911038066, 595620810, 440270243, 1337650785, 2154812852, 1323221862, 1011364511, 3487727910, 3062183394, 346272103, 1758876481, 2456522171, 59648734, 3489065503, 3104861830, 3847998763, 2255798538, 3506069102, 843541138, 1227762312, 3322113471, 1123305096, 702847385, 3119365023, 961477711, 3209572482, 3346399340, 3236336978, 4120140282, 2815772794, 275020404, 771072179, 1293591285, 1777635898, 2798449979, 3605609695, 2384510693, 4168473331, 3765356747, 4222325730, 3810616700, 418407757, 302370889, 988749011, 3642662677, 4286513191, 3880750421, 1822908890, 3216547292, 789879857, 2047842313, 2223128043, 2870426824, 4073557539, 2002773131, 2660946532, 4162560600, 1762961043, 4104705125, 2668299180, 3712947182, 2077399437, 4055040649, 1250097656, 100536408, 1914394411, 2560353137, 3840492843, 2442707426, 791026879, 1393150094, 2224977256, 3830846870, 4254414590, 512542944, 1970494482, 3737018582, 512994845, 3761410192, 2472848183, 4081768395, 3415081395, 4271585081, 1320276552, 2978020499, 3936644072, 757388380, 2712002358, 2226211162, 559702492, 1527437032, 4216410749, 3046234950, 2327427735, 1153208447, 1728429879, 1948557083, 50834242, 786202067, 3917092312, 1830498145, 4294441058, 1688044998, 2547592374, 1041895919, 89357132, 525613772, 1677252445, 3660842246, 4087798361, 1696936461, 3107208011, 536644090, 1093111143, 744859772, 3010924096, 3271766063, 1262697696, 3308664310, 1979566713, 3674068299, 1972309045, 4287190286, 271538524, 2635917980, 2536891670, 2373578940, 1087707044, 2367182283, 1353060544, 3194694112, 2637256265, 419218828, 3652664640, 838553502, 3128909263, 2946747853, 1774248609, 1243471153, 3601079438, 117758110, 2552325286, 4272558621, 3032205192, 3354152479, 1880143274, 902813696, 1883524107, 656688284, 763052240, 794620349, 2698859934, 490376720, 3076855106, 1653166478, 1758533255, 1889239566, 547295248, 812121592, 887698224, 1957641771, 1000187986, 3859858440, 2625371363, 1176650290, 3000423627, 1063636443, 4238457247, 1229753520, 3650498204, 3459148288, 2267578142, 1448960713, 1381760803, 2228106529, 738887720, 3939364113, 2576671560, 3656603414, 2991276502, 1649715942, 802180467, 3742557118, 2335029225, 1539365467, 973068050, 2688225102, 4287182451, 1075679743, 4110793129, 464587068, 116655116, 2422856220, 1833400304, 711140758, 3241794932, 755600428, 2021829837, 1097559533, 2627474455, 107836173, 369), None)
Loaded weights: -1.582380523723818, -4.961006361407744, 0.5603456017538844, 0.0, 0.0
events: me killed itself, 
  ----
(3, (1100212276, 1602229717, 1815156925, 181545281, 489459776, 2801561595, 3716998502, 595452982, 4159653463, 2601862693, 2469277723, 3667095385, 4179411370, 789585147, 1570755740, 4237795793, 268362807, 622203740, 806091948, 3734550198, 953363938, 2789967245, 2783941617, 1420455040, 1847129886, 2989289312, 2408932300, 2935126383, 3354042564, 1723553613, 4167971561, 2955215079, 1961265784, 3294964017, 2617702566, 1824186800, 2140724137, 3307860263, 683494509, 1913708965, 1484354936, 2158150633, 3766318469, 3413282057, 2823892361, 921458140, 407244800, 4028434506, 1428299868, 717455858, 985628512, 2504245397, 252952739, 2713925787, 3154226285, 3278122988, 571712309, 660994720, 2218449093, 1531185545, 851004834, 1487219271, 1348650644, 1270231061, 2715607586, 2378562400, 2265447482, 2875250894, 3035304224, 1057729969, 535097578, 896034523, 3737821525, 3136136225, 259580608, 3443511762, 1866273584, 798176756, 964982641, 1816753486, 1642222929, 818881763, 2339814793, 1931527101, 3906795963, 1316520227, 3904248590, 3717188538, 2420681685, 3229474139, 872223914, 1608722339, 2834232590, 3167562060, 3952673184, 334135828, 827661117, 765565559, 1496698146, 3843776910, 3977484499, 3848647053, 2706435740, 184448811, 2228082923, 4166031239, 2952350358, 892220575, 1595650325, 1594258699, 2001226044, 3580381407, 2461352023, 23818983, 3917941375, 2458305920, 4173294976, 3867822868, 2602984133, 1021453363, 253864864, 2084040548, 2719121654, 2362666790, 4166273268, 156808503, 3469938613, 1728856589, 2378467298, 1601278884, 3207131912, 3687096506, 1196604653, 3571460418, 1526251448, 1360058882, 792201880, 1428734096, 2428905577, 1756475075, 3842208629, 3111062943, 2620252354, 1396018320, 412384733, 4109629548, 4272200280, 508029284, 1052296067, 3249073929, 1024479138, 1167888764, 1554804517, 4100872756, 15579043, 880601797, 2234513135, 3230860564, 132285173, 1700823905, 2194706136, 940223573, 2006198544, 3831334814, 4201735456, 1795226435, 489909046, 4228354499, 2791877329, 3197817577, 3937948891, 3340077500, 3790742234, 3594549047, 3293984488, 4136086033, 501239269, 929433312, 3728839933, 946838001, 1722699837, 3188994477, 3398545377, 465432395, 1727301594, 68972234, 3355899006, 2365413317, 2896788216, 982709485, 3334587335, 1709565518, 2630248508, 4188185409, 2444694031, 4147793714, 361968714, 2505253427, 720659813, 1837967030, 311984535, 129687995, 2752470219, 2703777208, 1076116383, 4192470626, 159874317, 3546954799, 347135225, 633054696, 3116366876, 2993036164, 445878092, 1790304083, 2743357663, 108131094, 3125804651, 2874689004, 3978425447, 1518404359, 1023953581, 2018744512, 1937319799, 3806898880, 3534579065, 3929858379, 1517575111, 3720748577, 1229595043, 3194549541, 1082651442, 3132122380, 360693101, 1094765634, 3044950091, 2436495009, 4119361462, 1567816440, 1410191373, 2551003210, 4060045761, 2003011439, 3205298150, 3068702954, 3000226391, 426011797, 2433924638, 619617442, 283172226, 1015181492, 2593755434, 1040236331, 3893879544, 4233858841, 752493644, 3399319809, 585141056, 4126064028, 2283115311, 2507753183, 185043251, 1351523384, 3032409157, 1368975781, 217546113, 44508537, 1915330450, 2302169251, 1406421970, 2277155405, 1871378639, 2144242753, 3453320869, 416783579, 2974866556, 1865534820, 600826997, 1210567837, 1072076637, 2751337889, 1879055292, 2152046329, 4200697635, 481982620, 1158782839, 2715885633, 3047533304, 3402141089, 860700054, 3517857572, 2001880585, 2070543869, 1925718492, 1185080694, 1160329523, 3863727181, 1228269407, 1689179152, 3825473009, 2380288419, 3500237255, 1443478003, 987258262, 536065816, 1556218700, 3241422636, 2527346725, 1484404366, 4008292161, 1286722198, 3508482242, 1143075514, 2553619878, 4105709246, 4220136894, 4010683348, 365016156, 3234631715, 3917377193, 104271779, 4289763246, 2483441594, 108203217, 428295775, 37198834, 662608353, 4107709105, 3575999477, 622109376, 274706990, 1542787977, 3434318411, 2871208469, 3254154437, 4160106058, 818590342, 2833858768, 1705247642, 2945531874, 859146667, 2625129447, 2235817316, 471967237, 4158624246, 1124226184, 1782834022, 3031121338, 2111605618, 1251229512, 2491897908, 3574376616, 3727195458, 2736518853, 4196212077, 1429024937, 2497139530, 2214421757, 2874185598, 1807728968, 419924443, 2089768798, 1016941046, 2019173745, 2424836704, 874842788, 2512602601, 188921324, 3871239015, 3316391812, 80238875, 806428333, 1891918573, 1557453269, 965653433, 3430281253, 3478029538, 4189301704, 1333631269, 1048038215, 2436244373, 3164609475, 2248714169, 3619780549, 236915166, 3616383711, 1806004507, 238951924, 2512561920, 310773820, 549103145, 4257271183, 2648021913, 948918781, 3205371008, 3834662248, 3059293400, 1722058519, 1446530624, 2223969504, 1428944154, 1671364232, 4257307032, 1292946795, 2290176719, 1861714658, 1742779799, 3706558507, 3227046109, 1413567247, 4090867371, 4105798879, 181383331, 278477067, 559377901, 3222575357, 497653027, 1041956640, 2220971737, 1802088847, 3952298961, 566078513, 2264388881, 238951967, 2911038066, 595620810, 440270243, 1337650785, 2154812852, 1323221862, 1011364511, 3487727910, 3062183394, 346272103, 1758876481, 2456522171, 59648734, 3489065503, 3104861830, 3847998763, 2255798538, 3506069102, 843541138, 1227762312, 3322113471, 1123305096, 702847385, 3119365023, 961477711, 3209572482, 3346399340, 3236336978, 4120140282, 2815772794, 275020404, 771072179, 1293591285, 1777635898, 2798449979, 3605609695, 2384510693, 4168473331, 3765356747, 4222325730, 3810616700, 418407757, 302370889, 988749011, 3642662677, 4286513191, 3880750421, 1822908890, 3216547292, 789879857, 2047842313, 2223128043, 2870426824, 4073557539, 2002773131, 2660946532, 4162560600, 1762961043, 4104705125, 2668299180, 3712947182, 2077399437, 4055040649, 1250097656, 100536408, 1914394411, 2560353137, 3840492843, 2442707426, 791026879, 1393150094, 2224977256, 3830846870, 4254414590, 512542944, 1970494482, 3737018582, 512994845, 3761410192, 2472848183, 4081768395, 3415081395, 4271585081, 1320276552, 2978020499, 3936644072, 757388380, 2712002358, 2226211162, 559702492, 1527437032, 4216410749, 3046234950, 2327427735, 1153208447, 1728429879, 1948557083, 50834242, 786202067, 3917092312, 1830498145, 4294441058, 1688044998, 2547592374, 1041895919, 89357132, 525613772, 1677252445, 3660842246, 4087798361, 1696936461, 3107208011, 536644090, 1093111143, 744859772, 3010924096, 3271766063, 1262697696, 3308664310, 1979566713, 3674068299, 1972309045, 4287190286, 271538524, 2635917980, 2536891670, 2373578940, 1087707044, 2367182283, 1353060544, 3194694112, 2637256265, 419218828, 3652664640, 838553502, 3128909263, 2946747853, 1774248609, 1243471153, 3601079438, 117758110, 2552325286, 4272558621, 3032205192, 3354152479, 1880143274, 902813696, 1883524107, 656688284, 763052240, 794620349, 2698859934, 490376720, 3076855106, 1653166478, 1758533255, 1889239566, 547295248, 812121592, 887698224, 1957641771, 1000187986, 3859858440, 2625371363, 1176650290, 3000423627, 1063636443, 4238457247, 1229753520, 3650498204, 3459148288, 2267578142, 1448960713, 1381760803, 2228106529, 738887720, 3939364113, 2576671560, 3656603414, 2991276502, 1649715942, 802180467, 3742557118, 2335029225, 1539365467, 973068050, 2688225102, 4287182451, 1075679743, 4110793129, 464587068, 116655116, 2422856220, 1833400304, 711140758, 3241794932, 755600428, 2021829837, 1097559533, 2627474455, 107836173, 471), None)
Loaded weights: -1.6273045276025797, -5.391333355760194, 1.0601821285625979, 0.0, 0.0
events: me killed itself, 
  ----
(3, (1100212276, 1602229717, 1815156925, 181545281, 489459776, 2801561595, 3716998502, 595452982, 4159653463, 2601862693, 2469277723, 3667095385, 4179411370, 789585147, 1570755740, 4237795793, 268362807, 622203740, 806091948, 3734550198, 953363938, 2789967245, 2783941617, 1420455040, 1847129886, 2989289312, 2408932300, 2935126383, 3354042564, 1723553613, 4167971561, 2955215079, 1961265784, 3294964017, 2617702566, 1824186800, 2140724137, 3307860263, 683494509, 1913708965, 1484354936, 2158150633, 3766318469, 3413282057, 2823892361, 921458140, 407244800, 4028434506, 1428299868, 717455858, 985628512, 2504245397, 252952739, 2713925787, 3154226285, 3278122988, 571712309, 660994720, 2218449093, 1531185545, 851004834, 1487219271, 1348650644, 1270231061, 2715607586, 2378562400, 2265447482, 2875250894, 3035304224, 1057729969, 535097578, 896034523, 3737821525, 3136136225, 259580608, 3443511762, 1866273584, 798176756, 964982641, 1816753486, 1642222929, 818881763, 2339814793, 1931527101, 3906795963, 1316520227, 3904248590, 3717188538, 2420681685, 3229474139, 872223914, 1608722339, 2834232590, 3167562060, 3952673184, 334135828, 827661117, 765565559, 1496698146, 3843776910, 3977484499, 3848647053, 2706435740, 184448811, 2228082923, 4166031239, 2952350358, 892220575, 1595650325, 1594258699, 2001226044, 3580381407, 2461352023, 23818983, 3917941375, 2458305920, 4173294976, 3867822868, 2602984133, 1021453363, 253864864, 2084040548, 2719121654, 2362666790, 4166273268, 156808503, 3469938613, 1728856589, 2378467298, 1601278884, 3207131912, 3687096506, 1196604653, 3571460418, 1526251448, 1360058882, 792201880, 1428734096, 2428905577, 1756475075, 3842208629, 3111062943, 2620252354, 1396018320, 412384733, 4109629548, 4272200280, 508029284, 1052296067, 3249073929, 1024479138, 1167888764, 1554804517, 4100872756, 15579043, 880601797, 2234513135, 3230860564, 132285173, 1700823905, 2194706136, 940223573, 2006198544, 3831334814, 4201735456, 1795226435, 489909046, 4228354499, 2791877329, 3197817577, 3937948891, 3340077500, 3790742234, 3594549047, 3293984488, 4136086033, 501239269, 929433312, 3728839933, 946838001, 1722699837, 3188994477, 3398545377, 465432395, 1727301594, 68972234, 3355899006, 2365413317, 2896788216, 982709485, 3334587335, 1709565518, 2630248508, 4188185409, 2444694031, 4147793714, 361968714, 2505253427, 720659813, 1837967030, 311984535, 129687995, 2752470219, 2703777208, 1076116383, 4192470626, 159874317, 3546954799, 347135225, 633054696, 3116366876, 2993036164, 445878092, 1790304083, 2743357663, 108131094, 3125804651, 2874689004, 3978425447, 1518404359, 1023953581, 2018744512, 1937319799, 3806898880, 3534579065, 3929858379, 1517575111, 3720748577, 1229595043, 3194549541, 1082651442, 3132122380, 360693101, 1094765634, 3044950091, 2436495009, 4119361462, 1567816440, 1410191373, 2551003210, 4060045761, 2003011439, 3205298150, 3068702954, 3000226391, 426011797, 2433924638, 619617442, 283172226, 1015181492, 2593755434, 1040236331, 3893879544, 4233858841, 752493644, 3399319809, 585141056, 4126064028, 2283115311, 2507753183, 185043251, 1351523384, 3032409157, 1368975781, 217546113, 44508537, 1915330450, 2302169251, 1406421970, 2277155405, 1871378639, 2144242753, 3453320869, 416783579, 2974866556, 1865534820, 600826997, 1210567837, 1072076637, 2751337889, 1879055292, 2152046329, 4200697635, 481982620, 1158782839, 2715885633, 3047533304, 3402141089, 860700054, 3517857572, 2001880585, 2070543869, 1925718492, 1185080694, 1160329523, 3863727181, 1228269407, 1689179152, 3825473009, 2380288419, 3500237255, 1443478003, 987258262, 536065816, 1556218700, 3241422636, 2527346725, 1484404366, 4008292161, 1286722198, 3508482242, 1143075514, 2553619878, 4105709246, 4220136894, 4010683348, 365016156, 3234631715, 3917377193, 104271779, 4289763246, 2483441594, 108203217, 428295775, 37198834, 662608353, 4107709105, 3575999477, 622109376, 274706990, 1542787977, 3434318411, 2871208469, 3254154437, 4160106058, 818590342, 2833858768, 1705247642, 2945531874, 859146667, 2625129447, 2235817316, 471967237, 4158624246, 1124226184, 1782834022, 3031121338, 2111605618, 1251229512, 2491897908, 3574376616, 3727195458, 2736518853, 4196212077, 1429024937, 2497139530, 2214421757, 2874185598, 1807728968, 419924443, 2089768798, 1016941046, 2019173745, 2424836704, 874842788, 2512602601, 188921324, 3871239015, 3316391812, 80238875, 806428333, 1891918573, 1557453269, 965653433, 3430281253, 3478029538, 4189301704, 1333631269, 1048038215, 2436244373, 3164609475, 2248714169, 3619780549, 236915166, 3616383711, 1806004507, 238951924, 2512561920, 310773820, 549103145, 4257271183, 2648021913, 948918781, 3205371008, 3834662248, 3059293400, 1722058519, 1446530624, 2223969504, 1428944154, 1671364232, 4257307032, 1292946795, 2290176719, 1861714658, 1742779799, 3706558507, 3227046109, 1413567247, 4090867371, 4105798879, 181383331, 278477067, 559377901, 3222575357, 497653027, 1041956640, 2220971737, 1802088847, 3952298961, 566078513, 2264388881, 238951967, 2911038066, 595620810, 440270243, 1337650785, 2154812852, 1323221862, 1011364511, 3487727910, 3062183394, 346272103, 1758876481, 2456522171, 59648734, 3489065503, 3104861830, 3847998763, 2255798538, 3506069102, 843541138, 1227762312, 3322113471, 1123305096, 702847385, 3119365023, 961477711, 3209572482, 3346399340, 3236336978, 4120140282, 2815772794, 275020404, 771072179, 1293591285, 1777635898, 2798449979, 3605609695, 2384510693, 4168473331, 3765356747, 4222325730, 3810616700, 418407757, 302370889, 988749011, 3642662677, 4286513191, 3880750421, 1822908890, 3216547292, 789879857, 2047842313, 2223128043, 2870426824, 4073557539, 2002773131, 2660946532, 4162560600, 1762961043, 4104705125, 2668299180, 3712947182, 2077399437, 4055040649, 1250097656, 100536408, 1914394411, 2560353137, 3840492843, 2442707426, 791026879, 1393150094, 2224977256, 3830846870, 4254414590, 512542944, 1970494482, 3737018582, 512994845, 3761410192, 2472848183, 4081768395, 3415081395, 4271585081, 1320276552, 2978020499, 3936644072, 757388380, 2712002358, 2226211162, 559702492, 1527437032, 4216410749, 3046234950, 2327427735, 1153208447, 1728429879, 1948557083, 50834242, 786202067, 3917092312, 1830498145, 4294441058, 1688044998, 2547592374, 1041895919, 89357132, 525613772, 1677252445, 3660842246, 4087798361, 1696936461, 3107208011, 536644090, 1093111143, 744859772, 3010924096, 3271766063, 1262697696, 3308664310, 1979566713, 3674068299, 1972309045, 4287190286, 271538524, 2635917980, 2536891670, 2373578940, 1087707044, 2367182283, 1353060544, 3194694112, 2637256265, 419218828, 3652664640, 838553502, 3128909263, 2946747853, 1774248609, 1243471153, 3601079438, 117758110, 2552325286, 4272558621, 3032205192, 3354152479, 1880143274, 902813696, 1883524107, 656688284, 763052240, 794620349, 2698859934, 490376720, 3076855106, 1653166478, 1758533255, 1889239566, 547295248, 812121592, 887698224, 1957641771, 1000187986, 3859858440, 2625371363, 1176650290, 3000423627, 1063636443, 4238457247, 1229753520, 3650498204, 3459148288, 2267578142, 1448960713, 1381760803, 2228106529, 738887720, 3939364113, 2576671560, 3656603414, 2991276502, 1649715942, 802180467, 3742557118, 2335029225, 1539365467, 973068050, 2688225102, 4287182451, 1075679743, 4110793129, 464587068, 116655116, 2422856220, 1833400304, 711140758, 3241794932, 755600428, 2021829837, 1097559533, 2627474455, 107836173, 553), None)
Loaded weights: -1.766220070705574, -5.679028522592812, 0.9648669503857237, 0.0, 0.0
events: me killed itself, 
  ----
(3, (3773887605, 731850849, 3377090917, 1829287592, 2008538810, 601276376, 3644825812, 3423113494, 3009586778, 208810233, 874108846, 684667866, 1028984841, 3665194641, 2911686804, 3463379919, 870081603, 3625019051, 853921400, 1651730897, 239871168, 2694236328, 2177269137, 380753854, 2682364577, 1240772601, 1676895770, 1081418664, 4033406682, 3934603210, 1098245400, 883787354, 2272401112, 2179071349, 3235398970, 2993122412, 3544849165, 1597872978, 2744052435, 3821686947, 541704109, 208521014, 2059745105, 500856949, 1764835452, 1158488712, 4262324634, 677729958, 1015372128, 2763129903, 2867309786, 1640980492, 1319054590, 133100475, 2485538316, 1876175167, 64390948, 3068165134, 3115325166, 1890071787, 328650951, 4275593109, 854791728, 3902516194, 2794206587, 3089657343, 3062958363, 1116073437, 3565729358, 891118758, 1520573607, 1225973842, 590475162, 723194042, 2569499957, 1485444521, 1841693427, 21542540, 2637399663, 1530139732, 4130391589, 36256895, 411267929, 3295832721, 178005035, 2874150443, 3012097587, 2868804792, 142957819, 326923181, 3003593558, 1718365612, 3338500055, 2435171835, 3631055080, 2927895038, 3704730986, 2818872313, 3604718929, 303319624, 4113998073, 635120476, 46787484, 2248012471, 85093260, 3298299516, 819297627, 2097900006, 1209056611, 1964373718, 37513251, 989231900, 4103724528, 208595670, 3455200154, 1560532764, 676328290, 801821632, 1927838080, 2368302919, 2057791437, 1980563276, 843917448, 2133692216, 4084766615, 1461396189, 2274737848, 4178951059, 186993684, 2286769458, 1408778674, 4294088165, 891563629, 243566721, 4072433671, 3829063445, 1337020997, 677355424, 4071419460, 3937305602, 3923418732, 4251057697, 2862216807, 3724653265, 4283419072, 179275605, 2514362873, 4091272491, 1180013141, 1319599757, 3218252322, 543908443, 3075399078, 2578152618, 237932662, 3409533800, 3726814058, 1204332524, 3007591651, 3638524460, 4109805931, 2176141639, 2643267074, 351817777, 2794786895, 3627919637, 2685378720, 1377665297, 955239350, 1492081978, 2758183617, 15312071, 3353826116, 309286783, 3312394571, 4202944253, 888140493, 385167167, 3624268343, 490376579, 3834378631, 2492559784, 2756560244, 333796349, 845793949, 283789583, 2883134742, 1841894702, 575737505, 638823903, 886092053, 3166036181, 3669765284, 762478663, 852601641, 2472522937, 1569672134, 1264254323, 1620832658, 3256815415, 505148707, 2802161298, 3126445005, 1619938904, 3842069543, 1870679951, 3538486318, 4236284880, 3452907850, 2549238247, 49534873, 1958088884, 208228408, 2000924355, 52783220, 1898640963, 1310534602, 3916189408, 1679944512, 3939230329, 374008310, 1636695568, 478009676, 2296164014, 2910694807, 1756268843, 2978401474, 492655739, 2913198636, 2835982588, 1884324910, 2751508691, 58120697, 1518874670, 496818841, 3383139713, 1657490821, 2266468215, 617197567, 3701608502, 953097721, 2987043687, 2501551034, 4089265591, 229367870, 980193655, 805578624, 104614401, 3201822962, 2357900548, 3501799668, 2884260829, 2932988074, 899576892, 4231222263, 2702746490, 3497138436, 2625084496, 3877213674, 1543070366, 2846274409, 1133479879, 1134798945, 1278809362, 3345398065, 2593793306, 2120140845, 1235458628, 2528650959, 2483616745, 3140849290, 3604172785, 2423151674, 3869607844, 1610461204, 3026852741, 430527166, 740054955, 3912817155, 916398368, 2663681048, 1881028930, 562632049, 3092707392, 1058561265, 3814900626, 2361705188, 1244679692, 3591323655, 3495069163, 1277683139, 2682791317, 2608406340, 218965341, 3903372068, 689632574, 122293934, 4054361728, 2531948636, 3530157990, 3642195100, 2219531262, 1467207205, 1135018837, 567451930, 1332287138, 923340563, 1481417050, 1685181748, 806153016, 2791478220, 109491960, 3507232116, 3461210348, 3715721554, 1113949909, 2853342051, 1588638941, 3162446498, 4179966976, 3676758566, 39630431, 995045902, 3721033875, 582184918, 1975009494, 3784200045, 2814177689, 771027531, 3057373831, 984385357, 3381349977, 1030456513, 1261333118, 627978405, 1550064907, 130545435, 368375762, 4200861462, 1672300764, 1322189924, 451561543, 1726750695, 1238292774, 451617395, 1757275997, 4089916158, 1609398377, 2085573462, 1489730780, 272216473, 1006492714, 3005029556, 1946916403, 4085125686, 3553840821, 3722780301, 640131350, 1786372567, 191071682, 281685114, 1469696608, 3967735333, 363058967, 3149303179, 3071128754, 1090060654, 2332856750, 638411379, 731498990, 2137731960, 1210914293, 2405461590, 720136500, 2491195226, 982271921, 2953904832, 971110238, 2985870158, 1880514712, 1135058857, 4240874315, 2352406407, 1827457754, 2870128574, 3025877529, 3527289260, 3182800245, 148941452, 979752986, 3273272610, 1675234414, 3350897493, 3527902740, 154210173, 3535091938, 1945336346, 2787180721, 1786535498, 4129827840, 747633587, 988804897, 1741410117, 1133786044, 3155019051, 1870368509, 3827193138, 396615903, 879957538, 1192867780, 3481942899, 2737694407, 2571718438, 316398007, 3121966944, 1029468465, 3173758572, 3631012109, 276100578, 325732963, 3070351888, 3972404473, 2241773952, 206533155, 3746345853, 3729667709, 3257460205, 2037683344, 539574018, 2645066590, 1003279529, 911752267, 3269711600, 1121219116, 3175581375, 1933374618, 3413802660, 3914760659, 931950641, 1679064847, 778050442, 666008880, 3408130115, 795281550, 1687597811, 3789522512, 795094145, 166588855, 37158438, 2081330149, 4061561427, 4271311274, 547140625, 1047833668, 2732111326, 2572790577, 593978046, 2183965342, 2048417662, 3863250015, 3015173268, 1615401832, 3090558783, 3082539004, 387831692, 2696319305, 1764093795, 3732417845, 1487265042, 3813217111, 3965809497, 3274252025, 2657349036, 2873985450, 1404556389, 1589217084, 1848506270, 3757330886, 3622273777, 1129528124, 2529341137, 3015103009, 3485411981, 882107677, 1034333643, 2186864918, 1493592754, 161720355, 3603613344, 2833234475, 83195363, 167577521, 3005137245, 2081551001, 998805647, 3899833776, 3679362969, 2173444227, 4186734490, 1177500651, 3602698220, 2403816784, 1422377151, 3848725176, 3394862312, 2388669223, 3075993526, 3952523756, 646730604, 828111594, 4195245293, 1874226207, 3471288550, 677698309, 284730287, 173747603, 721714443, 3870132871, 1022548679, 2600127205, 2204871531, 3692409288, 3332362833, 951186079, 2212914275, 2634477063, 342644622, 3686711610, 2346796696, 4287042900, 1857880534, 3238624489, 2767404923, 2996544105, 397600167, 3723141976, 641613574, 3218674924, 4262436400, 3031270148, 3973511703, 1049574577, 4128496815, 1239268774, 1634999898, 4100503052, 4155197774, 2428244141, 1155550721, 1529199068, 1112466089, 1256220598, 1787679782, 907957398, 3955397471, 19885291, 4005983560, 3197868405, 122820704, 3498263886, 4146607161, 238829282, 535195972, 198657352, 4087959043, 2688150738, 2572410636, 919035569, 894023, 3351677245, 1516043112, 206995995, 3860541276, 3819536433, 292568929, 1744689655, 697291803, 3176761861, 61873453, 2740098236, 1815636175, 3909782446, 1888248191, 3224095396, 355451666, 3175919481, 1752343771, 2427057856, 2435030098, 1260829237, 1896190287, 2541591237, 3491398066, 57491169, 2032832533, 2519215421, 2968937377, 695105388, 3829617570, 3282706418, 1175831231, 3445178289, 1269174978, 1056019622, 375948929, 1835444325, 2231287146, 1599632416, 3973782764, 1794831457, 2515186426, 144229301, 4186160775, 3510905770, 3045146747, 2118324596, 794053329, 3817259928, 895404664, 1660110316, 1811578941, 2658645417, 143339963, 3666063615, 16), None)
Loaded weights: -1.8311491536753302, -5.927715844473188, 0.6660434217185436, 0.0, 0.0
events: me killed itself, 
  ----
(3, (3773887605, 731850849, 3377090917, 1829287592, 2008538810, 601276376, 3644825812, 3423113494, 3009586778, 208810233, 874108846, 684667866, 1028984841, 3665194641, 2911686804, 3463379919, 870081603, 3625019051, 853921400, 1651730897, 239871168, 2694236328, 2177269137, 380753854, 2682364577, 1240772601, 1676895770, 1081418664, 4033406682, 3934603210, 1098245400, 883787354, 2272401112, 2179071349, 3235398970, 2993122412, 3544849165, 1597872978, 2744052435, 3821686947, 541704109, 208521014, 2059745105, 500856949, 1764835452, 1158488712, 4262324634, 677729958, 1015372128, 2763129903, 2867309786, 1640980492, 1319054590, 133100475, 2485538316, 1876175167, 64390948, 3068165134, 3115325166, 1890071787, 328650951, 4275593109, 854791728, 3902516194, 2794206587, 3089657343, 3062958363, 1116073437, 3565729358, 891118758, 1520573607, 1225973842, 590475162, 723194042, 2569499957, 1485444521, 1841693427, 21542540, 2637399663, 1530139732, 4130391589, 36256895, 411267929, 3295832721, 178005035, 2874150443, 3012097587, 2868804792, 142957819, 326923181, 3003593558, 1718365612, 3338500055, 2435171835, 3631055080, 2927895038, 3704730986, 2818872313, 3604718929, 303319624, 4113998073, 635120476, 46787484, 2248012471, 85093260, 3298299516, 819297627, 2097900006, 1209056611, 1964373718, 37513251, 989231900, 4103724528, 208595670, 3455200154, 1560532764, 676328290, 801821632, 1927838080, 2368302919, 2057791437, 1980563276, 843917448, 2133692216, 4084766615, 1461396189, 2274737848, 4178951059, 186993684, 2286769458, 1408778674, 4294088165, 891563629, 243566721, 4072433671, 3829063445, 1337020997, 677355424, 4071419460, 3937305602, 3923418732, 4251057697, 2862216807, 3724653265, 4283419072, 179275605, 2514362873, 4091272491, 1180013141, 1319599757, 3218252322, 543908443, 3075399078, 2578152618, 237932662, 3409533800, 3726814058, 1204332524, 3007591651, 3638524460, 4109805931, 2176141639, 2643267074, 351817777, 2794786895, 3627919637, 2685378720, 1377665297, 955239350, 1492081978, 2758183617, 15312071, 3353826116, 309286783, 3312394571, 4202944253, 888140493, 385167167, 3624268343, 490376579, 3834378631, 2492559784, 2756560244, 333796349, 845793949, 283789583, 2883134742, 1841894702, 575737505, 638823903, 886092053, 3166036181, 3669765284, 762478663, 852601641, 2472522937, 1569672134, 1264254323, 1620832658, 3256815415, 505148707, 2802161298, 3126445005, 1619938904, 3842069543, 1870679951, 3538486318, 4236284880, 3452907850, 2549238247, 49534873, 1958088884, 208228408, 2000924355, 52783220, 1898640963, 1310534602, 3916189408, 1679944512, 3939230329, 374008310, 1636695568, 478009676, 2296164014, 2910694807, 1756268843, 2978401474, 492655739, 2913198636, 2835982588, 1884324910, 2751508691, 58120697, 1518874670, 496818841, 3383139713, 1657490821, 2266468215, 617197567, 3701608502, 953097721, 2987043687, 2501551034, 4089265591, 229367870, 980193655, 805578624, 104614401, 3201822962, 2357900548, 3501799668, 2884260829, 2932988074, 899576892, 4231222263, 2702746490, 3497138436, 2625084496, 3877213674, 1543070366, 2846274409, 1133479879, 1134798945, 1278809362, 3345398065, 2593793306, 2120140845, 1235458628, 2528650959, 2483616745, 3140849290, 3604172785, 2423151674, 3869607844, 1610461204, 3026852741, 430527166, 740054955, 3912817155, 916398368, 2663681048, 1881028930, 562632049, 3092707392, 1058561265, 3814900626, 2361705188, 1244679692, 3591323655, 3495069163, 1277683139, 2682791317, 2608406340, 218965341, 3903372068, 689632574, 122293934, 4054361728, 2531948636, 3530157990, 3642195100, 2219531262, 1467207205, 1135018837, 567451930, 1332287138, 923340563, 1481417050, 1685181748, 806153016, 2791478220, 109491960, 3507232116, 3461210348, 3715721554, 1113949909, 2853342051, 1588638941, 3162446498, 4179966976, 3676758566, 39630431, 995045902, 3721033875, 582184918, 1975009494, 3784200045, 2814177689, 771027531, 3057373831, 984385357, 3381349977, 1030456513, 1261333118, 627978405, 1550064907, 130545435, 368375762, 4200861462, 1672300764, 1322189924, 451561543, 1726750695, 1238292774, 451617395, 1757275997, 4089916158, 1609398377, 2085573462, 1489730780, 272216473, 1006492714, 3005029556, 1946916403, 4085125686, 3553840821, 3722780301, 640131350, 1786372567, 191071682, 281685114, 1469696608, 3967735333, 363058967, 3149303179, 3071128754, 1090060654, 2332856750, 638411379, 731498990, 2137731960, 1210914293, 2405461590, 720136500, 2491195226, 982271921, 2953904832, 971110238, 2985870158, 1880514712, 1135058857, 4240874315, 2352406407, 1827457754, 2870128574, 3025877529, 3527289260, 3182800245, 148941452, 979752986, 3273272610, 1675234414, 3350897493, 3527902740, 154210173, 3535091938, 1945336346, 2787180721, 1786535498, 4129827840, 747633587, 988804897, 1741410117, 1133786044, 3155019051, 1870368509, 3827193138, 396615903, 879957538, 1192867780, 3481942899, 2737694407, 2571718438, 316398007, 3121966944, 1029468465, 3173758572, 3631012109, 276100578, 325732963, 3070351888, 3972404473, 2241773952, 206533155, 3746345853, 3729667709, 3257460205, 2037683344, 539574018, 2645066590, 1003279529, 911752267, 3269711600, 1121219116, 3175581375, 1933374618, 3413802660, 3914760659, 931950641, 1679064847, 778050442, 666008880, 3408130115, 795281550, 1687597811, 3789522512, 795094145, 166588855, 37158438, 2081330149, 4061561427, 4271311274, 547140625, 1047833668, 2732111326, 2572790577, 593978046, 2183965342, 2048417662, 3863250015, 3015173268, 1615401832, 3090558783, 3082539004, 387831692, 2696319305, 1764093795, 3732417845, 1487265042, 3813217111, 3965809497, 3274252025, 2657349036, 2873985450, 1404556389, 1589217084, 1848506270, 3757330886, 3622273777, 1129528124, 2529341137, 3015103009, 3485411981, 882107677, 1034333643, 2186864918, 1493592754, 161720355, 3603613344, 2833234475, 83195363, 167577521, 3005137245, 2081551001, 998805647, 3899833776, 3679362969, 2173444227, 4186734490, 1177500651, 3602698220, 2403816784, 1422377151, 3848725176, 3394862312, 2388669223, 3075993526, 3952523756, 646730604, 828111594, 4195245293, 1874226207, 3471288550, 677698309, 284730287, 173747603, 721714443, 3870132871, 1022548679, 2600127205, 2204871531, 3692409288, 3332362833, 951186079, 2212914275, 2634477063, 342644622, 3686711610, 2346796696, 4287042900, 1857880534, 3238624489, 2767404923, 2996544105, 397600167, 3723141976, 641613574, 3218674924, 4262436400, 3031270148, 3973511703, 1049574577, 4128496815, 1239268774, 1634999898, 4100503052, 4155197774, 2428244141, 1155550721, 1529199068, 1112466089, 1256220598, 1787679782, 907957398, 3955397471, 19885291, 4005983560, 3197868405, 122820704, 3498263886, 4146607161, 238829282, 535195972, 198657352, 4087959043, 2688150738, 2572410636, 919035569, 894023, 3351677245, 1516043112, 206995995, 3860541276, 3819536433, 292568929, 1744689655, 697291803, 3176761861, 61873453, 2740098236, 1815636175, 3909782446, 1888248191, 3224095396, 355451666, 3175919481, 1752343771, 2427057856, 2435030098, 1260829237, 1896190287, 2541591237, 3491398066, 57491169, 2032832533, 2519215421, 2968937377, 695105388, 3829617570, 3282706418, 1175831231, 3445178289, 1269174978, 1056019622, 375948929, 1835444325, 2231287146, 1599632416, 3973782764, 1794831457, 2515186426, 144229301, 4186160775, 3510905770, 3045146747, 2118324596, 794053329, 3817259928, 895404664, 1660110316, 1811578941, 2658645417, 143339963, 3666063615, 92), None)
Loaded weights: -1.9617367295790156, -5.927715844473188, 0.9675254677692444, 0.0, 0.0
