Starting iterations: 50
(3, (4226747340, 3470039174, 2233134820, 970183540, 4283104644, 3343727136, 3004812696, 2147155568, 3338800247, 2635407933, 3967149425, 278962600, 3173938940, 4115024794, 2269471511, 301411416, 2422023235, 4049035017, 4190273814, 2887580808, 2622072529, 1953738172, 701497125, 3960367040, 392526461, 4004613833, 1861079857, 2421715649, 3763784520, 1119001184, 694330815, 91241871, 393041887, 1432054831, 2579048416, 4183945929, 2471801672, 2070079450, 627505390, 2060076945, 523019468, 4013460908, 2792286570, 626450483, 1861650247, 4242174296, 297871669, 3392114134, 1988644446, 2430960541, 3281003211, 2691607764, 4263616, 3007563341, 1183663755, 2968093539, 2995057113, 1270317011, 1590083268, 2479611908, 1032713086, 2433625869, 3188360543, 175132565, 1531008464, 301798769, 1678031176, 2809473282, 2264777068, 3843798637, 1578629265, 1545617116, 949440865, 1773066586, 4058166846, 1319744070, 1023250084, 1534515174, 4021304092, 3531396779, 3600289313, 1119093147, 200953562, 2780659955, 2709600084, 1292952591, 3894662968, 667515016, 691551550, 387493406, 3938642617, 4124507538, 1839076640, 2083423019, 1208584739, 1609518621, 1664340335, 1937755426, 2515231756, 3033531671, 4267568756, 450933768, 3663382358, 3999153021, 3778896079, 2666321877, 3081638628, 1635904883, 3077203926, 2287833460, 3817919108, 2766919363, 1298247387, 2430752740, 2852616065, 977761423, 1518905804, 3868602404, 1921482051, 2568307731, 3368922241, 3425786305, 3070715275, 3906844375, 2667044656, 2491301583, 1237518941, 1695139902, 2515576945, 963201769, 970181952, 739084423, 1736920644, 966778331, 3104699478, 318772765, 2756668877, 3835757626, 625384181, 2400443323, 2248314613, 945540871, 1186488684, 642163230, 2127170653, 4052399145, 3485848808, 1453101906, 2799610151, 2451699009, 2947987416, 3608865917, 2142291298, 645384311, 2310393800, 2351643157, 2680722774, 2030306888, 2353588260, 4088208762, 792453705, 3423540787, 1123046231, 1558519440, 2049285146, 3301287709, 2987337177, 1681353086, 2674529821, 1862605955, 1122653986, 3159626114, 712108758, 2365121078, 2055588903, 2119224899, 2348141668, 1662371668, 1553213852, 4247752092, 3152349411, 2666749873, 261598816, 1109289331, 164878405, 310730724, 2688185227, 1358889573, 3152452972, 3580875764, 3997122828, 2908931754, 2733267406, 3980199767, 3299272356, 3979038826, 3088374164, 357426374, 550625168, 2124697260, 2940985593, 1086113437, 2164923923, 3078328296, 484253733, 3949554514, 644438618, 1548450632, 4143792161, 4112238590, 2958259734, 893094745, 3050413963, 4143060150, 1370739014, 4238525890, 2729858248, 2673463265, 70473837, 1413954059, 2664927074, 601440071, 1503729789, 3893279216, 996715513, 2157547605, 4092215026, 3038397325, 3869295712, 2802377300, 1511893355, 2871569360, 249631924, 3056676712, 2926592727, 1403080218, 2304915902, 3168935465, 2903698981, 2183139779, 2691887859, 317027309, 3040871792, 3696366937, 3585110266, 2920789975, 277615431, 2219177150, 1076683414, 972447023, 1375211570, 2174977771, 4137406662, 25726382, 1035454965, 81144148, 858568752, 2657243711, 3534657266, 774601210, 813363150, 4015743906, 1700499821, 2865279488, 3307670221, 2372755074, 3973551652, 2862561899, 988387264, 2226742217, 229286860, 3868015072, 1855176951, 2248490069, 2803149240, 151863435, 3465128106, 1338508021, 3050614516, 271135642, 3184408625, 3380953884, 1440653015, 1952913868, 985298253, 3696692806, 3854564942, 1478548628, 329886128, 1425684066, 2784802223, 3296698385, 2735541076, 1402099731, 2378342851, 2535909103, 626859278, 1712190255, 3199923088, 121260220, 352160866, 2690858536, 3050903849, 3133901293, 3694959522, 3163844315, 2479672557, 3953389581, 2173528680, 457855222, 1807650652, 2540108553, 3986487117, 389686621, 4181338467, 1532031518, 565916560, 87032454, 3073050690, 1055132871, 1563485394, 4099598870, 3493131408, 1824846020, 3982382181, 631355493, 4112188849, 1390936305, 2758722474, 1799918015, 2644944819, 1279938318, 2665264134, 3722559873, 1109369967, 3491099110, 86133169, 525847259, 616927006, 156844550, 3182901184, 1134675901, 3333258415, 2871281930, 3391626638, 802186860, 131611290, 3527974477, 2143180349, 3376556308, 2761979521, 3754992613, 3167322705, 3575892174, 2134418091, 1817382132, 1412648268, 985828691, 1577775368, 522858747, 2781217821, 3650054084, 2135649242, 913575522, 3165741709, 2200834982, 2742114440, 2953355315, 3025426138, 1878844847, 2641815582, 987913797, 2988456112, 2771460703, 4187010070, 1809353928, 928628710, 1904594510, 2123797841, 4257482524, 2294486675, 4235383337, 2805668138, 1590121828, 3196719767, 3842468734, 2169161084, 2957904296, 1457164344, 1708463683, 1613979392, 856227519, 2109975098, 1729043860, 1972865384, 269263614, 3220329200, 439397605, 4233279216, 2584240683, 1041304641, 120493119, 4148654464, 4211502355, 3244995693, 883006151, 1175776990, 4118858476, 1787866388, 3881436502, 3626072693, 2039393278, 1765577922, 3900180266, 3044684053, 2653232788, 3285477036, 3039166391, 3767597553, 2758703737, 3522497070, 2100964010, 3382895912, 1671852357, 246877041, 3238782907, 1046789962, 572133828, 719548369, 3052773665, 2782977712, 3203400137, 1546326409, 3991366954, 3960621153, 218753127, 1487403921, 2986159205, 1931909805, 1496279986, 1281383239, 3768143602, 804652053, 3620451356, 471933919, 2080165689, 1594288305, 3595926452, 1064529549, 1620651682, 1640989799, 3474668548, 3423916776, 2942185936, 247308216, 3769240531, 3201548662, 3779518880, 912603856, 3274806003, 3311859635, 1690700424, 2815981046, 2923776821, 2910187330, 691779033, 333405944, 804258582, 1250925996, 1620245500, 2376602454, 735153392, 2362909411, 1647096829, 3774578933, 621068237, 3546370508, 568839263, 1407545844, 2613872699, 1676196354, 419820756, 2012624054, 325608032, 4082607675, 887204319, 2165473801, 396582693, 633599036, 2169700251, 3155029132, 3195092943, 2804084203, 3795427729, 3604093436, 306428785, 117873126, 2882345514, 458575762, 4239777392, 2141892507, 463298893, 2174373994, 3174016942, 2687779670, 3302100522, 1217187501, 1222031864, 3028359084, 2916490972, 3786691211, 2054504803, 337304047, 4014475492, 4095277795, 634158133, 1621035224, 3080286955, 1598639381, 3138269422, 1017581525, 3757626580, 3226033744, 1831711140, 1649195125, 2078121888, 2824378043, 397086562, 2870955077, 3345727193, 2199633767, 4271908106, 269081138, 1346315137, 449478023, 1021681549, 2944149681, 2453243146, 3226824176, 1383127443, 1298598416, 3542991942, 3338042353, 93250255, 1866121833, 1601344475, 554086398, 2224334774, 1144754006, 1784951580, 2288238739, 3692806004, 2310148565, 1886753830, 2923944254, 2653660389, 408970822, 3434727885, 4134486402, 2956519801, 2909730447, 3886489960, 1812526937, 3822951237, 432894284, 3660195328, 3373578663, 2291035522, 1218133069, 4132297999, 883087035, 1981850799, 2851064270, 1018637444, 3935064728, 4166649793, 3941954614, 2740442165, 3191571038, 2302492413, 2530695823, 2906737486, 519548917, 2063403332, 2790144815, 1579531107, 1375029421, 2819409308, 3134498137, 3682728335, 1200287386, 1545081393, 87809084, 3454080250, 3268088543, 3214222193, 2264409951, 1309120160, 490733598, 3391319777, 2266105189, 228332383, 1141090397, 1746336472, 3964002451, 3529776610, 1738944428, 3803068826, 989122514, 2311212861, 1382324127, 1208690771, 2551285528, 283664327, 2447518293, 2806020962, 429594721, 305639803, 3823131394, 1546633094, 70389021, 2446748369, 3615459606, 3255162646, 1), None)
Loaded weights: 0.0, 0.0, 0.0, 0.0, 0.0
events: me killed itself, 
  ----
(3, (4226747340, 3470039174, 2233134820, 970183540, 4283104644, 3343727136, 3004812696, 2147155568, 3338800247, 2635407933, 3967149425, 278962600, 3173938940, 4115024794, 2269471511, 301411416, 2422023235, 4049035017, 4190273814, 2887580808, 2622072529, 1953738172, 701497125, 3960367040, 392526461, 4004613833, 1861079857, 2421715649, 3763784520, 1119001184, 694330815, 91241871, 393041887, 1432054831, 2579048416, 4183945929, 2471801672, 2070079450, 627505390, 2060076945, 523019468, 4013460908, 2792286570, 626450483, 1861650247, 4242174296, 297871669, 3392114134, 1988644446, 2430960541, 3281003211, 2691607764, 4263616, 3007563341, 1183663755, 2968093539, 2995057113, 1270317011, 1590083268, 2479611908, 1032713086, 2433625869, 3188360543, 175132565, 1531008464, 301798769, 1678031176, 2809473282, 2264777068, 3843798637, 1578629265, 1545617116, 949440865, 1773066586, 4058166846, 1319744070, 1023250084, 1534515174, 4021304092, 3531396779, 3600289313, 1119093147, 200953562, 2780659955, 2709600084, 1292952591, 3894662968, 667515016, 691551550, 387493406, 3938642617, 4124507538, 1839076640, 2083423019, 1208584739, 1609518621, 1664340335, 1937755426, 2515231756, 3033531671, 4267568756, 450933768, 3663382358, 3999153021, 3778896079, 2666321877, 3081638628, 1635904883, 3077203926, 2287833460, 3817919108, 2766919363, 1298247387, 2430752740, 2852616065, 977761423, 1518905804, 3868602404, 1921482051, 2568307731, 3368922241, 3425786305, 3070715275, 3906844375, 2667044656, 2491301583, 1237518941, 1695139902, 2515576945, 963201769, 970181952, 739084423, 1736920644, 966778331, 3104699478, 318772765, 2756668877, 3835757626, 625384181, 2400443323, 2248314613, 945540871, 1186488684, 642163230, 2127170653, 4052399145, 3485848808, 1453101906, 2799610151, 2451699009, 2947987416, 3608865917, 2142291298, 645384311, 2310393800, 2351643157, 2680722774, 2030306888, 2353588260, 4088208762, 792453705, 3423540787, 1123046231, 1558519440, 2049285146, 3301287709, 2987337177, 1681353086, 2674529821, 1862605955, 1122653986, 3159626114, 712108758, 2365121078, 2055588903, 2119224899, 2348141668, 1662371668, 1553213852, 4247752092, 3152349411, 2666749873, 261598816, 1109289331, 164878405, 310730724, 2688185227, 1358889573, 3152452972, 3580875764, 3997122828, 2908931754, 2733267406, 3980199767, 3299272356, 3979038826, 3088374164, 357426374, 550625168, 2124697260, 2940985593, 1086113437, 2164923923, 3078328296, 484253733, 3949554514, 644438618, 1548450632, 4143792161, 4112238590, 2958259734, 893094745, 3050413963, 4143060150, 1370739014, 4238525890, 2729858248, 2673463265, 70473837, 1413954059, 2664927074, 601440071, 1503729789, 3893279216, 996715513, 2157547605, 4092215026, 3038397325, 3869295712, 2802377300, 1511893355, 2871569360, 249631924, 3056676712, 2926592727, 1403080218, 2304915902, 3168935465, 2903698981, 2183139779, 2691887859, 317027309, 3040871792, 3696366937, 3585110266, 2920789975, 277615431, 2219177150, 1076683414, 972447023, 1375211570, 2174977771, 4137406662, 25726382, 1035454965, 81144148, 858568752, 2657243711, 3534657266, 774601210, 813363150, 4015743906, 1700499821, 2865279488, 3307670221, 2372755074, 3973551652, 2862561899, 988387264, 2226742217, 229286860, 3868015072, 1855176951, 2248490069, 2803149240, 151863435, 3465128106, 1338508021, 3050614516, 271135642, 3184408625, 3380953884, 1440653015, 1952913868, 985298253, 3696692806, 3854564942, 1478548628, 329886128, 1425684066, 2784802223, 3296698385, 2735541076, 1402099731, 2378342851, 2535909103, 626859278, 1712190255, 3199923088, 121260220, 352160866, 2690858536, 3050903849, 3133901293, 3694959522, 3163844315, 2479672557, 3953389581, 2173528680, 457855222, 1807650652, 2540108553, 3986487117, 389686621, 4181338467, 1532031518, 565916560, 87032454, 3073050690, 1055132871, 1563485394, 4099598870, 3493131408, 1824846020, 3982382181, 631355493, 4112188849, 1390936305, 2758722474, 1799918015, 2644944819, 1279938318, 2665264134, 3722559873, 1109369967, 3491099110, 86133169, 525847259, 616927006, 156844550, 3182901184, 1134675901, 3333258415, 2871281930, 3391626638, 802186860, 131611290, 3527974477, 2143180349, 3376556308, 2761979521, 3754992613, 3167322705, 3575892174, 2134418091, 1817382132, 1412648268, 985828691, 1577775368, 522858747, 2781217821, 3650054084, 2135649242, 913575522, 3165741709, 2200834982, 2742114440, 2953355315, 3025426138, 1878844847, 2641815582, 987913797, 2988456112, 2771460703, 4187010070, 1809353928, 928628710, 1904594510, 2123797841, 4257482524, 2294486675, 4235383337, 2805668138, 1590121828, 3196719767, 3842468734, 2169161084, 2957904296, 1457164344, 1708463683, 1613979392, 856227519, 2109975098, 1729043860, 1972865384, 269263614, 3220329200, 439397605, 4233279216, 2584240683, 1041304641, 120493119, 4148654464, 4211502355, 3244995693, 883006151, 1175776990, 4118858476, 1787866388, 3881436502, 3626072693, 2039393278, 1765577922, 3900180266, 3044684053, 2653232788, 3285477036, 3039166391, 3767597553, 2758703737, 3522497070, 2100964010, 3382895912, 1671852357, 246877041, 3238782907, 1046789962, 572133828, 719548369, 3052773665, 2782977712, 3203400137, 1546326409, 3991366954, 3960621153, 218753127, 1487403921, 2986159205, 1931909805, 1496279986, 1281383239, 3768143602, 804652053, 3620451356, 471933919, 2080165689, 1594288305, 3595926452, 1064529549, 1620651682, 1640989799, 3474668548, 3423916776, 2942185936, 247308216, 3769240531, 3201548662, 3779518880, 912603856, 3274806003, 3311859635, 1690700424, 2815981046, 2923776821, 2910187330, 691779033, 333405944, 804258582, 1250925996, 1620245500, 2376602454, 735153392, 2362909411, 1647096829, 3774578933, 621068237, 3546370508, 568839263, 1407545844, 2613872699, 1676196354, 419820756, 2012624054, 325608032, 4082607675, 887204319, 2165473801, 396582693, 633599036, 2169700251, 3155029132, 3195092943, 2804084203, 3795427729, 3604093436, 306428785, 117873126, 2882345514, 458575762, 4239777392, 2141892507, 463298893, 2174373994, 3174016942, 2687779670, 3302100522, 1217187501, 1222031864, 3028359084, 2916490972, 3786691211, 2054504803, 337304047, 4014475492, 4095277795, 634158133, 1621035224, 3080286955, 1598639381, 3138269422, 1017581525, 3757626580, 3226033744, 1831711140, 1649195125, 2078121888, 2824378043, 397086562, 2870955077, 3345727193, 2199633767, 4271908106, 269081138, 1346315137, 449478023, 1021681549, 2944149681, 2453243146, 3226824176, 1383127443, 1298598416, 3542991942, 3338042353, 93250255, 1866121833, 1601344475, 554086398, 2224334774, 1144754006, 1784951580, 2288238739, 3692806004, 2310148565, 1886753830, 2923944254, 2653660389, 408970822, 3434727885, 4134486402, 2956519801, 2909730447, 3886489960, 1812526937, 3822951237, 432894284, 3660195328, 3373578663, 2291035522, 1218133069, 4132297999, 883087035, 1981850799, 2851064270, 1018637444, 3935064728, 4166649793, 3941954614, 2740442165, 3191571038, 2302492413, 2530695823, 2906737486, 519548917, 2063403332, 2790144815, 1579531107, 1375029421, 2819409308, 3134498137, 3682728335, 1200287386, 1545081393, 87809084, 3454080250, 3268088543, 3214222193, 2264409951, 1309120160, 490733598, 3391319777, 2266105189, 228332383, 1141090397, 1746336472, 3964002451, 3529776610, 1738944428, 3803068826, 989122514, 2311212861, 1382324127, 1208690771, 2551285528, 283664327, 2447518293, 2806020962, 429594721, 305639803, 3823131394, 1546633094, 70389021, 2446748369, 3615459606, 3255162646, 305), None)
Loaded weights: -0.00905437705306146, 0.0850379604391178, -0.5854096597818297, 0.0, -0.5
events: 
  ----
(3, (4226747340, 3470039174, 2233134820, 970183540, 4283104644, 3343727136, 3004812696, 2147155568, 3338800247, 2635407933, 3967149425, 278962600, 3173938940, 4115024794, 2269471511, 301411416, 2422023235, 4049035017, 4190273814, 2887580808, 2622072529, 1953738172, 701497125, 3960367040, 392526461, 4004613833, 1861079857, 2421715649, 3763784520, 1119001184, 694330815, 91241871, 393041887, 1432054831, 2579048416, 4183945929, 2471801672, 2070079450, 627505390, 2060076945, 523019468, 4013460908, 2792286570, 626450483, 1861650247, 4242174296, 297871669, 3392114134, 1988644446, 2430960541, 3281003211, 2691607764, 4263616, 3007563341, 1183663755, 2968093539, 2995057113, 1270317011, 1590083268, 2479611908, 1032713086, 2433625869, 3188360543, 175132565, 1531008464, 301798769, 1678031176, 2809473282, 2264777068, 3843798637, 1578629265, 1545617116, 949440865, 1773066586, 4058166846, 1319744070, 1023250084, 1534515174, 4021304092, 3531396779, 3600289313, 1119093147, 200953562, 2780659955, 2709600084, 1292952591, 3894662968, 667515016, 691551550, 387493406, 3938642617, 4124507538, 1839076640, 2083423019, 1208584739, 1609518621, 1664340335, 1937755426, 2515231756, 3033531671, 4267568756, 450933768, 3663382358, 3999153021, 3778896079, 2666321877, 3081638628, 1635904883, 3077203926, 2287833460, 3817919108, 2766919363, 1298247387, 2430752740, 2852616065, 977761423, 1518905804, 3868602404, 1921482051, 2568307731, 3368922241, 3425786305, 3070715275, 3906844375, 2667044656, 2491301583, 1237518941, 1695139902, 2515576945, 963201769, 970181952, 739084423, 1736920644, 966778331, 3104699478, 318772765, 2756668877, 3835757626, 625384181, 2400443323, 2248314613, 945540871, 1186488684, 642163230, 2127170653, 4052399145, 3485848808, 1453101906, 2799610151, 2451699009, 2947987416, 3608865917, 2142291298, 645384311, 2310393800, 2351643157, 2680722774, 2030306888, 2353588260, 4088208762, 792453705, 3423540787, 1123046231, 1558519440, 2049285146, 3301287709, 2987337177, 1681353086, 2674529821, 1862605955, 1122653986, 3159626114, 712108758, 2365121078, 2055588903, 2119224899, 2348141668, 1662371668, 1553213852, 4247752092, 3152349411, 2666749873, 261598816, 1109289331, 164878405, 310730724, 2688185227, 1358889573, 3152452972, 3580875764, 3997122828, 2908931754, 2733267406, 3980199767, 3299272356, 3979038826, 3088374164, 357426374, 550625168, 2124697260, 2940985593, 1086113437, 2164923923, 3078328296, 484253733, 3949554514, 644438618, 1548450632, 4143792161, 4112238590, 2958259734, 893094745, 3050413963, 4143060150, 1370739014, 4238525890, 2729858248, 2673463265, 70473837, 1413954059, 2664927074, 601440071, 1503729789, 3893279216, 996715513, 2157547605, 4092215026, 3038397325, 3869295712, 2802377300, 1511893355, 2871569360, 249631924, 3056676712, 2926592727, 1403080218, 2304915902, 3168935465, 2903698981, 2183139779, 2691887859, 317027309, 3040871792, 3696366937, 3585110266, 2920789975, 277615431, 2219177150, 1076683414, 972447023, 1375211570, 2174977771, 4137406662, 25726382, 1035454965, 81144148, 858568752, 2657243711, 3534657266, 774601210, 813363150, 4015743906, 1700499821, 2865279488, 3307670221, 2372755074, 3973551652, 2862561899, 988387264, 2226742217, 229286860, 3868015072, 1855176951, 2248490069, 2803149240, 151863435, 3465128106, 1338508021, 3050614516, 271135642, 3184408625, 3380953884, 1440653015, 1952913868, 985298253, 3696692806, 3854564942, 1478548628, 329886128, 1425684066, 2784802223, 3296698385, 2735541076, 1402099731, 2378342851, 2535909103, 626859278, 1712190255, 3199923088, 121260220, 352160866, 2690858536, 3050903849, 3133901293, 3694959522, 3163844315, 2479672557, 3953389581, 2173528680, 457855222, 1807650652, 2540108553, 3986487117, 389686621, 4181338467, 1532031518, 565916560, 87032454, 3073050690, 1055132871, 1563485394, 4099598870, 3493131408, 1824846020, 3982382181, 631355493, 4112188849, 1390936305, 2758722474, 1799918015, 2644944819, 1279938318, 2665264134, 3722559873, 1109369967, 3491099110, 86133169, 525847259, 616927006, 156844550, 3182901184, 1134675901, 3333258415, 2871281930, 3391626638, 802186860, 131611290, 3527974477, 2143180349, 3376556308, 2761979521, 3754992613, 3167322705, 3575892174, 2134418091, 1817382132, 1412648268, 985828691, 1577775368, 522858747, 2781217821, 3650054084, 2135649242, 913575522, 3165741709, 2200834982, 2742114440, 2953355315, 3025426138, 1878844847, 2641815582, 987913797, 2988456112, 2771460703, 4187010070, 1809353928, 928628710, 1904594510, 2123797841, 4257482524, 2294486675, 4235383337, 2805668138, 1590121828, 3196719767, 3842468734, 2169161084, 2957904296, 1457164344, 1708463683, 1613979392, 856227519, 2109975098, 1729043860, 1972865384, 269263614, 3220329200, 439397605, 4233279216, 2584240683, 1041304641, 120493119, 4148654464, 4211502355, 3244995693, 883006151, 1175776990, 4118858476, 1787866388, 3881436502, 3626072693, 2039393278, 1765577922, 3900180266, 3044684053, 2653232788, 3285477036, 3039166391, 3767597553, 2758703737, 3522497070, 2100964010, 3382895912, 1671852357, 246877041, 3238782907, 1046789962, 572133828, 719548369, 3052773665, 2782977712, 3203400137, 1546326409, 3991366954, 3960621153, 218753127, 1487403921, 2986159205, 1931909805, 1496279986, 1281383239, 3768143602, 804652053, 3620451356, 471933919, 2080165689, 1594288305, 3595926452, 1064529549, 1620651682, 1640989799, 3474668548, 3423916776, 2942185936, 247308216, 3769240531, 3201548662, 3779518880, 912603856, 3274806003, 3311859635, 1690700424, 2815981046, 2923776821, 2910187330, 691779033, 333405944, 804258582, 1250925996, 1620245500, 2376602454, 735153392, 2362909411, 1647096829, 3774578933, 621068237, 3546370508, 568839263, 1407545844, 2613872699, 1676196354, 419820756, 2012624054, 325608032, 4082607675, 887204319, 2165473801, 396582693, 633599036, 2169700251, 3155029132, 3195092943, 2804084203, 3795427729, 3604093436, 306428785, 117873126, 2882345514, 458575762, 4239777392, 2141892507, 463298893, 2174373994, 3174016942, 2687779670, 3302100522, 1217187501, 1222031864, 3028359084, 2916490972, 3786691211, 2054504803, 337304047, 4014475492, 4095277795, 634158133, 1621035224, 3080286955, 1598639381, 3138269422, 1017581525, 3757626580, 3226033744, 1831711140, 1649195125, 2078121888, 2824378043, 397086562, 2870955077, 3345727193, 2199633767, 4271908106, 269081138, 1346315137, 449478023, 1021681549, 2944149681, 2453243146, 3226824176, 1383127443, 1298598416, 3542991942, 3338042353, 93250255, 1866121833, 1601344475, 554086398, 2224334774, 1144754006, 1784951580, 2288238739, 3692806004, 2310148565, 1886753830, 2923944254, 2653660389, 408970822, 3434727885, 4134486402, 2956519801, 2909730447, 3886489960, 1812526937, 3822951237, 432894284, 3660195328, 3373578663, 2291035522, 1218133069, 4132297999, 883087035, 1981850799, 2851064270, 1018637444, 3935064728, 4166649793, 3941954614, 2740442165, 3191571038, 2302492413, 2530695823, 2906737486, 519548917, 2063403332, 2790144815, 1579531107, 1375029421, 2819409308, 3134498137, 3682728335, 1200287386, 1545081393, 87809084, 3454080250, 3268088543, 3214222193, 2264409951, 1309120160, 490733598, 3391319777, 2266105189, 228332383, 1141090397, 1746336472, 3964002451, 3529776610, 1738944428, 3803068826, 989122514, 2311212861, 1382324127, 1208690771, 2551285528, 283664327, 2447518293, 2806020962, 429594721, 305639803, 3823131394, 1546633094, 70389021, 2446748369, 3615459606, 3255162646, 503), None)
Loaded weights: 0.10208901483999272, -0.41527836987459565, -0.5854096597818297, 0.0, -2.5
events: 
  ----
(3, (2103107750, 3202335106, 3336670097, 28603011, 1686636847, 2932578124, 2231046699, 2078474889, 3810769670, 2837884089, 3184564792, 1946654314, 2650349723, 42695457, 829767122, 4162500156, 165353585, 3382407582, 3358286032, 351798555, 3474729321, 1837086396, 2456373657, 55510991, 3546963217, 668777583, 4068669690, 2124181205, 2689772171, 3017629002, 3114975196, 3093132513, 105949161, 2839301440, 1531463794, 360794157, 2421563079, 4271977494, 2841934704, 1462872567, 2254531251, 538045976, 2458692468, 3792939067, 3740563038, 4263387216, 4074533623, 1734673648, 3934699048, 2814789899, 2254581214, 2136205805, 3761274203, 2608961533, 1315392874, 207493851, 1401765606, 568246490, 3914333137, 3759487177, 1892239097, 4033398944, 520160742, 3905314139, 4113576175, 2514102610, 3187662772, 3993702388, 3267288624, 3856405103, 31464568, 3486287299, 1413846865, 3042527305, 1283806675, 2460607921, 1335351310, 3609435515, 3576849479, 556131843, 3652549709, 1444435609, 270203037, 858268072, 3867489804, 1139269418, 1082973732, 3888887972, 1064173264, 763053962, 1833443820, 1393360556, 642584273, 16881986, 143534110, 263435651, 3683010304, 3693587450, 3508734245, 2015915740, 3871162414, 913845305, 311587601, 2520559395, 3454253688, 3662502168, 1424482760, 3145822397, 2164049552, 960800751, 2209079878, 1262055454, 2779198766, 767515028, 3193850875, 962497801, 3691188470, 341046429, 2957930211, 2649845319, 1216966356, 2646757135, 1449679706, 1943855181, 214924140, 1033923489, 1604933051, 4055653522, 3194063371, 3031527451, 2560982014, 2564615015, 1118626027, 2677884236, 774414043, 2603015179, 577741212, 3512827938, 2724512399, 1970659092, 1461506646, 3809041734, 1095993500, 3943349473, 1927294605, 2702479749, 1858120550, 3848087077, 2406144420, 1994257426, 1980850519, 1004793319, 3763824632, 2360944503, 50762401, 3327548286, 217552642, 2825104684, 3892128344, 3606390717, 1941369355, 236968182, 2655675953, 2424060034, 1556955705, 2886194538, 2445684730, 2406533789, 882907294, 3898708534, 2527356227, 497273126, 4029787156, 3504898167, 3489690449, 2887069692, 1295896366, 3301328470, 3335373071, 772751512, 1965476658, 4193277294, 825932443, 188089970, 2751718588, 2548180719, 2341091497, 3149755801, 882004633, 652929067, 4273841865, 3953232318, 873974523, 635018696, 713931268, 1496428790, 2269636249, 3533962519, 2160526375, 139814908, 3075556657, 2228076488, 2443094293, 1349789096, 942188278, 389481840, 1177765756, 1312026716, 2833907229, 1066374311, 557534441, 3105140936, 4072359270, 985497404, 1985628850, 3377114492, 3326871784, 1257453244, 342578872, 384884688, 3671301639, 1446537187, 1747510142, 3230591038, 143790628, 2928318063, 25183759, 235569814, 3982209192, 854061051, 337651563, 603489141, 3050504440, 1254851487, 305374596, 3885148121, 1851724658, 1917935093, 2887724628, 1422453053, 3539038728, 735395690, 255528015, 1661149196, 127408810, 426105260, 383450948, 2936690722, 3901499636, 3130343808, 2593551461, 2821174642, 1729690296, 1968286943, 2096593535, 3116693139, 635749514, 3506304165, 4014524444, 510513166, 2660367505, 2968334363, 15012141, 1808608126, 3088554839, 3742347362, 2608235549, 3675627859, 3141922595, 3562666642, 3512022219, 817178362, 1679036069, 2706777643, 3135968362, 3452070525, 1495988398, 2626189988, 927428640, 1742721436, 4282594931, 3179328222, 913151549, 3621303455, 267732985, 2609906934, 2349160067, 2031981089, 3658863505, 2499276782, 334577036, 2763437381, 1696314756, 571883402, 1016122460, 2416988343, 1339185959, 515728816, 2354160029, 1580945760, 2775111517, 2405525912, 1455722904, 562664927, 274799305, 98349806, 3455889114, 2574502265, 465403618, 633716531, 2710826227, 155450741, 2440199515, 3843652170, 2321793451, 800089880, 803423945, 1994237389, 2507556880, 148208824, 992799817, 1620333142, 2043792865, 1948376557, 402638615, 1923496738, 2287263355, 4102693371, 3671381049, 2236190743, 4028205220, 3264077947, 766839047, 2900394784, 2475395150, 1533366935, 2951213661, 2445878729, 1335218461, 3145510606, 3580299925, 67126643, 1825352076, 3105300017, 1136379819, 3013768110, 769495486, 2925458709, 3110296453, 2637222085, 2235302240, 3416459931, 1462865862, 3107828785, 3348486888, 2490903725, 819496557, 3080717178, 239158213, 3376894522, 4082824878, 1368206134, 2149374778, 2772410373, 2432076273, 4091309771, 3027845074, 221706555, 234856270, 1340669075, 796074780, 1810903765, 1787080821, 302575981, 2427543617, 2496005719, 1310659381, 3495074592, 84012649, 1027497070, 1804140220, 1352343092, 2838884812, 2327457430, 3672119443, 2807580902, 2396136297, 417053207, 2784879368, 2924726705, 284227330, 1647089444, 2675989408, 2869816142, 2272697314, 727265766, 1014068379, 2827828795, 3383707884, 909220587, 1249344183, 3953380241, 1218357674, 3028297159, 127810538, 3855070816, 349119982, 7249336, 3395114949, 3290609534, 2012304269, 2426253021, 2749244794, 1212125436, 4105173715, 1433952719, 3849365295, 402483950, 547226717, 1559056364, 1531218077, 240961680, 2984917131, 420795390, 1798225429, 3757398914, 425226014, 992494086, 121626503, 3278816845, 2516882835, 3476397805, 566539237, 2838680467, 2445259952, 498250506, 3195646538, 3248533856, 2508391697, 1300486170, 183621701, 3098146919, 3803150194, 290728408, 3993362943, 2732626495, 1037722122, 476223902, 1718939826, 3251081618, 3875763772, 1855486800, 4179988103, 1188989395, 2807510944, 2989641747, 1111793451, 1326627331, 2607348435, 1315490814, 950568667, 31432575, 699970204, 954590419, 3217307590, 2784002344, 1127278774, 4155948254, 463225492, 166659556, 921429620, 2566601476, 4051382413, 3215953889, 1686157083, 3241967634, 1936594800, 3009727647, 1019822512, 384608185, 2043893429, 1191993380, 2960181155, 2236065608, 327520405, 1992899015, 3434401603, 2356151951, 692911881, 1591994219, 2919040070, 1921932669, 924569717, 4028598499, 188533812, 3100025808, 3250550663, 2633995010, 250595778, 2194270647, 898639442, 3123067999, 2471868842, 154196229, 4276190641, 3389630377, 1135906144, 3842227621, 3949706672, 3753840551, 871015665, 2633014225, 2889089156, 1862376237, 3002277092, 3931789309, 372500036, 3848088537, 3107040562, 2722136753, 233461216, 1555325812, 3867576421, 3892099010, 592685664, 24467999, 367974097, 703578528, 1977353771, 2386689780, 1591314266, 1483077584, 3033240561, 1502683334, 503952992, 2500581989, 1826192822, 3250149899, 4185071971, 3082942547, 3431962729, 1880116364, 4102006432, 2172032802, 3228327167, 2247434223, 178204515, 1496394722, 1436961752, 3840449911, 439091799, 3392044834, 178057521, 2675389156, 580338518, 2531583770, 975029294, 2335058021, 60367896, 3792355999, 3744666516, 2089239357, 4085460970, 3808512763, 3168548553, 2987867409, 4282095631, 673326188, 2788039467, 2945806862, 454032569, 1464607564, 3992577516, 412858610, 1266370090, 3424248222, 1435732480, 3659645007, 372581690, 2236781150, 4020048278, 300334541, 2835785743, 3136760613, 1102736916, 3216201548, 3712037108, 926422237, 2772789038, 3822693495, 305863106, 2456512495, 3576489142, 1276380770, 3421821020, 3616226366, 686503875, 567485203, 3622385018, 2953118232, 3452848157, 733480112, 2697820987, 3778368419, 3110114769, 1993537983, 208224419, 921868629, 3446835573, 1494158044, 934742624, 3605584671, 1982126042, 522946204, 1266386854, 1882775527, 1044423123, 553704067, 205211879, 76672497, 988704505, 3972620137, 1247533677, 1121715400, 565), None)
Loaded weights: 0.6676815097996929, -1.0046876159724265, -0.5854096597818297, 0.0, -2.5
events: 
  ----
(3, (3166561501, 591784686, 2509216574, 1258958161, 3025413278, 2071111870, 2280980224, 386866009, 180610850, 2627920582, 84487473, 820241282, 3681313936, 2140572668, 2525613514, 2961759795, 1321978578, 291665733, 2068988658, 2397225337, 4170373271, 644929160, 367445245, 2486479344, 2446867497, 3114697632, 2574509215, 3853790924, 896657629, 444671915, 2442921019, 3324365227, 3006185617, 670588650, 816234592, 575881974, 3183538340, 1278737040, 2730163202, 1804132666, 640465522, 1935326641, 2420764148, 2497068241, 737106651, 2451463946, 3846151335, 1364539367, 328327988, 3902798712, 4086194950, 971985434, 698681438, 1293216530, 1933582633, 3584534568, 3988113075, 718529594, 619122373, 1787975947, 862598532, 1635060508, 2808568588, 1904648420, 3877456187, 2530150912, 397796576, 1673112135, 4082883629, 3345850732, 226919213, 558893844, 2811755680, 126065942, 1529883745, 1173635855, 1759730934, 1630133313, 2336355600, 677445753, 3485948749, 1895697237, 2357674870, 2208727220, 968157365, 4164820633, 219717855, 3434723434, 3494437764, 2606431299, 1953346073, 3050371463, 2069310110, 2466445663, 387935658, 2118515843, 1866807535, 689391865, 1208088406, 3206768715, 4109673410, 169552377, 3009335004, 2514816321, 1158344623, 2560929965, 1604679512, 2781205228, 3535214039, 2480271166, 1177032471, 4288393806, 1893232496, 2241287649, 30648280, 1437769638, 2610281765, 3302219164, 751201607, 780037995, 3647521805, 2188683747, 3480406282, 2247613824, 447132056, 1755371792, 1028743566, 4018539991, 3037126045, 2180741591, 2946104137, 1567288790, 807227279, 1254035651, 3475070704, 1912829990, 406117082, 2258591, 1034380894, 3402399701, 1437379391, 229008038, 868133207, 597606277, 3548531917, 825894573, 1030997568, 4091976359, 1187219721, 1806811526, 985482926, 2955045089, 2082489580, 600129819, 3693688568, 3553276846, 3972492084, 1103309793, 852408375, 3295420380, 803476003, 11460589, 1044766401, 4007009552, 1971176846, 3959738114, 1187479154, 3259392638, 817563754, 494865160, 2855468460, 1231698494, 2944511497, 2221592560, 1716258451, 2665274435, 1162276995, 1350507840, 3379485301, 725467280, 3212893093, 24414713, 396863486, 2430051288, 821035672, 3431882603, 1466402497, 4109308841, 143214366, 3303674790, 972730634, 3415106614, 3164447211, 3390559358, 3175000169, 1529102393, 3790788845, 1197804946, 169058976, 3750388062, 2343636424, 1571057100, 1470010122, 1568941127, 1991478487, 39633348, 1110102857, 68890312, 1194555515, 2918949259, 2612891687, 851211691, 2775058365, 1282502859, 2424294218, 4226111325, 2942788328, 452402352, 2896299739, 4132399755, 3031106734, 3540179713, 472436581, 912077752, 3224666090, 2641324557, 4123435251, 3060307010, 2778298800, 156392338, 4288492025, 2449833997, 1105021707, 1850250111, 994028845, 417059402, 2709680987, 3968301604, 3238619360, 866966477, 3280361806, 1260142674, 1142154137, 884420325, 2385570966, 3879699503, 628058351, 471242785, 3828810647, 1227623406, 2203826651, 3112310844, 2427806388, 3220801481, 2330671143, 326595485, 3763414255, 2277559962, 1785202221, 2656052363, 3957957799, 2949394219, 307188863, 2567607741, 3213852505, 2014239314, 3092762475, 322130745, 98088414, 2465081746, 775651312, 3890918215, 1917122611, 3590713664, 3642378473, 124863568, 226206062, 3057799479, 695242070, 1901814752, 2603223271, 2777289616, 140521263, 64012215, 2214449200, 4250296016, 1781597583, 3096530992, 2202013778, 579813788, 2755764655, 1417883033, 3900545723, 3997725685, 4274541960, 645464628, 504742482, 412405114, 3822267304, 2364453601, 992888032, 1445271272, 2740903905, 1997923235, 854461613, 2632946423, 442281469, 3205715703, 1281694786, 2503513142, 2162906649, 3164024331, 2681246478, 2395540684, 3189373281, 3181782135, 1760610330, 3107558292, 1169233567, 4264854243, 978289291, 3890290952, 2402487175, 3585447853, 2404631377, 3988391591, 4103814149, 1771778026, 2094636763, 1147581606, 1609784853, 4000326945, 2934019344, 2267107010, 3549588050, 1956429023, 3986458903, 1961477898, 3626277430, 2341521739, 2699492904, 1254096421, 3382805753, 1277323664, 2702919964, 293766483, 1365739616, 135013559, 3441316030, 1608583708, 1677112794, 2597864748, 2272975027, 1718164619, 383041658, 2105549885, 1805944450, 1443670646, 2866778763, 4253820848, 1603770944, 2528246263, 2637603450, 3031355224, 2800425742, 2518846223, 624897395, 1251076550, 82093083, 3295247733, 1542689376, 2890495369, 356834246, 1948901634, 2219532549, 1737981180, 1493425187, 2678400562, 1440134636, 1844503096, 2831612590, 857358357, 1390328078, 1044260249, 2023497151, 743912309, 2920384114, 152170019, 2508471644, 1812912068, 3468800090, 2230841899, 110558063, 2167207391, 961863453, 2279805903, 1066801949, 1078677047, 3729554198, 884431364, 1405681557, 1237269458, 4271027896, 2329105447, 1742504038, 1778105610, 2551339363, 2996187607, 950038607, 2161723010, 3560578866, 1539216321, 942891382, 4198453735, 3914603880, 2182024648, 53454326, 1784563064, 16128634, 1037955582, 1117286333, 3546210152, 1656875358, 4041105385, 3768675616, 238823029, 835779436, 550923566, 1492843932, 3343293141, 1343100239, 2836113480, 3873518413, 997281405, 3073436533, 423752221, 2992784052, 3635005693, 2211643946, 705708857, 1655716098, 2169243741, 100173835, 313865026, 2065800731, 2567634114, 2984046178, 2538146646, 580239805, 1040004218, 4132340132, 4108478304, 160207232, 2863643252, 2041551645, 1545148005, 3049874003, 3904117054, 494762558, 1500921787, 2977339899, 712392724, 702619393, 1526299557, 4289891000, 565995275, 56368210, 3207183844, 3461948403, 2951200142, 1545894934, 338222635, 447783917, 1392353131, 1496381453, 1385633229, 1882239643, 3674898415, 2059210487, 3969354506, 1709819249, 3434638966, 855912596, 3293777902, 1328853916, 4152198220, 3545572543, 4136333483, 3386999411, 1213235329, 787057728, 694195960, 166336751, 4048549978, 742340069, 3036391507, 343104474, 892487660, 3498152370, 3856367250, 3220729171, 618718731, 617276063, 1992507272, 3582298320, 2855712522, 343208634, 690894093, 2376355868, 1491437276, 4221376579, 3903509063, 4205551980, 2860265094, 3333531306, 785225686, 4152814407, 355246743, 762129572, 3275710274, 4076565451, 2382166720, 1965406293, 2188948437, 2446211421, 707655109, 723675069, 1459870780, 390013333, 1825873421, 2706369817, 4280486184, 2358057076, 477337430, 1435551993, 744252347, 73545867, 3361702532, 3826817855, 1707595233, 1184174165, 3840651425, 2028721034, 3582535712, 1777658921, 1085051, 1139264852, 2826272341, 299907507, 892186503, 2749332667, 2896319951, 217270298, 1076424193, 1894713484, 816047001, 2481802228, 4124503300, 4108312136, 2220725387, 3705258419, 3162208243, 2636155196, 3010538520, 3566339835, 3928583582, 308467469, 3722277856, 2047296284, 1577751507, 3738416227, 195044184, 67264892, 3433167100, 3294675085, 954978949, 2942421832, 3790805493, 4176144374, 1792124421, 3641780260, 312914433, 4141656679, 1226028273, 2167692324, 1203944047, 362553212, 535225196, 2201656070, 4036981776, 1079077112, 4209062675, 1525059354, 1708545860, 887718582, 660251032, 281550345, 874892288, 2819973471, 180968804, 3535576987, 2191867019, 3393656880, 2268502161, 1505692128, 2314260647, 2917836697, 1272542022, 2407110549, 3988739543, 2023191140, 1740823410, 3828675141, 1242295288, 2157569187, 3568672775, 1296086577, 2566133755, 556037874, 3754275045, 1322844493, 1438204946, 210666159, 4173355436, 213), None)
Loaded weights: 1.3245643701951433, -0.8655319239622504, -0.5854096597818297, 0.0, -2.5
events: 
  ----
(3, (620968175, 1400981283, 3357691347, 2468945157, 2621162086, 1340508036, 1059471179, 3892253958, 3652948273, 4237909626, 781907186, 3437008630, 4262507588, 2714715787, 1196650240, 2511580345, 766553497, 1397008197, 387407350, 553480795, 2866055416, 24236368, 611219861, 3920571643, 614662808, 2323273728, 3199484682, 2076459619, 1081919574, 673034984, 2746262130, 1932300223, 2972340096, 3782314317, 2365284416, 1096237039, 345833514, 1086623123, 2525376254, 4033255561, 3483206193, 3028042512, 1961939892, 2905059548, 3069411141, 3411433127, 1133780333, 367503823, 2473692547, 2691059775, 4212930668, 2088053636, 1303890371, 1001051314, 3052365832, 483994584, 1061238924, 352700853, 3707246113, 1990301335, 2419149760, 4051817198, 1174878841, 3111701917, 1262347242, 4194924517, 4236762509, 3149405245, 1663424325, 2525310238, 3004507862, 2568706702, 1598373914, 828892285, 4250544443, 1510950563, 868088041, 769767302, 837219151, 1188143953, 362065258, 3879636943, 3395619432, 2516192085, 2623557848, 4185061650, 3622049282, 480406930, 3872525223, 968274210, 1634641997, 1615459819, 2437143211, 2293275401, 2369777161, 913305444, 3136146372, 2041380456, 1723168822, 426012856, 1214611067, 3634118910, 3098275235, 3308734558, 1186500735, 2726929778, 1914428095, 1660628960, 870623688, 1225042195, 940913659, 2548050420, 516605172, 1918678855, 521536561, 1836863296, 2541818807, 3736426284, 2623516357, 3330571734, 40741175, 3982118902, 2864629810, 2539717337, 2591538647, 1516604814, 672191601, 4069698464, 4236747374, 1608735455, 3274004993, 2035682307, 2676693796, 3734378955, 1424686408, 1191511751, 2654723342, 3681596414, 260937719, 2925066485, 1729352724, 4214021939, 1787309505, 3721002671, 2945945898, 1205719161, 3368783444, 1298089881, 2248083430, 2238861283, 698268458, 1437525331, 60293872, 261595578, 3705382671, 1960550460, 1525902252, 524819338, 3428905064, 1433864307, 811112212, 3179234126, 2900312046, 2413912264, 1848193815, 3313736833, 557504686, 1034839027, 595856565, 940039607, 3645835088, 514940107, 1030726178, 2477460409, 2781230831, 3696628700, 1491322167, 2170429122, 3209171830, 1173234081, 1847939249, 1730978360, 2911712942, 947825257, 366496909, 247305962, 902471397, 1038346107, 1602828744, 883114561, 925646416, 590651846, 1610829855, 895117823, 1420480517, 3010738515, 3497050496, 3676076429, 4246680156, 3079727295, 4120877290, 1949904821, 225344369, 2932401536, 1699773038, 3242720196, 1277393771, 75304961, 862148287, 3381626759, 2442698317, 2477806786, 563092894, 3086141513, 343545239, 589359202, 2268818477, 391949902, 4040203233, 890903646, 2408755671, 497914356, 4007154448, 3844599877, 1740852133, 3603415172, 2536562803, 756184399, 620702987, 1574876045, 1825673393, 4120500810, 4169904341, 1213100578, 1237714772, 2203414570, 3651724361, 1149156205, 985444804, 2741557435, 4046897153, 1766964953, 2062830094, 2878159402, 3785947931, 4138283007, 700972495, 3508104814, 1455470026, 1135648545, 2319760138, 3312049725, 1011768062, 2271564618, 3144081751, 3901714424, 3933030209, 1033557349, 1326441513, 729486917, 209694843, 3124574415, 1283842508, 3768634587, 873981798, 4000624025, 1411257948, 1473594082, 3813370411, 917091666, 2568176979, 223168649, 420978714, 3258207078, 2568188404, 1868570254, 2951029319, 3161014877, 3800621556, 2528046351, 976117420, 2326822537, 3134049087, 2038364520, 3257476473, 1575669434, 2742971396, 4294307963, 2110252497, 844885932, 3748336086, 221663680, 631594356, 597346279, 2637707127, 1263211158, 3652271043, 4066622672, 415974123, 2812205059, 1658399827, 3682307959, 3196636658, 2403530150, 3509446366, 365668716, 4060000723, 3081596702, 1143658321, 4191754623, 2262419300, 2308078585, 2876716744, 3884033631, 4001024530, 4037659124, 2816721518, 675470084, 4147796865, 587218812, 2690477492, 2809579950, 660156835, 3373856037, 289357650, 735524561, 2806337113, 3840088291, 2566155106, 3448334761, 3058838107, 50130774, 1031103558, 1364456597, 2650719583, 2699185186, 2373241172, 747727380, 121792728, 2103117509, 3565285379, 2183317786, 1093696803, 4220058343, 2593242474, 4089832264, 3008154277, 3388440447, 1816988318, 1792310309, 3874334654, 2595170003, 159989600, 2346632808, 2442655480, 50277711, 2617443238, 777156724, 3220867349, 1287924953, 4207602632, 2692891853, 3036839608, 3533085257, 3064092298, 653755235, 1571512488, 1223322755, 3142592213, 2402868069, 1932488981, 414990816, 3925510750, 3101728082, 226484130, 3981113707, 2763104229, 2618441369, 1098679314, 1698642297, 2693478698, 999340057, 983046827, 4230626789, 495356973, 3425381010, 3210358509, 2871612097, 3075760729, 3528788657, 2818313797, 3301932498, 4001103290, 706839893, 3045882249, 2779243365, 1931539469, 386790253, 1222164820, 1971253036, 2196560068, 4095897464, 1323743284, 2809795614, 611121484, 1387658385, 996315958, 395287317, 595533312, 240840282, 545711233, 1172319351, 1105123149, 4009333405, 4143671047, 4171676597, 697183332, 2204995430, 903654737, 3997110547, 3554636447, 2106766921, 291944962, 2122516830, 170868498, 3751994721, 2362813099, 1882178178, 1379863877, 2790446379, 2586926856, 2116358459, 2190614156, 3462983133, 2465196077, 894636869, 900991860, 1827861625, 3260806196, 353569798, 1117545210, 152369375, 1926554971, 3331979413, 543606552, 1199633368, 3154993619, 4226919430, 4215477726, 2759939476, 1599030303, 2211620067, 3050469354, 875089558, 1693792276, 2963599795, 1987421059, 2314259076, 3705814135, 628823937, 2698154043, 617456479, 2253861791, 3631357911, 4148511545, 3273062799, 3238175959, 1396578615, 3914514650, 2621293404, 4270878162, 192911600, 3570895685, 3788791704, 4200397873, 1530336964, 1447387719, 729972454, 2287311732, 1079833410, 2457161519, 4091031879, 1941038257, 901960699, 2615259954, 34212858, 3486938995, 115950045, 3342926672, 1259280977, 442752638, 2241839962, 671419191, 2983996146, 864674840, 3106984683, 4191684359, 223993767, 2508799102, 2934585162, 102956453, 1213687341, 2249256887, 333663522, 1191818269, 3820113527, 249486788, 227783941, 2811000439, 1786234662, 1105973463, 2794615499, 1952239444, 3290055613, 2169809278, 2555290148, 224162128, 817867410, 2064082807, 2574666069, 1413634856, 1856690296, 2463805858, 1770174687, 1817270153, 3436948865, 3473301711, 4292750158, 545602253, 633832681, 278839028, 2482365068, 2970495425, 21160912, 1476950823, 3039391598, 4293358792, 2030507677, 1481243773, 902102410, 819352127, 163587994, 1227085853, 1966525139, 832002840, 4292362958, 4190080168, 3380586631, 3377228104, 1371742840, 1088006429, 4230622552, 982432277, 2160091374, 211692678, 3857316799, 2241600049, 3903091987, 1024112764, 3239256289, 357824752, 1311204582, 172257305, 2860925611, 2298572424, 3231151372, 541791283, 1767525340, 1143386438, 261375894, 2525072360, 3449628947, 952858198, 1026712007, 1236655077, 1084907835, 1301070096, 945390568, 3425957854, 3946891710, 2032379527, 358264364, 3167401319, 1654107179, 2252496350, 2125444312, 105712954, 3803301071, 1694410614, 1429803628, 1904922135, 3255117359, 2613004165, 2811121811, 4138548006, 3055922227, 1812540921, 3212552694, 3082612387, 737199924, 3126478936, 4179495181, 4086351262, 2341086117, 3613981308, 3192916317, 2513080229, 2021403808, 2734586774, 4095977023, 3597844365, 1842012532, 3233993007, 752760861, 3598996008, 4156956383, 1570673293, 228385857, 2282986484, 166034778, 782049386, 1671329176, 134111845, 3098138789, 137), None)
Loaded weights: 1.8901803552675485, -1.4992200247411434, -0.5854096597818297, 0.0, -2.5
events: me found the exit, 
  ----
(3, (620968175, 1400981283, 3357691347, 2468945157, 2621162086, 1340508036, 1059471179, 3892253958, 3652948273, 4237909626, 781907186, 3437008630, 4262507588, 2714715787, 1196650240, 2511580345, 766553497, 1397008197, 387407350, 553480795, 2866055416, 24236368, 611219861, 3920571643, 614662808, 2323273728, 3199484682, 2076459619, 1081919574, 673034984, 2746262130, 1932300223, 2972340096, 3782314317, 2365284416, 1096237039, 345833514, 1086623123, 2525376254, 4033255561, 3483206193, 3028042512, 1961939892, 2905059548, 3069411141, 3411433127, 1133780333, 367503823, 2473692547, 2691059775, 4212930668, 2088053636, 1303890371, 1001051314, 3052365832, 483994584, 1061238924, 352700853, 3707246113, 1990301335, 2419149760, 4051817198, 1174878841, 3111701917, 1262347242, 4194924517, 4236762509, 3149405245, 1663424325, 2525310238, 3004507862, 2568706702, 1598373914, 828892285, 4250544443, 1510950563, 868088041, 769767302, 837219151, 1188143953, 362065258, 3879636943, 3395619432, 2516192085, 2623557848, 4185061650, 3622049282, 480406930, 3872525223, 968274210, 1634641997, 1615459819, 2437143211, 2293275401, 2369777161, 913305444, 3136146372, 2041380456, 1723168822, 426012856, 1214611067, 3634118910, 3098275235, 3308734558, 1186500735, 2726929778, 1914428095, 1660628960, 870623688, 1225042195, 940913659, 2548050420, 516605172, 1918678855, 521536561, 1836863296, 2541818807, 3736426284, 2623516357, 3330571734, 40741175, 3982118902, 2864629810, 2539717337, 2591538647, 1516604814, 672191601, 4069698464, 4236747374, 1608735455, 3274004993, 2035682307, 2676693796, 3734378955, 1424686408, 1191511751, 2654723342, 3681596414, 260937719, 2925066485, 1729352724, 4214021939, 1787309505, 3721002671, 2945945898, 1205719161, 3368783444, 1298089881, 2248083430, 2238861283, 698268458, 1437525331, 60293872, 261595578, 3705382671, 1960550460, 1525902252, 524819338, 3428905064, 1433864307, 811112212, 3179234126, 2900312046, 2413912264, 1848193815, 3313736833, 557504686, 1034839027, 595856565, 940039607, 3645835088, 514940107, 1030726178, 2477460409, 2781230831, 3696628700, 1491322167, 2170429122, 3209171830, 1173234081, 1847939249, 1730978360, 2911712942, 947825257, 366496909, 247305962, 902471397, 1038346107, 1602828744, 883114561, 925646416, 590651846, 1610829855, 895117823, 1420480517, 3010738515, 3497050496, 3676076429, 4246680156, 3079727295, 4120877290, 1949904821, 225344369, 2932401536, 1699773038, 3242720196, 1277393771, 75304961, 862148287, 3381626759, 2442698317, 2477806786, 563092894, 3086141513, 343545239, 589359202, 2268818477, 391949902, 4040203233, 890903646, 2408755671, 497914356, 4007154448, 3844599877, 1740852133, 3603415172, 2536562803, 756184399, 620702987, 1574876045, 1825673393, 4120500810, 4169904341, 1213100578, 1237714772, 2203414570, 3651724361, 1149156205, 985444804, 2741557435, 4046897153, 1766964953, 2062830094, 2878159402, 3785947931, 4138283007, 700972495, 3508104814, 1455470026, 1135648545, 2319760138, 3312049725, 1011768062, 2271564618, 3144081751, 3901714424, 3933030209, 1033557349, 1326441513, 729486917, 209694843, 3124574415, 1283842508, 3768634587, 873981798, 4000624025, 1411257948, 1473594082, 3813370411, 917091666, 2568176979, 223168649, 420978714, 3258207078, 2568188404, 1868570254, 2951029319, 3161014877, 3800621556, 2528046351, 976117420, 2326822537, 3134049087, 2038364520, 3257476473, 1575669434, 2742971396, 4294307963, 2110252497, 844885932, 3748336086, 221663680, 631594356, 597346279, 2637707127, 1263211158, 3652271043, 4066622672, 415974123, 2812205059, 1658399827, 3682307959, 3196636658, 2403530150, 3509446366, 365668716, 4060000723, 3081596702, 1143658321, 4191754623, 2262419300, 2308078585, 2876716744, 3884033631, 4001024530, 4037659124, 2816721518, 675470084, 4147796865, 587218812, 2690477492, 2809579950, 660156835, 3373856037, 289357650, 735524561, 2806337113, 3840088291, 2566155106, 3448334761, 3058838107, 50130774, 1031103558, 1364456597, 2650719583, 2699185186, 2373241172, 747727380, 121792728, 2103117509, 3565285379, 2183317786, 1093696803, 4220058343, 2593242474, 4089832264, 3008154277, 3388440447, 1816988318, 1792310309, 3874334654, 2595170003, 159989600, 2346632808, 2442655480, 50277711, 2617443238, 777156724, 3220867349, 1287924953, 4207602632, 2692891853, 3036839608, 3533085257, 3064092298, 653755235, 1571512488, 1223322755, 3142592213, 2402868069, 1932488981, 414990816, 3925510750, 3101728082, 226484130, 3981113707, 2763104229, 2618441369, 1098679314, 1698642297, 2693478698, 999340057, 983046827, 4230626789, 495356973, 3425381010, 3210358509, 2871612097, 3075760729, 3528788657, 2818313797, 3301932498, 4001103290, 706839893, 3045882249, 2779243365, 1931539469, 386790253, 1222164820, 1971253036, 2196560068, 4095897464, 1323743284, 2809795614, 611121484, 1387658385, 996315958, 395287317, 595533312, 240840282, 545711233, 1172319351, 1105123149, 4009333405, 4143671047, 4171676597, 697183332, 2204995430, 903654737, 3997110547, 3554636447, 2106766921, 291944962, 2122516830, 170868498, 3751994721, 2362813099, 1882178178, 1379863877, 2790446379, 2586926856, 2116358459, 2190614156, 3462983133, 2465196077, 894636869, 900991860, 1827861625, 3260806196, 353569798, 1117545210, 152369375, 1926554971, 3331979413, 543606552, 1199633368, 3154993619, 4226919430, 4215477726, 2759939476, 1599030303, 2211620067, 3050469354, 875089558, 1693792276, 2963599795, 1987421059, 2314259076, 3705814135, 628823937, 2698154043, 617456479, 2253861791, 3631357911, 4148511545, 3273062799, 3238175959, 1396578615, 3914514650, 2621293404, 4270878162, 192911600, 3570895685, 3788791704, 4200397873, 1530336964, 1447387719, 729972454, 2287311732, 1079833410, 2457161519, 4091031879, 1941038257, 901960699, 2615259954, 34212858, 3486938995, 115950045, 3342926672, 1259280977, 442752638, 2241839962, 671419191, 2983996146, 864674840, 3106984683, 4191684359, 223993767, 2508799102, 2934585162, 102956453, 1213687341, 2249256887, 333663522, 1191818269, 3820113527, 249486788, 227783941, 2811000439, 1786234662, 1105973463, 2794615499, 1952239444, 3290055613, 2169809278, 2555290148, 224162128, 817867410, 2064082807, 2574666069, 1413634856, 1856690296, 2463805858, 1770174687, 1817270153, 3436948865, 3473301711, 4292750158, 545602253, 633832681, 278839028, 2482365068, 2970495425, 21160912, 1476950823, 3039391598, 4293358792, 2030507677, 1481243773, 902102410, 819352127, 163587994, 1227085853, 1966525139, 832002840, 4292362958, 4190080168, 3380586631, 3377228104, 1371742840, 1088006429, 4230622552, 982432277, 2160091374, 211692678, 3857316799, 2241600049, 3903091987, 1024112764, 3239256289, 357824752, 1311204582, 172257305, 2860925611, 2298572424, 3231151372, 541791283, 1767525340, 1143386438, 261375894, 2525072360, 3449628947, 952858198, 1026712007, 1236655077, 1084907835, 1301070096, 945390568, 3425957854, 3946891710, 2032379527, 358264364, 3167401319, 1654107179, 2252496350, 2125444312, 105712954, 3803301071, 1694410614, 1429803628, 1904922135, 3255117359, 2613004165, 2811121811, 4138548006, 3055922227, 1812540921, 3212552694, 3082612387, 737199924, 3126478936, 4179495181, 4086351262, 2341086117, 3613981308, 3192916317, 2513080229, 2021403808, 2734586774, 4095977023, 3597844365, 1842012532, 3233993007, 752760861, 3598996008, 4156956383, 1570673293, 228385857, 2282986484, 166034778, 782049386, 1671329176, 134111845, 3098138789, 500), None)
Loaded weights: 9.555848927558518, -1.4992200247411434, -0.5854096597818297, 0.0, 5.0
events: me found the exit, 
  ----
(3, (2814763043, 4123088738, 2783105393, 3438361079, 2479959226, 3363641166, 2491784861, 3518595339, 754537388, 1815079247, 836882542, 1551320098, 3350592960, 1127174913, 3593554676, 2383294814, 1582526944, 4252027388, 1909502535, 1021601816, 3285542862, 3202556228, 1138767793, 2173629395, 2024774217, 1312594823, 2590611632, 705780537, 3417062421, 2634939282, 2427532674, 1252665989, 1340252498, 3696029480, 2273721875, 2296159897, 1996626891, 2578251602, 3563646942, 3413277363, 919393777, 3089341934, 58774632, 2163043719, 4122436435, 2316720946, 1432525997, 2966860038, 2394647320, 3246620133, 2244688324, 1150304736, 3109306317, 1169747995, 3451793679, 2859658156, 2812451475, 3548480475, 1392282151, 2121074275, 4046463987, 652808596, 2697970064, 3310117326, 2160175218, 1629252998, 480682262, 534714436, 3360976640, 2559063996, 531870832, 2263900375, 495354301, 1496697232, 4285565822, 1409402862, 4146365531, 2074555721, 3780605875, 1552889074, 2165672414, 3982958144, 2477344311, 3695535939, 2405518798, 407105456, 2073290034, 830473790, 1590776683, 1718195082, 2948926455, 1458069210, 2522867466, 3321141669, 3735565544, 896790229, 3440006598, 13850627, 3045255863, 1155664101, 555220952, 1356102256, 3429995365, 4235593029, 1494463636, 1712697911, 580836050, 1593565433, 1580771873, 2346513638, 107192831, 3907589133, 3394317402, 3613942288, 2418824555, 3868522064, 2873157675, 1450430147, 4211907791, 3579974932, 101879145, 777519982, 1271822566, 2154902812, 60300991, 534408005, 1355541775, 303204030, 975351857, 2006744336, 444439952, 792770399, 3548657875, 2062270544, 696242480, 3188967238, 1828370991, 2261123075, 990749643, 2356059842, 3717843419, 3020249666, 2183705090, 1729993386, 4079386489, 1833312055, 2324814272, 862509291, 610915808, 2909851965, 2057333489, 3363858480, 1443426981, 4156344901, 2252864838, 402067395, 2405723435, 716068018, 375050073, 2645578171, 4129019060, 1801791371, 2263060613, 4216312228, 4126022265, 1524177998, 760857485, 30136333, 1167862536, 216831899, 3205125478, 1519476823, 2672390805, 1567236160, 2746622205, 3451003922, 1033727654, 370266718, 3142959412, 3818314135, 198169332, 3673517193, 779562069, 3938922526, 302277977, 1059539658, 3849252681, 2844180794, 4260799783, 500896274, 4079719468, 3455565734, 3600586316, 3268875978, 1119324761, 4085720901, 1393089674, 2283971080, 1961191603, 382132620, 1550814963, 671310788, 1016378868, 3371332975, 3653104879, 210356468, 280763258, 1473372668, 60783169, 1141796956, 832833217, 4063655257, 1993503428, 88540569, 2086311237, 1515706342, 1735421754, 2011475719, 2907377904, 3277814457, 1128934587, 3212817020, 3799922087, 3295950183, 1224578522, 3580797571, 1999131357, 749913721, 1109835387, 176335350, 4131247314, 1989952527, 2891591263, 2959514935, 3490920734, 3643117911, 2534933542, 750749836, 3570112672, 640036127, 2928622770, 3947589619, 2613619787, 3079650482, 523038428, 3158047871, 342417199, 2830449963, 104062475, 1187146292, 2050141202, 646494006, 1301164578, 1590843588, 1582755013, 663891818, 1523065343, 775845705, 3323924856, 3503671728, 1482343312, 3787771637, 562317355, 755624056, 933108033, 3194479856, 3768114114, 2657210427, 3816245063, 2516698654, 1598257436, 4181504862, 2869722753, 434840663, 3345399361, 4279012, 113208340, 4103031102, 2530183096, 3829600411, 3655892864, 164652111, 3603797784, 532592880, 3178554502, 1128512549, 2560577153, 383476164, 1069868610, 2407156091, 2211924270, 2450720456, 3923361450, 2335312498, 2054852879, 2105819710, 3787057620, 3403589082, 204979209, 4125271883, 3984637684, 2687823239, 329301309, 2679273268, 826466815, 1084268421, 123306877, 2047365801, 1216553504, 3502613893, 25487968, 3671774890, 4069231680, 212762683, 1238688452, 220246620, 843644424, 223385320, 124272996, 2255573456, 2521824626, 336338150, 2297898136, 2241186415, 2351985588, 1059650884, 2946184267, 1835911785, 2937618043, 240137879, 3171447534, 1202259639, 3618961570, 3043559586, 243975912, 411225739, 3717480940, 96638355, 1330390960, 2031707268, 2524513949, 1773984549, 1113078780, 3859297950, 798048103, 1000491330, 680598132, 1882458150, 2184875427, 2025368377, 1412306602, 1197244687, 439683185, 402658931, 3395657926, 874721762, 548749610, 2626185669, 3492418028, 4007742775, 3013759721, 1946087020, 1313880765, 933990762, 1286959469, 366482335, 823335004, 1496935022, 1787922223, 1656207959, 1799600730, 3353033302, 825643422, 3425580561, 2630161537, 4013533901, 2054258350, 438184184, 1662469203, 1179479600, 863774358, 33767628, 2968166894, 1487903714, 213631483, 3506399472, 1361856516, 884561223, 2605126156, 1276454776, 2569563981, 2194924708, 2529259067, 2929151894, 3390085472, 2768560593, 2657279730, 2607166924, 1613633473, 2654936823, 662378492, 3301276903, 3725536797, 1873482240, 2789448905, 2799995055, 1901700290, 443571700, 3721927588, 2805788362, 1363121914, 2883829280, 2438148955, 119270421, 1289563199, 2838606613, 476960161, 818770523, 1675659248, 645636060, 622263601, 1241831256, 3435570154, 1444889347, 1056661607, 2877754681, 1859190989, 3967334542, 2720184718, 1905007216, 786976045, 3639933865, 4071952069, 3234029491, 2490423425, 423985147, 3951016639, 277478619, 3099587418, 1469858745, 2563098921, 3694679863, 3759381363, 927141046, 1411700459, 709169350, 3198659770, 1055630932, 3980335286, 349251447, 1553323977, 303345199, 2407187912, 1163054807, 2917666431, 2685722469, 242928820, 21264950, 3173613328, 624678557, 2064186439, 1244663822, 739520099, 1974605157, 3560719508, 759331348, 3601961307, 2586205407, 2773847645, 3833633442, 4063260874, 2890898337, 3436303283, 4031648232, 3308172873, 3021594615, 1392727367, 2115527080, 1185336983, 3720095082, 3191271608, 3196497474, 2759587400, 1463351398, 1866166964, 2029820446, 178903425, 2079998520, 491516674, 750102292, 801507797, 4204014597, 2794058121, 3109824974, 468781457, 110359579, 1235589394, 1434969891, 2924062971, 1897246860, 2764580766, 1566996805, 1236331637, 3157460677, 1549721306, 3516983642, 2072148678, 1395061860, 2095810524, 1865469868, 2516529482, 3344597804, 4165348644, 3627358782, 1526477014, 2037047018, 2535824434, 660359754, 127963837, 2214105918, 3160893006, 1930938846, 2421010062, 1318712015, 1975239621, 4072422577, 2316153580, 617255757, 736075564, 468705863, 2521335410, 4039984576, 126573, 2991918641, 1620895006, 930125892, 894344724, 3030951041, 3224938607, 1944589696, 139367414, 4098735637, 2930993130, 713249668, 851228559, 2075625264, 2076587340, 4075407830, 2095943130, 831733961, 3145784515, 1216323169, 1061735731, 3922993672, 3331426153, 1960756156, 3809131713, 3817680592, 4264044056, 2635924698, 2457516753, 2459979323, 2496225025, 2568287912, 1703489301, 2254511478, 1303658858, 3026869822, 1853290734, 1226374664, 432935624, 1945404492, 3157510526, 2504214361, 3379136612, 2768039211, 1687448269, 1916267845, 855434704, 4289489901, 313344357, 1292389034, 3697301288, 596930501, 3823088553, 3540817777, 1186013071, 3252486482, 1499621210, 4020104553, 2409738914, 2556584560, 3742862089, 1246070223, 2602765480, 2241700108, 2097835692, 2845146580, 2451790284, 739997106, 698974792, 3842864718, 871631808, 298124176, 3695090825, 2969219934, 980645984, 570628957, 3776586508, 1121668855, 776661848, 3050445235, 530105377, 2054054160, 3595758327, 1820388245, 3553879431, 2636227255, 3324074505, 2173697550, 2673374554, 1357322381, 542686556, 1418239548, 210), None)
Loaded weights: 16.774918307018382, 1.5599710418099906, -0.5854096597818297, 0.0, 5.0
events: me found the exit, 
  ----
(3, (2814763043, 4123088738, 2783105393, 3438361079, 2479959226, 3363641166, 2491784861, 3518595339, 754537388, 1815079247, 836882542, 1551320098, 3350592960, 1127174913, 3593554676, 2383294814, 1582526944, 4252027388, 1909502535, 1021601816, 3285542862, 3202556228, 1138767793, 2173629395, 2024774217, 1312594823, 2590611632, 705780537, 3417062421, 2634939282, 2427532674, 1252665989, 1340252498, 3696029480, 2273721875, 2296159897, 1996626891, 2578251602, 3563646942, 3413277363, 919393777, 3089341934, 58774632, 2163043719, 4122436435, 2316720946, 1432525997, 2966860038, 2394647320, 3246620133, 2244688324, 1150304736, 3109306317, 1169747995, 3451793679, 2859658156, 2812451475, 3548480475, 1392282151, 2121074275, 4046463987, 652808596, 2697970064, 3310117326, 2160175218, 1629252998, 480682262, 534714436, 3360976640, 2559063996, 531870832, 2263900375, 495354301, 1496697232, 4285565822, 1409402862, 4146365531, 2074555721, 3780605875, 1552889074, 2165672414, 3982958144, 2477344311, 3695535939, 2405518798, 407105456, 2073290034, 830473790, 1590776683, 1718195082, 2948926455, 1458069210, 2522867466, 3321141669, 3735565544, 896790229, 3440006598, 13850627, 3045255863, 1155664101, 555220952, 1356102256, 3429995365, 4235593029, 1494463636, 1712697911, 580836050, 1593565433, 1580771873, 2346513638, 107192831, 3907589133, 3394317402, 3613942288, 2418824555, 3868522064, 2873157675, 1450430147, 4211907791, 3579974932, 101879145, 777519982, 1271822566, 2154902812, 60300991, 534408005, 1355541775, 303204030, 975351857, 2006744336, 444439952, 792770399, 3548657875, 2062270544, 696242480, 3188967238, 1828370991, 2261123075, 990749643, 2356059842, 3717843419, 3020249666, 2183705090, 1729993386, 4079386489, 1833312055, 2324814272, 862509291, 610915808, 2909851965, 2057333489, 3363858480, 1443426981, 4156344901, 2252864838, 402067395, 2405723435, 716068018, 375050073, 2645578171, 4129019060, 1801791371, 2263060613, 4216312228, 4126022265, 1524177998, 760857485, 30136333, 1167862536, 216831899, 3205125478, 1519476823, 2672390805, 1567236160, 2746622205, 3451003922, 1033727654, 370266718, 3142959412, 3818314135, 198169332, 3673517193, 779562069, 3938922526, 302277977, 1059539658, 3849252681, 2844180794, 4260799783, 500896274, 4079719468, 3455565734, 3600586316, 3268875978, 1119324761, 4085720901, 1393089674, 2283971080, 1961191603, 382132620, 1550814963, 671310788, 1016378868, 3371332975, 3653104879, 210356468, 280763258, 1473372668, 60783169, 1141796956, 832833217, 4063655257, 1993503428, 88540569, 2086311237, 1515706342, 1735421754, 2011475719, 2907377904, 3277814457, 1128934587, 3212817020, 3799922087, 3295950183, 1224578522, 3580797571, 1999131357, 749913721, 1109835387, 176335350, 4131247314, 1989952527, 2891591263, 2959514935, 3490920734, 3643117911, 2534933542, 750749836, 3570112672, 640036127, 2928622770, 3947589619, 2613619787, 3079650482, 523038428, 3158047871, 342417199, 2830449963, 104062475, 1187146292, 2050141202, 646494006, 1301164578, 1590843588, 1582755013, 663891818, 1523065343, 775845705, 3323924856, 3503671728, 1482343312, 3787771637, 562317355, 755624056, 933108033, 3194479856, 3768114114, 2657210427, 3816245063, 2516698654, 1598257436, 4181504862, 2869722753, 434840663, 3345399361, 4279012, 113208340, 4103031102, 2530183096, 3829600411, 3655892864, 164652111, 3603797784, 532592880, 3178554502, 1128512549, 2560577153, 383476164, 1069868610, 2407156091, 2211924270, 2450720456, 3923361450, 2335312498, 2054852879, 2105819710, 3787057620, 3403589082, 204979209, 4125271883, 3984637684, 2687823239, 329301309, 2679273268, 826466815, 1084268421, 123306877, 2047365801, 1216553504, 3502613893, 25487968, 3671774890, 4069231680, 212762683, 1238688452, 220246620, 843644424, 223385320, 124272996, 2255573456, 2521824626, 336338150, 2297898136, 2241186415, 2351985588, 1059650884, 2946184267, 1835911785, 2937618043, 240137879, 3171447534, 1202259639, 3618961570, 3043559586, 243975912, 411225739, 3717480940, 96638355, 1330390960, 2031707268, 2524513949, 1773984549, 1113078780, 3859297950, 798048103, 1000491330, 680598132, 1882458150, 2184875427, 2025368377, 1412306602, 1197244687, 439683185, 402658931, 3395657926, 874721762, 548749610, 2626185669, 3492418028, 4007742775, 3013759721, 1946087020, 1313880765, 933990762, 1286959469, 366482335, 823335004, 1496935022, 1787922223, 1656207959, 1799600730, 3353033302, 825643422, 3425580561, 2630161537, 4013533901, 2054258350, 438184184, 1662469203, 1179479600, 863774358, 33767628, 2968166894, 1487903714, 213631483, 3506399472, 1361856516, 884561223, 2605126156, 1276454776, 2569563981, 2194924708, 2529259067, 2929151894, 3390085472, 2768560593, 2657279730, 2607166924, 1613633473, 2654936823, 662378492, 3301276903, 3725536797, 1873482240, 2789448905, 2799995055, 1901700290, 443571700, 3721927588, 2805788362, 1363121914, 2883829280, 2438148955, 119270421, 1289563199, 2838606613, 476960161, 818770523, 1675659248, 645636060, 622263601, 1241831256, 3435570154, 1444889347, 1056661607, 2877754681, 1859190989, 3967334542, 2720184718, 1905007216, 786976045, 3639933865, 4071952069, 3234029491, 2490423425, 423985147, 3951016639, 277478619, 3099587418, 1469858745, 2563098921, 3694679863, 3759381363, 927141046, 1411700459, 709169350, 3198659770, 1055630932, 3980335286, 349251447, 1553323977, 303345199, 2407187912, 1163054807, 2917666431, 2685722469, 242928820, 21264950, 3173613328, 624678557, 2064186439, 1244663822, 739520099, 1974605157, 3560719508, 759331348, 3601961307, 2586205407, 2773847645, 3833633442, 4063260874, 2890898337, 3436303283, 4031648232, 3308172873, 3021594615, 1392727367, 2115527080, 1185336983, 3720095082, 3191271608, 3196497474, 2759587400, 1463351398, 1866166964, 2029820446, 178903425, 2079998520, 491516674, 750102292, 801507797, 4204014597, 2794058121, 3109824974, 468781457, 110359579, 1235589394, 1434969891, 2924062971, 1897246860, 2764580766, 1566996805, 1236331637, 3157460677, 1549721306, 3516983642, 2072148678, 1395061860, 2095810524, 1865469868, 2516529482, 3344597804, 4165348644, 3627358782, 1526477014, 2037047018, 2535824434, 660359754, 127963837, 2214105918, 3160893006, 1930938846, 2421010062, 1318712015, 1975239621, 4072422577, 2316153580, 617255757, 736075564, 468705863, 2521335410, 4039984576, 126573, 2991918641, 1620895006, 930125892, 894344724, 3030951041, 3224938607, 1944589696, 139367414, 4098735637, 2930993130, 713249668, 851228559, 2075625264, 2076587340, 4075407830, 2095943130, 831733961, 3145784515, 1216323169, 1061735731, 3922993672, 3331426153, 1960756156, 3809131713, 3817680592, 4264044056, 2635924698, 2457516753, 2459979323, 2496225025, 2568287912, 1703489301, 2254511478, 1303658858, 3026869822, 1853290734, 1226374664, 432935624, 1945404492, 3157510526, 2504214361, 3379136612, 2768039211, 1687448269, 1916267845, 855434704, 4289489901, 313344357, 1292389034, 3697301288, 596930501, 3823088553, 3540817777, 1186013071, 3252486482, 1499621210, 4020104553, 2409738914, 2556584560, 3742862089, 1246070223, 2602765480, 2241700108, 2097835692, 2845146580, 2451790284, 739997106, 698974792, 3842864718, 871631808, 298124176, 3695090825, 2969219934, 980645984, 570628957, 3776586508, 1121668855, 776661848, 3050445235, 530105377, 2054054160, 3595758327, 1820388245, 3553879431, 2636227255, 3324074505, 2173697550, 2673374554, 1357322381, 542686556, 1418239548, 520), None)
Loaded weights: 24.026001888064478, 1.5599710418099906, -0.5854096597818297, 0.0, 5.0
events: 
  ----
(3, (3335497084, 3501387840, 796128118, 3772510162, 364200230, 2373687824, 1320380454, 3156062255, 2524009787, 1683763557, 4020629715, 4243741336, 1000234753, 311585361, 2204475018, 3657023415, 3969478104, 3151692491, 4103477954, 2597033081, 594636593, 3148297559, 3724244225, 1738186254, 2086954781, 2011520842, 4173795584, 757682699, 1797536146, 4120181731, 370997463, 2587757972, 4242185662, 3692724071, 3188274893, 1777467968, 1329565957, 1514667325, 1150704328, 570172249, 3146206179, 3319585950, 679032508, 1047685681, 4051552368, 2895987957, 4054747051, 4189825227, 3560291540, 1753031813, 1223541903, 3789979835, 3294848937, 3563179907, 896539083, 1374136318, 2909708740, 4023583174, 2219544539, 3081633007, 573068730, 2384861286, 2894989997, 2844398055, 1485220094, 3555314288, 2192868126, 1945686700, 3863837975, 13147467, 1379583882, 2150649313, 2952325523, 3220748066, 3114142678, 969459484, 483977186, 72204028, 918212973, 3992918235, 997594301, 3956419450, 2436267739, 2449859971, 2976110291, 4056104024, 3813192599, 1689783551, 2768214042, 316565523, 145904373, 2594114241, 491340691, 10703426, 3786646524, 1218343190, 2912958693, 1710990088, 262956945, 2439035925, 1770203217, 1875963176, 2734501766, 2300981369, 209161874, 2941803666, 3345100036, 3199149499, 1236714468, 3729704979, 1351748868, 3715490093, 3091263471, 4027321622, 3529333425, 1522819145, 4132713900, 3457056974, 3110406024, 3831751519, 1037675968, 2153680691, 2621761903, 556013850, 2337448481, 2747904194, 2815027818, 3156333549, 1277039638, 1234727537, 1066409400, 95956984, 659450077, 1097723880, 895116147, 1897016182, 2702022765, 4078961484, 2857729343, 40961042, 3879085921, 259759292, 1522432140, 2135375490, 3413888741, 2653812573, 3553995830, 3865806791, 2386861211, 1136859447, 3816811288, 3404904737, 2606039443, 3228526349, 3023699573, 2267222339, 827762567, 680739037, 2048021292, 3850504869, 2401683327, 1903744088, 1817901619, 2510135541, 3881123355, 2131765554, 2767688595, 1031251182, 3956031698, 3870151838, 3304707072, 4122261465, 3505703376, 157263696, 2146289812, 3367761186, 367729178, 1392032513, 1969907727, 4060489773, 4212459569, 747523047, 2750308403, 2238385990, 1423784624, 2019187828, 1950242230, 3630399084, 267298857, 669711469, 2487498595, 3794063662, 1799374541, 3090706709, 3668269941, 4066146356, 2114659844, 822613439, 4212217485, 870658475, 1484226037, 146252746, 2891096544, 421565123, 1740359661, 1514956345, 644701299, 754571392, 1451707004, 3370922436, 2359355689, 1831951670, 1614620492, 1198225122, 2083022940, 2101984241, 3711550651, 2833247388, 3421002730, 837305612, 134511963, 3325381608, 2961286843, 1561410770, 2806958406, 1358234903, 2088545584, 2345752410, 1552796912, 3846170481, 3218094784, 3458707540, 2256586480, 1151159056, 1306194876, 325808161, 2278250213, 1315023907, 2441957241, 993116400, 3205743078, 3454010267, 3038082819, 941374748, 1152237177, 828998809, 3235725506, 2430510006, 2166672074, 649636742, 252164185, 2254206337, 2879765618, 2277213259, 928110877, 1409279527, 2867379280, 1755676277, 2639032903, 4150074482, 528767565, 243963612, 3795069176, 3958440824, 1497863265, 904360273, 1447160635, 1687074276, 1949812060, 1245779446, 322011607, 2516103816, 1004294875, 1772623370, 1411305331, 3847680117, 1438070456, 57402192, 2120251468, 223814688, 917628824, 1076511719, 2930866654, 225083716, 2193548059, 325811476, 176440068, 2888546589, 2869043102, 1457631560, 1208040942, 4070857633, 183298265, 412395773, 1197738090, 295814814, 4230017588, 1340178600, 3947867489, 3319032449, 2222594868, 3973598710, 215084311, 1787859470, 1722021660, 4011707709, 3158225623, 4231700096, 841427024, 3048919235, 3620438142, 1161227419, 1648022349, 2535500712, 3492440728, 1386629578, 2813311367, 3879685522, 2111101103, 1439558341, 2552790869, 1564740903, 3270030870, 3654738169, 3643891169, 2506061140, 819579249, 3057476001, 1839165516, 4188480079, 2583713444, 107415461, 284611540, 358147553, 4196252035, 2309930286, 23823707, 3468257845, 3197511230, 2719423012, 1101902704, 1009396435, 4211757343, 1265244319, 3232897527, 1785432518, 3645501505, 2752785877, 3615078952, 6807438, 2790979722, 3569863090, 1711979752, 1693114319, 330880633, 2337245247, 942710370, 1893336157, 1122257068, 607423089, 3926199435, 3186616619, 441040645, 2924041586, 1073458382, 2768068238, 3801822445, 3721184254, 469932096, 3796848139, 484358816, 2920102278, 1539874502, 187425661, 3554279315, 2202469786, 1865227681, 740354944, 1531629853, 868141137, 1499311652, 2205378782, 2003578794, 2553039063, 3922493971, 947120397, 1064382199, 1717776519, 1100831987, 3880665932, 4190757017, 660713388, 1834015758, 1734635100, 115239407, 3777929879, 3690177757, 407053609, 530342092, 1042550660, 3689244087, 2506921637, 1379695115, 744982773, 2318231702, 2957738062, 1917731770, 3187297325, 875946282, 3602741286, 2193726532, 2037570135, 3339228417, 3894216002, 4140342265, 3055070039, 1156807314, 1368314634, 970922670, 3097208361, 1114276136, 2887488069, 2009585618, 3594381636, 3158210276, 509183882, 4112471570, 2302492973, 2602304749, 3595592988, 4025139571, 3521664981, 2556309735, 3528226306, 1117514496, 2302220782, 2101141270, 1095707503, 3840897225, 643885526, 3660636937, 1716766827, 1769130071, 110931408, 4206866757, 1410673217, 12269994, 3138209538, 749162680, 3322760675, 968094563, 3330593805, 830904891, 720942689, 4154315803, 4039126822, 2429576255, 2582088746, 3977804028, 844485394, 1754251807, 481422914, 1892117500, 479072351, 840499579, 473899222, 1463344224, 4061103111, 3663648867, 2996866043, 1895931056, 3931483468, 3248421, 2883145652, 1488739080, 3079642442, 3165456572, 2271711295, 3696278375, 528914465, 97600101, 1519197144, 1433280688, 2248643281, 2690936807, 1132800202, 2196239239, 1675923215, 231243371, 2483564544, 748268381, 3983598622, 194715375, 56910859, 2912211949, 333951175, 3266752664, 1015860401, 262070999, 1423140349, 3097850777, 3869562990, 4195684845, 4233085130, 217838394, 2806323577, 2850982583, 888584905, 1711521393, 1113024874, 2218153593, 4008582113, 3114477421, 1949178467, 4122441785, 3254000832, 2098860480, 2429469824, 763803643, 4204715774, 3666681567, 450260224, 57389231, 1826296892, 2202747680, 3716541033, 1436505976, 2507423672, 3741128281, 3178816149, 1237829298, 2365391558, 2865386830, 4144604017, 1796077586, 1830565977, 676873485, 2426691820, 624191124, 2424772727, 3427647611, 3213654234, 536941777, 182198400, 1806906402, 3060360365, 2455921709, 4003360337, 663357385, 1804367634, 1917630560, 1317766402, 1293706696, 2940846075, 3833645684, 3211338947, 1835040115, 2478328320, 3543178213, 4254744282, 3185373628, 2318347436, 3039005445, 2433789098, 876833636, 1372653131, 3963396669, 175870487, 1093154920, 1766499529, 1445111109, 1584711725, 2525584315, 784368511, 3203952350, 3314100563, 140346193, 2466792346, 4008819015, 2033796256, 2576826673, 4040959734, 2981985802, 1611388241, 1219676804, 3376183042, 1701865219, 1007775651, 3100912892, 791121613, 2319435399, 307827188, 3698875554, 3101241580, 2863626793, 2079968750, 3902821081, 2717866725, 578599693, 2098081787, 289926422, 364844747, 2308660726, 2107212399, 2427686568, 1200925413, 2417871294, 4095287243, 733357220, 818122719, 658228242, 2069131099, 1424311590, 3152291656, 3282810011, 1434526622, 2600271012, 3068078385, 1514977379, 1895328356, 2306815797, 1415145764, 3979269397, 4170479203, 567), None)
Loaded weights: 24.136121216737013, 2.3584484591327146, -0.5854096597818297, -0.7829865263788203, -3.2936027999140327
events: me found the exit, 
  ----
(3, (1880775945, 1210423671, 239728749, 2436875556, 2479971245, 895864344, 2875318333, 1478324948, 1533880355, 3700689676, 3280167265, 4042423925, 1190985169, 2205373185, 2357638483, 2974032877, 754463992, 2357434008, 1651888564, 2353233365, 3579181438, 3458863345, 3411470638, 3847225977, 2548645344, 1269063506, 430043294, 2309777965, 3181071012, 655989414, 2216839143, 3849407026, 559278704, 702999242, 2769377013, 650725562, 1718040643, 1624295012, 13613213, 4193765944, 597771552, 2966678423, 2689690641, 3800958769, 2836781774, 2293054301, 3813263722, 2426761007, 3106080988, 3183831858, 318158720, 3617477555, 892672765, 4194520921, 4000778226, 657574617, 1561409154, 749773609, 840851854, 3250867938, 2666823705, 576179573, 4288179006, 80516704, 893717370, 832383603, 1702000905, 2553745199, 3310608044, 2116403109, 1797198376, 346692725, 3982282858, 768514395, 3065106114, 241033940, 2852098250, 3672736609, 410558968, 2015277629, 2995684738, 230896853, 3482114623, 3295156691, 577537524, 3183659428, 1834165361, 2988155882, 2481105948, 532048418, 4154702512, 3664015229, 2488899873, 473987747, 2302663829, 2219029058, 1905898895, 860508410, 2187288082, 796890223, 191150629, 518026516, 2303249694, 4271813840, 4043896359, 2577663855, 974185160, 1746965192, 292212143, 3248983093, 2202335872, 2737535321, 978415585, 1947225086, 444898074, 2190032315, 321477124, 2835741693, 718101936, 603375392, 166278086, 4205605779, 2852967027, 1177354000, 1261614433, 1351566746, 2881703189, 3846457643, 1614898062, 1247238564, 2544379972, 1414697704, 2647528801, 3395438548, 3027507069, 591669671, 2392433367, 2804938322, 740604496, 2194400866, 3608784562, 141253330, 2938406710, 1895339990, 1771189163, 1240187594, 3772863420, 3046754992, 1317034217, 2749206945, 317686302, 4079499231, 2461234251, 2975397765, 2484256124, 2361362132, 570994506, 3649692642, 346067278, 3019615763, 3942916140, 2081773091, 1851547263, 1467932270, 4121376821, 1045492243, 3484122845, 27609869, 579333124, 2386577469, 3920197924, 693263488, 770013025, 1775517967, 2049520316, 3699168950, 2662624800, 491121158, 1703054746, 3974084502, 1548211894, 1712208257, 999080707, 4093238377, 3438348492, 2342671569, 1278896743, 2521640527, 1136769515, 4133145709, 1292044084, 1417461573, 2855470744, 2120604642, 1802972654, 2742931360, 961907436, 237986224, 3137594852, 1569938684, 2779024128, 878046205, 2828457541, 3146956351, 2710672648, 61162256, 1810198063, 3153079190, 1675801095, 1329925621, 2189537616, 464041730, 326513838, 422572092, 3707241084, 3815839652, 4018917638, 2791283054, 225771800, 133591766, 2512751813, 2600786913, 510718989, 2597868438, 2771082096, 3541074829, 4252818894, 509393777, 3820149264, 1369564429, 4130086158, 3499178197, 1462463376, 2374801891, 3365960219, 3246404494, 581725634, 1380808194, 2909445645, 1500847394, 2089542163, 1325710861, 3981065571, 2544261915, 222290955, 1109094869, 3291229198, 2512886811, 2641773874, 1440581085, 2138474598, 3258704857, 2440113576, 3674320079, 962275809, 2834240652, 3393426755, 327994907, 2665464843, 4154423177, 782475684, 2483765897, 1395771654, 2479637164, 3811298835, 3001548255, 3417346250, 431662990, 2515755372, 817962021, 3899809397, 1844659068, 3162058840, 1347296780, 990291914, 3556283264, 3161496218, 767986598, 3509961123, 778955057, 1126096501, 4180654877, 1636076155, 3309762512, 1694834083, 928792588, 1322853043, 3413479382, 1227298257, 3684234697, 2761296751, 3913011145, 2766130898, 1187020092, 2431118432, 4215515062, 433422321, 3350230087, 4014512618, 2942426608, 1537392544, 1775339670, 991275987, 2595121988, 1953486112, 3748612172, 100924797, 3952939434, 2383866987, 2758351360, 1073471297, 2323209357, 3058867312, 88478013, 3678963471, 423477248, 1814678763, 272721464, 1770662592, 21304916, 3958033647, 2823522206, 1906340577, 2215226272, 2045110864, 1127942773, 2909377632, 2108359171, 3141227756, 3293111884, 614827997, 4185104333, 167822656, 2652278486, 754437215, 3369582557, 2146666992, 3692030367, 4062245963, 1518843481, 4077776456, 3188261706, 2117370155, 2860049952, 3694149406, 2673939791, 3908329749, 1649798866, 3131022420, 3105992246, 743381961, 943188757, 4226980514, 991401718, 2045459947, 1012477119, 3945982805, 3067743250, 3745539855, 834937851, 228393886, 1616410656, 878740254, 3513021616, 3042007317, 3294728441, 3962406813, 2568544914, 2688830728, 3779844710, 1744702229, 74874056, 3581313963, 1342512298, 4097460349, 2686346982, 3050169441, 2789366351, 1946149672, 3189613401, 2967553002, 4020546217, 429986400, 3487981212, 481863611, 2450568938, 432178831, 1388461706, 1337096069, 2343575276, 80611768, 3272562226, 232965437, 1439496949, 2822417049, 3598094005, 1533635190, 3865528642, 910187330, 2568975717, 3127556738, 2319433574, 1397203475, 2611141227, 1163930145, 480619591, 1797923167, 106767907, 1297122706, 2062290209, 373817757, 1987965587, 4289517168, 2924910404, 1414122299, 565707938, 3734873576, 1374456419, 3510230158, 3406185996, 4049642015, 278185479, 2288204546, 1732948382, 1090757237, 2173456109, 2147830965, 1898068393, 1602083187, 1181419043, 1248732426, 1958100388, 1787000849, 178822063, 3211568993, 494722444, 4142540957, 704559595, 1217971177, 2808542709, 4077823190, 1900664456, 3762241868, 1272756603, 1432206481, 220765645, 443601239, 3281396889, 554356175, 3684810083, 546474319, 1692444338, 1600415842, 1606059804, 1715252450, 852646096, 491922200, 2157977968, 2310787420, 4200872512, 2211737282, 4039364581, 1456442238, 2728943008, 1548936809, 2264330301, 4185550846, 2292989693, 2405190447, 2513105723, 2727120317, 3559889990, 1475859983, 2826043786, 2382385854, 3273703788, 2405891357, 2287363338, 351280918, 177290309, 4131856675, 334248377, 853830971, 58266223, 1917737598, 111447319, 526745809, 2974756430, 2651806345, 2624957559, 2775855267, 1072624059, 710770437, 1148340707, 3376533298, 3030923552, 4153395874, 1991614401, 3734126941, 958609739, 589066811, 3741622243, 2917102565, 4195181319, 2808920005, 483013671, 3978167434, 3910644114, 3624144808, 4204204440, 725175039, 2698788554, 3561225698, 3976867440, 2878308790, 933895473, 3556743049, 1801314381, 3564413110, 1351741794, 195775420, 140149992, 3442355624, 410050145, 813314476, 2240229974, 2782642732, 2916385875, 2925873411, 1609975946, 2630937127, 554368903, 1038297387, 1938096500, 1142668633, 53640754, 2889558646, 1835133963, 456286313, 1232915602, 1518349648, 306232760, 475254848, 1508923130, 2457691313, 3115558921, 4009922979, 556236756, 2643311639, 1216753361, 2739693857, 1600903348, 3449251159, 3744067930, 3138855101, 1417927306, 3449078604, 3560274672, 2277408928, 1424932254, 3674282112, 4017010946, 2153769352, 634534978, 1844435557, 1563825546, 2259865485, 3550081660, 329572849, 3425526614, 474624745, 1316758044, 1359602735, 4152907386, 2576992932, 1740238115, 2963640315, 3258939317, 1152076101, 1848740581, 1132037517, 557155054, 3579082440, 3479932439, 2453944211, 888202321, 3066307829, 301405664, 2932019097, 2826424450, 2554920010, 2607642436, 2550990991, 544377430, 3840148581, 219993275, 683460555, 2949178956, 2751060970, 3721753888, 3285329680, 4042778246, 1205475086, 3180602165, 1551941602, 2079393783, 1561959523, 3845804472, 1858985369, 171765865, 1799674350, 919209256, 2413995342, 3776965661, 939700037, 1120668119, 1238842027, 4041270614, 4218643200, 2421550712, 1071664743, 128282828, 859047259, 3127702573, 284), None)
Loaded weights: 31.34142855223252, 2.3584484591327146, -0.5854096597818297, -0.7829865263788203, 4.217013473621179
events: me found the exit, 
  ----
(3, (1534932262, 2825656235, 2441123831, 1787471755, 3498924138, 3758088914, 4155269889, 4057861871, 854567361, 2481135920, 3878463942, 3072740261, 3797750910, 3372477419, 3084342202, 2849033228, 2820103176, 628302817, 3197176471, 3023526231, 2951819972, 3029510169, 547813359, 3130277103, 1967581614, 2226373453, 4204016727, 533595943, 3523249086, 454877081, 60464304, 265759819, 1385722694, 3253616303, 668113401, 3233305839, 985725085, 637783024, 562509968, 2805631501, 2829057279, 2176369982, 1328105138, 2810464689, 2887252985, 2442896889, 2592521779, 164378879, 1405757524, 1393265303, 1901182367, 3801673838, 2141760016, 1470696118, 2926637825, 1911354147, 3505022551, 2134088741, 305168289, 3407926219, 1216575253, 3061310659, 3087167856, 2574707583, 1896212995, 4252895013, 935029480, 1056639295, 1626119984, 3438667498, 468811800, 3119653658, 1512378185, 3117705948, 2466344236, 1124605546, 1544450277, 3258712642, 1713842349, 2518794204, 1472155583, 2856239830, 4054679667, 2809226201, 218979691, 3712307164, 443859866, 1002376304, 1233106950, 615800201, 1165338927, 1294673606, 1264394745, 954428982, 2110728346, 3415807261, 1574396318, 3362676795, 2048869320, 1798645615, 2042996043, 3660982226, 1181508387, 3264264695, 182332555, 4040622721, 3458017891, 919691725, 2769371874, 2898033098, 562740705, 472123527, 3231659111, 645597042, 948965576, 2648133856, 1619026769, 4276694894, 642875041, 3607826026, 3473107291, 410679632, 864521962, 3074073043, 538781221, 1103576061, 4091169323, 1079672939, 2695667332, 2920273422, 3355299111, 965407596, 986147680, 1608667462, 3919600523, 2745649311, 538114653, 302637169, 39292163, 3350723887, 693387618, 211821554, 822118265, 4148266074, 917855453, 740522398, 54309794, 1815476250, 827707398, 2792706220, 2176570596, 1306310381, 2300765644, 3913627551, 422845406, 2626892530, 4092395691, 4047988762, 3564551516, 3088503642, 859267390, 697835328, 2136068777, 2027566149, 693006548, 1048766009, 4228393243, 2091658343, 3273556299, 4066800415, 2268126268, 2623466142, 1641018126, 559852471, 1614956871, 508810047, 3106579321, 2874707049, 1372993256, 3733349536, 1748032426, 3227883547, 3469071374, 620823019, 4260108377, 708965156, 1564846575, 1789680569, 2530554552, 3494225775, 2730621597, 3151662293, 3611639155, 2918410941, 2329120916, 3299331577, 660945550, 4184209047, 1674934981, 980320843, 1827316589, 783941655, 420780768, 2468015508, 2972010254, 3944747206, 2691446526, 3027850814, 3311088082, 1549354187, 2834172473, 1735837646, 111872119, 1161353424, 1198690042, 4163325389, 2989498538, 2126000073, 1094135996, 3661450262, 610941049, 759409113, 2637809587, 1836442591, 4146430421, 1300917180, 1816795466, 1789155374, 1504990706, 2861996400, 2613742398, 3138973090, 1076961020, 183824083, 2434668328, 1673109280, 3133512241, 1754355231, 3684484404, 1158698408, 2005468210, 410713556, 2064339294, 2004885202, 2641767380, 2626100368, 1742481285, 3779727453, 1198840360, 522040284, 42040796, 1040088954, 1882957301, 1060180088, 196709729, 774502848, 3419539531, 2516438634, 3977258832, 97100692, 1390620468, 1313504634, 3378410937, 3529355083, 3866658240, 1147105525, 3957840330, 2724613193, 1087437811, 3793279319, 3514689551, 2989188053, 4189891327, 2265312726, 540045631, 233989401, 99143492, 3234065809, 749122601, 3341776373, 4063651815, 1203373795, 1397721291, 996169817, 1688058915, 2891210279, 4003075104, 3038268706, 45297400, 1933689880, 1961081924, 594152810, 2652780987, 1070111960, 1130027748, 3037630487, 1982163990, 1817562349, 3997355490, 938758297, 2369564311, 394463258, 1314859976, 641309301, 3985352292, 3157157580, 2750363401, 2310834517, 4161425366, 928571148, 994409792, 1445204819, 116324253, 2933403842, 1998711920, 3865308844, 747957909, 1907407951, 1300868588, 3886085969, 1824959993, 2618794293, 3382558925, 556111030, 1895519710, 1823181304, 2364020401, 1683492669, 3088209140, 2369130514, 1730266830, 1339969067, 4292625898, 24018067, 2343702268, 3672671770, 464731610, 3247601435, 3899614068, 4179215171, 2038400727, 3733119106, 2297111536, 244874462, 676402454, 3408133876, 2787244291, 3528238961, 1156230731, 4238914513, 841606278, 501508980, 474804358, 1445422081, 3346966251, 205347825, 4116893703, 827674239, 4167062094, 1007282863, 1875799382, 4086307332, 2333438663, 3820152328, 3912341714, 3981049362, 2335935590, 2037802982, 2080755393, 3690410540, 4118460990, 2231807447, 1143076811, 2687051587, 1010486121, 4072379113, 1818021204, 4165215600, 3420116894, 3511829561, 127914516, 1441043182, 3143638460, 616162217, 4165940079, 27217604, 2440547359, 2380720675, 742395958, 1027004021, 1499307868, 4139229845, 2372676508, 1897778312, 2392841186, 2930390128, 3243628478, 3692097949, 165273843, 1023061583, 1682011140, 2431199377, 2324303573, 1116866230, 1006824085, 4249589400, 1151354734, 1318623587, 1679502932, 1558799391, 2268547197, 3258610529, 2104146054, 2926181549, 2054183400, 3114000460, 565924481, 2321355994, 3730419667, 922606755, 2092022113, 2397179157, 3070399798, 2666290027, 1621844286, 3135204416, 3690409536, 3663527691, 2491888601, 1008961637, 2839671622, 493636569, 2004676046, 651351441, 4207360248, 1730581827, 2444142817, 363518738, 3989638635, 2133613084, 1033646996, 2003643996, 79798703, 26627645, 3777286640, 3574065352, 1660874373, 3991400001, 2577123255, 1417163723, 1594208390, 3633821156, 1649879090, 1599360827, 1942844486, 1461535870, 2865138120, 3742851984, 3324702850, 31140253, 3952982526, 4202287767, 1928180208, 1306810842, 4074938078, 2804019915, 2555312649, 2838466938, 3415684246, 3007686495, 496488689, 1871015948, 2294160469, 551292634, 2161799403, 2580485241, 1530298713, 1224307287, 2713604487, 3524298171, 4023368827, 2344815395, 3063791656, 4076152180, 262617150, 2074761191, 493761715, 2230071983, 2574785438, 49077559, 346187593, 1784580765, 4285457627, 3477552723, 4164047065, 991370914, 4892264, 1732016254, 2008174511, 1899635517, 831460088, 4023875602, 3925632069, 3478529145, 397297501, 438941292, 3013913916, 2654232627, 988909103, 2681970027, 722356028, 247218898, 3671148831, 3143488763, 2009461605, 2990822883, 2682750177, 1591340063, 1260582363, 2613812325, 1004920492, 1707985968, 1614696440, 1847096512, 1855346118, 3165596916, 4162232943, 1124514505, 2021141599, 3644845572, 4021572969, 1785889326, 2246895222, 418011514, 2284172876, 3994540781, 3638598102, 2949971371, 1922725146, 732881205, 2818076190, 2030568528, 3399206353, 3164793874, 3026311316, 2734708194, 3073591483, 4211655469, 1633420930, 1093878914, 1318090988, 3476576170, 54489429, 1214985776, 236577400, 2664969554, 3878464874, 620660382, 631836900, 3529296298, 1993941010, 3416128056, 2281805883, 3024904247, 4010376670, 1916712045, 2429893245, 2846181104, 4170469673, 1606847067, 698772944, 2581419998, 4041725385, 3941407825, 949543231, 3316701545, 79673556, 3379884283, 3019120345, 2767749791, 1186833782, 3990134159, 4068486181, 625507089, 4062547080, 2047537387, 1962041439, 3785841221, 2813063749, 3341880546, 2919521706, 1010805834, 3178281785, 541146763, 2800794980, 4048756219, 3423813898, 2760267723, 3958118215, 633922627, 3629306880, 1607975150, 1970877356, 35426981, 1555306068, 2086578544, 3822021861, 3924921351, 3388103173, 2395107659, 1071440189, 4290666952, 3893889045, 1417554786, 898129431, 2443394492, 88515806, 618933980, 3197982121, 1268038768, 1926198510, 235760016, 714407609, 2901101869, 69), None)
Loaded weights: 36.94122715625779, 2.3584484591327146, -0.5854096597818297, -0.7829865263788203, 4.217013473621179
events: 
  ----
(3, (3988874468, 2485422019, 3236135345, 346136397, 3873801129, 1671115078, 1154354541, 2109463347, 1607407357, 4208773754, 2688214390, 1800160881, 3146181392, 389812484, 3415284575, 1616013601, 2818636637, 1131487307, 4034837296, 3151239186, 3314481965, 3237025458, 3899331817, 47627996, 3796822838, 352565663, 2493992277, 3403378316, 325741204, 4232872850, 35104780, 1942821635, 201307147, 1762308333, 3640405365, 965264558, 1362748862, 1232597396, 1060587457, 195371191, 746079812, 4191388899, 775262690, 2725612637, 2572499835, 3082534105, 3472825860, 4284624070, 1458622471, 3817704032, 3972748786, 4129775155, 3071548138, 1254374009, 3184893833, 3434202803, 1531347666, 1349751834, 2271431736, 3855401119, 2117863680, 2353779183, 1579929183, 1688527201, 4262414813, 368735745, 1386792768, 1159464327, 822799647, 3201965734, 1709028373, 3260219096, 2857632909, 9055922, 3107115824, 18833866, 3726934774, 2435810335, 2073874012, 3850360643, 3077065015, 3928006108, 1913166444, 1057867618, 1515099418, 2093314983, 3307332263, 4157026654, 3209169980, 1495066769, 3442047460, 1692863319, 2879747324, 2190205281, 3713711012, 3750506535, 681807551, 2005840744, 694986749, 61351606, 1319312186, 1069872330, 3314509805, 873002265, 952825646, 2566684990, 2391643862, 2446665739, 49074275, 3909247782, 3649930264, 2484643945, 2481298439, 1330970176, 1270159290, 786721793, 3921536322, 933147672, 380387023, 3705984258, 1278877414, 4051397342, 3587296161, 2279274701, 610475429, 801018345, 3106256639, 2959266272, 421008482, 368871197, 3158127405, 2369256425, 122897464, 2732458247, 22533261, 3664797975, 924826205, 1859397062, 2482514929, 1441350000, 423524503, 3798136005, 255896127, 2552917363, 3277883411, 3762082844, 1332238628, 4042153948, 935859089, 1852177792, 1718810344, 1824967554, 1552870923, 2357416769, 1054131076, 3954481221, 429665945, 1730549137, 2650912274, 2481244353, 703115456, 3303751244, 2660172333, 568893716, 933794267, 2559268441, 3406652796, 3090784275, 3406097017, 189953316, 1885843964, 2857052535, 3892475105, 2541167522, 20379687, 3224303298, 2535800030, 1932006156, 3593024649, 337383848, 3589261141, 3651151719, 3146709417, 1285359357, 2361960906, 3507724753, 502992600, 1505974088, 2476967544, 455706434, 2153669978, 3606772442, 1092637407, 18221976, 58423905, 3572230159, 2616859203, 2857878419, 3395760731, 3633633328, 3674969153, 48998979, 3286123877, 401023310, 3895297364, 2174764140, 3225649652, 1643841714, 4108537177, 1883907377, 977973031, 3157282651, 2885048302, 2750403988, 4104246475, 654887293, 1349392540, 1237945582, 3718586479, 1246082692, 836406449, 1906167479, 300773932, 4008595885, 3487867690, 3810826279, 587710730, 1092056881, 1210840044, 833658579, 3581204018, 3669284473, 2184460564, 1936112894, 3828522471, 1611097755, 3856975611, 1697383490, 2886652946, 1969900179, 2357310376, 2325674640, 4035817160, 601377113, 819337691, 1622668782, 2383141657, 1520153816, 839967575, 586480373, 1470673677, 4224738493, 3199896573, 34252282, 839539411, 712092267, 527904700, 1435862006, 4137744857, 1665919806, 2990728575, 258883860, 3215717062, 836061574, 1523254133, 3321215096, 3401970728, 3080447612, 2053238613, 2309337825, 2076005666, 4096162192, 3984477379, 874515758, 768117839, 1802192691, 2591151075, 188263240, 3909654323, 3951240064, 1198196425, 2369374996, 3936158260, 263841722, 206801383, 684249214, 675166533, 749324331, 829636242, 989518647, 4062975815, 558566178, 2716637470, 1225235966, 2816937522, 754200247, 2711884734, 3743251711, 503387821, 517756168, 638601486, 123768911, 3047580029, 2402071979, 4277975431, 3996672183, 3399346281, 1189056245, 3020180892, 3119784391, 2927339892, 4096477979, 3793823617, 910728084, 3902437926, 3153509741, 2543131864, 1277460071, 3674370792, 1123048071, 3782805722, 1124185085, 928735171, 1370541751, 676462905, 2143490994, 4235128467, 3964637730, 3693642921, 1990832851, 761251423, 1860656176, 1619022963, 134617007, 377138369, 1417257401, 719530788, 3071734750, 3178729150, 2095990084, 3331410841, 1443384737, 616634929, 3162041312, 2554613427, 1805644502, 1446254141, 1551801687, 2326588444, 1293501781, 1508969463, 3903625055, 661514274, 145944198, 3112571609, 283161851, 1121437675, 3086459968, 1911490007, 1700065027, 3313361360, 2482297551, 1160772081, 990972048, 2384181971, 402587995, 1718975200, 1193947735, 946642679, 2374312843, 711864590, 1642097740, 498357394, 3634253740, 2582441999, 1085908634, 3829374452, 786112655, 2808588581, 348260949, 2074244773, 3014703026, 4004904956, 4213628119, 3389774457, 3082579558, 1874264813, 1829911005, 3354948477, 2537735915, 552952561, 3656800257, 1321424622, 2544706766, 2818419967, 3115719078, 1559286276, 2871505886, 4143565002, 1578885455, 3444672655, 3570213946, 3679303850, 1220827161, 962004911, 1372804999, 4098593151, 1159783066, 485852763, 2243666907, 2728954735, 2631265449, 1871371563, 4208164334, 3442635271, 1184830506, 540460582, 4169583018, 1663636519, 1503267356, 696100107, 1496043387, 2421593830, 2087087408, 2660340929, 1160032073, 1432718340, 1504525039, 2810402854, 1239118566, 3625014969, 2083158966, 212751386, 1861573697, 2100164968, 2034474687, 3287634332, 347522635, 1857459815, 2718050089, 416349100, 3763742528, 2342757329, 187510310, 1803546677, 1133557145, 2127417075, 789255969, 238110713, 1686876886, 1962791281, 124875332, 654323892, 3189819127, 1893928951, 1217711538, 399250609, 386657139, 3611756912, 2818306367, 789919924, 4149852150, 2644021705, 3897943586, 4131428909, 2542023000, 3734092963, 2947244192, 1141412467, 2603262580, 1988549242, 3460273859, 3251105929, 1115663283, 2355010333, 1587152825, 3356709569, 3279874676, 888782535, 3711695470, 1612262060, 367001724, 1153354, 4228036301, 1522351307, 3255448534, 336480327, 1802679748, 1107356889, 1979594447, 1311046859, 269813901, 960593877, 2323750569, 2697192571, 2833146148, 610740277, 1892385419, 3618846726, 11226551, 2369761873, 1043182662, 1705992314, 3046072661, 2304664037, 1183892295, 2193668128, 3099551357, 1802221598, 1376642498, 3365954001, 2630353921, 3642459982, 39164975, 1571473108, 1162589485, 3710846415, 2015174090, 3681216871, 2130644584, 1658765220, 1757233731, 2599790177, 83142071, 1152525695, 261607224, 545130100, 871233845, 2980471644, 3280137271, 1900009123, 1212161625, 3259204943, 732769516, 1350118669, 2208472545, 1631232524, 597793025, 3511945063, 3658172118, 1372170889, 834140024, 2971233992, 2618567947, 1280836345, 1586477643, 3040990252, 2103711236, 2482654009, 3502275583, 1200378825, 2059383751, 2117881104, 2594621673, 2438006016, 1734258178, 2599611500, 3648717790, 2609335969, 440716272, 3731070712, 2953438956, 879528989, 2471345197, 3406453473, 377422709, 3911118791, 1432650303, 4179994316, 2962004337, 925391721, 2234514432, 1882354277, 983972076, 1123227652, 1632891326, 3048725767, 1348958624, 242080900, 3798717001, 759435559, 3435387197, 3564954776, 891646450, 494910806, 2229089525, 1777388880, 2088434987, 2735939845, 2396289690, 881578542, 1468313901, 2995126827, 1531835546, 2797288279, 1079811315, 1130099097, 1333076090, 1049099140, 4266525678, 3677023657, 4010046378, 3316508941, 350257704, 1119362826, 3253550563, 4050109082, 3661766317, 3488701918, 2595256007, 622766026, 2299576167, 427790066, 4276464559, 2068917920, 1468982286, 3282607002, 553666751, 3061232108, 2002375773, 2352702741, 3314805341, 2538374034, 705716342, 475), None)
Loaded weights: 37.01601274515829, 2.897971423204792, -0.5854096597818297, -0.7829865263788203, -3.259078936303089
events: me was killed by stupid, 
  ----
(3, (2017280224, 260094157, 2370018870, 1730935172, 2768288921, 1612844739, 4010870111, 2411215886, 1824338618, 2757157828, 2844684669, 20378579, 3458575193, 510178847, 1978951910, 3800174682, 40066324, 4111282079, 460658723, 3690531695, 2566800115, 2383687308, 418469234, 408604816, 2325914475, 51216531, 420207222, 3609502091, 2063789696, 342775810, 4181919665, 997470972, 3830880847, 1835528412, 552475105, 607299269, 1246667915, 4223593047, 3852058171, 3586749118, 2975315173, 967597718, 707809752, 3446855374, 579029491, 3973852371, 1956395077, 2567907561, 1918267561, 145253386, 3440380135, 1438337676, 2564890421, 4078939754, 4162920898, 1252225501, 2518224122, 1934797291, 2742689058, 1758597169, 2284237659, 559570560, 211890512, 2300193925, 615267369, 3033330281, 1406358590, 2009947261, 2296987147, 897046134, 2390892492, 2284462314, 3681531181, 1780462562, 2393908774, 4006982130, 2480986467, 4052810803, 4113390791, 179291781, 3060704410, 1308488689, 3267172831, 1295933473, 2995390832, 3146373318, 2279681634, 85539541, 931985217, 849015989, 2148106416, 1473402535, 2914219680, 545890585, 3873153089, 4095215701, 2974205725, 763168602, 2836034175, 53913000, 1865021678, 1820080943, 3282536420, 2438646214, 844362969, 585739025, 1684882831, 1361099019, 1913778900, 3993401900, 1807450774, 3146892994, 900176610, 3984255500, 313688798, 3989140975, 1503315491, 3488901484, 1798954924, 3140618940, 1084270757, 680180840, 2753217233, 2850521513, 3865754216, 527420865, 1556467015, 138293070, 2623618153, 2808622909, 3967726622, 4061118784, 1273322603, 2828831802, 4235238925, 12904638, 482819599, 3230500906, 3914743129, 4104990360, 2342015932, 268231335, 1326891184, 2842779231, 1101634934, 3601678938, 2757952229, 2394209262, 1774011531, 2256056152, 1258779589, 615877859, 1334403712, 417739275, 3597487930, 2885347971, 809333502, 2656165385, 3081009853, 3456545804, 4212038904, 1304985448, 1253088122, 1556047562, 625278239, 1374305955, 1448729851, 931176194, 1406548455, 3509401401, 3645482587, 338439267, 4214687904, 4005271461, 2771945313, 1000401930, 1127362922, 4042207903, 727578986, 105418354, 2780814028, 3399618703, 489546216, 723535298, 1027782922, 2592170996, 432331350, 346979946, 3377067860, 1776287741, 386367558, 1519106229, 2388623190, 2889801665, 3841586677, 1718861781, 2540610956, 1518342821, 739700971, 3084290918, 2533901700, 2254465513, 3049100105, 4013698819, 2949927324, 2777426423, 1679623793, 3787524473, 549494692, 1967793622, 1565690335, 2584376873, 3410467853, 3326541168, 1134324486, 826835644, 3657526744, 3431665224, 850149196, 1112370461, 2160467771, 3196061946, 3643165780, 3955831936, 755570321, 3335480087, 2475911985, 1546172694, 2387625851, 2818176303, 2474189415, 3826950163, 428953788, 1140915059, 1723023260, 3343376664, 3602964965, 3213433716, 3800786501, 3362091661, 1529334615, 229818242, 711361577, 2197872934, 3310802280, 2239251824, 3065303299, 419332999, 107406121, 2855124011, 3166327313, 1291277898, 1107874414, 2567325632, 1528087649, 1958312286, 1050974713, 1528548226, 1255262051, 1686067247, 718327894, 1060888706, 2094531078, 4263745006, 3645126251, 2163950639, 2382659968, 1433400208, 2759210809, 1475279689, 4150389254, 3442794317, 3066833476, 4218474173, 900873135, 3865454983, 1295266222, 1620898721, 544922444, 1650207886, 4119022560, 2372903128, 226460160, 154695894, 1731641812, 778940767, 3884860667, 2426350610, 2771354564, 2898233900, 3653216532, 878342310, 3494853782, 1075893031, 3099589625, 2554017748, 3287406806, 1485448261, 2269383278, 3362230698, 4037495578, 225158727, 810245112, 1972778367, 528776375, 158013484, 4039684384, 2892792404, 2282705869, 2508246373, 2921559411, 1519528559, 3769472268, 3014398833, 3253392572, 2084993325, 3447749465, 2911418820, 2946681659, 2635068109, 3623995448, 1686028159, 1170792401, 1013413726, 312249987, 238401001, 1964076217, 2553612901, 2384482969, 1275122708, 2787731422, 2602266175, 3219263513, 4133004080, 3793017096, 1734371142, 4119659459, 889210313, 3320243296, 2414317553, 527858691, 2581249817, 4093181983, 2360365477, 3124465671, 3643499629, 201716936, 1173806763, 3608063517, 300611573, 79264473, 3051114105, 456571522, 3641603316, 3645294060, 604139331, 3163815197, 226592298, 1504511518, 1767615619, 2020495746, 133157418, 491547894, 2193773497, 310032472, 3664543785, 1311803244, 245804056, 2419508157, 438425655, 2575394937, 1332983615, 4209141132, 1906166333, 4008208547, 1537378929, 1209896896, 3250329480, 4158404886, 3947948301, 20867538, 2704781508, 1331770423, 3425709853, 3314542906, 1500990228, 1636243517, 1106908569, 2673978562, 2210568925, 3914136085, 1109743208, 1513925828, 2628762203, 1801163729, 1034834149, 3300847318, 2721399358, 3794365467, 1150778424, 2229077432, 3365821236, 3335155929, 3331392098, 1091447171, 2289074442, 1691942719, 852339006, 1366782397, 3580957824, 4232184649, 3549390656, 2817056003, 3864351626, 2011296895, 3646067783, 1436326696, 4288395914, 1984347579, 65608972, 430147747, 3973234310, 406882637, 19849011, 2702898654, 111425257, 34121422, 2227825047, 3800944794, 12421322, 2435388120, 2843966353, 201209608, 1519123141, 1147696889, 20592490, 2786719276, 4076958259, 302241122, 2268062171, 4134399696, 2672101937, 1960711599, 1991648541, 1951130715, 2495768810, 3435157074, 517344280, 2361774481, 2052068403, 3899755938, 1049169611, 1087877299, 1927961621, 2019745743, 482278908, 896839753, 3101337311, 787474515, 1310444774, 2141986952, 2977417127, 3010269705, 887626796, 4098556888, 348850379, 2679161565, 2687185585, 2617016, 1361438996, 1024957080, 1019059699, 2102337654, 697510994, 4005245060, 3144153750, 3415394577, 2144222637, 1651157885, 839141176, 2482391038, 1528563908, 3551564519, 3404904259, 2048840297, 2581484447, 1371931341, 2463635173, 2630634298, 3267546300, 1864474999, 1558985054, 481508260, 1198375778, 16827138, 1867322364, 4135815891, 3703076357, 342477129, 693846963, 2758153374, 124095378, 1705585138, 2425598339, 2598118109, 555386716, 2802528111, 2151061487, 2758365753, 2955346487, 3730098697, 196805235, 4132425623, 3378194321, 724715099, 313569788, 3501262025, 1828875640, 1260779410, 3776996164, 3983983321, 751671318, 1128912336, 2023783094, 1598145497, 2541422932, 1218043375, 3899947700, 4121059459, 3520856182, 3367930508, 2813136591, 1555926618, 1107072889, 884309115, 4170318539, 492351802, 528598559, 932677892, 289534103, 2876762317, 3647366104, 2873417591, 849660666, 466080830, 3036815661, 3820878287, 1223974267, 2501259871, 3204859626, 2553290338, 763537419, 2590925122, 1035595321, 3952762212, 2203657391, 549279227, 1927442513, 3594062791, 2429804389, 2925285446, 556412889, 4157475215, 151035500, 3879171244, 1751196508, 2086501937, 602189669, 1486111614, 828743028, 2384965541, 1529485802, 3296229403, 763132106, 1969170036, 1423831105, 2044283685, 59741339, 501290882, 3566994126, 1718036661, 3011032992, 2123421626, 2989237174, 2531765391, 760570038, 3463340745, 4042224095, 1082519399, 1191806433, 805878768, 2452687250, 3083500132, 3294997016, 4152382142, 680758190, 1033586698, 2260899259, 1884600008, 243245959, 102757352, 355871994, 299027301, 1765900357, 2017606054, 2406471771, 528045700, 1724303165, 1969699704, 502163410, 1370538097, 2301636163, 4279053852, 472878957, 1782409118, 3199590671, 1246367325, 4067926755, 2692811929, 3307843217, 1735327658, 553505304, 1755734238, 4171255462, 31), None)
Loaded weights: 37.208311527220516, 1.597994246384018, -0.5854096597818297, -0.7829865263788203, -3.2829865263788203
events: 
  ----
(3, (2017280224, 260094157, 2370018870, 1730935172, 2768288921, 1612844739, 4010870111, 2411215886, 1824338618, 2757157828, 2844684669, 20378579, 3458575193, 510178847, 1978951910, 3800174682, 40066324, 4111282079, 460658723, 3690531695, 2566800115, 2383687308, 418469234, 408604816, 2325914475, 51216531, 420207222, 3609502091, 2063789696, 342775810, 4181919665, 997470972, 3830880847, 1835528412, 552475105, 607299269, 1246667915, 4223593047, 3852058171, 3586749118, 2975315173, 967597718, 707809752, 3446855374, 579029491, 3973852371, 1956395077, 2567907561, 1918267561, 145253386, 3440380135, 1438337676, 2564890421, 4078939754, 4162920898, 1252225501, 2518224122, 1934797291, 2742689058, 1758597169, 2284237659, 559570560, 211890512, 2300193925, 615267369, 3033330281, 1406358590, 2009947261, 2296987147, 897046134, 2390892492, 2284462314, 3681531181, 1780462562, 2393908774, 4006982130, 2480986467, 4052810803, 4113390791, 179291781, 3060704410, 1308488689, 3267172831, 1295933473, 2995390832, 3146373318, 2279681634, 85539541, 931985217, 849015989, 2148106416, 1473402535, 2914219680, 545890585, 3873153089, 4095215701, 2974205725, 763168602, 2836034175, 53913000, 1865021678, 1820080943, 3282536420, 2438646214, 844362969, 585739025, 1684882831, 1361099019, 1913778900, 3993401900, 1807450774, 3146892994, 900176610, 3984255500, 313688798, 3989140975, 1503315491, 3488901484, 1798954924, 3140618940, 1084270757, 680180840, 2753217233, 2850521513, 3865754216, 527420865, 1556467015, 138293070, 2623618153, 2808622909, 3967726622, 4061118784, 1273322603, 2828831802, 4235238925, 12904638, 482819599, 3230500906, 3914743129, 4104990360, 2342015932, 268231335, 1326891184, 2842779231, 1101634934, 3601678938, 2757952229, 2394209262, 1774011531, 2256056152, 1258779589, 615877859, 1334403712, 417739275, 3597487930, 2885347971, 809333502, 2656165385, 3081009853, 3456545804, 4212038904, 1304985448, 1253088122, 1556047562, 625278239, 1374305955, 1448729851, 931176194, 1406548455, 3509401401, 3645482587, 338439267, 4214687904, 4005271461, 2771945313, 1000401930, 1127362922, 4042207903, 727578986, 105418354, 2780814028, 3399618703, 489546216, 723535298, 1027782922, 2592170996, 432331350, 346979946, 3377067860, 1776287741, 386367558, 1519106229, 2388623190, 2889801665, 3841586677, 1718861781, 2540610956, 1518342821, 739700971, 3084290918, 2533901700, 2254465513, 3049100105, 4013698819, 2949927324, 2777426423, 1679623793, 3787524473, 549494692, 1967793622, 1565690335, 2584376873, 3410467853, 3326541168, 1134324486, 826835644, 3657526744, 3431665224, 850149196, 1112370461, 2160467771, 3196061946, 3643165780, 3955831936, 755570321, 3335480087, 2475911985, 1546172694, 2387625851, 2818176303, 2474189415, 3826950163, 428953788, 1140915059, 1723023260, 3343376664, 3602964965, 3213433716, 3800786501, 3362091661, 1529334615, 229818242, 711361577, 2197872934, 3310802280, 2239251824, 3065303299, 419332999, 107406121, 2855124011, 3166327313, 1291277898, 1107874414, 2567325632, 1528087649, 1958312286, 1050974713, 1528548226, 1255262051, 1686067247, 718327894, 1060888706, 2094531078, 4263745006, 3645126251, 2163950639, 2382659968, 1433400208, 2759210809, 1475279689, 4150389254, 3442794317, 3066833476, 4218474173, 900873135, 3865454983, 1295266222, 1620898721, 544922444, 1650207886, 4119022560, 2372903128, 226460160, 154695894, 1731641812, 778940767, 3884860667, 2426350610, 2771354564, 2898233900, 3653216532, 878342310, 3494853782, 1075893031, 3099589625, 2554017748, 3287406806, 1485448261, 2269383278, 3362230698, 4037495578, 225158727, 810245112, 1972778367, 528776375, 158013484, 4039684384, 2892792404, 2282705869, 2508246373, 2921559411, 1519528559, 3769472268, 3014398833, 3253392572, 2084993325, 3447749465, 2911418820, 2946681659, 2635068109, 3623995448, 1686028159, 1170792401, 1013413726, 312249987, 238401001, 1964076217, 2553612901, 2384482969, 1275122708, 2787731422, 2602266175, 3219263513, 4133004080, 3793017096, 1734371142, 4119659459, 889210313, 3320243296, 2414317553, 527858691, 2581249817, 4093181983, 2360365477, 3124465671, 3643499629, 201716936, 1173806763, 3608063517, 300611573, 79264473, 3051114105, 456571522, 3641603316, 3645294060, 604139331, 3163815197, 226592298, 1504511518, 1767615619, 2020495746, 133157418, 491547894, 2193773497, 310032472, 3664543785, 1311803244, 245804056, 2419508157, 438425655, 2575394937, 1332983615, 4209141132, 1906166333, 4008208547, 1537378929, 1209896896, 3250329480, 4158404886, 3947948301, 20867538, 2704781508, 1331770423, 3425709853, 3314542906, 1500990228, 1636243517, 1106908569, 2673978562, 2210568925, 3914136085, 1109743208, 1513925828, 2628762203, 1801163729, 1034834149, 3300847318, 2721399358, 3794365467, 1150778424, 2229077432, 3365821236, 3335155929, 3331392098, 1091447171, 2289074442, 1691942719, 852339006, 1366782397, 3580957824, 4232184649, 3549390656, 2817056003, 3864351626, 2011296895, 3646067783, 1436326696, 4288395914, 1984347579, 65608972, 430147747, 3973234310, 406882637, 19849011, 2702898654, 111425257, 34121422, 2227825047, 3800944794, 12421322, 2435388120, 2843966353, 201209608, 1519123141, 1147696889, 20592490, 2786719276, 4076958259, 302241122, 2268062171, 4134399696, 2672101937, 1960711599, 1991648541, 1951130715, 2495768810, 3435157074, 517344280, 2361774481, 2052068403, 3899755938, 1049169611, 1087877299, 1927961621, 2019745743, 482278908, 896839753, 3101337311, 787474515, 1310444774, 2141986952, 2977417127, 3010269705, 887626796, 4098556888, 348850379, 2679161565, 2687185585, 2617016, 1361438996, 1024957080, 1019059699, 2102337654, 697510994, 4005245060, 3144153750, 3415394577, 2144222637, 1651157885, 839141176, 2482391038, 1528563908, 3551564519, 3404904259, 2048840297, 2581484447, 1371931341, 2463635173, 2630634298, 3267546300, 1864474999, 1558985054, 481508260, 1198375778, 16827138, 1867322364, 4135815891, 3703076357, 342477129, 693846963, 2758153374, 124095378, 1705585138, 2425598339, 2598118109, 555386716, 2802528111, 2151061487, 2758365753, 2955346487, 3730098697, 196805235, 4132425623, 3378194321, 724715099, 313569788, 3501262025, 1828875640, 1260779410, 3776996164, 3983983321, 751671318, 1128912336, 2023783094, 1598145497, 2541422932, 1218043375, 3899947700, 4121059459, 3520856182, 3367930508, 2813136591, 1555926618, 1107072889, 884309115, 4170318539, 492351802, 528598559, 932677892, 289534103, 2876762317, 3647366104, 2873417591, 849660666, 466080830, 3036815661, 3820878287, 1223974267, 2501259871, 3204859626, 2553290338, 763537419, 2590925122, 1035595321, 3952762212, 2203657391, 549279227, 1927442513, 3594062791, 2429804389, 2925285446, 556412889, 4157475215, 151035500, 3879171244, 1751196508, 2086501937, 602189669, 1486111614, 828743028, 2384965541, 1529485802, 3296229403, 763132106, 1969170036, 1423831105, 2044283685, 59741339, 501290882, 3566994126, 1718036661, 3011032992, 2123421626, 2989237174, 2531765391, 760570038, 3463340745, 4042224095, 1082519399, 1191806433, 805878768, 2452687250, 3083500132, 3294997016, 4152382142, 680758190, 1033586698, 2260899259, 1884600008, 243245959, 102757352, 355871994, 299027301, 1765900357, 2017606054, 2406471771, 528045700, 1724303165, 1969699704, 502163410, 1370538097, 2301636163, 4279053852, 472878957, 1782409118, 3199590671, 1246367325, 4067926755, 2692811929, 3307843217, 1735327658, 553505304, 1755734238, 4171255462, 194), None)
Loaded weights: 37.42392943602805, 3.0837587052108297, -0.5854096597818297, -0.7829865263788203, -3.2829865263788203
events: me found the exit, 
  ----
(3, (2017280224, 260094157, 2370018870, 1730935172, 2768288921, 1612844739, 4010870111, 2411215886, 1824338618, 2757157828, 2844684669, 20378579, 3458575193, 510178847, 1978951910, 3800174682, 40066324, 4111282079, 460658723, 3690531695, 2566800115, 2383687308, 418469234, 408604816, 2325914475, 51216531, 420207222, 3609502091, 2063789696, 342775810, 4181919665, 997470972, 3830880847, 1835528412, 552475105, 607299269, 1246667915, 4223593047, 3852058171, 3586749118, 2975315173, 967597718, 707809752, 3446855374, 579029491, 3973852371, 1956395077, 2567907561, 1918267561, 145253386, 3440380135, 1438337676, 2564890421, 4078939754, 4162920898, 1252225501, 2518224122, 1934797291, 2742689058, 1758597169, 2284237659, 559570560, 211890512, 2300193925, 615267369, 3033330281, 1406358590, 2009947261, 2296987147, 897046134, 2390892492, 2284462314, 3681531181, 1780462562, 2393908774, 4006982130, 2480986467, 4052810803, 4113390791, 179291781, 3060704410, 1308488689, 3267172831, 1295933473, 2995390832, 3146373318, 2279681634, 85539541, 931985217, 849015989, 2148106416, 1473402535, 2914219680, 545890585, 3873153089, 4095215701, 2974205725, 763168602, 2836034175, 53913000, 1865021678, 1820080943, 3282536420, 2438646214, 844362969, 585739025, 1684882831, 1361099019, 1913778900, 3993401900, 1807450774, 3146892994, 900176610, 3984255500, 313688798, 3989140975, 1503315491, 3488901484, 1798954924, 3140618940, 1084270757, 680180840, 2753217233, 2850521513, 3865754216, 527420865, 1556467015, 138293070, 2623618153, 2808622909, 3967726622, 4061118784, 1273322603, 2828831802, 4235238925, 12904638, 482819599, 3230500906, 3914743129, 4104990360, 2342015932, 268231335, 1326891184, 2842779231, 1101634934, 3601678938, 2757952229, 2394209262, 1774011531, 2256056152, 1258779589, 615877859, 1334403712, 417739275, 3597487930, 2885347971, 809333502, 2656165385, 3081009853, 3456545804, 4212038904, 1304985448, 1253088122, 1556047562, 625278239, 1374305955, 1448729851, 931176194, 1406548455, 3509401401, 3645482587, 338439267, 4214687904, 4005271461, 2771945313, 1000401930, 1127362922, 4042207903, 727578986, 105418354, 2780814028, 3399618703, 489546216, 723535298, 1027782922, 2592170996, 432331350, 346979946, 3377067860, 1776287741, 386367558, 1519106229, 2388623190, 2889801665, 3841586677, 1718861781, 2540610956, 1518342821, 739700971, 3084290918, 2533901700, 2254465513, 3049100105, 4013698819, 2949927324, 2777426423, 1679623793, 3787524473, 549494692, 1967793622, 1565690335, 2584376873, 3410467853, 3326541168, 1134324486, 826835644, 3657526744, 3431665224, 850149196, 1112370461, 2160467771, 3196061946, 3643165780, 3955831936, 755570321, 3335480087, 2475911985, 1546172694, 2387625851, 2818176303, 2474189415, 3826950163, 428953788, 1140915059, 1723023260, 3343376664, 3602964965, 3213433716, 3800786501, 3362091661, 1529334615, 229818242, 711361577, 2197872934, 3310802280, 2239251824, 3065303299, 419332999, 107406121, 2855124011, 3166327313, 1291277898, 1107874414, 2567325632, 1528087649, 1958312286, 1050974713, 1528548226, 1255262051, 1686067247, 718327894, 1060888706, 2094531078, 4263745006, 3645126251, 2163950639, 2382659968, 1433400208, 2759210809, 1475279689, 4150389254, 3442794317, 3066833476, 4218474173, 900873135, 3865454983, 1295266222, 1620898721, 544922444, 1650207886, 4119022560, 2372903128, 226460160, 154695894, 1731641812, 778940767, 3884860667, 2426350610, 2771354564, 2898233900, 3653216532, 878342310, 3494853782, 1075893031, 3099589625, 2554017748, 3287406806, 1485448261, 2269383278, 3362230698, 4037495578, 225158727, 810245112, 1972778367, 528776375, 158013484, 4039684384, 2892792404, 2282705869, 2508246373, 2921559411, 1519528559, 3769472268, 3014398833, 3253392572, 2084993325, 3447749465, 2911418820, 2946681659, 2635068109, 3623995448, 1686028159, 1170792401, 1013413726, 312249987, 238401001, 1964076217, 2553612901, 2384482969, 1275122708, 2787731422, 2602266175, 3219263513, 4133004080, 3793017096, 1734371142, 4119659459, 889210313, 3320243296, 2414317553, 527858691, 2581249817, 4093181983, 2360365477, 3124465671, 3643499629, 201716936, 1173806763, 3608063517, 300611573, 79264473, 3051114105, 456571522, 3641603316, 3645294060, 604139331, 3163815197, 226592298, 1504511518, 1767615619, 2020495746, 133157418, 491547894, 2193773497, 310032472, 3664543785, 1311803244, 245804056, 2419508157, 438425655, 2575394937, 1332983615, 4209141132, 1906166333, 4008208547, 1537378929, 1209896896, 3250329480, 4158404886, 3947948301, 20867538, 2704781508, 1331770423, 3425709853, 3314542906, 1500990228, 1636243517, 1106908569, 2673978562, 2210568925, 3914136085, 1109743208, 1513925828, 2628762203, 1801163729, 1034834149, 3300847318, 2721399358, 3794365467, 1150778424, 2229077432, 3365821236, 3335155929, 3331392098, 1091447171, 2289074442, 1691942719, 852339006, 1366782397, 3580957824, 4232184649, 3549390656, 2817056003, 3864351626, 2011296895, 3646067783, 1436326696, 4288395914, 1984347579, 65608972, 430147747, 3973234310, 406882637, 19849011, 2702898654, 111425257, 34121422, 2227825047, 3800944794, 12421322, 2435388120, 2843966353, 201209608, 1519123141, 1147696889, 20592490, 2786719276, 4076958259, 302241122, 2268062171, 4134399696, 2672101937, 1960711599, 1991648541, 1951130715, 2495768810, 3435157074, 517344280, 2361774481, 2052068403, 3899755938, 1049169611, 1087877299, 1927961621, 2019745743, 482278908, 896839753, 3101337311, 787474515, 1310444774, 2141986952, 2977417127, 3010269705, 887626796, 4098556888, 348850379, 2679161565, 2687185585, 2617016, 1361438996, 1024957080, 1019059699, 2102337654, 697510994, 4005245060, 3144153750, 3415394577, 2144222637, 1651157885, 839141176, 2482391038, 1528563908, 3551564519, 3404904259, 2048840297, 2581484447, 1371931341, 2463635173, 2630634298, 3267546300, 1864474999, 1558985054, 481508260, 1198375778, 16827138, 1867322364, 4135815891, 3703076357, 342477129, 693846963, 2758153374, 124095378, 1705585138, 2425598339, 2598118109, 555386716, 2802528111, 2151061487, 2758365753, 2955346487, 3730098697, 196805235, 4132425623, 3378194321, 724715099, 313569788, 3501262025, 1828875640, 1260779410, 3776996164, 3983983321, 751671318, 1128912336, 2023783094, 1598145497, 2541422932, 1218043375, 3899947700, 4121059459, 3520856182, 3367930508, 2813136591, 1555926618, 1107072889, 884309115, 4170318539, 492351802, 528598559, 932677892, 289534103, 2876762317, 3647366104, 2873417591, 849660666, 466080830, 3036815661, 3820878287, 1223974267, 2501259871, 3204859626, 2553290338, 763537419, 2590925122, 1035595321, 3952762212, 2203657391, 549279227, 1927442513, 3594062791, 2429804389, 2925285446, 556412889, 4157475215, 151035500, 3879171244, 1751196508, 2086501937, 602189669, 1486111614, 828743028, 2384965541, 1529485802, 3296229403, 763132106, 1969170036, 1423831105, 2044283685, 59741339, 501290882, 3566994126, 1718036661, 3011032992, 2123421626, 2989237174, 2531765391, 760570038, 3463340745, 4042224095, 1082519399, 1191806433, 805878768, 2452687250, 3083500132, 3294997016, 4152382142, 680758190, 1033586698, 2260899259, 1884600008, 243245959, 102757352, 355871994, 299027301, 1765900357, 2017606054, 2406471771, 528045700, 1724303165, 1969699704, 502163410, 1370538097, 2301636163, 4279053852, 472878957, 1782409118, 3199590671, 1246367325, 4067926755, 2692811929, 3307843217, 1735327658, 553505304, 1755734238, 4171255462, 517), None)
Loaded weights: 44.86397358131977, 3.0837587052108297, -0.5854096597818297, -0.7829865263788203, 4.217013473621179
events: me was killed by stupid, 
  ----
(3, (1023258247, 3834159872, 922910970, 257289003, 562556042, 1749697193, 2169314405, 928035038, 2589716712, 2836887390, 3948830728, 4016903374, 55443280, 3333961530, 3805179757, 3873010569, 1172010138, 2740177073, 1839636783, 2162887310, 3096554956, 977147650, 264533316, 2247780809, 878497296, 348480630, 3014934313, 3701179038, 210967272, 2812384713, 3648254185, 1236151650, 1980657828, 408334071, 580032556, 3083982226, 4267458353, 2947291451, 1809747509, 1740283009, 2950126968, 119274894, 2710997692, 1042610934, 807644295, 2543368530, 3812164022, 2489871568, 2425772783, 1933632254, 1946921310, 431877844, 64996102, 2489392451, 3268413178, 1272657614, 2454435903, 1776275806, 4057941307, 2825869627, 3900148127, 683634939, 3550374523, 3035795011, 840502860, 3666130966, 2516976333, 1765223426, 1316021232, 2565983547, 3829277380, 4103636209, 606744805, 978291083, 1272399114, 2914515992, 3360940692, 220540472, 1731766539, 3500514140, 2151183498, 3661403981, 3449014263, 2327003974, 114877607, 2420114902, 292985590, 4174387478, 429627674, 1371718293, 1614384489, 2316693610, 193899759, 3309617544, 3219688875, 3709397237, 299057359, 2358069986, 785793320, 3239540388, 1938742093, 901384891, 1643521872, 1682398765, 2400841413, 3466017770, 554393049, 2748636087, 370784842, 3537301028, 2650698894, 4273643336, 2258270001, 2534247270, 2756773979, 59382873, 4003533607, 1588504973, 254391458, 703193156, 2034709324, 3223332389, 752554831, 2655231981, 4201827881, 4095968172, 2092920081, 3363433778, 1573367317, 1051101152, 2440272404, 156794473, 3314697835, 797865301, 3889134224, 3419840898, 1639601004, 3642151432, 2193921415, 1486133476, 3245803411, 270330204, 2633101159, 3416467062, 4063281909, 1618865882, 1979619085, 4128360100, 3057546881, 523694322, 3282447317, 3000140575, 712896304, 3003562495, 3782700437, 3262175293, 2878976482, 692113637, 3831135913, 1564089223, 335957989, 4083238522, 3196873728, 636919318, 2430042199, 1172985645, 314626541, 1473566848, 3657369631, 2314280387, 4042918283, 1695532846, 3744523897, 1169382602, 117075951, 3856752814, 2349027674, 552721089, 1475983224, 1795597891, 4292226051, 1400366966, 3238797359, 2026271792, 3191342682, 846379665, 3095075971, 2990757669, 3232903063, 3320685290, 1151475034, 1202344140, 2283690718, 3682398677, 2013292199, 3162319010, 808260501, 2021890580, 863555101, 1981770440, 1559892368, 3011694515, 3773367513, 1375066918, 3740829918, 4208261250, 3232347174, 673347188, 3049966256, 2832769716, 4073409782, 2311865761, 2127370602, 813626866, 2442424093, 3524106480, 2053769289, 862681144, 110880606, 3542200607, 2906105502, 3423742643, 2966238417, 2833433661, 2593313612, 3093783961, 2528383533, 2732408293, 779938120, 3887505686, 3830451197, 1833911508, 3544354767, 2987688875, 351486034, 1748185285, 4141087460, 51602421, 307699031, 4158040612, 3227609339, 1861590438, 3881370394, 661659182, 3790596617, 2952034673, 1436351378, 581594247, 3055581640, 3365006483, 3816932076, 358131495, 407259030, 1194782150, 3871817265, 2328487627, 2318168072, 1695785863, 3801690538, 1667635343, 130768566, 486447407, 2294292325, 200709339, 1993935859, 752668405, 218981705, 618985019, 4125372661, 2586214335, 3249939855, 1799731621, 1932029651, 552119486, 1045678284, 4127998520, 3657837553, 1681310968, 680786067, 958293750, 3537292591, 2221918202, 1330055845, 2714818773, 3890329902, 1527830425, 3760246578, 3135260797, 2128655853, 3208756977, 4007638544, 440307719, 597451098, 324095982, 623556584, 797446043, 1841065926, 3885770739, 2427145252, 1551471976, 3857902199, 1408428278, 242505336, 1587112976, 160473646, 1599926683, 2257836662, 1563913651, 167002400, 59428241, 2129847982, 915287585, 1352580273, 1904472232, 536581471, 2790462569, 117874295, 2933938219, 1570421203, 1737378035, 779300584, 67392156, 3274396506, 2174072657, 312418505, 2371241899, 1409631049, 2912305886, 1404723377, 1927451839, 2965527021, 1239438870, 3048958578, 1342255453, 3496273940, 3050802036, 291404831, 3205301950, 541190255, 1344928239, 48784437, 1151678603, 3705308244, 716467195, 2872290148, 1227574982, 2451193806, 3418936477, 299756800, 3079610108, 497354766, 3085538152, 3634674134, 270274535, 57698892, 3666272324, 2019968245, 3181713691, 2768050423, 4188368554, 746167360, 3915992299, 1405040769, 679939904, 1831346883, 3856455217, 1606930152, 1348785810, 3288642968, 154790788, 890391862, 3477205043, 2176563995, 3682734979, 46674755, 2452664673, 1072233270, 3091740510, 1584547654, 1793252313, 2745000349, 533677905, 2103476076, 3378398591, 1174107503, 1301365352, 3838812564, 464951684, 730381259, 1394778581, 1155806498, 3184121397, 3535092447, 4268075226, 3490398253, 4221599604, 3639327964, 417730393, 121927986, 3713950885, 570192208, 4237813596, 2259280287, 1972172100, 617192004, 3164436536, 1918923484, 1315251202, 2043637046, 639996244, 285329296, 1959057412, 1096291156, 1518556771, 132296153, 2860278275, 4196433839, 2794058584, 1180622410, 499592784, 3977621142, 2905117406, 635631588, 547383674, 2732143039, 847027578, 3983748828, 767359453, 4091284438, 3900542389, 2621232689, 2600964954, 1318696255, 2073378693, 683634113, 2798006694, 1213246322, 3150620231, 324208019, 100396546, 3872702517, 1928582421, 1885223585, 3645328059, 956976205, 1627114615, 2622142227, 845020809, 674402421, 2230710784, 1856959367, 603044810, 404421452, 864931093, 2894218011, 2915959219, 1658012326, 707743499, 1245880999, 3969163147, 866635943, 3561847177, 843529939, 3438705416, 3497940815, 2223492326, 1053524899, 2154995623, 1181182252, 4191342166, 2686869512, 3746069042, 3141398360, 1656841168, 2132382156, 1256304031, 780026522, 1270622093, 207258811, 297624681, 716761508, 1444399005, 1991773621, 1848355299, 4042537623, 326270995, 4077036322, 1236106027, 2107637617, 1717075713, 629180532, 2021692961, 258617156, 227345608, 323125189, 1470973251, 1836250210, 311063028, 3873482915, 1629185180, 1666869623, 210197557, 1733110310, 241207872, 884705110, 2719932411, 3758988766, 434820332, 1165293118, 3110461310, 2097539379, 1171189306, 2796942478, 749821120, 3015184515, 3484452694, 3384838221, 3410841049, 716087717, 3425677545, 1161266149, 76438784, 332935872, 3675537141, 3961627481, 1844384268, 1749264434, 103508713, 991750349, 1781207870, 2487704488, 1741579523, 3869903608, 96588948, 4168539145, 1196956093, 2504171073, 1698243116, 2804311733, 3694000136, 489734468, 3545319995, 4278284564, 182809704, 761919586, 3041719787, 2600261265, 3186657048, 1535603177, 2402507883, 1314673547, 531107944, 1250033768, 1640525307, 1966235734, 2599189139, 3533380680, 47606993, 2558593403, 3801432657, 2577176174, 1921735692, 4049060930, 583386697, 3409811216, 2271733672, 3637714562, 782386570, 1545074225, 1120002905, 1193371406, 268904374, 529887907, 2830478580, 2024709218, 3023697997, 792749166, 324371407, 2645004815, 849321299, 161502263, 2084045201, 3281056159, 2854036077, 3943672128, 448960844, 416966298, 3576945452, 1407532740, 1270572409, 564104073, 919412721, 2280522557, 604497847, 70062917, 3670610333, 2471498118, 1295521362, 1366724911, 2192851695, 3508078078, 2468996654, 1066975644, 63563749, 653749164, 298773508, 3230206104, 2569993249, 288912568, 3434131339, 1422844545, 981328481, 2593010945, 3520139867, 2649020892, 3617918010, 4078026875, 2376860593, 1180021154, 2701280522, 3994763734, 3831001154, 3354417191, 530438976, 71), None)
Loaded weights: 45.01250078854372, 1.5557912684817596, -0.5854096597818297, -0.7829865263788203, -3.2829865263788203
events: 
  ----
(3, (1404528936, 1137971182, 1369383290, 1820886159, 1399252606, 1715691710, 303437205, 2060371473, 398687422, 2149022595, 2418547181, 1362729416, 1616028047, 181539778, 2377520234, 3372363147, 1733070467, 4027643940, 2808228885, 2973946345, 1086820679, 3318114454, 1533544240, 288544613, 1944534792, 3135303649, 2497943428, 1051102152, 3574414392, 2881715657, 1049774481, 1656974918, 3391077518, 1953900477, 2057356840, 106904950, 2743789598, 2040914230, 1683396238, 943067440, 3813244074, 1739495667, 1467782422, 613933246, 450099354, 1871820590, 573162912, 3594600127, 1894348881, 1381151685, 2538522688, 2496831263, 2233684970, 2024153140, 2322458391, 3127844214, 3807510775, 730786685, 647634841, 472084053, 585860233, 2050873442, 729786922, 3443468726, 2391066347, 281149652, 58557910, 4289207236, 2476590303, 2131995728, 4010322910, 2795040152, 2513094709, 4072508173, 2315834986, 935989843, 728133803, 3219359774, 2158353586, 785674415, 569008309, 4245441896, 1511630347, 3127123499, 3962974510, 3138790674, 1481443694, 3736029122, 960110435, 1275227114, 722022220, 2306437166, 765818986, 671215468, 603178586, 1428520669, 866750102, 504815824, 141242743, 2080928442, 729390308, 1134065193, 1396726730, 4138412081, 2648262906, 638661690, 1683701595, 3578474594, 2341526978, 2370366572, 4067364629, 2975127525, 1808041261, 3246586295, 2492220139, 1660092557, 2024026437, 2288884614, 19147101, 2895449666, 3968619499, 287671992, 3049611902, 632276131, 775354188, 1481562775, 2597260532, 2107198308, 1257226407, 587978699, 3888847634, 336155869, 206539735, 2914471363, 4066478930, 2964414823, 2604544900, 2465146577, 2328429386, 1387713960, 1374904910, 3328398893, 583223269, 1103951154, 3019143171, 1572540430, 3182318730, 4240496312, 182297678, 4230590326, 3289782715, 2931533280, 176049823, 1395323477, 373821540, 3804299309, 1400841433, 2277218165, 1079093952, 3326199014, 2484775526, 2220170509, 234212172, 1469537066, 2336121731, 3662629155, 1988839713, 2315409716, 2404980176, 2046840023, 1038999839, 1634933609, 3140191977, 2557998263, 1770858883, 2899384764, 2332932129, 3226003043, 1604531406, 598320654, 2741401818, 864529743, 1639815823, 3943651760, 492846351, 969275655, 3839126923, 2764752660, 2163531580, 1490729777, 4094406943, 4002546791, 3854578374, 689638084, 2615784072, 1079671975, 4087612225, 1082677426, 3874028876, 2079124856, 2163609702, 4085843363, 2545750351, 3473368919, 2861051641, 3558666920, 2191008710, 2828776633, 1555135775, 2614615029, 3243584223, 4113721568, 517370363, 103085175, 3152478663, 138687084, 309566445, 2178448451, 1347230813, 3398390685, 2088355371, 3578216918, 3257326952, 877238081, 1984480978, 498219288, 1777441994, 1359456277, 4004541932, 3797197972, 4086167426, 3106799408, 2836762443, 4286773529, 3598069994, 2319420693, 1140889551, 662198337, 352691229, 1934317226, 1945425077, 1072740431, 2383877244, 292075086, 2645343435, 147375095, 2210364438, 1877062078, 1546363773, 4112983466, 3132085130, 3089978594, 3852002830, 2738031533, 2747265967, 362491904, 2002580916, 1053265807, 211330015, 64725918, 3757945630, 1382456206, 2784941141, 4147688038, 1060145930, 2848407707, 3562224078, 737606145, 771924712, 2200297107, 1385768642, 3213977695, 1997058283, 2080038289, 1174110241, 3145348431, 397061576, 227675197, 1159920544, 286734888, 2339053897, 1760277101, 230421584, 3829045801, 3750572346, 3033785816, 1818837695, 145423239, 1454223763, 3191595870, 2194181492, 1903008911, 2246486320, 3509726511, 166033349, 2771065539, 276507669, 4103089941, 2578047278, 3007738608, 637963248, 1058234126, 2023649426, 3516485357, 1667808407, 4092062968, 2614077609, 2010713701, 1868228465, 3505263149, 1271029805, 866920809, 1158727395, 1588197575, 3953337963, 2798649758, 3247257252, 1012109834, 4214460936, 2366273055, 3734377426, 2770174070, 3326874346, 2052712127, 1339948693, 3820657879, 5491552, 2436805083, 3902698524, 3413674600, 1205497659, 1442171735, 551551008, 2324485284, 1398782015, 289185202, 1130830790, 814817616, 1000098851, 2191580903, 2189620377, 3780244759, 3600297694, 3681668356, 1076501862, 2949579302, 44896083, 1997959950, 691665928, 2805011512, 1281566458, 1188776154, 2588966487, 3407655956, 914778529, 606502545, 3486798195, 3344890737, 1664725822, 1224382762, 1235421209, 354623193, 3166808510, 2349646158, 2957339008, 3742046869, 2750102882, 3812740430, 3637531090, 3966552717, 28571602, 2561387572, 3194163610, 2431200125, 3529949558, 2135437945, 1302295538, 1063719129, 4220634775, 700073381, 128704340, 3826875010, 1717268233, 2063052388, 1774474470, 2082212154, 133975938, 887602604, 3634775981, 1860562275, 4267647927, 3939380457, 2970777824, 226668184, 2569553658, 2850062240, 4022556385, 2249159742, 3753284123, 3592074677, 1581514744, 622634880, 3382413634, 3020081294, 617838978, 308993025, 1401088524, 1584736770, 3945093189, 2663506898, 2313016340, 1681776462, 258152938, 376640759, 3141645032, 154127003, 767381360, 1292072965, 4108301777, 655185907, 349193073, 478879921, 1610213195, 209124607, 2585895944, 3611186175, 3918102039, 2056824614, 3674070442, 3518504321, 3830990282, 808968125, 3384072879, 544701293, 471402722, 4083135601, 670292667, 1894707427, 2411708809, 573837425, 1229464951, 3688432899, 3554341460, 3132877678, 528293585, 306356965, 179676435, 3774810001, 1021927033, 1005810901, 911825739, 4248055562, 2821459812, 361070297, 858180434, 172435274, 1272171325, 161806610, 2606312025, 3713347095, 1648440504, 2546802540, 693564084, 3686158973, 3451246769, 3877505300, 1532702494, 3637685849, 3890316173, 1989417138, 3674907927, 1270729757, 1590006755, 2376290978, 3409483040, 932053802, 1735098302, 1322610874, 2967037012, 760063584, 2316017938, 2883894289, 2780569802, 3782776502, 2281701060, 1213393248, 3331473165, 4210513233, 1486986865, 3892311939, 215150998, 4030919420, 669954922, 2907260163, 496543708, 640214866, 2829918948, 2912523496, 3653107398, 1596380926, 4192660020, 291602990, 3824239031, 2722614338, 1709417201, 2754278372, 3862192880, 2707324961, 3397005100, 3227873259, 4037952916, 3783467648, 728610033, 13162646, 2863422987, 12901893, 2271620724, 2673592789, 2396379897, 2752867535, 3471845870, 2774578738, 2864337846, 2535513499, 54823490, 1269188483, 133953769, 2891356297, 4056809141, 1695614328, 1375634109, 4191066095, 2534941911, 2263705195, 107416903, 2370085477, 479379572, 3020728349, 1161367261, 698565439, 3697871702, 2195331255, 1996596304, 997642096, 475301640, 1724030033, 1272295110, 2974103379, 1329780694, 1426706437, 4186927499, 338990836, 1263810596, 2120841581, 1158737337, 856136405, 1485458825, 3738469824, 2262254165, 3904611572, 500523555, 3660582104, 3510654317, 1348127468, 3961071044, 1260133806, 3700939321, 1294569590, 1452167275, 3966222267, 349187587, 2327063332, 3334380611, 62558003, 4007715792, 3313799524, 3750093981, 4236711159, 2941493299, 1470030204, 1280171480, 806222375, 1975860253, 4117533987, 2761225721, 4094919065, 255194386, 2668024868, 3608799789, 3995740399, 501876529, 1539510035, 682764831, 3637207771, 3624020649, 3019500225, 76613966, 30887213, 1692314147, 3362291516, 2679615023, 1170068647, 2656574763, 1854310031, 4215705908, 2275236948, 1640231033, 631385425, 655778309, 3577015227, 2782849428, 1894669584, 3372938936, 3232051952, 2517012510, 1296754830, 2452597046, 2225829193, 3765128067, 1395551735, 2401148021, 13625223, 1757013480, 2249777781, 237), None)
Loaded weights: 45.07039632020963, 1.9562390529427067, -0.5854096597818297, -0.7829865263788203, -3.275579102786543
