Starting iterations: 50
(3, (2140448171, 292678693, 241339265, 639427610, 4220409945, 4002368046, 2264440959, 3477816540, 465499535, 1353478474, 815842442, 569991706, 3734191122, 251054775, 2360158275, 3207411890, 2943053217, 2844852268, 2722159544, 1734188537, 1069632367, 2668586859, 2044329944, 2022594624, 1267628063, 2491847855, 89231495, 2670022953, 1675791741, 4050231823, 1875036472, 1420499479, 2861950844, 2746225608, 4136821423, 4156232679, 2533863333, 922482369, 3624019767, 3022218869, 1098598613, 4046225113, 3193208353, 3048157101, 2751779849, 969920372, 2018498995, 4104472061, 1461540229, 2707753304, 1896769389, 3719903573, 2557026564, 1952449828, 185629646, 3785441385, 2208034667, 2400277094, 2490479243, 2065148465, 3586864787, 2231125910, 207488703, 4118291206, 2873436842, 3815270259, 1880352189, 1369294071, 2826775977, 2771205348, 3183368754, 3792802623, 1494965902, 799859851, 1506171073, 3382476748, 1218792218, 3483364255, 1786521915, 554531332, 2626539004, 4037182035, 2149569698, 2638121977, 3390838776, 1425324418, 4236274240, 2044475037, 2010319574, 1389717649, 3633160055, 375369612, 277247635, 4133739444, 527054575, 318617960, 302041267, 1642184001, 35853085, 2650940015, 2416587435, 2604071825, 1906446493, 3378330402, 3713793184, 344294765, 4256016972, 1156285107, 3343233051, 1329827964, 3072450442, 4165580637, 4289088077, 3407267844, 3729333837, 3507981549, 1863961369, 2735842439, 532807974, 1409333692, 2942940536, 2252744141, 3540743017, 3588197069, 4017230675, 3569016057, 1164857094, 3867565879, 2631503957, 3384550473, 2726762439, 740187336, 559243283, 3002306572, 1626137064, 2449680480, 846419064, 1996456489, 524970398, 1883417911, 2502048698, 3596380338, 2776893918, 355538544, 123769167, 3765548467, 4223456742, 3453898449, 1928060512, 2838112587, 4291310004, 2052451276, 4131574005, 598316710, 3107797769, 2684482768, 146443922, 904030923, 372831438, 1711373644, 2707704550, 4260255246, 1122183119, 139524001, 3898013495, 1835219996, 208838989, 3049817935, 3352812511, 3221292408, 2062037381, 1184464345, 3414937454, 1418824199, 161814191, 2358707876, 614249735, 3766840192, 477290706, 2263252189, 1340579297, 1157311121, 1738438104, 3933507547, 7064711, 1272699574, 2984123161, 3381798572, 904113117, 2592676118, 1332193321, 2809261362, 3637046859, 4198408499, 1220157372, 607752868, 1360123984, 4185774589, 3634493433, 3728532346, 3902686014, 870087414, 2084928301, 1519085893, 1079124162, 3839616864, 729907250, 2370161997, 5147503, 3073961164, 3364050159, 282422967, 4258761813, 467635833, 806534631, 3192444011, 2411283859, 4110166533, 2608000617, 3161448522, 2518524359, 1576271530, 1967070075, 1896082076, 184207365, 3865209009, 199513741, 4025839082, 3610442655, 4222955552, 2931982638, 624256836, 1789695704, 4011336199, 670272286, 2526679077, 4247874544, 766196651, 814637364, 2058957822, 3191472890, 3472195770, 1094827323, 2743378730, 1525455237, 4136056869, 74401096, 3693087469, 2703200322, 2740169507, 103028392, 4142281945, 82860783, 1187182432, 1660706985, 332609465, 2198716449, 2970686165, 2907812838, 2637030486, 1244938604, 2725361021, 3791254955, 579348398, 1019678644, 2396490975, 2564626323, 4277113005, 410565676, 1161940092, 4225587258, 3064593257, 3874676826, 903823442, 1072580712, 960023521, 1758169327, 4040565884, 3067606791, 310080940, 378634091, 3256683972, 1297151058, 110515931, 975279287, 737289304, 1899426975, 1581308189, 1563039342, 2737890794, 2877205762, 1799981844, 2576593941, 86236485, 1782259236, 2060593625, 548810333, 2055235146, 3845553629, 798569016, 1432304426, 2738882697, 112817978, 1267668286, 3529731849, 2066434127, 2471626710, 2821852436, 1904759129, 3907702591, 4285965600, 2942276624, 1907938716, 3108138109, 5754311, 56272934, 4237980025, 2935129116, 912711510, 4080493124, 1757439394, 4153655772, 3132377344, 2825193130, 3814000369, 1078734045, 2745996244, 1542330032, 3754564151, 2866392527, 3857196559, 3120002557, 1044199593, 167573970, 3549243318, 741701434, 2182493542, 1575276429, 3842549839, 2438533817, 2971917210, 2907214991, 2698149178, 2577004302, 1928416979, 1456320768, 1619038625, 4087821790, 593406600, 2286869324, 932490254, 954969568, 1887904037, 3780874567, 1087783865, 4248092404, 139053574, 168549937, 397816776, 3544857709, 812259173, 1569498101, 1488874901, 95416199, 3110329089, 1287043958, 3921590388, 178085934, 225322756, 2410704006, 2298804160, 2695147073, 3600211805, 1199743946, 3678676442, 1168766755, 113360154, 3626136871, 3100577614, 1059352382, 2310139444, 2177916002, 65930823, 4103175537, 1618573640, 542554384, 1924840425, 1445734865, 2700949307, 3395767647, 2325134043, 1238548294, 3200456104, 2818937129, 1369564761, 1323805655, 1259491273, 3408572737, 1639094190, 2394940997, 2471860152, 1811569484, 3716111616, 3454884337, 3942892297, 3844753523, 757689221, 865731032, 2191289422, 3067935420, 1652271861, 1600596225, 2326502159, 4073852522, 287964839, 2731475611, 3574821975, 3269458802, 2603685702, 3504390305, 571104025, 4064145421, 1790548688, 1218368057, 2463832499, 3789903927, 2865824065, 1867090941, 2295167294, 4260218708, 622440183, 2009435134, 2796576186, 2697838687, 3627157875, 566039492, 1523873257, 330760837, 974320540, 1614323366, 2243531994, 3487674375, 344243179, 3251495225, 2978218470, 3456748427, 2245185433, 4541671, 3897852293, 3032292200, 2963732872, 3953855095, 2162002556, 2224692084, 2715258525, 1701187523, 1731210439, 2712147998, 3695104202, 813902550, 812454447, 1481715612, 1877189764, 2261816316, 836825703, 2072216837, 2685509942, 2459368853, 2444438494, 2626228226, 2424258625, 2975118275, 692099471, 612518750, 3088454361, 284092290, 3720047048, 419094741, 995339730, 3943268485, 1524536871, 1337724041, 3768350046, 2370578175, 1481396236, 452895649, 2130887001, 3190403630, 1146368283, 3493576978, 2627555672, 246089798, 3795783457, 3079036743, 395377866, 1430374731, 1808264210, 1222844028, 1513738655, 2741641293, 4081744153, 1920540407, 2245536669, 4104298043, 3478502722, 3267946130, 1428194781, 3504141744, 2134168965, 3565942604, 2930598474, 3471438705, 2190281518, 3967953346, 4224537467, 2411381706, 1437880561, 4252801552, 805137542, 2597053787, 213430829, 2304380765, 1224065371, 3451873016, 1998733281, 2212780555, 809179563, 2626061051, 220343769, 429934081, 2201123225, 2486723224, 915687990, 3892239552, 3111877414, 2088733591, 3656681119, 2173277717, 3588622520, 2364954886, 3667056948, 3545332122, 2926078410, 3661290072, 766885502, 3774368476, 3839048522, 466203022, 221691238, 1389137683, 1478097088, 1489544175, 1439055529, 2513207198, 2689473065, 326983808, 2822229041, 2042894966, 2522697820, 1264419876, 3092778039, 161559717, 3585427249, 1342546925, 12053302, 3437593745, 1804249185, 325756590, 3138217525, 811623996, 3585680155, 164958269, 3924694914, 1458058625, 1191168143, 3689516042, 696731845, 731669972, 3145507398, 1025948170, 46191132, 2040698412, 3549055728, 2631262766, 3349761582, 3984117716, 152272479, 2973162522, 954538150, 3369514428, 2885327918, 1597187132, 2751561931, 2766078865, 2254341834, 1157298788, 2458094905, 1671912149, 2065404775, 658945187, 3112409759, 893576517, 2913197685, 2362629511, 780170781, 814011338, 1291235106, 3628084049, 1165920049, 200650197, 81352548, 1563630192, 4050947061, 1269015649, 1331868393, 1081610783, 157645249, 2239192004, 2295204118, 2713413429, 2190969932, 2717035599, 3421991783, 3989876163, 1), None)
Loaded weights: 45.07039632020963, 1.9562390529427067, -0.5854096597818297, -0.7829865263788203, -3.275579102786543
events: me found the exit, 
  ----
(3, (2140448171, 292678693, 241339265, 639427610, 4220409945, 4002368046, 2264440959, 3477816540, 465499535, 1353478474, 815842442, 569991706, 3734191122, 251054775, 2360158275, 3207411890, 2943053217, 2844852268, 2722159544, 1734188537, 1069632367, 2668586859, 2044329944, 2022594624, 1267628063, 2491847855, 89231495, 2670022953, 1675791741, 4050231823, 1875036472, 1420499479, 2861950844, 2746225608, 4136821423, 4156232679, 2533863333, 922482369, 3624019767, 3022218869, 1098598613, 4046225113, 3193208353, 3048157101, 2751779849, 969920372, 2018498995, 4104472061, 1461540229, 2707753304, 1896769389, 3719903573, 2557026564, 1952449828, 185629646, 3785441385, 2208034667, 2400277094, 2490479243, 2065148465, 3586864787, 2231125910, 207488703, 4118291206, 2873436842, 3815270259, 1880352189, 1369294071, 2826775977, 2771205348, 3183368754, 3792802623, 1494965902, 799859851, 1506171073, 3382476748, 1218792218, 3483364255, 1786521915, 554531332, 2626539004, 4037182035, 2149569698, 2638121977, 3390838776, 1425324418, 4236274240, 2044475037, 2010319574, 1389717649, 3633160055, 375369612, 277247635, 4133739444, 527054575, 318617960, 302041267, 1642184001, 35853085, 2650940015, 2416587435, 2604071825, 1906446493, 3378330402, 3713793184, 344294765, 4256016972, 1156285107, 3343233051, 1329827964, 3072450442, 4165580637, 4289088077, 3407267844, 3729333837, 3507981549, 1863961369, 2735842439, 532807974, 1409333692, 2942940536, 2252744141, 3540743017, 3588197069, 4017230675, 3569016057, 1164857094, 3867565879, 2631503957, 3384550473, 2726762439, 740187336, 559243283, 3002306572, 1626137064, 2449680480, 846419064, 1996456489, 524970398, 1883417911, 2502048698, 3596380338, 2776893918, 355538544, 123769167, 3765548467, 4223456742, 3453898449, 1928060512, 2838112587, 4291310004, 2052451276, 4131574005, 598316710, 3107797769, 2684482768, 146443922, 904030923, 372831438, 1711373644, 2707704550, 4260255246, 1122183119, 139524001, 3898013495, 1835219996, 208838989, 3049817935, 3352812511, 3221292408, 2062037381, 1184464345, 3414937454, 1418824199, 161814191, 2358707876, 614249735, 3766840192, 477290706, 2263252189, 1340579297, 1157311121, 1738438104, 3933507547, 7064711, 1272699574, 2984123161, 3381798572, 904113117, 2592676118, 1332193321, 2809261362, 3637046859, 4198408499, 1220157372, 607752868, 1360123984, 4185774589, 3634493433, 3728532346, 3902686014, 870087414, 2084928301, 1519085893, 1079124162, 3839616864, 729907250, 2370161997, 5147503, 3073961164, 3364050159, 282422967, 4258761813, 467635833, 806534631, 3192444011, 2411283859, 4110166533, 2608000617, 3161448522, 2518524359, 1576271530, 1967070075, 1896082076, 184207365, 3865209009, 199513741, 4025839082, 3610442655, 4222955552, 2931982638, 624256836, 1789695704, 4011336199, 670272286, 2526679077, 4247874544, 766196651, 814637364, 2058957822, 3191472890, 3472195770, 1094827323, 2743378730, 1525455237, 4136056869, 74401096, 3693087469, 2703200322, 2740169507, 103028392, 4142281945, 82860783, 1187182432, 1660706985, 332609465, 2198716449, 2970686165, 2907812838, 2637030486, 1244938604, 2725361021, 3791254955, 579348398, 1019678644, 2396490975, 2564626323, 4277113005, 410565676, 1161940092, 4225587258, 3064593257, 3874676826, 903823442, 1072580712, 960023521, 1758169327, 4040565884, 3067606791, 310080940, 378634091, 3256683972, 1297151058, 110515931, 975279287, 737289304, 1899426975, 1581308189, 1563039342, 2737890794, 2877205762, 1799981844, 2576593941, 86236485, 1782259236, 2060593625, 548810333, 2055235146, 3845553629, 798569016, 1432304426, 2738882697, 112817978, 1267668286, 3529731849, 2066434127, 2471626710, 2821852436, 1904759129, 3907702591, 4285965600, 2942276624, 1907938716, 3108138109, 5754311, 56272934, 4237980025, 2935129116, 912711510, 4080493124, 1757439394, 4153655772, 3132377344, 2825193130, 3814000369, 1078734045, 2745996244, 1542330032, 3754564151, 2866392527, 3857196559, 3120002557, 1044199593, 167573970, 3549243318, 741701434, 2182493542, 1575276429, 3842549839, 2438533817, 2971917210, 2907214991, 2698149178, 2577004302, 1928416979, 1456320768, 1619038625, 4087821790, 593406600, 2286869324, 932490254, 954969568, 1887904037, 3780874567, 1087783865, 4248092404, 139053574, 168549937, 397816776, 3544857709, 812259173, 1569498101, 1488874901, 95416199, 3110329089, 1287043958, 3921590388, 178085934, 225322756, 2410704006, 2298804160, 2695147073, 3600211805, 1199743946, 3678676442, 1168766755, 113360154, 3626136871, 3100577614, 1059352382, 2310139444, 2177916002, 65930823, 4103175537, 1618573640, 542554384, 1924840425, 1445734865, 2700949307, 3395767647, 2325134043, 1238548294, 3200456104, 2818937129, 1369564761, 1323805655, 1259491273, 3408572737, 1639094190, 2394940997, 2471860152, 1811569484, 3716111616, 3454884337, 3942892297, 3844753523, 757689221, 865731032, 2191289422, 3067935420, 1652271861, 1600596225, 2326502159, 4073852522, 287964839, 2731475611, 3574821975, 3269458802, 2603685702, 3504390305, 571104025, 4064145421, 1790548688, 1218368057, 2463832499, 3789903927, 2865824065, 1867090941, 2295167294, 4260218708, 622440183, 2009435134, 2796576186, 2697838687, 3627157875, 566039492, 1523873257, 330760837, 974320540, 1614323366, 2243531994, 3487674375, 344243179, 3251495225, 2978218470, 3456748427, 2245185433, 4541671, 3897852293, 3032292200, 2963732872, 3953855095, 2162002556, 2224692084, 2715258525, 1701187523, 1731210439, 2712147998, 3695104202, 813902550, 812454447, 1481715612, 1877189764, 2261816316, 836825703, 2072216837, 2685509942, 2459368853, 2444438494, 2626228226, 2424258625, 2975118275, 692099471, 612518750, 3088454361, 284092290, 3720047048, 419094741, 995339730, 3943268485, 1524536871, 1337724041, 3768350046, 2370578175, 1481396236, 452895649, 2130887001, 3190403630, 1146368283, 3493576978, 2627555672, 246089798, 3795783457, 3079036743, 395377866, 1430374731, 1808264210, 1222844028, 1513738655, 2741641293, 4081744153, 1920540407, 2245536669, 4104298043, 3478502722, 3267946130, 1428194781, 3504141744, 2134168965, 3565942604, 2930598474, 3471438705, 2190281518, 3967953346, 4224537467, 2411381706, 1437880561, 4252801552, 805137542, 2597053787, 213430829, 2304380765, 1224065371, 3451873016, 1998733281, 2212780555, 809179563, 2626061051, 220343769, 429934081, 2201123225, 2486723224, 915687990, 3892239552, 3111877414, 2088733591, 3656681119, 2173277717, 3588622520, 2364954886, 3667056948, 3545332122, 2926078410, 3661290072, 766885502, 3774368476, 3839048522, 466203022, 221691238, 1389137683, 1478097088, 1489544175, 1439055529, 2513207198, 2689473065, 326983808, 2822229041, 2042894966, 2522697820, 1264419876, 3092778039, 161559717, 3585427249, 1342546925, 12053302, 3437593745, 1804249185, 325756590, 3138217525, 811623996, 3585680155, 164958269, 3924694914, 1458058625, 1191168143, 3689516042, 696731845, 731669972, 3145507398, 1025948170, 46191132, 2040698412, 3549055728, 2631262766, 3349761582, 3984117716, 152272479, 2973162522, 954538150, 3369514428, 2885327918, 1597187132, 2751561931, 2766078865, 2254341834, 1157298788, 2458094905, 1671912149, 2065404775, 658945187, 3112409759, 893576517, 2913197685, 2362629511, 780170781, 814011338, 1291235106, 3628084049, 1165920049, 200650197, 81352548, 1563630192, 4050947061, 1269015649, 1331868393, 1081610783, 157645249, 2239192004, 2295204118, 2713413429, 2190969932, 2717035599, 3421991783, 3989876163, 389), None)
Loaded weights: 50.271512581539334, 1.9562390529427067, -0.5854096597818297, -0.7829865263788203, 4.217013473621179
events: 
  ----
(3, (1943754425, 3685872907, 1629418383, 2307037543, 3238713421, 3655166532, 1028058577, 348340629, 4059526420, 1604293179, 1899355296, 1709308378, 3825126601, 326612564, 837667470, 3555204033, 1578127839, 2674410442, 3593802167, 3072999438, 2070437836, 2092396600, 3915600439, 3667084249, 2387892182, 2926576556, 2540791071, 4201322274, 32711713, 303261079, 3692782428, 871451, 1722988089, 1124458218, 691609332, 3387296035, 1560437052, 3238846698, 4294952250, 3193192923, 2094580234, 1530451614, 2697501755, 1118674905, 1356654827, 4056452601, 3861707657, 2328296138, 2515586455, 3583117851, 3704524598, 1351479052, 4053467950, 3127955299, 1124516750, 937797142, 1349069877, 2133917028, 1936219045, 3574644781, 3424069862, 1410621265, 2655658284, 2691601959, 396019722, 2577334960, 937341407, 933999499, 3786557772, 2971477323, 2150642500, 2879845894, 1494917480, 3878787087, 1694744958, 310531894, 2108877794, 4171268453, 2934986186, 2577024883, 3159023802, 4216589180, 1399995115, 963401553, 3597129843, 1630364549, 1234900931, 3689898033, 2774124296, 4172751211, 1625601618, 3025619132, 75004499, 782215837, 3634964522, 3144596064, 2865027647, 2976074967, 2524650450, 1356261068, 939336526, 1674514593, 3077948429, 482149978, 3275444626, 3502289487, 3313561408, 4282799956, 3301548032, 218946049, 3713566995, 2095789955, 1992915428, 2086335599, 3128495780, 4286118827, 2241271757, 2077380529, 501317559, 1891943082, 3461579845, 2698824267, 2288763940, 1255383973, 4284437164, 4210619379, 537904521, 2919189703, 846215319, 3732654826, 2031805455, 3232049729, 3395493634, 2464166522, 48795167, 3048927454, 1191296421, 2046935095, 3756079881, 703996144, 1700726302, 1942924536, 2375313974, 1827707092, 484167054, 3298968924, 3416369418, 4035172284, 2478557090, 840409376, 2625600219, 261592758, 1192030696, 3429735900, 3253530060, 2733610546, 2000176176, 3733565284, 3340250703, 1681662200, 2312904602, 3915739182, 660104350, 1790823596, 2043807057, 511051319, 1505195224, 2427278154, 117841615, 1289355883, 3920463464, 2338684248, 522563435, 1965325265, 4117647434, 3592504700, 1477740078, 2549272910, 359683507, 3511948003, 432986945, 1560933271, 2769662965, 1013267413, 3045801668, 1915830571, 2524865373, 2997270465, 1714651814, 2812510315, 1522478310, 598492577, 2691113132, 679354035, 3531484101, 2890323380, 3304269193, 17037451, 3882011082, 1396518561, 3955173815, 499344373, 3308877555, 2322629525, 811477639, 1060778783, 2288467421, 1829450994, 2655345177, 3316814585, 2492292783, 1382439260, 768460979, 247838184, 2256150625, 1536535189, 184016572, 2582328443, 1987644805, 646967988, 3369090939, 1019782303, 3772595106, 1674767291, 2511455698, 2162553485, 2971593468, 1687805891, 2033075041, 1131785918, 2758258744, 2336948473, 315776280, 695783443, 169892699, 2625301271, 3641979854, 2779825365, 3643853208, 982560470, 3408177357, 3404630952, 3259456574, 1395204195, 1822030779, 3134706641, 760245235, 2122441709, 4001585939, 3961701689, 3284745864, 1729091375, 3285510411, 1453301056, 2161524523, 1208117333, 2799430763, 868855239, 1574730868, 2435276583, 4215816843, 1954953760, 332258262, 2154059560, 3076472052, 4228914976, 186133185, 1211851656, 413190553, 2737630682, 1247017096, 3288767910, 170969649, 915117085, 440081267, 3741353335, 2671889786, 2614135757, 3727090301, 2179849904, 569754248, 658279049, 3764288871, 3853123531, 801421512, 3963822260, 1833811150, 2901188352, 215489777, 713097252, 4242695636, 2754134882, 3736659628, 1581837028, 3884379629, 2532753128, 2114209724, 3546405843, 2918795727, 168588089, 594709982, 896547346, 751871199, 1794907477, 2200194043, 2343191317, 2728731189, 528382266, 949374091, 3096420048, 3422040112, 3134867038, 1742405774, 2102377719, 4116883611, 3400970264, 3943081265, 538680504, 1486866577, 646761192, 123457471, 874377776, 1715872561, 1931966992, 3107901434, 2350653003, 2144145451, 1219384000, 3902081110, 2345803529, 2567953299, 2349899347, 2276980058, 2199085959, 540376295, 2922016842, 2059966322, 409157015, 482718132, 594253614, 304705197, 1909264688, 3636826032, 382300839, 1751018491, 3621687911, 2909374627, 4246334560, 4285180412, 1635378495, 158034679, 352260651, 1357830926, 2236135023, 440661776, 3491998447, 3387448664, 1846413994, 3215271705, 4236220624, 241230650, 130568328, 510254187, 3097469533, 819999721, 2331137578, 2341328085, 2334606412, 2763262381, 4089059330, 1667364942, 1192987297, 4247813244, 1472043181, 3681563407, 2281906497, 578470564, 2967499852, 2734973101, 3919199488, 404011197, 2229326751, 2776841729, 924764723, 2602577549, 3858205518, 46702320, 1603424264, 1266222996, 2076847937, 1254569867, 2405105707, 1905645725, 198783893, 3896314555, 2062463766, 3971664445, 572015221, 480987127, 2951538629, 1908458945, 2366568081, 1216922808, 662301903, 4134593279, 69444716, 3260515301, 939943160, 2762114146, 2154333035, 1136706322, 1876636734, 1324360974, 2766417844, 2872364754, 571251004, 94476199, 3962170180, 3675460344, 2209374342, 798023521, 2420301405, 1727042514, 2148645201, 1693849742, 2813995189, 569186661, 934978195, 4031565794, 2130422486, 4176226715, 1940308721, 1393305842, 3529799544, 2610707119, 3815755511, 920081168, 2126905627, 1160070918, 469995577, 225308808, 1178459094, 3751203213, 3893565547, 457314641, 1000447460, 3999037302, 1353898894, 3958757419, 4099464674, 1098141721, 2627312364, 1706820537, 3623934598, 2098065374, 2641571788, 2072193537, 1548912505, 1971949098, 802162566, 4175192352, 4042423643, 465055946, 1512197198, 2232001456, 1842931296, 724040150, 4154951618, 1562801839, 2627622559, 4287096416, 483317531, 2887199133, 1053381238, 3857710122, 2225668184, 2293150189, 833530471, 3609325371, 2096826360, 3535627385, 3060028795, 2536579732, 2294501570, 2591676406, 1877161804, 3919834356, 4259106886, 3242245079, 3970499907, 2822917345, 2180703553, 1267941452, 3548685453, 1801523510, 849726445, 3467317815, 3767005054, 1399515348, 2213466969, 3757108316, 542285922, 2912498106, 3490105467, 580182182, 416485917, 2834756895, 3985082216, 273982167, 1002752541, 1169013042, 1224828634, 3458639083, 4171060229, 3069558014, 1185576036, 1565577577, 2367155892, 657692506, 2083680387, 1499697519, 857049749, 984662588, 2487946281, 1969495493, 3077709462, 3063767841, 3472884409, 2456098867, 985060279, 2162086468, 3866959784, 772751823, 3245778971, 36897011, 4179218621, 3442122268, 1368511276, 773464695, 3438560575, 3834983386, 1308857756, 3728000738, 1191882729, 2590242748, 2200378061, 2138606684, 2354329332, 3265522630, 2473874792, 622078300, 4104385515, 49472352, 1585689029, 3197226668, 4203470419, 1896896691, 139845201, 2132152527, 3008466207, 1538833032, 3172680318, 2453826042, 1505976373, 3966415987, 1556634403, 703132951, 587655851, 2754718058, 3227562531, 4261866999, 238231519, 4082057807, 3502083402, 1942550843, 277367959, 3230487306, 3557035601, 3194943065, 386860872, 296856927, 2316709199, 1170021507, 3182796076, 1488672859, 2411106223, 2437404062, 3568008728, 2190676108, 1717931622, 2529710538, 67954822, 2094084162, 1490760456, 1515476719, 3120975654, 3318157818, 697857377, 4153617371, 813652380, 3714974536, 3857454274, 2297124548, 693670420, 4230652913, 1187158219, 3862777649, 545990824, 3624991731, 1909854241, 2860333345, 2645406106, 2689434317, 1311453215, 1039521940, 3326281691, 2261950699, 780073586, 2375928257, 1793188799, 3885660868, 129897407, 1546127, 1281348030, 171), None)
Loaded weights: 50.305900554293224, 1.9562390529427067, -0.5854096597818297, -0.7829865263788203, -3.2807088556902917
events: 
  ----
(3, (1943754425, 3685872907, 1629418383, 2307037543, 3238713421, 3655166532, 1028058577, 348340629, 4059526420, 1604293179, 1899355296, 1709308378, 3825126601, 326612564, 837667470, 3555204033, 1578127839, 2674410442, 3593802167, 3072999438, 2070437836, 2092396600, 3915600439, 3667084249, 2387892182, 2926576556, 2540791071, 4201322274, 32711713, 303261079, 3692782428, 871451, 1722988089, 1124458218, 691609332, 3387296035, 1560437052, 3238846698, 4294952250, 3193192923, 2094580234, 1530451614, 2697501755, 1118674905, 1356654827, 4056452601, 3861707657, 2328296138, 2515586455, 3583117851, 3704524598, 1351479052, 4053467950, 3127955299, 1124516750, 937797142, 1349069877, 2133917028, 1936219045, 3574644781, 3424069862, 1410621265, 2655658284, 2691601959, 396019722, 2577334960, 937341407, 933999499, 3786557772, 2971477323, 2150642500, 2879845894, 1494917480, 3878787087, 1694744958, 310531894, 2108877794, 4171268453, 2934986186, 2577024883, 3159023802, 4216589180, 1399995115, 963401553, 3597129843, 1630364549, 1234900931, 3689898033, 2774124296, 4172751211, 1625601618, 3025619132, 75004499, 782215837, 3634964522, 3144596064, 2865027647, 2976074967, 2524650450, 1356261068, 939336526, 1674514593, 3077948429, 482149978, 3275444626, 3502289487, 3313561408, 4282799956, 3301548032, 218946049, 3713566995, 2095789955, 1992915428, 2086335599, 3128495780, 4286118827, 2241271757, 2077380529, 501317559, 1891943082, 3461579845, 2698824267, 2288763940, 1255383973, 4284437164, 4210619379, 537904521, 2919189703, 846215319, 3732654826, 2031805455, 3232049729, 3395493634, 2464166522, 48795167, 3048927454, 1191296421, 2046935095, 3756079881, 703996144, 1700726302, 1942924536, 2375313974, 1827707092, 484167054, 3298968924, 3416369418, 4035172284, 2478557090, 840409376, 2625600219, 261592758, 1192030696, 3429735900, 3253530060, 2733610546, 2000176176, 3733565284, 3340250703, 1681662200, 2312904602, 3915739182, 660104350, 1790823596, 2043807057, 511051319, 1505195224, 2427278154, 117841615, 1289355883, 3920463464, 2338684248, 522563435, 1965325265, 4117647434, 3592504700, 1477740078, 2549272910, 359683507, 3511948003, 432986945, 1560933271, 2769662965, 1013267413, 3045801668, 1915830571, 2524865373, 2997270465, 1714651814, 2812510315, 1522478310, 598492577, 2691113132, 679354035, 3531484101, 2890323380, 3304269193, 17037451, 3882011082, 1396518561, 3955173815, 499344373, 3308877555, 2322629525, 811477639, 1060778783, 2288467421, 1829450994, 2655345177, 3316814585, 2492292783, 1382439260, 768460979, 247838184, 2256150625, 1536535189, 184016572, 2582328443, 1987644805, 646967988, 3369090939, 1019782303, 3772595106, 1674767291, 2511455698, 2162553485, 2971593468, 1687805891, 2033075041, 1131785918, 2758258744, 2336948473, 315776280, 695783443, 169892699, 2625301271, 3641979854, 2779825365, 3643853208, 982560470, 3408177357, 3404630952, 3259456574, 1395204195, 1822030779, 3134706641, 760245235, 2122441709, 4001585939, 3961701689, 3284745864, 1729091375, 3285510411, 1453301056, 2161524523, 1208117333, 2799430763, 868855239, 1574730868, 2435276583, 4215816843, 1954953760, 332258262, 2154059560, 3076472052, 4228914976, 186133185, 1211851656, 413190553, 2737630682, 1247017096, 3288767910, 170969649, 915117085, 440081267, 3741353335, 2671889786, 2614135757, 3727090301, 2179849904, 569754248, 658279049, 3764288871, 3853123531, 801421512, 3963822260, 1833811150, 2901188352, 215489777, 713097252, 4242695636, 2754134882, 3736659628, 1581837028, 3884379629, 2532753128, 2114209724, 3546405843, 2918795727, 168588089, 594709982, 896547346, 751871199, 1794907477, 2200194043, 2343191317, 2728731189, 528382266, 949374091, 3096420048, 3422040112, 3134867038, 1742405774, 2102377719, 4116883611, 3400970264, 3943081265, 538680504, 1486866577, 646761192, 123457471, 874377776, 1715872561, 1931966992, 3107901434, 2350653003, 2144145451, 1219384000, 3902081110, 2345803529, 2567953299, 2349899347, 2276980058, 2199085959, 540376295, 2922016842, 2059966322, 409157015, 482718132, 594253614, 304705197, 1909264688, 3636826032, 382300839, 1751018491, 3621687911, 2909374627, 4246334560, 4285180412, 1635378495, 158034679, 352260651, 1357830926, 2236135023, 440661776, 3491998447, 3387448664, 1846413994, 3215271705, 4236220624, 241230650, 130568328, 510254187, 3097469533, 819999721, 2331137578, 2341328085, 2334606412, 2763262381, 4089059330, 1667364942, 1192987297, 4247813244, 1472043181, 3681563407, 2281906497, 578470564, 2967499852, 2734973101, 3919199488, 404011197, 2229326751, 2776841729, 924764723, 2602577549, 3858205518, 46702320, 1603424264, 1266222996, 2076847937, 1254569867, 2405105707, 1905645725, 198783893, 3896314555, 2062463766, 3971664445, 572015221, 480987127, 2951538629, 1908458945, 2366568081, 1216922808, 662301903, 4134593279, 69444716, 3260515301, 939943160, 2762114146, 2154333035, 1136706322, 1876636734, 1324360974, 2766417844, 2872364754, 571251004, 94476199, 3962170180, 3675460344, 2209374342, 798023521, 2420301405, 1727042514, 2148645201, 1693849742, 2813995189, 569186661, 934978195, 4031565794, 2130422486, 4176226715, 1940308721, 1393305842, 3529799544, 2610707119, 3815755511, 920081168, 2126905627, 1160070918, 469995577, 225308808, 1178459094, 3751203213, 3893565547, 457314641, 1000447460, 3999037302, 1353898894, 3958757419, 4099464674, 1098141721, 2627312364, 1706820537, 3623934598, 2098065374, 2641571788, 2072193537, 1548912505, 1971949098, 802162566, 4175192352, 4042423643, 465055946, 1512197198, 2232001456, 1842931296, 724040150, 4154951618, 1562801839, 2627622559, 4287096416, 483317531, 2887199133, 1053381238, 3857710122, 2225668184, 2293150189, 833530471, 3609325371, 2096826360, 3535627385, 3060028795, 2536579732, 2294501570, 2591676406, 1877161804, 3919834356, 4259106886, 3242245079, 3970499907, 2822917345, 2180703553, 1267941452, 3548685453, 1801523510, 849726445, 3467317815, 3767005054, 1399515348, 2213466969, 3757108316, 542285922, 2912498106, 3490105467, 580182182, 416485917, 2834756895, 3985082216, 273982167, 1002752541, 1169013042, 1224828634, 3458639083, 4171060229, 3069558014, 1185576036, 1565577577, 2367155892, 657692506, 2083680387, 1499697519, 857049749, 984662588, 2487946281, 1969495493, 3077709462, 3063767841, 3472884409, 2456098867, 985060279, 2162086468, 3866959784, 772751823, 3245778971, 36897011, 4179218621, 3442122268, 1368511276, 773464695, 3438560575, 3834983386, 1308857756, 3728000738, 1191882729, 2590242748, 2200378061, 2138606684, 2354329332, 3265522630, 2473874792, 622078300, 4104385515, 49472352, 1585689029, 3197226668, 4203470419, 1896896691, 139845201, 2132152527, 3008466207, 1538833032, 3172680318, 2453826042, 1505976373, 3966415987, 1556634403, 703132951, 587655851, 2754718058, 3227562531, 4261866999, 238231519, 4082057807, 3502083402, 1942550843, 277367959, 3230487306, 3557035601, 3194943065, 386860872, 296856927, 2316709199, 1170021507, 3182796076, 1488672859, 2411106223, 2437404062, 3568008728, 2190676108, 1717931622, 2529710538, 67954822, 2094084162, 1490760456, 1515476719, 3120975654, 3318157818, 697857377, 4153617371, 813652380, 3714974536, 3857454274, 2297124548, 693670420, 4230652913, 1187158219, 3862777649, 545990824, 3624991731, 1909854241, 2860333345, 2645406106, 2689434317, 1311453215, 1039521940, 3326281691, 2261950699, 780073586, 2375928257, 1793188799, 3885660868, 129897407, 1546127, 1281348030, 299), None)
Loaded weights: 50.53865453152447, 2.978416807492492, -0.5854096597818297, -0.7829865263788203, -1.2829865263788203
events: 
  ----
(3, (1943754425, 3685872907, 1629418383, 2307037543, 3238713421, 3655166532, 1028058577, 348340629, 4059526420, 1604293179, 1899355296, 1709308378, 3825126601, 326612564, 837667470, 3555204033, 1578127839, 2674410442, 3593802167, 3072999438, 2070437836, 2092396600, 3915600439, 3667084249, 2387892182, 2926576556, 2540791071, 4201322274, 32711713, 303261079, 3692782428, 871451, 1722988089, 1124458218, 691609332, 3387296035, 1560437052, 3238846698, 4294952250, 3193192923, 2094580234, 1530451614, 2697501755, 1118674905, 1356654827, 4056452601, 3861707657, 2328296138, 2515586455, 3583117851, 3704524598, 1351479052, 4053467950, 3127955299, 1124516750, 937797142, 1349069877, 2133917028, 1936219045, 3574644781, 3424069862, 1410621265, 2655658284, 2691601959, 396019722, 2577334960, 937341407, 933999499, 3786557772, 2971477323, 2150642500, 2879845894, 1494917480, 3878787087, 1694744958, 310531894, 2108877794, 4171268453, 2934986186, 2577024883, 3159023802, 4216589180, 1399995115, 963401553, 3597129843, 1630364549, 1234900931, 3689898033, 2774124296, 4172751211, 1625601618, 3025619132, 75004499, 782215837, 3634964522, 3144596064, 2865027647, 2976074967, 2524650450, 1356261068, 939336526, 1674514593, 3077948429, 482149978, 3275444626, 3502289487, 3313561408, 4282799956, 3301548032, 218946049, 3713566995, 2095789955, 1992915428, 2086335599, 3128495780, 4286118827, 2241271757, 2077380529, 501317559, 1891943082, 3461579845, 2698824267, 2288763940, 1255383973, 4284437164, 4210619379, 537904521, 2919189703, 846215319, 3732654826, 2031805455, 3232049729, 3395493634, 2464166522, 48795167, 3048927454, 1191296421, 2046935095, 3756079881, 703996144, 1700726302, 1942924536, 2375313974, 1827707092, 484167054, 3298968924, 3416369418, 4035172284, 2478557090, 840409376, 2625600219, 261592758, 1192030696, 3429735900, 3253530060, 2733610546, 2000176176, 3733565284, 3340250703, 1681662200, 2312904602, 3915739182, 660104350, 1790823596, 2043807057, 511051319, 1505195224, 2427278154, 117841615, 1289355883, 3920463464, 2338684248, 522563435, 1965325265, 4117647434, 3592504700, 1477740078, 2549272910, 359683507, 3511948003, 432986945, 1560933271, 2769662965, 1013267413, 3045801668, 1915830571, 2524865373, 2997270465, 1714651814, 2812510315, 1522478310, 598492577, 2691113132, 679354035, 3531484101, 2890323380, 3304269193, 17037451, 3882011082, 1396518561, 3955173815, 499344373, 3308877555, 2322629525, 811477639, 1060778783, 2288467421, 1829450994, 2655345177, 3316814585, 2492292783, 1382439260, 768460979, 247838184, 2256150625, 1536535189, 184016572, 2582328443, 1987644805, 646967988, 3369090939, 1019782303, 3772595106, 1674767291, 2511455698, 2162553485, 2971593468, 1687805891, 2033075041, 1131785918, 2758258744, 2336948473, 315776280, 695783443, 169892699, 2625301271, 3641979854, 2779825365, 3643853208, 982560470, 3408177357, 3404630952, 3259456574, 1395204195, 1822030779, 3134706641, 760245235, 2122441709, 4001585939, 3961701689, 3284745864, 1729091375, 3285510411, 1453301056, 2161524523, 1208117333, 2799430763, 868855239, 1574730868, 2435276583, 4215816843, 1954953760, 332258262, 2154059560, 3076472052, 4228914976, 186133185, 1211851656, 413190553, 2737630682, 1247017096, 3288767910, 170969649, 915117085, 440081267, 3741353335, 2671889786, 2614135757, 3727090301, 2179849904, 569754248, 658279049, 3764288871, 3853123531, 801421512, 3963822260, 1833811150, 2901188352, 215489777, 713097252, 4242695636, 2754134882, 3736659628, 1581837028, 3884379629, 2532753128, 2114209724, 3546405843, 2918795727, 168588089, 594709982, 896547346, 751871199, 1794907477, 2200194043, 2343191317, 2728731189, 528382266, 949374091, 3096420048, 3422040112, 3134867038, 1742405774, 2102377719, 4116883611, 3400970264, 3943081265, 538680504, 1486866577, 646761192, 123457471, 874377776, 1715872561, 1931966992, 3107901434, 2350653003, 2144145451, 1219384000, 3902081110, 2345803529, 2567953299, 2349899347, 2276980058, 2199085959, 540376295, 2922016842, 2059966322, 409157015, 482718132, 594253614, 304705197, 1909264688, 3636826032, 382300839, 1751018491, 3621687911, 2909374627, 4246334560, 4285180412, 1635378495, 158034679, 352260651, 1357830926, 2236135023, 440661776, 3491998447, 3387448664, 1846413994, 3215271705, 4236220624, 241230650, 130568328, 510254187, 3097469533, 819999721, 2331137578, 2341328085, 2334606412, 2763262381, 4089059330, 1667364942, 1192987297, 4247813244, 1472043181, 3681563407, 2281906497, 578470564, 2967499852, 2734973101, 3919199488, 404011197, 2229326751, 2776841729, 924764723, 2602577549, 3858205518, 46702320, 1603424264, 1266222996, 2076847937, 1254569867, 2405105707, 1905645725, 198783893, 3896314555, 2062463766, 3971664445, 572015221, 480987127, 2951538629, 1908458945, 2366568081, 1216922808, 662301903, 4134593279, 69444716, 3260515301, 939943160, 2762114146, 2154333035, 1136706322, 1876636734, 1324360974, 2766417844, 2872364754, 571251004, 94476199, 3962170180, 3675460344, 2209374342, 798023521, 2420301405, 1727042514, 2148645201, 1693849742, 2813995189, 569186661, 934978195, 4031565794, 2130422486, 4176226715, 1940308721, 1393305842, 3529799544, 2610707119, 3815755511, 920081168, 2126905627, 1160070918, 469995577, 225308808, 1178459094, 3751203213, 3893565547, 457314641, 1000447460, 3999037302, 1353898894, 3958757419, 4099464674, 1098141721, 2627312364, 1706820537, 3623934598, 2098065374, 2641571788, 2072193537, 1548912505, 1971949098, 802162566, 4175192352, 4042423643, 465055946, 1512197198, 2232001456, 1842931296, 724040150, 4154951618, 1562801839, 2627622559, 4287096416, 483317531, 2887199133, 1053381238, 3857710122, 2225668184, 2293150189, 833530471, 3609325371, 2096826360, 3535627385, 3060028795, 2536579732, 2294501570, 2591676406, 1877161804, 3919834356, 4259106886, 3242245079, 3970499907, 2822917345, 2180703553, 1267941452, 3548685453, 1801523510, 849726445, 3467317815, 3767005054, 1399515348, 2213466969, 3757108316, 542285922, 2912498106, 3490105467, 580182182, 416485917, 2834756895, 3985082216, 273982167, 1002752541, 1169013042, 1224828634, 3458639083, 4171060229, 3069558014, 1185576036, 1565577577, 2367155892, 657692506, 2083680387, 1499697519, 857049749, 984662588, 2487946281, 1969495493, 3077709462, 3063767841, 3472884409, 2456098867, 985060279, 2162086468, 3866959784, 772751823, 3245778971, 36897011, 4179218621, 3442122268, 1368511276, 773464695, 3438560575, 3834983386, 1308857756, 3728000738, 1191882729, 2590242748, 2200378061, 2138606684, 2354329332, 3265522630, 2473874792, 622078300, 4104385515, 49472352, 1585689029, 3197226668, 4203470419, 1896896691, 139845201, 2132152527, 3008466207, 1538833032, 3172680318, 2453826042, 1505976373, 3966415987, 1556634403, 703132951, 587655851, 2754718058, 3227562531, 4261866999, 238231519, 4082057807, 3502083402, 1942550843, 277367959, 3230487306, 3557035601, 3194943065, 386860872, 296856927, 2316709199, 1170021507, 3182796076, 1488672859, 2411106223, 2437404062, 3568008728, 2190676108, 1717931622, 2529710538, 67954822, 2094084162, 1490760456, 1515476719, 3120975654, 3318157818, 697857377, 4153617371, 813652380, 3714974536, 3857454274, 2297124548, 693670420, 4230652913, 1187158219, 3862777649, 545990824, 3624991731, 1909854241, 2860333345, 2645406106, 2689434317, 1311453215, 1039521940, 3326281691, 2261950699, 780073586, 2375928257, 1793188799, 3885660868, 129897407, 1546127, 1281348030, 605), None)
Loaded weights: 50.74449037769039, 4.272100520369235, -0.5854096597818297, -0.7829865263788203, -1.2829865263788203
events: 
  ----
(3, (2529691695, 4113338095, 841292713, 2286754104, 3789570995, 2401436303, 3021012186, 3465238645, 4075085230, 4207766965, 183932949, 206918361, 3386071105, 1530275413, 3743910145, 3102784830, 2874150481, 1495725782, 2040117563, 2014689345, 3530707800, 1990855484, 2012311989, 1757082762, 3346718603, 3024130434, 4247007936, 3171367489, 935013025, 266381515, 4004820033, 1511859233, 1601783203, 3966805729, 3462231743, 1032657004, 4074899213, 3831748658, 625827525, 1220227605, 1398434388, 3427383748, 3831361290, 3154850850, 3889245685, 898112662, 2909824270, 3367159621, 3361744950, 2151362797, 955526152, 3543685564, 812124812, 553071070, 2271955431, 3565167996, 3885540404, 3719394003, 787742469, 495500914, 2941261838, 2058133180, 3874487370, 3004237093, 4231920643, 3646937338, 3640599892, 3050342166, 2891891738, 1799348340, 2725575873, 833299995, 906897991, 2365982431, 361757824, 2462997612, 2610012699, 2996295375, 1366070078, 3599483312, 1275375577, 663765649, 4182088847, 1619409055, 1610241126, 720640426, 1010585605, 3369415794, 2326796070, 2580658141, 3891754008, 443823649, 1659789522, 2216089844, 3696081009, 2281282956, 306033209, 542940383, 1523497099, 3579151248, 1214830577, 3520641549, 3450884212, 4268573845, 3510258074, 3478734362, 2946884561, 1089482918, 3344814018, 525467977, 184200310, 724573733, 2631991541, 1485913696, 2947918800, 367370194, 477938434, 554546170, 2127041841, 3815875476, 1148271438, 1661367624, 2152927630, 1724659769, 3613475763, 4089417767, 465312405, 3042226513, 2555378659, 1394123257, 1985619782, 4149516210, 1942407818, 1487021460, 4238370759, 3565629378, 1702820063, 3033214376, 2917318853, 4286913811, 1752597840, 684726124, 3129739605, 3942176029, 1817360178, 3152286311, 1061897271, 3552449645, 3660368477, 3897524718, 3416260015, 3777336114, 3041041286, 1172463546, 2782148850, 2037301624, 1908893303, 1142253908, 2291519023, 1979602814, 2095539782, 750396032, 2249157449, 4267247871, 724103610, 3197752214, 1368770960, 920718283, 3819825865, 490616355, 1723094023, 1923862016, 1677344532, 3299984850, 1696841057, 2672099672, 3678725613, 2692244285, 2703947065, 358780533, 1669875525, 904699772, 3493145213, 192164413, 1778793733, 3616185842, 2112779795, 732076296, 91225925, 4229448685, 1551232023, 2459992282, 2874290656, 654308599, 1378845276, 2275414617, 2169667474, 1776628234, 1250977961, 1762670078, 4268848196, 1275535485, 3964643465, 474588884, 1668922770, 365983989, 1608321133, 1778433570, 3172163944, 896749753, 1236796422, 1476308853, 1991559893, 810064334, 1768936463, 2771807635, 3688241917, 3754028681, 3573874305, 1001525129, 3910277346, 3186840592, 2181047997, 3980564525, 3737410086, 1486414577, 2803601024, 861378880, 3566623152, 538362805, 1423976859, 2827578687, 43506265, 671637928, 1505664289, 2658059337, 824033024, 1718549721, 1360856498, 1967766776, 1044472705, 3187943198, 1215077840, 68436819, 3712331745, 3057204253, 3730700648, 2084261390, 2578700671, 370536177, 2184556482, 2140675025, 3742326562, 1682414986, 1074708148, 3185470539, 3473723127, 3227159163, 3414571885, 3151352889, 2519972849, 3350960980, 1035940856, 2840435063, 2590758818, 4190763898, 1822852049, 3322068551, 3722432297, 2171867982, 2651355889, 1002567730, 3083167303, 962943080, 2117743905, 2277559947, 1423689172, 3471830505, 2479797988, 1620241352, 2858533957, 776783755, 1063021126, 2960848976, 3952140937, 1481974114, 201257458, 1882498729, 1877745326, 3634286240, 3775227028, 2472644437, 3061558664, 1916068733, 4272674914, 3546081220, 3683106114, 1837164793, 3987058520, 666332328, 2545818582, 2599362096, 1052303897, 51066681, 1850361754, 2570498811, 2570386733, 3376888131, 1003982329, 2629403799, 1038818224, 739759137, 2371581710, 2676339863, 2911792254, 1715205473, 3386669441, 1387274383, 154293077, 4165679058, 2652381676, 1986402614, 3194626180, 245552580, 4284097317, 3156246593, 4043483888, 2082624474, 221840726, 406785378, 560839523, 2464265015, 400049926, 1723329917, 1474627715, 3124331643, 2322280285, 77100204, 981849522, 217909116, 1618458360, 2211933192, 3347682910, 2975548960, 2481605142, 2977194431, 2650625444, 1002729392, 2326935304, 502141994, 4122673651, 4279643700, 1746107343, 1453187357, 72209657, 4240168271, 606053548, 4034921493, 2305514458, 888584983, 1531317712, 1788623149, 1371557427, 2751877620, 2981234365, 1898748528, 3122052917, 2737058137, 1359813485, 3409769842, 1350410386, 1389005068, 1228041966, 2348543343, 246887442, 2333190927, 4030708680, 51739942, 2515045810, 1614837511, 3734668970, 1847400237, 3152614590, 3848258030, 921611507, 3388047703, 1513586554, 1499194764, 2287437311, 979648595, 1627142197, 3404377387, 578681475, 4236508178, 1268142656, 1291337480, 3577391046, 4058597155, 4233432381, 2182278443, 1530793541, 23584573, 368134112, 2037654605, 3798577419, 420054036, 1231141897, 1910048116, 3973082646, 2983545844, 1016703010, 1300115330, 3321399848, 678695290, 2057622934, 2662827081, 3389830735, 838624619, 3547902105, 1704128143, 3084266246, 559401909, 513834542, 4079580117, 3811612303, 2205045956, 3955610728, 3327595445, 863696150, 1227951259, 4237457267, 1258269163, 1021461321, 2333844965, 2193615238, 3866675424, 2467881195, 1797957509, 3237468086, 1879192209, 324432933, 3752594454, 1211584889, 260022922, 3255902331, 3794453818, 1407935054, 1172325416, 3353295585, 2075311726, 3809367387, 890432293, 1956155314, 3650976111, 1039011494, 811564143, 2536976598, 1847914126, 3210833660, 1056565961, 3380211674, 342000964, 3011502702, 865693400, 276991977, 1150220633, 1318747929, 3386566665, 692305038, 934244064, 3548092417, 1380355056, 3915224358, 3970566013, 1047514658, 1156329814, 3620342557, 816703616, 31823917, 1868127681, 2793211880, 194392062, 4190094378, 2184193292, 3081441757, 4283944215, 3309026330, 1872451269, 686270762, 4036404567, 1891130120, 4288837508, 1224940003, 420875082, 1180232558, 1669527277, 4046972145, 4156362395, 2738757953, 3627880553, 1766590553, 1760996860, 1993022057, 93435271, 1536087096, 515734708, 374417532, 2067998193, 2863010394, 495630047, 2499431229, 1435172899, 3172154303, 1350840205, 325164187, 3628910277, 3725933050, 2996612921, 879757259, 63100384, 4072052456, 3824400764, 1081200911, 943522687, 1983506354, 803450391, 3644841259, 1199843088, 1589430068, 1054313275, 1882568941, 2688898978, 545609257, 1092996491, 1824743874, 1564656375, 4101074177, 3018766932, 2472887905, 4279365347, 4169432665, 2190741263, 2629177930, 3303899743, 2318081334, 1989023099, 4267781288, 4283028495, 1071395714, 3974116394, 2918948078, 3189985941, 174712956, 3997846950, 2557414444, 3971586512, 2233291413, 2280522715, 306300263, 2047089218, 2017086530, 516177022, 1339065534, 626443707, 4092914146, 3078168550, 2222375670, 1919902285, 2062517702, 562188410, 1867151632, 860183534, 3643451162, 2098305510, 2861103396, 2868158093, 4007961565, 864340480, 3029446032, 4190313919, 3399370597, 4288408167, 3798014937, 3511335006, 1850995485, 3251155221, 1587741723, 437224854, 430898718, 1520723670, 3858769335, 2413469340, 1564541940, 238298269, 3190232778, 871273360, 116948765, 4072441248, 183838146, 1736798026, 4178437902, 1254268784, 3753763333, 1461869295, 4185686428, 1073650421, 805692243, 1805273996, 2415833058, 937375985, 2877888803, 4290829642, 938256775, 1154323248, 3815954110, 1379296597, 1834696042, 4282018826, 647162923, 296798177, 643056914, 3532990808, 1792530391, 1196823310, 50), None)
Loaded weights: 50.926041229791416, 4.990735392447317, -0.5854096597818297, -0.7829865263788203, -1.2829865263788203
events: me found the exit, 
  ----
(3, (2529691695, 4113338095, 841292713, 2286754104, 3789570995, 2401436303, 3021012186, 3465238645, 4075085230, 4207766965, 183932949, 206918361, 3386071105, 1530275413, 3743910145, 3102784830, 2874150481, 1495725782, 2040117563, 2014689345, 3530707800, 1990855484, 2012311989, 1757082762, 3346718603, 3024130434, 4247007936, 3171367489, 935013025, 266381515, 4004820033, 1511859233, 1601783203, 3966805729, 3462231743, 1032657004, 4074899213, 3831748658, 625827525, 1220227605, 1398434388, 3427383748, 3831361290, 3154850850, 3889245685, 898112662, 2909824270, 3367159621, 3361744950, 2151362797, 955526152, 3543685564, 812124812, 553071070, 2271955431, 3565167996, 3885540404, 3719394003, 787742469, 495500914, 2941261838, 2058133180, 3874487370, 3004237093, 4231920643, 3646937338, 3640599892, 3050342166, 2891891738, 1799348340, 2725575873, 833299995, 906897991, 2365982431, 361757824, 2462997612, 2610012699, 2996295375, 1366070078, 3599483312, 1275375577, 663765649, 4182088847, 1619409055, 1610241126, 720640426, 1010585605, 3369415794, 2326796070, 2580658141, 3891754008, 443823649, 1659789522, 2216089844, 3696081009, 2281282956, 306033209, 542940383, 1523497099, 3579151248, 1214830577, 3520641549, 3450884212, 4268573845, 3510258074, 3478734362, 2946884561, 1089482918, 3344814018, 525467977, 184200310, 724573733, 2631991541, 1485913696, 2947918800, 367370194, 477938434, 554546170, 2127041841, 3815875476, 1148271438, 1661367624, 2152927630, 1724659769, 3613475763, 4089417767, 465312405, 3042226513, 2555378659, 1394123257, 1985619782, 4149516210, 1942407818, 1487021460, 4238370759, 3565629378, 1702820063, 3033214376, 2917318853, 4286913811, 1752597840, 684726124, 3129739605, 3942176029, 1817360178, 3152286311, 1061897271, 3552449645, 3660368477, 3897524718, 3416260015, 3777336114, 3041041286, 1172463546, 2782148850, 2037301624, 1908893303, 1142253908, 2291519023, 1979602814, 2095539782, 750396032, 2249157449, 4267247871, 724103610, 3197752214, 1368770960, 920718283, 3819825865, 490616355, 1723094023, 1923862016, 1677344532, 3299984850, 1696841057, 2672099672, 3678725613, 2692244285, 2703947065, 358780533, 1669875525, 904699772, 3493145213, 192164413, 1778793733, 3616185842, 2112779795, 732076296, 91225925, 4229448685, 1551232023, 2459992282, 2874290656, 654308599, 1378845276, 2275414617, 2169667474, 1776628234, 1250977961, 1762670078, 4268848196, 1275535485, 3964643465, 474588884, 1668922770, 365983989, 1608321133, 1778433570, 3172163944, 896749753, 1236796422, 1476308853, 1991559893, 810064334, 1768936463, 2771807635, 3688241917, 3754028681, 3573874305, 1001525129, 3910277346, 3186840592, 2181047997, 3980564525, 3737410086, 1486414577, 2803601024, 861378880, 3566623152, 538362805, 1423976859, 2827578687, 43506265, 671637928, 1505664289, 2658059337, 824033024, 1718549721, 1360856498, 1967766776, 1044472705, 3187943198, 1215077840, 68436819, 3712331745, 3057204253, 3730700648, 2084261390, 2578700671, 370536177, 2184556482, 2140675025, 3742326562, 1682414986, 1074708148, 3185470539, 3473723127, 3227159163, 3414571885, 3151352889, 2519972849, 3350960980, 1035940856, 2840435063, 2590758818, 4190763898, 1822852049, 3322068551, 3722432297, 2171867982, 2651355889, 1002567730, 3083167303, 962943080, 2117743905, 2277559947, 1423689172, 3471830505, 2479797988, 1620241352, 2858533957, 776783755, 1063021126, 2960848976, 3952140937, 1481974114, 201257458, 1882498729, 1877745326, 3634286240, 3775227028, 2472644437, 3061558664, 1916068733, 4272674914, 3546081220, 3683106114, 1837164793, 3987058520, 666332328, 2545818582, 2599362096, 1052303897, 51066681, 1850361754, 2570498811, 2570386733, 3376888131, 1003982329, 2629403799, 1038818224, 739759137, 2371581710, 2676339863, 2911792254, 1715205473, 3386669441, 1387274383, 154293077, 4165679058, 2652381676, 1986402614, 3194626180, 245552580, 4284097317, 3156246593, 4043483888, 2082624474, 221840726, 406785378, 560839523, 2464265015, 400049926, 1723329917, 1474627715, 3124331643, 2322280285, 77100204, 981849522, 217909116, 1618458360, 2211933192, 3347682910, 2975548960, 2481605142, 2977194431, 2650625444, 1002729392, 2326935304, 502141994, 4122673651, 4279643700, 1746107343, 1453187357, 72209657, 4240168271, 606053548, 4034921493, 2305514458, 888584983, 1531317712, 1788623149, 1371557427, 2751877620, 2981234365, 1898748528, 3122052917, 2737058137, 1359813485, 3409769842, 1350410386, 1389005068, 1228041966, 2348543343, 246887442, 2333190927, 4030708680, 51739942, 2515045810, 1614837511, 3734668970, 1847400237, 3152614590, 3848258030, 921611507, 3388047703, 1513586554, 1499194764, 2287437311, 979648595, 1627142197, 3404377387, 578681475, 4236508178, 1268142656, 1291337480, 3577391046, 4058597155, 4233432381, 2182278443, 1530793541, 23584573, 368134112, 2037654605, 3798577419, 420054036, 1231141897, 1910048116, 3973082646, 2983545844, 1016703010, 1300115330, 3321399848, 678695290, 2057622934, 2662827081, 3389830735, 838624619, 3547902105, 1704128143, 3084266246, 559401909, 513834542, 4079580117, 3811612303, 2205045956, 3955610728, 3327595445, 863696150, 1227951259, 4237457267, 1258269163, 1021461321, 2333844965, 2193615238, 3866675424, 2467881195, 1797957509, 3237468086, 1879192209, 324432933, 3752594454, 1211584889, 260022922, 3255902331, 3794453818, 1407935054, 1172325416, 3353295585, 2075311726, 3809367387, 890432293, 1956155314, 3650976111, 1039011494, 811564143, 2536976598, 1847914126, 3210833660, 1056565961, 3380211674, 342000964, 3011502702, 865693400, 276991977, 1150220633, 1318747929, 3386566665, 692305038, 934244064, 3548092417, 1380355056, 3915224358, 3970566013, 1047514658, 1156329814, 3620342557, 816703616, 31823917, 1868127681, 2793211880, 194392062, 4190094378, 2184193292, 3081441757, 4283944215, 3309026330, 1872451269, 686270762, 4036404567, 1891130120, 4288837508, 1224940003, 420875082, 1180232558, 1669527277, 4046972145, 4156362395, 2738757953, 3627880553, 1766590553, 1760996860, 1993022057, 93435271, 1536087096, 515734708, 374417532, 2067998193, 2863010394, 495630047, 2499431229, 1435172899, 3172154303, 1350840205, 325164187, 3628910277, 3725933050, 2996612921, 879757259, 63100384, 4072052456, 3824400764, 1081200911, 943522687, 1983506354, 803450391, 3644841259, 1199843088, 1589430068, 1054313275, 1882568941, 2688898978, 545609257, 1092996491, 1824743874, 1564656375, 4101074177, 3018766932, 2472887905, 4279365347, 4169432665, 2190741263, 2629177930, 3303899743, 2318081334, 1989023099, 4267781288, 4283028495, 1071395714, 3974116394, 2918948078, 3189985941, 174712956, 3997846950, 2557414444, 3971586512, 2233291413, 2280522715, 306300263, 2047089218, 2017086530, 516177022, 1339065534, 626443707, 4092914146, 3078168550, 2222375670, 1919902285, 2062517702, 562188410, 1867151632, 860183534, 3643451162, 2098305510, 2861103396, 2868158093, 4007961565, 864340480, 3029446032, 4190313919, 3399370597, 4288408167, 3798014937, 3511335006, 1850995485, 3251155221, 1587741723, 437224854, 430898718, 1520723670, 3858769335, 2413469340, 1564541940, 238298269, 3190232778, 871273360, 116948765, 4072441248, 183838146, 1736798026, 4178437902, 1254268784, 3753763333, 1461869295, 4185686428, 1073650421, 805692243, 1805273996, 2415833058, 937375985, 2877888803, 4290829642, 938256775, 1154323248, 3815954110, 1379296597, 1834696042, 4282018826, 647162923, 296798177, 643056914, 3532990808, 1792530391, 1196823310, 359), None)
Loaded weights: 58.243332976117635, 4.990735392447317, -0.5854096597818297, -0.7829865263788203, 4.217013473621179
events: 
  ----
(3, (2529691695, 4113338095, 841292713, 2286754104, 3789570995, 2401436303, 3021012186, 3465238645, 4075085230, 4207766965, 183932949, 206918361, 3386071105, 1530275413, 3743910145, 3102784830, 2874150481, 1495725782, 2040117563, 2014689345, 3530707800, 1990855484, 2012311989, 1757082762, 3346718603, 3024130434, 4247007936, 3171367489, 935013025, 266381515, 4004820033, 1511859233, 1601783203, 3966805729, 3462231743, 1032657004, 4074899213, 3831748658, 625827525, 1220227605, 1398434388, 3427383748, 3831361290, 3154850850, 3889245685, 898112662, 2909824270, 3367159621, 3361744950, 2151362797, 955526152, 3543685564, 812124812, 553071070, 2271955431, 3565167996, 3885540404, 3719394003, 787742469, 495500914, 2941261838, 2058133180, 3874487370, 3004237093, 4231920643, 3646937338, 3640599892, 3050342166, 2891891738, 1799348340, 2725575873, 833299995, 906897991, 2365982431, 361757824, 2462997612, 2610012699, 2996295375, 1366070078, 3599483312, 1275375577, 663765649, 4182088847, 1619409055, 1610241126, 720640426, 1010585605, 3369415794, 2326796070, 2580658141, 3891754008, 443823649, 1659789522, 2216089844, 3696081009, 2281282956, 306033209, 542940383, 1523497099, 3579151248, 1214830577, 3520641549, 3450884212, 4268573845, 3510258074, 3478734362, 2946884561, 1089482918, 3344814018, 525467977, 184200310, 724573733, 2631991541, 1485913696, 2947918800, 367370194, 477938434, 554546170, 2127041841, 3815875476, 1148271438, 1661367624, 2152927630, 1724659769, 3613475763, 4089417767, 465312405, 3042226513, 2555378659, 1394123257, 1985619782, 4149516210, 1942407818, 1487021460, 4238370759, 3565629378, 1702820063, 3033214376, 2917318853, 4286913811, 1752597840, 684726124, 3129739605, 3942176029, 1817360178, 3152286311, 1061897271, 3552449645, 3660368477, 3897524718, 3416260015, 3777336114, 3041041286, 1172463546, 2782148850, 2037301624, 1908893303, 1142253908, 2291519023, 1979602814, 2095539782, 750396032, 2249157449, 4267247871, 724103610, 3197752214, 1368770960, 920718283, 3819825865, 490616355, 1723094023, 1923862016, 1677344532, 3299984850, 1696841057, 2672099672, 3678725613, 2692244285, 2703947065, 358780533, 1669875525, 904699772, 3493145213, 192164413, 1778793733, 3616185842, 2112779795, 732076296, 91225925, 4229448685, 1551232023, 2459992282, 2874290656, 654308599, 1378845276, 2275414617, 2169667474, 1776628234, 1250977961, 1762670078, 4268848196, 1275535485, 3964643465, 474588884, 1668922770, 365983989, 1608321133, 1778433570, 3172163944, 896749753, 1236796422, 1476308853, 1991559893, 810064334, 1768936463, 2771807635, 3688241917, 3754028681, 3573874305, 1001525129, 3910277346, 3186840592, 2181047997, 3980564525, 3737410086, 1486414577, 2803601024, 861378880, 3566623152, 538362805, 1423976859, 2827578687, 43506265, 671637928, 1505664289, 2658059337, 824033024, 1718549721, 1360856498, 1967766776, 1044472705, 3187943198, 1215077840, 68436819, 3712331745, 3057204253, 3730700648, 2084261390, 2578700671, 370536177, 2184556482, 2140675025, 3742326562, 1682414986, 1074708148, 3185470539, 3473723127, 3227159163, 3414571885, 3151352889, 2519972849, 3350960980, 1035940856, 2840435063, 2590758818, 4190763898, 1822852049, 3322068551, 3722432297, 2171867982, 2651355889, 1002567730, 3083167303, 962943080, 2117743905, 2277559947, 1423689172, 3471830505, 2479797988, 1620241352, 2858533957, 776783755, 1063021126, 2960848976, 3952140937, 1481974114, 201257458, 1882498729, 1877745326, 3634286240, 3775227028, 2472644437, 3061558664, 1916068733, 4272674914, 3546081220, 3683106114, 1837164793, 3987058520, 666332328, 2545818582, 2599362096, 1052303897, 51066681, 1850361754, 2570498811, 2570386733, 3376888131, 1003982329, 2629403799, 1038818224, 739759137, 2371581710, 2676339863, 2911792254, 1715205473, 3386669441, 1387274383, 154293077, 4165679058, 2652381676, 1986402614, 3194626180, 245552580, 4284097317, 3156246593, 4043483888, 2082624474, 221840726, 406785378, 560839523, 2464265015, 400049926, 1723329917, 1474627715, 3124331643, 2322280285, 77100204, 981849522, 217909116, 1618458360, 2211933192, 3347682910, 2975548960, 2481605142, 2977194431, 2650625444, 1002729392, 2326935304, 502141994, 4122673651, 4279643700, 1746107343, 1453187357, 72209657, 4240168271, 606053548, 4034921493, 2305514458, 888584983, 1531317712, 1788623149, 1371557427, 2751877620, 2981234365, 1898748528, 3122052917, 2737058137, 1359813485, 3409769842, 1350410386, 1389005068, 1228041966, 2348543343, 246887442, 2333190927, 4030708680, 51739942, 2515045810, 1614837511, 3734668970, 1847400237, 3152614590, 3848258030, 921611507, 3388047703, 1513586554, 1499194764, 2287437311, 979648595, 1627142197, 3404377387, 578681475, 4236508178, 1268142656, 1291337480, 3577391046, 4058597155, 4233432381, 2182278443, 1530793541, 23584573, 368134112, 2037654605, 3798577419, 420054036, 1231141897, 1910048116, 3973082646, 2983545844, 1016703010, 1300115330, 3321399848, 678695290, 2057622934, 2662827081, 3389830735, 838624619, 3547902105, 1704128143, 3084266246, 559401909, 513834542, 4079580117, 3811612303, 2205045956, 3955610728, 3327595445, 863696150, 1227951259, 4237457267, 1258269163, 1021461321, 2333844965, 2193615238, 3866675424, 2467881195, 1797957509, 3237468086, 1879192209, 324432933, 3752594454, 1211584889, 260022922, 3255902331, 3794453818, 1407935054, 1172325416, 3353295585, 2075311726, 3809367387, 890432293, 1956155314, 3650976111, 1039011494, 811564143, 2536976598, 1847914126, 3210833660, 1056565961, 3380211674, 342000964, 3011502702, 865693400, 276991977, 1150220633, 1318747929, 3386566665, 692305038, 934244064, 3548092417, 1380355056, 3915224358, 3970566013, 1047514658, 1156329814, 3620342557, 816703616, 31823917, 1868127681, 2793211880, 194392062, 4190094378, 2184193292, 3081441757, 4283944215, 3309026330, 1872451269, 686270762, 4036404567, 1891130120, 4288837508, 1224940003, 420875082, 1180232558, 1669527277, 4046972145, 4156362395, 2738757953, 3627880553, 1766590553, 1760996860, 1993022057, 93435271, 1536087096, 515734708, 374417532, 2067998193, 2863010394, 495630047, 2499431229, 1435172899, 3172154303, 1350840205, 325164187, 3628910277, 3725933050, 2996612921, 879757259, 63100384, 4072052456, 3824400764, 1081200911, 943522687, 1983506354, 803450391, 3644841259, 1199843088, 1589430068, 1054313275, 1882568941, 2688898978, 545609257, 1092996491, 1824743874, 1564656375, 4101074177, 3018766932, 2472887905, 4279365347, 4169432665, 2190741263, 2629177930, 3303899743, 2318081334, 1989023099, 4267781288, 4283028495, 1071395714, 3974116394, 2918948078, 3189985941, 174712956, 3997846950, 2557414444, 3971586512, 2233291413, 2280522715, 306300263, 2047089218, 2017086530, 516177022, 1339065534, 626443707, 4092914146, 3078168550, 2222375670, 1919902285, 2062517702, 562188410, 1867151632, 860183534, 3643451162, 2098305510, 2861103396, 2868158093, 4007961565, 864340480, 3029446032, 4190313919, 3399370597, 4288408167, 3798014937, 3511335006, 1850995485, 3251155221, 1587741723, 437224854, 430898718, 1520723670, 3858769335, 2413469340, 1564541940, 238298269, 3190232778, 871273360, 116948765, 4072441248, 183838146, 1736798026, 4178437902, 1254268784, 3753763333, 1461869295, 4185686428, 1073650421, 805692243, 1805273996, 2415833058, 937375985, 2877888803, 4290829642, 938256775, 1154323248, 3815954110, 1379296597, 1834696042, 4282018826, 647162923, 296798177, 643056914, 3532990808, 1792530391, 1196823310, 534), None)
Loaded weights: 58.43830606901738, 5.96167329621027, -0.5854096597818297, -0.7829865263788203, -1.2829865263788203
events: me found the exit, 
  ----
(3, (309833867, 1011822646, 2251579831, 2999361347, 3758026405, 1341733261, 2268674216, 2602295260, 4251419153, 2501001436, 4009434311, 1362195177, 1162274817, 2315443325, 285634845, 156777951, 1156016657, 3747658196, 1001777334, 3811942371, 1252614389, 1904785564, 1372558538, 224654364, 2071430004, 1613915982, 883056170, 568701696, 496414846, 1167539863, 844181882, 2244929304, 3858886452, 45382899, 339289565, 2627465232, 4180298236, 1225913915, 1529733429, 3132478913, 1292794727, 3000574003, 772253824, 4189475328, 2238186077, 1586455550, 4063130103, 2787193952, 994045331, 261190730, 1820092662, 2682994599, 1808344705, 2041790839, 1599273371, 123002280, 776827097, 4087300603, 1050354518, 2157919441, 326279632, 2350289113, 4269398148, 779067652, 2026727737, 3741348036, 1769024851, 1185803748, 823200099, 3332944294, 134728667, 2873891186, 2820988240, 2579260993, 1528931782, 1033762036, 753491141, 1457096637, 1873400206, 683732014, 3127736599, 2756699829, 2249388369, 2306878939, 518791979, 2125028599, 2790965045, 4076018254, 716678694, 3066037782, 3148479754, 428906819, 4070426925, 2274768879, 3160324418, 2568319008, 2419127802, 4063692788, 1227372325, 202063830, 1180296002, 3320187259, 1040384764, 30485652, 257560305, 3088145246, 1709813204, 2015376345, 3357330639, 321683015, 4157839932, 1037968127, 1908550127, 2199953109, 528076746, 3006093886, 1073935984, 3037538012, 3925088015, 3157107805, 2199885213, 878284556, 3920394531, 1074694126, 52740528, 2494000282, 3147819784, 2736171676, 3748089396, 3792883336, 2083417289, 660578929, 310811121, 3614260177, 3389440067, 3409091225, 1530944351, 2738532735, 3146316961, 2152345513, 2810622434, 388755988, 325399730, 2393712064, 107919075, 1511719054, 1949972662, 2117454023, 44684684, 44458656, 2413501846, 1702723137, 2383485943, 3205595287, 3264492073, 2877483928, 3426810124, 86858724, 2521215599, 3144606134, 2444432027, 2286862364, 2619354850, 766391455, 25744821, 656040054, 2804871297, 1529523289, 1626256424, 774133802, 1262126413, 1259510348, 64664211, 2228426623, 1021827906, 763389235, 3022330023, 1662333799, 2035116392, 1177039008, 695371198, 92506225, 628208766, 1721100600, 3562972318, 94277647, 3298555098, 4125932640, 1724653628, 2844869327, 325043707, 1275586286, 2429758578, 3474449561, 352462703, 501759037, 2059845016, 40342081, 124160367, 968934719, 230139201, 2782544217, 698465312, 3367057863, 3642889173, 1767626476, 1646396926, 3891605800, 4233069174, 349823312, 3647843561, 766278231, 805008406, 104219643, 1951619932, 3272545318, 2988823723, 284694817, 2531775054, 1506947355, 2713961986, 4271525802, 4263066408, 1228302337, 668068095, 2035945623, 519954350, 943496275, 4115456307, 894223781, 1066047747, 129872726, 1543309657, 854509287, 220466471, 2783534481, 1059950191, 3329596958, 1804971157, 3278825758, 2499858418, 1966096373, 2455415977, 4081913150, 494180101, 1419449346, 2636658916, 3749198997, 2743795515, 1356153643, 3953609003, 1425026277, 303147403, 346358128, 2785162746, 3810027482, 3165834101, 3466238995, 1093451227, 873497107, 1634316633, 1256635425, 288722036, 3021972013, 905251718, 3027636226, 12335677, 3135843372, 4066584980, 4161479975, 2757144089, 125960609, 37605322, 1413209016, 1019864058, 1364332409, 2985177697, 630928260, 4020390467, 3891360892, 3080557165, 1090309304, 527016320, 3264065858, 2679492938, 996432815, 562945882, 612675207, 2690250633, 2398841550, 4275558001, 602980349, 1058189733, 1445249378, 788766214, 1557321666, 694187269, 1054153847, 4170690342, 2751189179, 3570133337, 2641716245, 2769346487, 466386696, 3276434975, 3124436935, 3580608592, 2123239220, 857445409, 3639049353, 109278996, 406952108, 2825074275, 4036856074, 417746977, 2538678841, 1183884942, 641229951, 632619690, 3180452315, 4238687092, 2741741824, 3729005250, 915756215, 892335883, 833184349, 1914312251, 1086677481, 3388575690, 3082645394, 2443789776, 1152789874, 306322751, 3608385866, 4231283003, 337767358, 1365263377, 3935400165, 1000382785, 1106899603, 2194352337, 2092762341, 3951098158, 167236475, 1958717148, 2802499037, 3788477317, 2252770841, 2058257689, 1249462533, 1065718004, 3995454600, 652291275, 548516267, 71561444, 2372443234, 1130003549, 949731620, 3828109093, 1059430169, 2066454424, 2079217541, 3643912803, 2593253598, 3685547079, 1066079204, 1221625818, 1443400843, 850757805, 2069619963, 2814927174, 586645908, 3337504486, 862036671, 3803557279, 2058750056, 1127013427, 2234473295, 2354443549, 2707183778, 1360509918, 3747657846, 3643607919, 239017898, 3101502352, 4217179602, 2546144112, 210788539, 1282691306, 894861863, 2446578389, 3384711211, 425434751, 3269843361, 2102834141, 1249109963, 3487058788, 2887299852, 2467519494, 4149020014, 493373502, 908032178, 2285029322, 471429373, 798093677, 3304392627, 2126819866, 521843381, 1567174027, 2067619951, 1076559609, 4137869706, 1369741490, 4190739985, 1673514651, 2596457412, 1751629989, 2750098792, 2814779766, 2335717873, 112505244, 441587832, 3178509576, 2455127552, 1137752099, 1921278811, 3286498362, 1409998794, 407533515, 2397058886, 885415405, 1583055534, 4125013185, 595456317, 2496222552, 751518428, 4165206605, 4178986802, 3433419712, 3210280667, 702563824, 2302690111, 3299919203, 170259529, 1642953660, 4279395177, 2065830671, 455404461, 2202210461, 1452712282, 2327293260, 496873254, 3432783103, 1074452733, 3105591995, 4275534168, 1113502434, 540683901, 3251238637, 2135031476, 2027914309, 345766928, 4230343421, 2925820228, 2100974189, 3587187654, 2123050437, 3248558517, 1860667525, 586141814, 2590918854, 702176662, 3150358371, 3256868853, 4245562430, 291981930, 142849899, 1918711266, 4199822042, 19868287, 1366169231, 2598229999, 2717939036, 2121265988, 674875975, 598827990, 3671431598, 1964664268, 3953483349, 1768530416, 2345572847, 3363583912, 3103593895, 596660106, 304146309, 1408265011, 450695861, 1824591462, 4069800266, 4019419961, 1614843206, 2661604881, 3398591845, 2619955325, 717589982, 3834306173, 1129862747, 2731449152, 2536580872, 2350658753, 826311052, 406125642, 3392076982, 2973082056, 2443869498, 3478350708, 1321045389, 1038574923, 571593997, 105511633, 668802524, 3593717342, 3653559970, 310150876, 2955705251, 1291907436, 3225010995, 4220881603, 454431063, 67285790, 200201433, 167802324, 60901853, 3809112241, 3374833296, 2418774654, 2165318051, 3594085627, 4274118402, 1294580112, 685719122, 1455249668, 1815043017, 59058197, 3296189981, 444962046, 1530757891, 2739610293, 2501620501, 2293879989, 4035726626, 1880818485, 109855886, 1043173421, 916040961, 310351455, 1833098912, 1098979260, 2041847891, 777992990, 3631318901, 3688629092, 2676111804, 1754935520, 2972581654, 2040250426, 2714170218, 3216828978, 1820077272, 3693462950, 274038412, 1479210321, 3649204526, 4102811415, 1244950912, 2496947240, 331033605, 634209852, 197980808, 3668361126, 3329553479, 3967536599, 3855466573, 2910532876, 2172070257, 309689847, 841113042, 2013063319, 1455187182, 1933119591, 3715934096, 3037494717, 2711204213, 1472400575, 268420419, 2831222780, 1107666475, 3803378599, 288699953, 4201166177, 1442901255, 1415834690, 2284819904, 2140314877, 1138271978, 224375915, 2492562788, 1458105391, 495424721, 1440823073, 1910468879, 2049167244, 3644572746, 2793044015, 4236501710, 2061094495, 181122082, 1536300063, 1483623172, 175226102, 3954134285, 2436229353, 1775824460, 1609245694, 224), None)
Loaded weights: 65.8625108417253, 5.96167329621027, -0.5854096597818297, -0.7829865263788203, 4.217013473621179
events: me found the exit, 
  ----
(3, (309833867, 1011822646, 2251579831, 2999361347, 3758026405, 1341733261, 2268674216, 2602295260, 4251419153, 2501001436, 4009434311, 1362195177, 1162274817, 2315443325, 285634845, 156777951, 1156016657, 3747658196, 1001777334, 3811942371, 1252614389, 1904785564, 1372558538, 224654364, 2071430004, 1613915982, 883056170, 568701696, 496414846, 1167539863, 844181882, 2244929304, 3858886452, 45382899, 339289565, 2627465232, 4180298236, 1225913915, 1529733429, 3132478913, 1292794727, 3000574003, 772253824, 4189475328, 2238186077, 1586455550, 4063130103, 2787193952, 994045331, 261190730, 1820092662, 2682994599, 1808344705, 2041790839, 1599273371, 123002280, 776827097, 4087300603, 1050354518, 2157919441, 326279632, 2350289113, 4269398148, 779067652, 2026727737, 3741348036, 1769024851, 1185803748, 823200099, 3332944294, 134728667, 2873891186, 2820988240, 2579260993, 1528931782, 1033762036, 753491141, 1457096637, 1873400206, 683732014, 3127736599, 2756699829, 2249388369, 2306878939, 518791979, 2125028599, 2790965045, 4076018254, 716678694, 3066037782, 3148479754, 428906819, 4070426925, 2274768879, 3160324418, 2568319008, 2419127802, 4063692788, 1227372325, 202063830, 1180296002, 3320187259, 1040384764, 30485652, 257560305, 3088145246, 1709813204, 2015376345, 3357330639, 321683015, 4157839932, 1037968127, 1908550127, 2199953109, 528076746, 3006093886, 1073935984, 3037538012, 3925088015, 3157107805, 2199885213, 878284556, 3920394531, 1074694126, 52740528, 2494000282, 3147819784, 2736171676, 3748089396, 3792883336, 2083417289, 660578929, 310811121, 3614260177, 3389440067, 3409091225, 1530944351, 2738532735, 3146316961, 2152345513, 2810622434, 388755988, 325399730, 2393712064, 107919075, 1511719054, 1949972662, 2117454023, 44684684, 44458656, 2413501846, 1702723137, 2383485943, 3205595287, 3264492073, 2877483928, 3426810124, 86858724, 2521215599, 3144606134, 2444432027, 2286862364, 2619354850, 766391455, 25744821, 656040054, 2804871297, 1529523289, 1626256424, 774133802, 1262126413, 1259510348, 64664211, 2228426623, 1021827906, 763389235, 3022330023, 1662333799, 2035116392, 1177039008, 695371198, 92506225, 628208766, 1721100600, 3562972318, 94277647, 3298555098, 4125932640, 1724653628, 2844869327, 325043707, 1275586286, 2429758578, 3474449561, 352462703, 501759037, 2059845016, 40342081, 124160367, 968934719, 230139201, 2782544217, 698465312, 3367057863, 3642889173, 1767626476, 1646396926, 3891605800, 4233069174, 349823312, 3647843561, 766278231, 805008406, 104219643, 1951619932, 3272545318, 2988823723, 284694817, 2531775054, 1506947355, 2713961986, 4271525802, 4263066408, 1228302337, 668068095, 2035945623, 519954350, 943496275, 4115456307, 894223781, 1066047747, 129872726, 1543309657, 854509287, 220466471, 2783534481, 1059950191, 3329596958, 1804971157, 3278825758, 2499858418, 1966096373, 2455415977, 4081913150, 494180101, 1419449346, 2636658916, 3749198997, 2743795515, 1356153643, 3953609003, 1425026277, 303147403, 346358128, 2785162746, 3810027482, 3165834101, 3466238995, 1093451227, 873497107, 1634316633, 1256635425, 288722036, 3021972013, 905251718, 3027636226, 12335677, 3135843372, 4066584980, 4161479975, 2757144089, 125960609, 37605322, 1413209016, 1019864058, 1364332409, 2985177697, 630928260, 4020390467, 3891360892, 3080557165, 1090309304, 527016320, 3264065858, 2679492938, 996432815, 562945882, 612675207, 2690250633, 2398841550, 4275558001, 602980349, 1058189733, 1445249378, 788766214, 1557321666, 694187269, 1054153847, 4170690342, 2751189179, 3570133337, 2641716245, 2769346487, 466386696, 3276434975, 3124436935, 3580608592, 2123239220, 857445409, 3639049353, 109278996, 406952108, 2825074275, 4036856074, 417746977, 2538678841, 1183884942, 641229951, 632619690, 3180452315, 4238687092, 2741741824, 3729005250, 915756215, 892335883, 833184349, 1914312251, 1086677481, 3388575690, 3082645394, 2443789776, 1152789874, 306322751, 3608385866, 4231283003, 337767358, 1365263377, 3935400165, 1000382785, 1106899603, 2194352337, 2092762341, 3951098158, 167236475, 1958717148, 2802499037, 3788477317, 2252770841, 2058257689, 1249462533, 1065718004, 3995454600, 652291275, 548516267, 71561444, 2372443234, 1130003549, 949731620, 3828109093, 1059430169, 2066454424, 2079217541, 3643912803, 2593253598, 3685547079, 1066079204, 1221625818, 1443400843, 850757805, 2069619963, 2814927174, 586645908, 3337504486, 862036671, 3803557279, 2058750056, 1127013427, 2234473295, 2354443549, 2707183778, 1360509918, 3747657846, 3643607919, 239017898, 3101502352, 4217179602, 2546144112, 210788539, 1282691306, 894861863, 2446578389, 3384711211, 425434751, 3269843361, 2102834141, 1249109963, 3487058788, 2887299852, 2467519494, 4149020014, 493373502, 908032178, 2285029322, 471429373, 798093677, 3304392627, 2126819866, 521843381, 1567174027, 2067619951, 1076559609, 4137869706, 1369741490, 4190739985, 1673514651, 2596457412, 1751629989, 2750098792, 2814779766, 2335717873, 112505244, 441587832, 3178509576, 2455127552, 1137752099, 1921278811, 3286498362, 1409998794, 407533515, 2397058886, 885415405, 1583055534, 4125013185, 595456317, 2496222552, 751518428, 4165206605, 4178986802, 3433419712, 3210280667, 702563824, 2302690111, 3299919203, 170259529, 1642953660, 4279395177, 2065830671, 455404461, 2202210461, 1452712282, 2327293260, 496873254, 3432783103, 1074452733, 3105591995, 4275534168, 1113502434, 540683901, 3251238637, 2135031476, 2027914309, 345766928, 4230343421, 2925820228, 2100974189, 3587187654, 2123050437, 3248558517, 1860667525, 586141814, 2590918854, 702176662, 3150358371, 3256868853, 4245562430, 291981930, 142849899, 1918711266, 4199822042, 19868287, 1366169231, 2598229999, 2717939036, 2121265988, 674875975, 598827990, 3671431598, 1964664268, 3953483349, 1768530416, 2345572847, 3363583912, 3103593895, 596660106, 304146309, 1408265011, 450695861, 1824591462, 4069800266, 4019419961, 1614843206, 2661604881, 3398591845, 2619955325, 717589982, 3834306173, 1129862747, 2731449152, 2536580872, 2350658753, 826311052, 406125642, 3392076982, 2973082056, 2443869498, 3478350708, 1321045389, 1038574923, 571593997, 105511633, 668802524, 3593717342, 3653559970, 310150876, 2955705251, 1291907436, 3225010995, 4220881603, 454431063, 67285790, 200201433, 167802324, 60901853, 3809112241, 3374833296, 2418774654, 2165318051, 3594085627, 4274118402, 1294580112, 685719122, 1455249668, 1815043017, 59058197, 3296189981, 444962046, 1530757891, 2739610293, 2501620501, 2293879989, 4035726626, 1880818485, 109855886, 1043173421, 916040961, 310351455, 1833098912, 1098979260, 2041847891, 777992990, 3631318901, 3688629092, 2676111804, 1754935520, 2972581654, 2040250426, 2714170218, 3216828978, 1820077272, 3693462950, 274038412, 1479210321, 3649204526, 4102811415, 1244950912, 2496947240, 331033605, 634209852, 197980808, 3668361126, 3329553479, 3967536599, 3855466573, 2910532876, 2172070257, 309689847, 841113042, 2013063319, 1455187182, 1933119591, 3715934096, 3037494717, 2711204213, 1472400575, 268420419, 2831222780, 1107666475, 3803378599, 288699953, 4201166177, 1442901255, 1415834690, 2284819904, 2140314877, 1138271978, 224375915, 2492562788, 1458105391, 495424721, 1440823073, 1910468879, 2049167244, 3644572746, 2793044015, 4236501710, 2061094495, 181122082, 1536300063, 1483623172, 175226102, 3954134285, 2436229353, 1775824460, 1609245694, 590), None)
Loaded weights: 71.26240522815256, 5.96167329621027, -0.5854096597818297, -0.7829865263788203, 4.217013473621179
events: 
  ----
(3, (2990484247, 151116802, 925301264, 3953102771, 3370865835, 2343459742, 1368694547, 3358228666, 2390501341, 2427554982, 4002069278, 3871533396, 3878993550, 2443277992, 1795575738, 3940523365, 3598303995, 1046821568, 844149994, 2486943744, 2603577638, 2401364755, 2374616063, 990867494, 709569503, 2804226589, 2191826816, 1293672476, 3376893135, 3670762631, 1458416710, 1800044625, 1454553568, 2815590364, 1343650470, 2303430719, 3741170431, 542577949, 2828605667, 130780961, 2037540852, 2611349376, 2206455771, 4066178049, 3859280576, 1689210183, 1496673913, 2776251818, 4175092044, 1293690740, 2379859105, 1873752834, 4081561918, 1008099678, 506970610, 1118966860, 3771582687, 3864396560, 1737512943, 199746058, 3208238798, 3203734191, 678833718, 3719397382, 991675506, 295029899, 2368901046, 4240074243, 4135877397, 2743105783, 3557235980, 989193773, 4147729289, 4160657957, 924100588, 884652510, 1887153396, 3403336953, 84360317, 2361244479, 3111286375, 542505645, 3706162253, 2266019781, 1015138635, 673552921, 118914659, 2103581012, 953245917, 2265016107, 2698680754, 1273170460, 3014265560, 3588343118, 2230751160, 4041568090, 1519111280, 4022095048, 1442182360, 972153620, 3610950148, 2912270388, 4017876339, 4276435681, 2192339902, 3093738383, 959574350, 2546162534, 873746817, 2024905541, 1697200864, 920159008, 344247156, 2130470505, 27414869, 2855241614, 2880647846, 2086192738, 139266437, 2520446876, 1741398733, 2412730691, 1716435238, 642743556, 3697307667, 2215318310, 1140315026, 3751795897, 1007261224, 656819592, 1899162404, 2338188656, 3065814569, 4158981159, 4136732743, 4144616621, 1805621457, 233508895, 1225143669, 3537074514, 2645335537, 4151526747, 1249848176, 4074821116, 2075187523, 1446135698, 2778168489, 3307418843, 467051950, 1557138888, 1224551754, 186355249, 1312400417, 147776745, 635074297, 1621899272, 2092645855, 2763146473, 1338566276, 3163809586, 94795698, 933508898, 3783299470, 1102929264, 3360764767, 354283811, 2617759251, 2170201346, 1854532655, 491979027, 2587207444, 4103718222, 1195704006, 1311150893, 3621943063, 1519930786, 470402683, 1989330228, 3082845304, 117599962, 3187946203, 427042999, 3924577082, 3965429256, 935081231, 3347069472, 3616369468, 4061215087, 2679467087, 3800371184, 1375673312, 1591079639, 2377798388, 250938616, 586208124, 2633691065, 3489166656, 2504274219, 757716412, 3721839700, 1767334868, 1172695073, 1194891613, 2744734770, 550373172, 3107886911, 1281885289, 1040148433, 1194542275, 556735439, 2570478043, 175779546, 3488785923, 1274469537, 1537492383, 421633728, 1997456480, 4159704041, 2402838029, 438982435, 618607562, 660788880, 4158797865, 1632569773, 881873021, 1722155419, 3674070280, 294775633, 3400470031, 2984969806, 3896595992, 2082300120, 198281266, 3457034591, 1138138797, 1222791221, 3012248489, 38329739, 3346374107, 2914310519, 1915869581, 4213418289, 2474187770, 30095782, 338211009, 1019521176, 1653567125, 1407368804, 2118384217, 559077301, 3363821195, 3125497797, 2910296741, 2443543933, 1016583153, 236362154, 613325393, 2943566452, 3897192839, 4279161235, 464097555, 1485618332, 172814838, 2215067452, 980163868, 1909437730, 448731447, 4453182, 2125145548, 1218457608, 680870926, 3877180709, 1320329371, 1196531588, 349932233, 2032496803, 533839542, 587223391, 475498812, 830589143, 1550321410, 293802290, 1676987629, 2937528442, 585932312, 2002171970, 2158822806, 907910613, 4186484680, 3457512913, 356609831, 3180997759, 981969978, 2595438773, 3537047010, 2067591496, 635586067, 3897346719, 4060135087, 72620026, 541890800, 4237588712, 2036106842, 3369478948, 248509381, 1873992789, 4093295781, 972491944, 2502882358, 2678470599, 2335210387, 2981683877, 1349213852, 3530417836, 4022484119, 1536766874, 219538891, 2986350823, 3424867886, 3455620962, 2220102094, 3956572889, 849835486, 3642001194, 1851804985, 4126166810, 2157699903, 4089871841, 4132114429, 2813284251, 2629708888, 310758910, 2481946410, 3726860556, 3721637561, 2242691926, 3572601832, 2716981919, 2402077366, 2364141507, 2578076868, 878849474, 2010963692, 2448220616, 4141164627, 3785519256, 1276182607, 2207535262, 872107294, 2039247196, 291347264, 370693801, 224099116, 1104554976, 3643511432, 3299612889, 996910362, 3660348521, 1304924707, 2334741989, 1394253626, 1124196777, 3124830402, 2671859245, 1378785773, 1835955864, 1625264072, 503245176, 1406535673, 1503337427, 2744849718, 1489500720, 2525636114, 231021241, 3094884591, 2739436392, 3343847600, 2548000539, 1538630240, 649230798, 662616274, 3494134673, 666089437, 1624614935, 3642540544, 69824316, 1674799024, 597450695, 3020408558, 1885456443, 3161104826, 502549695, 2909252908, 2074361634, 1030481464, 1231407517, 1264539797, 3552315671, 2403289081, 166779609, 1428762484, 3556447474, 2375828739, 2462682642, 3454072370, 3366069621, 2441578335, 163058881, 3185715295, 1358005401, 3607811789, 1601075542, 1651262967, 1062878382, 4285553805, 1921924290, 4084242756, 35392347, 2185322224, 3470789178, 64751812, 1011534328, 3587296441, 924359054, 890155097, 215493537, 3084102577, 4235913454, 1117123458, 2220033908, 2360644965, 2200563083, 1904795518, 1175236293, 1805305535, 3793351994, 1571043414, 4284778555, 3437158760, 2600633595, 3596504545, 2700384241, 3309032507, 1207466430, 1366395522, 1805770581, 2393936426, 3161852763, 1277789757, 4072271503, 797040190, 2346118877, 2678840634, 1601741962, 1861900285, 2877314942, 956211631, 1370299825, 62758786, 2931227343, 3292780375, 3838630668, 533752983, 1411308096, 681626728, 557366246, 342679922, 2622139664, 3931390218, 2655928217, 1428559725, 2428720047, 3301177277, 470318218, 458300241, 3809120563, 410799428, 4116041702, 1674865189, 482877757, 96722517, 1838672223, 1898012680, 2845495213, 3198940063, 3307257168, 2240013173, 3077803750, 741895268, 2527268318, 3761841384, 4279904016, 537367271, 2326256170, 2964551288, 3939310665, 2126559035, 299849899, 165156966, 1049814584, 3507175507, 3902408868, 2922998850, 1253275737, 2286784190, 3841135310, 551978359, 401642630, 3464870797, 995396651, 2735562335, 133947459, 801925286, 3363322635, 1370761327, 132045265, 1240364971, 2638296446, 666264008, 694756052, 2980750234, 3190914739, 839037478, 2768030493, 2395779625, 1259663337, 3767951940, 4107214980, 4271186279, 3852688617, 3453358542, 2518149108, 3342816466, 2540262381, 1910687127, 1286493240, 1840395621, 4098921490, 3610001005, 1141162421, 4180888110, 1088233900, 3277002575, 3055991322, 4282569368, 2025138032, 1163245287, 1473345691, 914413660, 1256280911, 940684911, 1831235454, 1944991699, 48203104, 1676740113, 3236585645, 2272248901, 963415214, 95047793, 652151887, 3016581310, 2450698855, 4058110758, 3429330019, 3711711874, 2681189123, 3543636698, 4019471016, 443600657, 1073111466, 619785151, 3658748100, 49231820, 688601231, 2315149962, 3811470275, 1802162754, 347857412, 994773370, 4150899152, 2934144468, 851821169, 2450621023, 3805839741, 169767501, 1423359178, 702517617, 2017766733, 3818248517, 2499769098, 1557125164, 2615865736, 2676441112, 4264091062, 161376902, 2883347507, 4056601311, 1913208561, 4244312159, 1686298702, 670362776, 3161455119, 1166640585, 3869459397, 142085617, 1375542482, 3570319110, 2964701797, 1673291998, 2253700997, 1573146577, 4118880293, 3457999860, 496146135, 3354921015, 2975997183, 3298849515, 2422047800, 416060100, 28883829, 2855697289, 1233621278, 1720735842, 3410525633, 245), None)
Loaded weights: 71.60582222675527, 7.560453841867837, -0.3033284120409354, -0.7829865263788203, -1.2829865263788203
events: me was killed by aggressive, 
  ----
(3, (2990484247, 151116802, 925301264, 3953102771, 3370865835, 2343459742, 1368694547, 3358228666, 2390501341, 2427554982, 4002069278, 3871533396, 3878993550, 2443277992, 1795575738, 3940523365, 3598303995, 1046821568, 844149994, 2486943744, 2603577638, 2401364755, 2374616063, 990867494, 709569503, 2804226589, 2191826816, 1293672476, 3376893135, 3670762631, 1458416710, 1800044625, 1454553568, 2815590364, 1343650470, 2303430719, 3741170431, 542577949, 2828605667, 130780961, 2037540852, 2611349376, 2206455771, 4066178049, 3859280576, 1689210183, 1496673913, 2776251818, 4175092044, 1293690740, 2379859105, 1873752834, 4081561918, 1008099678, 506970610, 1118966860, 3771582687, 3864396560, 1737512943, 199746058, 3208238798, 3203734191, 678833718, 3719397382, 991675506, 295029899, 2368901046, 4240074243, 4135877397, 2743105783, 3557235980, 989193773, 4147729289, 4160657957, 924100588, 884652510, 1887153396, 3403336953, 84360317, 2361244479, 3111286375, 542505645, 3706162253, 2266019781, 1015138635, 673552921, 118914659, 2103581012, 953245917, 2265016107, 2698680754, 1273170460, 3014265560, 3588343118, 2230751160, 4041568090, 1519111280, 4022095048, 1442182360, 972153620, 3610950148, 2912270388, 4017876339, 4276435681, 2192339902, 3093738383, 959574350, 2546162534, 873746817, 2024905541, 1697200864, 920159008, 344247156, 2130470505, 27414869, 2855241614, 2880647846, 2086192738, 139266437, 2520446876, 1741398733, 2412730691, 1716435238, 642743556, 3697307667, 2215318310, 1140315026, 3751795897, 1007261224, 656819592, 1899162404, 2338188656, 3065814569, 4158981159, 4136732743, 4144616621, 1805621457, 233508895, 1225143669, 3537074514, 2645335537, 4151526747, 1249848176, 4074821116, 2075187523, 1446135698, 2778168489, 3307418843, 467051950, 1557138888, 1224551754, 186355249, 1312400417, 147776745, 635074297, 1621899272, 2092645855, 2763146473, 1338566276, 3163809586, 94795698, 933508898, 3783299470, 1102929264, 3360764767, 354283811, 2617759251, 2170201346, 1854532655, 491979027, 2587207444, 4103718222, 1195704006, 1311150893, 3621943063, 1519930786, 470402683, 1989330228, 3082845304, 117599962, 3187946203, 427042999, 3924577082, 3965429256, 935081231, 3347069472, 3616369468, 4061215087, 2679467087, 3800371184, 1375673312, 1591079639, 2377798388, 250938616, 586208124, 2633691065, 3489166656, 2504274219, 757716412, 3721839700, 1767334868, 1172695073, 1194891613, 2744734770, 550373172, 3107886911, 1281885289, 1040148433, 1194542275, 556735439, 2570478043, 175779546, 3488785923, 1274469537, 1537492383, 421633728, 1997456480, 4159704041, 2402838029, 438982435, 618607562, 660788880, 4158797865, 1632569773, 881873021, 1722155419, 3674070280, 294775633, 3400470031, 2984969806, 3896595992, 2082300120, 198281266, 3457034591, 1138138797, 1222791221, 3012248489, 38329739, 3346374107, 2914310519, 1915869581, 4213418289, 2474187770, 30095782, 338211009, 1019521176, 1653567125, 1407368804, 2118384217, 559077301, 3363821195, 3125497797, 2910296741, 2443543933, 1016583153, 236362154, 613325393, 2943566452, 3897192839, 4279161235, 464097555, 1485618332, 172814838, 2215067452, 980163868, 1909437730, 448731447, 4453182, 2125145548, 1218457608, 680870926, 3877180709, 1320329371, 1196531588, 349932233, 2032496803, 533839542, 587223391, 475498812, 830589143, 1550321410, 293802290, 1676987629, 2937528442, 585932312, 2002171970, 2158822806, 907910613, 4186484680, 3457512913, 356609831, 3180997759, 981969978, 2595438773, 3537047010, 2067591496, 635586067, 3897346719, 4060135087, 72620026, 541890800, 4237588712, 2036106842, 3369478948, 248509381, 1873992789, 4093295781, 972491944, 2502882358, 2678470599, 2335210387, 2981683877, 1349213852, 3530417836, 4022484119, 1536766874, 219538891, 2986350823, 3424867886, 3455620962, 2220102094, 3956572889, 849835486, 3642001194, 1851804985, 4126166810, 2157699903, 4089871841, 4132114429, 2813284251, 2629708888, 310758910, 2481946410, 3726860556, 3721637561, 2242691926, 3572601832, 2716981919, 2402077366, 2364141507, 2578076868, 878849474, 2010963692, 2448220616, 4141164627, 3785519256, 1276182607, 2207535262, 872107294, 2039247196, 291347264, 370693801, 224099116, 1104554976, 3643511432, 3299612889, 996910362, 3660348521, 1304924707, 2334741989, 1394253626, 1124196777, 3124830402, 2671859245, 1378785773, 1835955864, 1625264072, 503245176, 1406535673, 1503337427, 2744849718, 1489500720, 2525636114, 231021241, 3094884591, 2739436392, 3343847600, 2548000539, 1538630240, 649230798, 662616274, 3494134673, 666089437, 1624614935, 3642540544, 69824316, 1674799024, 597450695, 3020408558, 1885456443, 3161104826, 502549695, 2909252908, 2074361634, 1030481464, 1231407517, 1264539797, 3552315671, 2403289081, 166779609, 1428762484, 3556447474, 2375828739, 2462682642, 3454072370, 3366069621, 2441578335, 163058881, 3185715295, 1358005401, 3607811789, 1601075542, 1651262967, 1062878382, 4285553805, 1921924290, 4084242756, 35392347, 2185322224, 3470789178, 64751812, 1011534328, 3587296441, 924359054, 890155097, 215493537, 3084102577, 4235913454, 1117123458, 2220033908, 2360644965, 2200563083, 1904795518, 1175236293, 1805305535, 3793351994, 1571043414, 4284778555, 3437158760, 2600633595, 3596504545, 2700384241, 3309032507, 1207466430, 1366395522, 1805770581, 2393936426, 3161852763, 1277789757, 4072271503, 797040190, 2346118877, 2678840634, 1601741962, 1861900285, 2877314942, 956211631, 1370299825, 62758786, 2931227343, 3292780375, 3838630668, 533752983, 1411308096, 681626728, 557366246, 342679922, 2622139664, 3931390218, 2655928217, 1428559725, 2428720047, 3301177277, 470318218, 458300241, 3809120563, 410799428, 4116041702, 1674865189, 482877757, 96722517, 1838672223, 1898012680, 2845495213, 3198940063, 3307257168, 2240013173, 3077803750, 741895268, 2527268318, 3761841384, 4279904016, 537367271, 2326256170, 2964551288, 3939310665, 2126559035, 299849899, 165156966, 1049814584, 3507175507, 3902408868, 2922998850, 1253275737, 2286784190, 3841135310, 551978359, 401642630, 3464870797, 995396651, 2735562335, 133947459, 801925286, 3363322635, 1370761327, 132045265, 1240364971, 2638296446, 666264008, 694756052, 2980750234, 3190914739, 839037478, 2768030493, 2395779625, 1259663337, 3767951940, 4107214980, 4271186279, 3852688617, 3453358542, 2518149108, 3342816466, 2540262381, 1910687127, 1286493240, 1840395621, 4098921490, 3610001005, 1141162421, 4180888110, 1088233900, 3277002575, 3055991322, 4282569368, 2025138032, 1163245287, 1473345691, 914413660, 1256280911, 940684911, 1831235454, 1944991699, 48203104, 1676740113, 3236585645, 2272248901, 963415214, 95047793, 652151887, 3016581310, 2450698855, 4058110758, 3429330019, 3711711874, 2681189123, 3543636698, 4019471016, 443600657, 1073111466, 619785151, 3658748100, 49231820, 688601231, 2315149962, 3811470275, 1802162754, 347857412, 994773370, 4150899152, 2934144468, 851821169, 2450621023, 3805839741, 169767501, 1423359178, 702517617, 2017766733, 3818248517, 2499769098, 1557125164, 2615865736, 2676441112, 4264091062, 161376902, 2883347507, 4056601311, 1913208561, 4244312159, 1686298702, 670362776, 3161455119, 1166640585, 3869459397, 142085617, 1375542482, 3570319110, 2964701797, 1673291998, 2253700997, 1573146577, 4118880293, 3457999860, 496146135, 3354921015, 2975997183, 3298849515, 2422047800, 416060100, 28883829, 2855697289, 1233621278, 1720735842, 3410525633, 414), None)
Loaded weights: 72.10141439966368, 8.295409867290305, -0.3033284120409354, -0.7829865263788203, -1.2829865263788203
events: me found the exit, 
  ----
(3, (2537350934, 2494315249, 2771889631, 2824091134, 2519480637, 2086582869, 3067924047, 332813571, 2163925798, 3871529680, 2061066347, 3464001304, 404832205, 2726949136, 4077455163, 2421691477, 1617469902, 3864528632, 2022956226, 3202818519, 3699658253, 1569525712, 2473046569, 2414947828, 3067147305, 2491646841, 1368746368, 2292557537, 4172622141, 3701833106, 1356273689, 1775021938, 2545563802, 3837765686, 512005451, 2281616094, 2402260116, 3873372689, 955548277, 1629293484, 4072115195, 337099354, 2065976868, 2774381697, 1269531021, 1890178008, 1430611819, 756868644, 221236463, 290767013, 3416363738, 1972002466, 2897403424, 546979527, 2861556987, 918915466, 743679234, 2218446037, 2926814843, 660753096, 2547982393, 1468434585, 2154707660, 2580428142, 1963888022, 424225612, 3008059806, 3404349757, 3924834114, 2121232372, 1480126169, 1220565009, 2092548692, 246170779, 2325614400, 4244513223, 2691541545, 3235526064, 2086468723, 3721250472, 1014465135, 3568245980, 3326659072, 3263924783, 3767374988, 3953324006, 2536227591, 1003221806, 1604894234, 3589189548, 3531738088, 904751368, 4233359225, 2722259764, 2271776957, 1296200927, 3178888270, 3662253076, 4130729411, 1432218169, 1192592561, 3882704384, 3639135127, 2422045068, 765583804, 4070675685, 1095947754, 1263474337, 1101230003, 309467143, 211604758, 3301432887, 2636255168, 987022890, 317465476, 2048258549, 3058980922, 3432651890, 214147615, 2734888466, 61745408, 1418804571, 978230358, 110242636, 4231329568, 1408850927, 305894814, 3502799165, 1485294893, 3624867798, 4049720892, 1019469484, 123301413, 798385458, 1956363645, 737683557, 143944509, 3429462002, 1707600017, 3127692098, 383878752, 2987633621, 2104798027, 501454416, 1808007781, 1217403332, 1304400040, 2997452879, 1457332628, 1630216258, 3411283804, 2291448467, 3616444900, 3019128268, 1567650682, 3569031651, 2307790795, 68515155, 3735262004, 3317497756, 582915903, 896145590, 1174512375, 250431950, 1100282409, 1726644464, 2362064610, 863009866, 141460309, 3727509840, 2514001935, 2043850866, 2179832035, 2517147883, 3076011541, 2514707502, 306338325, 2451463350, 2695847086, 3982523376, 3238610560, 264056039, 2168742612, 1815467916, 285597537, 4191631297, 47754517, 3704386741, 630471474, 1092623489, 3458655481, 3846762559, 3548770678, 1303884178, 211760779, 4168841912, 763524604, 1594523736, 2234975769, 2237752117, 3388176958, 1181740078, 1968065111, 2006183682, 972554575, 3132438306, 1632911602, 3001622351, 3630309866, 1096630068, 4119385352, 3712846592, 2057789706, 3911114177, 4178702149, 4120609220, 3210879996, 426544110, 1702856625, 3603950350, 2213343088, 3124051471, 3893858172, 695657320, 3822854412, 1273935590, 445135030, 727961806, 3428432342, 3507947219, 3596256658, 2479160612, 3260096037, 1312764358, 2930757062, 3666477, 1055786186, 3228245593, 27962236, 4163986388, 101750103, 3132459718, 3502082182, 4084484465, 4164571828, 3504134999, 2534833893, 2058159102, 3559707861, 777054643, 1272724169, 2036566436, 1163522328, 2530619559, 2410605108, 1945818314, 3407666344, 3187314693, 2403563364, 1130774732, 3371824760, 463662512, 2247961920, 3524893210, 3728285824, 2896412209, 1631384115, 3454146845, 810000990, 1869540387, 265916108, 3053084959, 1392581658, 3323990736, 2290544298, 46601140, 2581354709, 3314177604, 4097968662, 2189876641, 677099102, 41759314, 558766519, 2099636750, 3213988084, 2921669808, 3848549629, 2870704093, 2844033710, 1405500800, 504075150, 676158347, 2367175625, 3659718511, 3077847449, 1644799124, 3544300132, 3090153809, 183129068, 1822395948, 820410607, 4130360429, 3633656917, 2114118420, 1846274885, 3702067966, 2167816444, 920713332, 41203680, 450381590, 56576930, 2293775298, 3264486576, 2042785171, 1443326691, 3224042528, 1441141504, 3029573887, 1393631929, 3195660190, 1319146119, 3728419410, 1640511306, 1396795917, 3769740185, 795913347, 3048629270, 2771956624, 766658834, 2528632251, 3642728307, 609639977, 2645566563, 3065229929, 161052426, 735815239, 3682747799, 1258991693, 465279241, 3522635170, 1625673931, 688016626, 1927512337, 1412857036, 3159041086, 4089680615, 2731097693, 1515425679, 1750533621, 853561846, 2492903623, 4204350134, 1930579487, 1051614426, 731301262, 87170976, 1813092669, 243970034, 2690630785, 1859396024, 2535335225, 1773874460, 4249891756, 4169897748, 4208874686, 1437085557, 3029581822, 2785162563, 131503843, 1824072144, 1904241480, 1619071340, 2541364295, 3364567040, 3809328635, 897231308, 3016499984, 2794380908, 2613937780, 3291598221, 48147675, 2543917131, 2111405367, 2768271051, 1174520525, 4014612716, 1299865760, 951940168, 3562163316, 1479864874, 3642744654, 1462185151, 456695649, 2457849342, 2395613275, 3033112512, 1862008068, 1263514412, 2753719745, 2876837721, 3220515474, 1755227211, 3699876647, 1957830924, 1866989267, 1902391262, 817152335, 1190191728, 4274871924, 868858221, 58911527, 3107671365, 3866765718, 2758292364, 2777377492, 472676240, 2569447923, 3473296257, 2184770850, 2456548628, 1402131822, 3212795912, 2750887551, 2920127759, 3228443991, 131490590, 4217116482, 2830730239, 1145466772, 2854006842, 2937039128, 1094479600, 12308639, 3448869746, 2212881874, 3065003457, 3890727926, 2481431996, 163871138, 2290153253, 543958758, 42251655, 2523381019, 2547705533, 3048527003, 1646775972, 301751932, 2096143537, 442595735, 3218563171, 3046450393, 2886324113, 609412259, 3036521367, 1050934129, 154032606, 1623800020, 3615771219, 496447644, 964183377, 1012489280, 2018462546, 708353805, 717120254, 3505865642, 194829253, 4128519516, 1933227474, 1822041557, 589706223, 1646088313, 55777717, 2665014546, 62276498, 3525376952, 2551378551, 351931968, 2738798340, 3993971173, 3736121069, 957707479, 3074316848, 4265542595, 222401976, 3748318893, 1418343937, 417302463, 2665857098, 284388191, 4125212468, 2912192914, 389175596, 2851099428, 962939151, 562833382, 3593423132, 4270452905, 188056319, 2863862275, 3800829164, 2993493634, 3751434379, 4271251271, 2650447754, 3086212899, 1027209330, 2306775010, 2517752647, 3336553624, 2847934023, 2815470320, 2826413223, 319916522, 347508757, 838642666, 343607716, 1567008575, 1305518954, 1023003361, 2513267204, 473092329, 4000669834, 3917443525, 221205423, 1152566906, 983655118, 385359470, 3601094787, 501830342, 3195944114, 889786606, 227819820, 236260311, 1624216296, 280482408, 2913279373, 552602911, 4056015947, 1941105607, 4262312359, 430767429, 4003877275, 2604245293, 709327436, 3368629063, 3904063765, 211413772, 1440808617, 1648571178, 3838336162, 1708285362, 1078853807, 773811763, 491149249, 474297113, 4144831471, 3389103084, 1120012180, 2922473681, 2220266556, 1722964869, 1902746265, 3571490985, 3038533846, 2649086227, 1914721380, 2789016822, 3033859996, 922319911, 4187202577, 2034005166, 4248616920, 2119089791, 2788560664, 2999716529, 501378260, 951951604, 2301834362, 3240989278, 610529525, 4274261309, 3147215998, 3981897665, 2954236100, 618787223, 767081702, 3422472129, 1071413572, 600085657, 2469912506, 4118736848, 3038639282, 716980654, 4032596669, 719632261, 3862646611, 2360675959, 3606401976, 314597707, 2223002123, 1337226712, 415354816, 2669918449, 1861784887, 2389725189, 2980764151, 90414176, 1929418932, 226752342, 2318658048, 113792518, 554677047, 948689752, 4153332836, 4177840872, 789235166, 270151734, 2507773484, 3472081370, 2536182394, 4139517297, 3179414634, 140841471, 627412623, 150), None)
Loaded weights: 78.64696754384885, 8.295409867290305, -0.3033284120409354, -0.7829865263788203, 4.217013473621179
events: 
  ----
(3, (1485027968, 309378485, 440014942, 3473194628, 4184251, 556421800, 1450083122, 3649917781, 1029410991, 1911680110, 409930081, 3818660914, 2166016683, 2782114967, 787385161, 1892025957, 1787256289, 2665109447, 3396164296, 208719428, 178890156, 2358155757, 118763862, 2104286713, 3203929953, 1173335916, 3731836844, 3334668316, 2294787672, 2052838317, 2057820504, 2830597340, 1996119199, 271805030, 2537528715, 7809249, 1001942840, 2385981898, 557534187, 4060670155, 2400022115, 4253540766, 1769672543, 821040042, 4183491167, 2887780349, 4210934607, 983887635, 1915287649, 341998676, 3311630857, 3104549728, 2460725871, 2891878368, 453358309, 1782769906, 1041807028, 3574416677, 61993837, 3790412906, 1193421632, 2079305416, 3349927863, 3197919291, 1124419372, 351283985, 3111589910, 4097863135, 1110797495, 561844722, 396737139, 2466730327, 4239260739, 2569934712, 1963143247, 2633373550, 3259663195, 2745477256, 413785982, 4177953711, 3569596619, 490722975, 1170415496, 2299900361, 797848707, 1110007718, 2299323893, 2648156171, 2414407204, 184647467, 2139721794, 1042338408, 1025751042, 2678494752, 3761473899, 2869343337, 2634344343, 1060239371, 1777479309, 1314270837, 194482998, 2862116425, 1198997324, 2733887100, 3856300698, 4002529896, 3740636512, 219208284, 2544395833, 3565666788, 3337019536, 3706219029, 3032578718, 374970174, 2577218071, 1084790795, 1907725928, 3017467171, 2379140768, 3748134356, 2199756195, 1214351734, 2126661153, 1787079701, 2012266733, 2057758059, 2958587134, 2139777690, 3775302726, 1548234654, 1575053123, 2858412489, 793755046, 2166900449, 4138542588, 41834583, 692421035, 2030336199, 1308249141, 1538409136, 3460360212, 1798266887, 1554508990, 3352364524, 662015116, 360159550, 3160918389, 3699282632, 3375441988, 2886599221, 1268585887, 3717698206, 2424085212, 1205073556, 3386889055, 3202503265, 1437571733, 123460941, 1916609951, 63746318, 3704683719, 704989893, 3587213762, 14858794, 3818252609, 2831310841, 3262926639, 1958944537, 3856705362, 2356196486, 78927631, 1158814178, 1870633712, 3984661449, 349899521, 54586722, 2142028873, 846033673, 472816922, 364767052, 993043249, 2467422549, 448110448, 2135597954, 3791647812, 1925237062, 355125366, 860141523, 1427234615, 1601605088, 2351204002, 1228084617, 3292040228, 2029647590, 1054828512, 101918682, 1633903821, 4039800743, 2023087203, 1732974243, 2406533573, 2249841855, 1686471400, 3989956659, 2909258369, 2360939999, 172275701, 75196944, 1095509504, 1445181346, 1959336894, 3918539212, 254084923, 4108357820, 510437216, 1423459202, 3498545529, 178720461, 1208472249, 3737026661, 364207744, 2864527468, 1217180912, 2512858110, 2079940676, 862548055, 2840860654, 3345744128, 957319218, 3153075181, 2347739243, 2711027008, 3330808121, 789351280, 3277522211, 2206984935, 462219933, 2297595982, 4184302304, 3214413057, 3891932887, 2428815612, 3277257055, 3954834293, 428503097, 1413447816, 424664766, 2080421419, 572684124, 1441988096, 2971923643, 3963618923, 1730851838, 2401535348, 1489875104, 3370676217, 1544002706, 1907240619, 901400605, 960798122, 329945805, 40965815, 966553671, 24538882, 1395377006, 3571423755, 2047721888, 1139734351, 3980756246, 4213779830, 210016347, 741282120, 1679915071, 2932277793, 3025556385, 672170800, 869030460, 2807178333, 3877915632, 3660793759, 2548732048, 3207378636, 3851782616, 369948182, 2390735000, 961521847, 3212444777, 4245957093, 46934823, 2731005321, 400743636, 1133984961, 2365235266, 3710759068, 1864750598, 2508803496, 3079205631, 1072175548, 188343193, 2972726152, 2156070835, 2492136485, 3018639999, 4107203782, 712511730, 1419175877, 2025017853, 2253962927, 218408709, 1443945888, 2783992226, 452013540, 3366770832, 1407471462, 3866104559, 160229973, 2551066360, 2356252203, 1554454993, 702885332, 1579118590, 203527598, 1399989764, 3327601122, 1409093145, 1780237497, 3724770541, 3296015651, 991485401, 4132337196, 458785334, 747762421, 3966889559, 2624891995, 255541674, 1176118793, 2910643327, 3001257449, 1750587428, 688601890, 3363230705, 2450534541, 1495759678, 3476424036, 4108468471, 1158229616, 344946264, 1411455382, 2508428405, 1191791284, 2402738972, 3926442541, 1092845840, 1979397057, 248000485, 3354564065, 3373507026, 3273297359, 3213270958, 1009969113, 2621151199, 1811254880, 362471846, 3604991016, 965192592, 1089413312, 2557992693, 2078165502, 3131647058, 117585641, 2244407523, 870269126, 1877302181, 3232077622, 3791408855, 1231800130, 2868401297, 1708809989, 78478173, 981032484, 1638779074, 2064275284, 3830124004, 2854648770, 1606500683, 2000597867, 800302512, 3390336361, 3840031053, 1777246649, 1230172666, 445245176, 1437884369, 521339377, 1253817069, 3361256695, 1991764109, 2655681831, 128826030, 301519976, 1300569510, 3603480186, 280405904, 1278427064, 3555300067, 2860134120, 1529041826, 732854966, 1358073857, 2186943560, 1614770382, 86310567, 2683661553, 764758652, 4147830304, 2770451451, 1700405386, 3030482848, 140072889, 3032701120, 3310947569, 829688, 3996637184, 3367752318, 1067452755, 1083755181, 1154849393, 3861926501, 3578918000, 1516709849, 907702888, 1147019276, 3873865276, 3416887256, 1822403827, 2578579296, 3365055766, 1088468295, 480305375, 3963300741, 1031194128, 3859000052, 2468580374, 2052754373, 1542406853, 3677511265, 2930524503, 2620638659, 2378551285, 2734657415, 3697561355, 1860853449, 3437007204, 29791849, 3090988078, 3179337138, 4052918650, 3828301958, 189018751, 3917320268, 489024557, 2644669268, 1183980056, 167790911, 3484123034, 3174862230, 1173616804, 2166073223, 2763611165, 2763811011, 2535437609, 3017060730, 3221688537, 1196359464, 209339921, 2408887618, 536224454, 667302021, 1939618996, 3654629720, 1766290836, 2672924871, 664381688, 3536094086, 3480013097, 3272423997, 2729646568, 2557878528, 2054187677, 1846910272, 3397657193, 1584086670, 2060555785, 2004992008, 1629224436, 2306666759, 2465718844, 4242151379, 4078450718, 1368644039, 1504597087, 4085853592, 2841608865, 1142105220, 1435170277, 1118023588, 3453569133, 3146412775, 2326830909, 542301122, 4207158696, 253397867, 1811696848, 2119782820, 1044359097, 1396181759, 1516191215, 1827460485, 654483882, 2874031307, 1850015302, 3581013045, 4269820820, 2738385924, 3895659454, 296316133, 1614492313, 409808792, 1925081075, 66694660, 840128521, 3055061732, 1308709345, 1556087603, 3241101184, 3791703093, 137667309, 3813613795, 4235822916, 1311542202, 4288971079, 3476402255, 292257227, 2025162366, 1940053321, 459877887, 2214823699, 1223304480, 1758671773, 1508201748, 1592607717, 2187609015, 573272160, 1205009880, 1571881135, 2158084515, 1872534756, 3442914502, 2923699740, 224513168, 1619152502, 3420389366, 2754757690, 3727747470, 641099721, 1500405301, 1579270297, 2565728252, 565930138, 390510747, 462580954, 332507656, 581894176, 60894473, 2847513556, 1084221850, 1782053132, 1099847896, 1139268701, 1506275979, 2355370950, 595542489, 3901128875, 3854240162, 2549027915, 3527303853, 45790760, 2694761613, 2592990532, 617863868, 1984469966, 2769286681, 305219906, 1581478726, 1344359761, 2253335616, 829066326, 3275021017, 434983948, 2427450781, 4240211331, 1554139851, 3418350556, 1980749238, 81118920, 3320101044, 2468603625, 803052930, 2969169809, 3712528205, 3205248501, 2330272490, 2838090174, 2029615203, 564716018, 2787531256, 3569539043, 4286562666, 2419503433, 389175710, 364603442, 41218248, 2777676675, 452343245, 10), None)
Loaded weights: 78.48888853478077, 7.005570049390512, -0.3033284120409354, -0.7829865263788203, -3.3221192797333243
events: me was killed by stupid, 
  ----
(3, (1485027968, 309378485, 440014942, 3473194628, 4184251, 556421800, 1450083122, 3649917781, 1029410991, 1911680110, 409930081, 3818660914, 2166016683, 2782114967, 787385161, 1892025957, 1787256289, 2665109447, 3396164296, 208719428, 178890156, 2358155757, 118763862, 2104286713, 3203929953, 1173335916, 3731836844, 3334668316, 2294787672, 2052838317, 2057820504, 2830597340, 1996119199, 271805030, 2537528715, 7809249, 1001942840, 2385981898, 557534187, 4060670155, 2400022115, 4253540766, 1769672543, 821040042, 4183491167, 2887780349, 4210934607, 983887635, 1915287649, 341998676, 3311630857, 3104549728, 2460725871, 2891878368, 453358309, 1782769906, 1041807028, 3574416677, 61993837, 3790412906, 1193421632, 2079305416, 3349927863, 3197919291, 1124419372, 351283985, 3111589910, 4097863135, 1110797495, 561844722, 396737139, 2466730327, 4239260739, 2569934712, 1963143247, 2633373550, 3259663195, 2745477256, 413785982, 4177953711, 3569596619, 490722975, 1170415496, 2299900361, 797848707, 1110007718, 2299323893, 2648156171, 2414407204, 184647467, 2139721794, 1042338408, 1025751042, 2678494752, 3761473899, 2869343337, 2634344343, 1060239371, 1777479309, 1314270837, 194482998, 2862116425, 1198997324, 2733887100, 3856300698, 4002529896, 3740636512, 219208284, 2544395833, 3565666788, 3337019536, 3706219029, 3032578718, 374970174, 2577218071, 1084790795, 1907725928, 3017467171, 2379140768, 3748134356, 2199756195, 1214351734, 2126661153, 1787079701, 2012266733, 2057758059, 2958587134, 2139777690, 3775302726, 1548234654, 1575053123, 2858412489, 793755046, 2166900449, 4138542588, 41834583, 692421035, 2030336199, 1308249141, 1538409136, 3460360212, 1798266887, 1554508990, 3352364524, 662015116, 360159550, 3160918389, 3699282632, 3375441988, 2886599221, 1268585887, 3717698206, 2424085212, 1205073556, 3386889055, 3202503265, 1437571733, 123460941, 1916609951, 63746318, 3704683719, 704989893, 3587213762, 14858794, 3818252609, 2831310841, 3262926639, 1958944537, 3856705362, 2356196486, 78927631, 1158814178, 1870633712, 3984661449, 349899521, 54586722, 2142028873, 846033673, 472816922, 364767052, 993043249, 2467422549, 448110448, 2135597954, 3791647812, 1925237062, 355125366, 860141523, 1427234615, 1601605088, 2351204002, 1228084617, 3292040228, 2029647590, 1054828512, 101918682, 1633903821, 4039800743, 2023087203, 1732974243, 2406533573, 2249841855, 1686471400, 3989956659, 2909258369, 2360939999, 172275701, 75196944, 1095509504, 1445181346, 1959336894, 3918539212, 254084923, 4108357820, 510437216, 1423459202, 3498545529, 178720461, 1208472249, 3737026661, 364207744, 2864527468, 1217180912, 2512858110, 2079940676, 862548055, 2840860654, 3345744128, 957319218, 3153075181, 2347739243, 2711027008, 3330808121, 789351280, 3277522211, 2206984935, 462219933, 2297595982, 4184302304, 3214413057, 3891932887, 2428815612, 3277257055, 3954834293, 428503097, 1413447816, 424664766, 2080421419, 572684124, 1441988096, 2971923643, 3963618923, 1730851838, 2401535348, 1489875104, 3370676217, 1544002706, 1907240619, 901400605, 960798122, 329945805, 40965815, 966553671, 24538882, 1395377006, 3571423755, 2047721888, 1139734351, 3980756246, 4213779830, 210016347, 741282120, 1679915071, 2932277793, 3025556385, 672170800, 869030460, 2807178333, 3877915632, 3660793759, 2548732048, 3207378636, 3851782616, 369948182, 2390735000, 961521847, 3212444777, 4245957093, 46934823, 2731005321, 400743636, 1133984961, 2365235266, 3710759068, 1864750598, 2508803496, 3079205631, 1072175548, 188343193, 2972726152, 2156070835, 2492136485, 3018639999, 4107203782, 712511730, 1419175877, 2025017853, 2253962927, 218408709, 1443945888, 2783992226, 452013540, 3366770832, 1407471462, 3866104559, 160229973, 2551066360, 2356252203, 1554454993, 702885332, 1579118590, 203527598, 1399989764, 3327601122, 1409093145, 1780237497, 3724770541, 3296015651, 991485401, 4132337196, 458785334, 747762421, 3966889559, 2624891995, 255541674, 1176118793, 2910643327, 3001257449, 1750587428, 688601890, 3363230705, 2450534541, 1495759678, 3476424036, 4108468471, 1158229616, 344946264, 1411455382, 2508428405, 1191791284, 2402738972, 3926442541, 1092845840, 1979397057, 248000485, 3354564065, 3373507026, 3273297359, 3213270958, 1009969113, 2621151199, 1811254880, 362471846, 3604991016, 965192592, 1089413312, 2557992693, 2078165502, 3131647058, 117585641, 2244407523, 870269126, 1877302181, 3232077622, 3791408855, 1231800130, 2868401297, 1708809989, 78478173, 981032484, 1638779074, 2064275284, 3830124004, 2854648770, 1606500683, 2000597867, 800302512, 3390336361, 3840031053, 1777246649, 1230172666, 445245176, 1437884369, 521339377, 1253817069, 3361256695, 1991764109, 2655681831, 128826030, 301519976, 1300569510, 3603480186, 280405904, 1278427064, 3555300067, 2860134120, 1529041826, 732854966, 1358073857, 2186943560, 1614770382, 86310567, 2683661553, 764758652, 4147830304, 2770451451, 1700405386, 3030482848, 140072889, 3032701120, 3310947569, 829688, 3996637184, 3367752318, 1067452755, 1083755181, 1154849393, 3861926501, 3578918000, 1516709849, 907702888, 1147019276, 3873865276, 3416887256, 1822403827, 2578579296, 3365055766, 1088468295, 480305375, 3963300741, 1031194128, 3859000052, 2468580374, 2052754373, 1542406853, 3677511265, 2930524503, 2620638659, 2378551285, 2734657415, 3697561355, 1860853449, 3437007204, 29791849, 3090988078, 3179337138, 4052918650, 3828301958, 189018751, 3917320268, 489024557, 2644669268, 1183980056, 167790911, 3484123034, 3174862230, 1173616804, 2166073223, 2763611165, 2763811011, 2535437609, 3017060730, 3221688537, 1196359464, 209339921, 2408887618, 536224454, 667302021, 1939618996, 3654629720, 1766290836, 2672924871, 664381688, 3536094086, 3480013097, 3272423997, 2729646568, 2557878528, 2054187677, 1846910272, 3397657193, 1584086670, 2060555785, 2004992008, 1629224436, 2306666759, 2465718844, 4242151379, 4078450718, 1368644039, 1504597087, 4085853592, 2841608865, 1142105220, 1435170277, 1118023588, 3453569133, 3146412775, 2326830909, 542301122, 4207158696, 253397867, 1811696848, 2119782820, 1044359097, 1396181759, 1516191215, 1827460485, 654483882, 2874031307, 1850015302, 3581013045, 4269820820, 2738385924, 3895659454, 296316133, 1614492313, 409808792, 1925081075, 66694660, 840128521, 3055061732, 1308709345, 1556087603, 3241101184, 3791703093, 137667309, 3813613795, 4235822916, 1311542202, 4288971079, 3476402255, 292257227, 2025162366, 1940053321, 459877887, 2214823699, 1223304480, 1758671773, 1508201748, 1592607717, 2187609015, 573272160, 1205009880, 1571881135, 2158084515, 1872534756, 3442914502, 2923699740, 224513168, 1619152502, 3420389366, 2754757690, 3727747470, 641099721, 1500405301, 1579270297, 2565728252, 565930138, 390510747, 462580954, 332507656, 581894176, 60894473, 2847513556, 1084221850, 1782053132, 1099847896, 1139268701, 1506275979, 2355370950, 595542489, 3901128875, 3854240162, 2549027915, 3527303853, 45790760, 2694761613, 2592990532, 617863868, 1984469966, 2769286681, 305219906, 1581478726, 1344359761, 2253335616, 829066326, 3275021017, 434983948, 2427450781, 4240211331, 1554139851, 3418350556, 1980749238, 81118920, 3320101044, 2468603625, 803052930, 2969169809, 3712528205, 3205248501, 2330272490, 2838090174, 2029615203, 564716018, 2787531256, 3569539043, 4286562666, 2419503433, 389175710, 364603442, 41218248, 2777676675, 452343245, 170), None)
Loaded weights: 78.6547522596014, 6.709668579646307, -0.3033284120409354, -0.7829865263788203, -1.2829865263788203
events: 
  ----
(3, (1485027968, 309378485, 440014942, 3473194628, 4184251, 556421800, 1450083122, 3649917781, 1029410991, 1911680110, 409930081, 3818660914, 2166016683, 2782114967, 787385161, 1892025957, 1787256289, 2665109447, 3396164296, 208719428, 178890156, 2358155757, 118763862, 2104286713, 3203929953, 1173335916, 3731836844, 3334668316, 2294787672, 2052838317, 2057820504, 2830597340, 1996119199, 271805030, 2537528715, 7809249, 1001942840, 2385981898, 557534187, 4060670155, 2400022115, 4253540766, 1769672543, 821040042, 4183491167, 2887780349, 4210934607, 983887635, 1915287649, 341998676, 3311630857, 3104549728, 2460725871, 2891878368, 453358309, 1782769906, 1041807028, 3574416677, 61993837, 3790412906, 1193421632, 2079305416, 3349927863, 3197919291, 1124419372, 351283985, 3111589910, 4097863135, 1110797495, 561844722, 396737139, 2466730327, 4239260739, 2569934712, 1963143247, 2633373550, 3259663195, 2745477256, 413785982, 4177953711, 3569596619, 490722975, 1170415496, 2299900361, 797848707, 1110007718, 2299323893, 2648156171, 2414407204, 184647467, 2139721794, 1042338408, 1025751042, 2678494752, 3761473899, 2869343337, 2634344343, 1060239371, 1777479309, 1314270837, 194482998, 2862116425, 1198997324, 2733887100, 3856300698, 4002529896, 3740636512, 219208284, 2544395833, 3565666788, 3337019536, 3706219029, 3032578718, 374970174, 2577218071, 1084790795, 1907725928, 3017467171, 2379140768, 3748134356, 2199756195, 1214351734, 2126661153, 1787079701, 2012266733, 2057758059, 2958587134, 2139777690, 3775302726, 1548234654, 1575053123, 2858412489, 793755046, 2166900449, 4138542588, 41834583, 692421035, 2030336199, 1308249141, 1538409136, 3460360212, 1798266887, 1554508990, 3352364524, 662015116, 360159550, 3160918389, 3699282632, 3375441988, 2886599221, 1268585887, 3717698206, 2424085212, 1205073556, 3386889055, 3202503265, 1437571733, 123460941, 1916609951, 63746318, 3704683719, 704989893, 3587213762, 14858794, 3818252609, 2831310841, 3262926639, 1958944537, 3856705362, 2356196486, 78927631, 1158814178, 1870633712, 3984661449, 349899521, 54586722, 2142028873, 846033673, 472816922, 364767052, 993043249, 2467422549, 448110448, 2135597954, 3791647812, 1925237062, 355125366, 860141523, 1427234615, 1601605088, 2351204002, 1228084617, 3292040228, 2029647590, 1054828512, 101918682, 1633903821, 4039800743, 2023087203, 1732974243, 2406533573, 2249841855, 1686471400, 3989956659, 2909258369, 2360939999, 172275701, 75196944, 1095509504, 1445181346, 1959336894, 3918539212, 254084923, 4108357820, 510437216, 1423459202, 3498545529, 178720461, 1208472249, 3737026661, 364207744, 2864527468, 1217180912, 2512858110, 2079940676, 862548055, 2840860654, 3345744128, 957319218, 3153075181, 2347739243, 2711027008, 3330808121, 789351280, 3277522211, 2206984935, 462219933, 2297595982, 4184302304, 3214413057, 3891932887, 2428815612, 3277257055, 3954834293, 428503097, 1413447816, 424664766, 2080421419, 572684124, 1441988096, 2971923643, 3963618923, 1730851838, 2401535348, 1489875104, 3370676217, 1544002706, 1907240619, 901400605, 960798122, 329945805, 40965815, 966553671, 24538882, 1395377006, 3571423755, 2047721888, 1139734351, 3980756246, 4213779830, 210016347, 741282120, 1679915071, 2932277793, 3025556385, 672170800, 869030460, 2807178333, 3877915632, 3660793759, 2548732048, 3207378636, 3851782616, 369948182, 2390735000, 961521847, 3212444777, 4245957093, 46934823, 2731005321, 400743636, 1133984961, 2365235266, 3710759068, 1864750598, 2508803496, 3079205631, 1072175548, 188343193, 2972726152, 2156070835, 2492136485, 3018639999, 4107203782, 712511730, 1419175877, 2025017853, 2253962927, 218408709, 1443945888, 2783992226, 452013540, 3366770832, 1407471462, 3866104559, 160229973, 2551066360, 2356252203, 1554454993, 702885332, 1579118590, 203527598, 1399989764, 3327601122, 1409093145, 1780237497, 3724770541, 3296015651, 991485401, 4132337196, 458785334, 747762421, 3966889559, 2624891995, 255541674, 1176118793, 2910643327, 3001257449, 1750587428, 688601890, 3363230705, 2450534541, 1495759678, 3476424036, 4108468471, 1158229616, 344946264, 1411455382, 2508428405, 1191791284, 2402738972, 3926442541, 1092845840, 1979397057, 248000485, 3354564065, 3373507026, 3273297359, 3213270958, 1009969113, 2621151199, 1811254880, 362471846, 3604991016, 965192592, 1089413312, 2557992693, 2078165502, 3131647058, 117585641, 2244407523, 870269126, 1877302181, 3232077622, 3791408855, 1231800130, 2868401297, 1708809989, 78478173, 981032484, 1638779074, 2064275284, 3830124004, 2854648770, 1606500683, 2000597867, 800302512, 3390336361, 3840031053, 1777246649, 1230172666, 445245176, 1437884369, 521339377, 1253817069, 3361256695, 1991764109, 2655681831, 128826030, 301519976, 1300569510, 3603480186, 280405904, 1278427064, 3555300067, 2860134120, 1529041826, 732854966, 1358073857, 2186943560, 1614770382, 86310567, 2683661553, 764758652, 4147830304, 2770451451, 1700405386, 3030482848, 140072889, 3032701120, 3310947569, 829688, 3996637184, 3367752318, 1067452755, 1083755181, 1154849393, 3861926501, 3578918000, 1516709849, 907702888, 1147019276, 3873865276, 3416887256, 1822403827, 2578579296, 3365055766, 1088468295, 480305375, 3963300741, 1031194128, 3859000052, 2468580374, 2052754373, 1542406853, 3677511265, 2930524503, 2620638659, 2378551285, 2734657415, 3697561355, 1860853449, 3437007204, 29791849, 3090988078, 3179337138, 4052918650, 3828301958, 189018751, 3917320268, 489024557, 2644669268, 1183980056, 167790911, 3484123034, 3174862230, 1173616804, 2166073223, 2763611165, 2763811011, 2535437609, 3017060730, 3221688537, 1196359464, 209339921, 2408887618, 536224454, 667302021, 1939618996, 3654629720, 1766290836, 2672924871, 664381688, 3536094086, 3480013097, 3272423997, 2729646568, 2557878528, 2054187677, 1846910272, 3397657193, 1584086670, 2060555785, 2004992008, 1629224436, 2306666759, 2465718844, 4242151379, 4078450718, 1368644039, 1504597087, 4085853592, 2841608865, 1142105220, 1435170277, 1118023588, 3453569133, 3146412775, 2326830909, 542301122, 4207158696, 253397867, 1811696848, 2119782820, 1044359097, 1396181759, 1516191215, 1827460485, 654483882, 2874031307, 1850015302, 3581013045, 4269820820, 2738385924, 3895659454, 296316133, 1614492313, 409808792, 1925081075, 66694660, 840128521, 3055061732, 1308709345, 1556087603, 3241101184, 3791703093, 137667309, 3813613795, 4235822916, 1311542202, 4288971079, 3476402255, 292257227, 2025162366, 1940053321, 459877887, 2214823699, 1223304480, 1758671773, 1508201748, 1592607717, 2187609015, 573272160, 1205009880, 1571881135, 2158084515, 1872534756, 3442914502, 2923699740, 224513168, 1619152502, 3420389366, 2754757690, 3727747470, 641099721, 1500405301, 1579270297, 2565728252, 565930138, 390510747, 462580954, 332507656, 581894176, 60894473, 2847513556, 1084221850, 1782053132, 1099847896, 1139268701, 1506275979, 2355370950, 595542489, 3901128875, 3854240162, 2549027915, 3527303853, 45790760, 2694761613, 2592990532, 617863868, 1984469966, 2769286681, 305219906, 1581478726, 1344359761, 2253335616, 829066326, 3275021017, 434983948, 2427450781, 4240211331, 1554139851, 3418350556, 1980749238, 81118920, 3320101044, 2468603625, 803052930, 2969169809, 3712528205, 3205248501, 2330272490, 2838090174, 2029615203, 564716018, 2787531256, 3569539043, 4286562666, 2419503433, 389175710, 364603442, 41218248, 2777676675, 452343245, 339), None)
Loaded weights: 78.93474387529454, 8.214583772154457, -0.3033284120409354, -0.7829865263788203, -1.2829865263788203
events: 
  ----
(3, (1485027968, 309378485, 440014942, 3473194628, 4184251, 556421800, 1450083122, 3649917781, 1029410991, 1911680110, 409930081, 3818660914, 2166016683, 2782114967, 787385161, 1892025957, 1787256289, 2665109447, 3396164296, 208719428, 178890156, 2358155757, 118763862, 2104286713, 3203929953, 1173335916, 3731836844, 3334668316, 2294787672, 2052838317, 2057820504, 2830597340, 1996119199, 271805030, 2537528715, 7809249, 1001942840, 2385981898, 557534187, 4060670155, 2400022115, 4253540766, 1769672543, 821040042, 4183491167, 2887780349, 4210934607, 983887635, 1915287649, 341998676, 3311630857, 3104549728, 2460725871, 2891878368, 453358309, 1782769906, 1041807028, 3574416677, 61993837, 3790412906, 1193421632, 2079305416, 3349927863, 3197919291, 1124419372, 351283985, 3111589910, 4097863135, 1110797495, 561844722, 396737139, 2466730327, 4239260739, 2569934712, 1963143247, 2633373550, 3259663195, 2745477256, 413785982, 4177953711, 3569596619, 490722975, 1170415496, 2299900361, 797848707, 1110007718, 2299323893, 2648156171, 2414407204, 184647467, 2139721794, 1042338408, 1025751042, 2678494752, 3761473899, 2869343337, 2634344343, 1060239371, 1777479309, 1314270837, 194482998, 2862116425, 1198997324, 2733887100, 3856300698, 4002529896, 3740636512, 219208284, 2544395833, 3565666788, 3337019536, 3706219029, 3032578718, 374970174, 2577218071, 1084790795, 1907725928, 3017467171, 2379140768, 3748134356, 2199756195, 1214351734, 2126661153, 1787079701, 2012266733, 2057758059, 2958587134, 2139777690, 3775302726, 1548234654, 1575053123, 2858412489, 793755046, 2166900449, 4138542588, 41834583, 692421035, 2030336199, 1308249141, 1538409136, 3460360212, 1798266887, 1554508990, 3352364524, 662015116, 360159550, 3160918389, 3699282632, 3375441988, 2886599221, 1268585887, 3717698206, 2424085212, 1205073556, 3386889055, 3202503265, 1437571733, 123460941, 1916609951, 63746318, 3704683719, 704989893, 3587213762, 14858794, 3818252609, 2831310841, 3262926639, 1958944537, 3856705362, 2356196486, 78927631, 1158814178, 1870633712, 3984661449, 349899521, 54586722, 2142028873, 846033673, 472816922, 364767052, 993043249, 2467422549, 448110448, 2135597954, 3791647812, 1925237062, 355125366, 860141523, 1427234615, 1601605088, 2351204002, 1228084617, 3292040228, 2029647590, 1054828512, 101918682, 1633903821, 4039800743, 2023087203, 1732974243, 2406533573, 2249841855, 1686471400, 3989956659, 2909258369, 2360939999, 172275701, 75196944, 1095509504, 1445181346, 1959336894, 3918539212, 254084923, 4108357820, 510437216, 1423459202, 3498545529, 178720461, 1208472249, 3737026661, 364207744, 2864527468, 1217180912, 2512858110, 2079940676, 862548055, 2840860654, 3345744128, 957319218, 3153075181, 2347739243, 2711027008, 3330808121, 789351280, 3277522211, 2206984935, 462219933, 2297595982, 4184302304, 3214413057, 3891932887, 2428815612, 3277257055, 3954834293, 428503097, 1413447816, 424664766, 2080421419, 572684124, 1441988096, 2971923643, 3963618923, 1730851838, 2401535348, 1489875104, 3370676217, 1544002706, 1907240619, 901400605, 960798122, 329945805, 40965815, 966553671, 24538882, 1395377006, 3571423755, 2047721888, 1139734351, 3980756246, 4213779830, 210016347, 741282120, 1679915071, 2932277793, 3025556385, 672170800, 869030460, 2807178333, 3877915632, 3660793759, 2548732048, 3207378636, 3851782616, 369948182, 2390735000, 961521847, 3212444777, 4245957093, 46934823, 2731005321, 400743636, 1133984961, 2365235266, 3710759068, 1864750598, 2508803496, 3079205631, 1072175548, 188343193, 2972726152, 2156070835, 2492136485, 3018639999, 4107203782, 712511730, 1419175877, 2025017853, 2253962927, 218408709, 1443945888, 2783992226, 452013540, 3366770832, 1407471462, 3866104559, 160229973, 2551066360, 2356252203, 1554454993, 702885332, 1579118590, 203527598, 1399989764, 3327601122, 1409093145, 1780237497, 3724770541, 3296015651, 991485401, 4132337196, 458785334, 747762421, 3966889559, 2624891995, 255541674, 1176118793, 2910643327, 3001257449, 1750587428, 688601890, 3363230705, 2450534541, 1495759678, 3476424036, 4108468471, 1158229616, 344946264, 1411455382, 2508428405, 1191791284, 2402738972, 3926442541, 1092845840, 1979397057, 248000485, 3354564065, 3373507026, 3273297359, 3213270958, 1009969113, 2621151199, 1811254880, 362471846, 3604991016, 965192592, 1089413312, 2557992693, 2078165502, 3131647058, 117585641, 2244407523, 870269126, 1877302181, 3232077622, 3791408855, 1231800130, 2868401297, 1708809989, 78478173, 981032484, 1638779074, 2064275284, 3830124004, 2854648770, 1606500683, 2000597867, 800302512, 3390336361, 3840031053, 1777246649, 1230172666, 445245176, 1437884369, 521339377, 1253817069, 3361256695, 1991764109, 2655681831, 128826030, 301519976, 1300569510, 3603480186, 280405904, 1278427064, 3555300067, 2860134120, 1529041826, 732854966, 1358073857, 2186943560, 1614770382, 86310567, 2683661553, 764758652, 4147830304, 2770451451, 1700405386, 3030482848, 140072889, 3032701120, 3310947569, 829688, 3996637184, 3367752318, 1067452755, 1083755181, 1154849393, 3861926501, 3578918000, 1516709849, 907702888, 1147019276, 3873865276, 3416887256, 1822403827, 2578579296, 3365055766, 1088468295, 480305375, 3963300741, 1031194128, 3859000052, 2468580374, 2052754373, 1542406853, 3677511265, 2930524503, 2620638659, 2378551285, 2734657415, 3697561355, 1860853449, 3437007204, 29791849, 3090988078, 3179337138, 4052918650, 3828301958, 189018751, 3917320268, 489024557, 2644669268, 1183980056, 167790911, 3484123034, 3174862230, 1173616804, 2166073223, 2763611165, 2763811011, 2535437609, 3017060730, 3221688537, 1196359464, 209339921, 2408887618, 536224454, 667302021, 1939618996, 3654629720, 1766290836, 2672924871, 664381688, 3536094086, 3480013097, 3272423997, 2729646568, 2557878528, 2054187677, 1846910272, 3397657193, 1584086670, 2060555785, 2004992008, 1629224436, 2306666759, 2465718844, 4242151379, 4078450718, 1368644039, 1504597087, 4085853592, 2841608865, 1142105220, 1435170277, 1118023588, 3453569133, 3146412775, 2326830909, 542301122, 4207158696, 253397867, 1811696848, 2119782820, 1044359097, 1396181759, 1516191215, 1827460485, 654483882, 2874031307, 1850015302, 3581013045, 4269820820, 2738385924, 3895659454, 296316133, 1614492313, 409808792, 1925081075, 66694660, 840128521, 3055061732, 1308709345, 1556087603, 3241101184, 3791703093, 137667309, 3813613795, 4235822916, 1311542202, 4288971079, 3476402255, 292257227, 2025162366, 1940053321, 459877887, 2214823699, 1223304480, 1758671773, 1508201748, 1592607717, 2187609015, 573272160, 1205009880, 1571881135, 2158084515, 1872534756, 3442914502, 2923699740, 224513168, 1619152502, 3420389366, 2754757690, 3727747470, 641099721, 1500405301, 1579270297, 2565728252, 565930138, 390510747, 462580954, 332507656, 581894176, 60894473, 2847513556, 1084221850, 1782053132, 1099847896, 1139268701, 1506275979, 2355370950, 595542489, 3901128875, 3854240162, 2549027915, 3527303853, 45790760, 2694761613, 2592990532, 617863868, 1984469966, 2769286681, 305219906, 1581478726, 1344359761, 2253335616, 829066326, 3275021017, 434983948, 2427450781, 4240211331, 1554139851, 3418350556, 1980749238, 81118920, 3320101044, 2468603625, 803052930, 2969169809, 3712528205, 3205248501, 2330272490, 2838090174, 2029615203, 564716018, 2787531256, 3569539043, 4286562666, 2419503433, 389175710, 364603442, 41218248, 2777676675, 452343245, 483), None)
Loaded weights: 79.28550197461455, 9.62827514948725, -0.3033284120409354, -0.7829865263788203, -1.2829865263788203
events: 
  ----
(3, (242914082, 179353217, 914000682, 2492612900, 3328022318, 998368777, 4194117325, 340585067, 2458048735, 3457968077, 442525871, 2306295179, 1237022428, 2923464117, 2756660554, 868119262, 3153121600, 2450289476, 3810122969, 1611592284, 737051529, 1272139538, 326993635, 1127069598, 1660649294, 3238035414, 2883211888, 2076434047, 2763887524, 2038855389, 4067159051, 925133536, 1384026858, 2760707186, 2641167523, 4214901152, 3434223421, 2768943577, 968702938, 370977528, 1042498952, 4044740527, 4098040400, 2564028384, 689641941, 2002115950, 3187690643, 4227042858, 3506659403, 353717388, 3233157235, 1570285085, 4107323511, 149825190, 1540041392, 3553675838, 2991096868, 1626142023, 2373344135, 2449716442, 3654850530, 2979621243, 792400014, 2091339707, 248698371, 1512674835, 3911765775, 934902046, 2910979439, 3609826626, 294698995, 1139217123, 3895157631, 1956027857, 3182410445, 942334379, 379366252, 1076799918, 706692170, 3969863292, 4031865621, 1367192432, 1146573155, 2810765066, 3192207124, 3122096861, 86501212, 2291711547, 528823671, 2641875401, 2271627316, 1692513948, 1640420944, 596989443, 2464207973, 2908443933, 2970717394, 3437910637, 928995042, 2537302951, 1889439784, 2426644408, 1089093369, 725838098, 2227293356, 3324332049, 43731370, 3344332326, 685789014, 2930391077, 1291253554, 3503301234, 1803423837, 1862404220, 4131813297, 1395034084, 4273771498, 2027471081, 1015804949, 2195276769, 148640062, 2171286117, 117758494, 3434360559, 1898589791, 3870061035, 3707584841, 3635432861, 2139978538, 3619893735, 2487905187, 622442784, 2590326187, 1229310711, 1848579600, 3282772459, 4182413199, 2128269637, 3487165805, 789894887, 265297983, 3525996827, 1841563980, 2887665409, 3314449616, 2521835950, 378195738, 389695851, 3563494458, 2026224899, 1713499247, 552435443, 973909598, 3809090197, 1142807128, 3522432501, 3715605409, 4255589055, 2168953124, 3640414808, 20750715, 2225887997, 1292931461, 3359640073, 112681173, 1543820146, 1029297885, 348533856, 525730934, 2238929857, 3127175949, 369403362, 3096348064, 3371653509, 309451961, 2222052059, 2208244818, 2813252953, 1245780540, 4003928139, 3507361965, 247272421, 1717740362, 3164332516, 1511990650, 3792954512, 1695670932, 611273487, 4253361245, 78181753, 1561327254, 3096552278, 1487872463, 1764173886, 2785437172, 3146271739, 4281268298, 3043169215, 753014734, 2950322283, 422610009, 1806669176, 1062187355, 856108060, 2213966075, 395643129, 1949458622, 611571144, 4009059173, 2840030006, 454396260, 1852038355, 3879266067, 4030359109, 2693333803, 409119197, 2762100698, 2627975281, 275884309, 2652403875, 3928055132, 4101040945, 500288609, 1749538832, 2194208828, 2972053620, 2034251085, 1392334651, 2386561960, 3934646208, 3294183300, 1007758189, 1812439985, 1096291459, 3431051207, 1179393358, 3395625962, 1725159903, 1337193428, 2739851624, 3861045707, 1559003450, 3748282299, 1849514371, 3088298752, 4022219654, 3339065750, 989837351, 1630154770, 2464468065, 2886009972, 292431537, 3331472748, 3351022112, 3334429020, 3401473517, 3629764951, 1908308186, 730211381, 3265489747, 1019033590, 413895775, 4219567649, 3844601482, 376292355, 1153161994, 2934137216, 142706435, 2357281044, 722067106, 2395242308, 2181240085, 4181650593, 2099500444, 2952515506, 3370470741, 2679434877, 3005494667, 2844374285, 3206905919, 1467514304, 687992412, 2564206901, 3044497512, 2772668867, 197388652, 1971392759, 28717742, 972174176, 1690992356, 3294912772, 145720866, 884952669, 2662999052, 1031659466, 1867435215, 2296224156, 2365914848, 1535052583, 828526713, 2816168732, 2102488877, 1112382408, 1134600981, 4084034195, 2404277355, 1992008180, 802914376, 2054544800, 1454341554, 3941616120, 2584959836, 3555020142, 2937544436, 1431731150, 327295499, 1111991811, 1883075587, 1880301686, 1321820591, 629513428, 3143223143, 2389754348, 1105705729, 1626130670, 2169919563, 1812857321, 3021622811, 2877594798, 222724066, 2751668407, 737250136, 286764771, 1158080895, 2102646269, 2807467446, 1859341838, 954014496, 3293954019, 3595422074, 3204620517, 2597702190, 1958577494, 499450702, 442259409, 919359289, 2831798058, 2601872347, 3807352639, 10464144, 548994854, 297529047, 1163483348, 1116857956, 1648474034, 453290947, 793167839, 3414762612, 3792206355, 225461915, 1019153863, 1692559043, 3905210367, 2777242183, 1588412709, 1525330632, 1392243224, 310686230, 144956080, 4130324962, 4126271330, 1802789341, 3053642293, 4286339246, 1938795210, 1477576365, 2468356702, 4253016350, 1037160929, 182078015, 3733926207, 1983405226, 2229743636, 731886555, 1597033429, 2526956540, 1694422067, 3930393858, 1767095038, 1773791608, 3305437557, 3043360738, 3397772117, 2165095284, 2850217668, 4244979951, 324982157, 4189206106, 519622614, 2655783795, 3818063544, 1512738673, 2724744455, 862150140, 4069769773, 667988973, 4218430736, 1618993266, 261103041, 377297709, 654388840, 3438093277, 3034137006, 1586269572, 4025951789, 2401776664, 519588521, 2150362517, 2733641526, 2735413096, 690060354, 2434632180, 3755320004, 972442684, 203933238, 2541775401, 97173894, 1939373665, 2677323339, 608340079, 287849498, 2961526757, 1916915477, 2608137752, 682306168, 2327590382, 1346339146, 2353875412, 3245799886, 3112403995, 3275469631, 3910714656, 4232535264, 274554471, 674375582, 3727636833, 1225337501, 902498937, 1007131693, 3941292859, 2251966379, 2762387598, 1758333855, 1700686682, 205340130, 4136196885, 2559725443, 418616932, 145744715, 3147687288, 1334390057, 2949161675, 3661924622, 3987774503, 944611092, 759828358, 986428020, 762773274, 2545550724, 233657840, 936837438, 1092127667, 2350468114, 1479772737, 1026941574, 785457521, 403661052, 2513115694, 1032108573, 2989590438, 1360852636, 2507377952, 3822853166, 652674332, 2301646107, 2061478081, 2392357843, 3633164903, 799097599, 1204543434, 2316462541, 2987245528, 2138782478, 2658049914, 2503429983, 3321540618, 3429655956, 4148716363, 1942112553, 1289844305, 1156006736, 1650245181, 2867650327, 746136656, 2457199193, 376283620, 2078804371, 2334687873, 2032698301, 2780079073, 1811066114, 2428352427, 888095166, 4086723572, 2971830030, 2379554120, 3417613561, 3622121937, 2214602904, 1134375294, 755655369, 1111357952, 1054013133, 4240710723, 1557723213, 4067041972, 1028966325, 126668858, 2091759663, 3259795219, 1487726183, 224752316, 942075181, 1445724724, 3352516237, 2808560649, 4261436700, 2496432730, 4244971137, 1967111442, 1367684620, 2230023668, 802742580, 3802036344, 3833680419, 3944370976, 716993343, 2296690117, 2544594413, 940495041, 3655150085, 838430942, 2730436263, 3688771937, 759307797, 3695891164, 735913345, 4079038393, 1833004304, 559319512, 1625921156, 793442272, 3360618865, 2764098869, 2372044005, 1917710192, 3661314692, 4024374440, 142485180, 2037691195, 338548298, 185325505, 2920573282, 3155493568, 4217020182, 3623119801, 542672892, 2554569175, 2756749133, 1131107639, 2317809239, 3473557304, 1775841042, 4256824613, 1000252925, 2740265223, 2218233858, 1912209253, 915114909, 3554707992, 772149652, 397796740, 1976241003, 3823363183, 295904310, 1343659163, 1321016401, 3104263524, 4197133260, 1364487211, 136695060, 1448106788, 588639350, 2437595450, 3750608196, 3980956234, 1563723006, 1610315304, 2174008275, 1114217009, 1861034670, 195306250, 1944733458, 1948951754, 4183171582, 2587517392, 369494477, 337056014, 4277981997, 3227014988, 2151072528, 573412314, 695659222, 342072348, 98), None)
Loaded weights: 80.47384483785623, 12.587810768908946, -0.3033284120409354, -0.7829865263788203, -1.2829865263788203
events: me found the exit, 
  ----
(3, (242914082, 179353217, 914000682, 2492612900, 3328022318, 998368777, 4194117325, 340585067, 2458048735, 3457968077, 442525871, 2306295179, 1237022428, 2923464117, 2756660554, 868119262, 3153121600, 2450289476, 3810122969, 1611592284, 737051529, 1272139538, 326993635, 1127069598, 1660649294, 3238035414, 2883211888, 2076434047, 2763887524, 2038855389, 4067159051, 925133536, 1384026858, 2760707186, 2641167523, 4214901152, 3434223421, 2768943577, 968702938, 370977528, 1042498952, 4044740527, 4098040400, 2564028384, 689641941, 2002115950, 3187690643, 4227042858, 3506659403, 353717388, 3233157235, 1570285085, 4107323511, 149825190, 1540041392, 3553675838, 2991096868, 1626142023, 2373344135, 2449716442, 3654850530, 2979621243, 792400014, 2091339707, 248698371, 1512674835, 3911765775, 934902046, 2910979439, 3609826626, 294698995, 1139217123, 3895157631, 1956027857, 3182410445, 942334379, 379366252, 1076799918, 706692170, 3969863292, 4031865621, 1367192432, 1146573155, 2810765066, 3192207124, 3122096861, 86501212, 2291711547, 528823671, 2641875401, 2271627316, 1692513948, 1640420944, 596989443, 2464207973, 2908443933, 2970717394, 3437910637, 928995042, 2537302951, 1889439784, 2426644408, 1089093369, 725838098, 2227293356, 3324332049, 43731370, 3344332326, 685789014, 2930391077, 1291253554, 3503301234, 1803423837, 1862404220, 4131813297, 1395034084, 4273771498, 2027471081, 1015804949, 2195276769, 148640062, 2171286117, 117758494, 3434360559, 1898589791, 3870061035, 3707584841, 3635432861, 2139978538, 3619893735, 2487905187, 622442784, 2590326187, 1229310711, 1848579600, 3282772459, 4182413199, 2128269637, 3487165805, 789894887, 265297983, 3525996827, 1841563980, 2887665409, 3314449616, 2521835950, 378195738, 389695851, 3563494458, 2026224899, 1713499247, 552435443, 973909598, 3809090197, 1142807128, 3522432501, 3715605409, 4255589055, 2168953124, 3640414808, 20750715, 2225887997, 1292931461, 3359640073, 112681173, 1543820146, 1029297885, 348533856, 525730934, 2238929857, 3127175949, 369403362, 3096348064, 3371653509, 309451961, 2222052059, 2208244818, 2813252953, 1245780540, 4003928139, 3507361965, 247272421, 1717740362, 3164332516, 1511990650, 3792954512, 1695670932, 611273487, 4253361245, 78181753, 1561327254, 3096552278, 1487872463, 1764173886, 2785437172, 3146271739, 4281268298, 3043169215, 753014734, 2950322283, 422610009, 1806669176, 1062187355, 856108060, 2213966075, 395643129, 1949458622, 611571144, 4009059173, 2840030006, 454396260, 1852038355, 3879266067, 4030359109, 2693333803, 409119197, 2762100698, 2627975281, 275884309, 2652403875, 3928055132, 4101040945, 500288609, 1749538832, 2194208828, 2972053620, 2034251085, 1392334651, 2386561960, 3934646208, 3294183300, 1007758189, 1812439985, 1096291459, 3431051207, 1179393358, 3395625962, 1725159903, 1337193428, 2739851624, 3861045707, 1559003450, 3748282299, 1849514371, 3088298752, 4022219654, 3339065750, 989837351, 1630154770, 2464468065, 2886009972, 292431537, 3331472748, 3351022112, 3334429020, 3401473517, 3629764951, 1908308186, 730211381, 3265489747, 1019033590, 413895775, 4219567649, 3844601482, 376292355, 1153161994, 2934137216, 142706435, 2357281044, 722067106, 2395242308, 2181240085, 4181650593, 2099500444, 2952515506, 3370470741, 2679434877, 3005494667, 2844374285, 3206905919, 1467514304, 687992412, 2564206901, 3044497512, 2772668867, 197388652, 1971392759, 28717742, 972174176, 1690992356, 3294912772, 145720866, 884952669, 2662999052, 1031659466, 1867435215, 2296224156, 2365914848, 1535052583, 828526713, 2816168732, 2102488877, 1112382408, 1134600981, 4084034195, 2404277355, 1992008180, 802914376, 2054544800, 1454341554, 3941616120, 2584959836, 3555020142, 2937544436, 1431731150, 327295499, 1111991811, 1883075587, 1880301686, 1321820591, 629513428, 3143223143, 2389754348, 1105705729, 1626130670, 2169919563, 1812857321, 3021622811, 2877594798, 222724066, 2751668407, 737250136, 286764771, 1158080895, 2102646269, 2807467446, 1859341838, 954014496, 3293954019, 3595422074, 3204620517, 2597702190, 1958577494, 499450702, 442259409, 919359289, 2831798058, 2601872347, 3807352639, 10464144, 548994854, 297529047, 1163483348, 1116857956, 1648474034, 453290947, 793167839, 3414762612, 3792206355, 225461915, 1019153863, 1692559043, 3905210367, 2777242183, 1588412709, 1525330632, 1392243224, 310686230, 144956080, 4130324962, 4126271330, 1802789341, 3053642293, 4286339246, 1938795210, 1477576365, 2468356702, 4253016350, 1037160929, 182078015, 3733926207, 1983405226, 2229743636, 731886555, 1597033429, 2526956540, 1694422067, 3930393858, 1767095038, 1773791608, 3305437557, 3043360738, 3397772117, 2165095284, 2850217668, 4244979951, 324982157, 4189206106, 519622614, 2655783795, 3818063544, 1512738673, 2724744455, 862150140, 4069769773, 667988973, 4218430736, 1618993266, 261103041, 377297709, 654388840, 3438093277, 3034137006, 1586269572, 4025951789, 2401776664, 519588521, 2150362517, 2733641526, 2735413096, 690060354, 2434632180, 3755320004, 972442684, 203933238, 2541775401, 97173894, 1939373665, 2677323339, 608340079, 287849498, 2961526757, 1916915477, 2608137752, 682306168, 2327590382, 1346339146, 2353875412, 3245799886, 3112403995, 3275469631, 3910714656, 4232535264, 274554471, 674375582, 3727636833, 1225337501, 902498937, 1007131693, 3941292859, 2251966379, 2762387598, 1758333855, 1700686682, 205340130, 4136196885, 2559725443, 418616932, 145744715, 3147687288, 1334390057, 2949161675, 3661924622, 3987774503, 944611092, 759828358, 986428020, 762773274, 2545550724, 233657840, 936837438, 1092127667, 2350468114, 1479772737, 1026941574, 785457521, 403661052, 2513115694, 1032108573, 2989590438, 1360852636, 2507377952, 3822853166, 652674332, 2301646107, 2061478081, 2392357843, 3633164903, 799097599, 1204543434, 2316462541, 2987245528, 2138782478, 2658049914, 2503429983, 3321540618, 3429655956, 4148716363, 1942112553, 1289844305, 1156006736, 1650245181, 2867650327, 746136656, 2457199193, 376283620, 2078804371, 2334687873, 2032698301, 2780079073, 1811066114, 2428352427, 888095166, 4086723572, 2971830030, 2379554120, 3417613561, 3622121937, 2214602904, 1134375294, 755655369, 1111357952, 1054013133, 4240710723, 1557723213, 4067041972, 1028966325, 126668858, 2091759663, 3259795219, 1487726183, 224752316, 942075181, 1445724724, 3352516237, 2808560649, 4261436700, 2496432730, 4244971137, 1967111442, 1367684620, 2230023668, 802742580, 3802036344, 3833680419, 3944370976, 716993343, 2296690117, 2544594413, 940495041, 3655150085, 838430942, 2730436263, 3688771937, 759307797, 3695891164, 735913345, 4079038393, 1833004304, 559319512, 1625921156, 793442272, 3360618865, 2764098869, 2372044005, 1917710192, 3661314692, 4024374440, 142485180, 2037691195, 338548298, 185325505, 2920573282, 3155493568, 4217020182, 3623119801, 542672892, 2554569175, 2756749133, 1131107639, 2317809239, 3473557304, 1775841042, 4256824613, 1000252925, 2740265223, 2218233858, 1912209253, 915114909, 3554707992, 772149652, 397796740, 1976241003, 3823363183, 295904310, 1343659163, 1321016401, 3104263524, 4197133260, 1364487211, 136695060, 1448106788, 588639350, 2437595450, 3750608196, 3980956234, 1563723006, 1610315304, 2174008275, 1114217009, 1861034670, 195306250, 1944733458, 1948951754, 4183171582, 2587517392, 369494477, 337056014, 4277981997, 3227014988, 2151072528, 573412314, 695659222, 342072348, 432), None)
Loaded weights: 88.86680290922213, 12.587810768908946, -0.3033284120409354, -0.7829865263788203, 4.217013473621179
events: me found the exit, 
  ----
(3, (1709366725, 96832067, 2483366881, 2159922479, 2665663658, 127823550, 3763181590, 1658461853, 3654693076, 793289112, 4258067048, 1800251055, 2555767080, 1965459661, 2503088818, 2837522702, 394966054, 125008030, 4281290038, 2449980338, 2780973596, 843480216, 2191379623, 408732645, 2979903007, 2318961660, 3709801436, 511250404, 1917575576, 2784462684, 671763217, 3064725310, 906235478, 3331722900, 3440929589, 2366665812, 1358490155, 1953871765, 2175950994, 1328423822, 768545500, 3143067878, 4125786091, 247369482, 3534891927, 2052049526, 1839503730, 3652921188, 2493882151, 4032467579, 3255822760, 2674346185, 2929477736, 2883572467, 2370753937, 837437837, 2350948646, 2475598078, 3213394296, 4101899378, 3644297734, 1597139724, 482800250, 3521705719, 466934045, 2010668630, 3060539560, 3078892924, 1189004583, 3943390546, 2509096628, 984024292, 4004424647, 2953342087, 2214939577, 2270632356, 2015682198, 674906275, 413042255, 4180631977, 4252353430, 2259133043, 2717247523, 238972182, 1366329489, 2706370432, 3148081886, 1610252159, 3983339770, 3442171849, 2868734249, 524429783, 3473523732, 443200288, 2108204425, 670301543, 1628635795, 3466126382, 1466701062, 3022204288, 4279873687, 2327832202, 1497416408, 1183294726, 2554768106, 3953228738, 265428803, 3322267122, 2553285929, 496202250, 2738918328, 2510240588, 2452989919, 3386451461, 4180603993, 196151371, 385000287, 913296859, 363924583, 2413472870, 1314396220, 3347203479, 4241462998, 3432498489, 3898831402, 3383027382, 160729682, 589186520, 1082329752, 4000924347, 1426066602, 3902248485, 1072091831, 1874554223, 3048755862, 3716880949, 2957630025, 2033651940, 1776674725, 1625357788, 617677320, 2347178535, 4197985869, 859965540, 3485688099, 1688045241, 1879829522, 3467779134, 242236798, 2158245335, 26917475, 2326608578, 2424532308, 3151218473, 2148255483, 1426868136, 1006964961, 1843516039, 2956262384, 4065052131, 1753199128, 2462160141, 2625518595, 3132790321, 21536345, 1340777152, 2929972997, 2194245342, 3925668431, 503447517, 2765964889, 339305580, 2215096102, 3290269897, 2419822195, 4024171339, 1993005235, 2658800136, 2041534275, 3520543605, 1175820538, 2539779816, 1562813893, 3878249706, 4261655920, 458350168, 1988552829, 2622785292, 2013916004, 2863688521, 1840328398, 3285494693, 3883081223, 1023746926, 3547951270, 173832014, 542825839, 1204957137, 3740467313, 2603478690, 2362476504, 2089042878, 1222113829, 2429961654, 2224189319, 420273193, 2205363166, 1912585257, 3119196113, 280903756, 4056033438, 721451141, 2742819276, 2812351460, 3734882107, 1639670015, 2742274093, 677791147, 205450590, 1662429027, 4146582601, 689735106, 4101749572, 2169683726, 2059365344, 3437117615, 2752874334, 1656936465, 1887927715, 4129928227, 1203628102, 837397933, 3191526432, 1594228522, 33296442, 4242841889, 3307863464, 3658812290, 2062208539, 1917593874, 458278992, 596620720, 1194800400, 193162662, 1890345309, 2628534781, 1450235774, 2505527829, 2721884791, 3567210141, 3387121762, 2463410345, 3924217580, 3191914354, 3794702797, 2272246252, 3710434097, 2764171732, 250804808, 1750767021, 1405843556, 1775265018, 4286811921, 2194061557, 1445485072, 2529415250, 2456178896, 730837590, 4006840247, 4069015625, 3602363743, 925232408, 81666232, 2052685483, 616640785, 1115117766, 817903713, 264471537, 1509767177, 3307239048, 3210683869, 405618132, 1800529337, 1200216344, 3597620296, 474003932, 4104461605, 3318647734, 1834439806, 1056228088, 2512336358, 2558775020, 2022001744, 3906129741, 422312900, 1118833129, 2911445538, 1631253496, 3139345415, 4249027145, 1470655438, 2770568797, 1066399985, 3634027264, 4137016905, 1673746101, 4005732749, 3226414406, 2918194346, 2492320991, 1127727288, 948055590, 4140056826, 3507017529, 3476283045, 1430754084, 1815958807, 2465528082, 2704157151, 3721071230, 2664357964, 982566271, 3725103160, 1365599972, 1463515348, 3093538093, 925284946, 2866544320, 3424442747, 3528057436, 327114922, 163958084, 1344978850, 2826126690, 3584983849, 4015630894, 33423258, 409140374, 4273594353, 1421625202, 2226373394, 2205169394, 89360876, 2194946152, 3019987608, 30796786, 1532537172, 2787599228, 2278395999, 3969116485, 1564639885, 3402620480, 3907786116, 951341451, 3079971046, 3458783656, 3418214529, 3171713404, 925304247, 3098666123, 3301109457, 416448950, 373753801, 1175964164, 1413630336, 1083711145, 1772266711, 545320784, 2968582870, 2160123388, 3757082709, 1305125094, 455322350, 164378999, 2075373495, 132131921, 4263232856, 3329942092, 382250754, 650921236, 3234851196, 2188926705, 2580229786, 2325071316, 1722742649, 1531126070, 3345564514, 483815271, 2786943409, 670363750, 3758647744, 4244823852, 258801530, 4199725159, 1698928246, 962275414, 584639728, 3953205682, 2182598922, 4123929722, 805339054, 403118127, 3060422069, 3599468922, 1419442977, 1142375883, 2716388172, 3637847749, 89639841, 1319514865, 1482114523, 2758743463, 1947703450, 3631598516, 3686833408, 2927460079, 866987356, 1019816277, 2454790161, 3018039334, 898361236, 3163791812, 1453805904, 642334324, 3575294490, 2618712242, 1005150541, 437414946, 3081615190, 1078191144, 295457435, 1689925842, 347496229, 3609640674, 1956751070, 3522488180, 379118758, 2440647801, 4006152791, 1542025356, 3542970740, 2696833355, 2963111699, 3077233634, 2658757060, 4055025871, 3774583424, 1881975424, 2237765760, 778971214, 3540117321, 2547048176, 4268848386, 2718636463, 3230582084, 2781276861, 3125837585, 3672287548, 740777745, 1089925739, 3521715856, 1826510013, 322199533, 2567909922, 3434089537, 1737430817, 1693931167, 277727890, 1702436680, 1557968271, 2986842272, 1990248276, 1774007298, 1223304765, 456618610, 2923108873, 3732587402, 237604275, 2345429882, 2171123106, 3036248546, 2478874586, 3558620002, 1085808995, 1084657003, 2427877246, 2635398209, 2635295172, 1245023007, 1669466920, 3686819609, 697681815, 2582945775, 1106593696, 1232267859, 2296755581, 270844211, 912138516, 2287855343, 648904976, 3531575658, 2831150661, 340511470, 2700245394, 1156928259, 4244737055, 1505527575, 1522783452, 2483019003, 514372408, 3604984338, 2350445719, 629899302, 2889113250, 2200175890, 2441459421, 3423529679, 3619627434, 4182595155, 4144549355, 3385602637, 2672439421, 3856316183, 1525542619, 1477436066, 2092715778, 4270156372, 4042655494, 487421195, 3402709789, 3727188574, 1938692096, 1221941167, 1411627540, 183763869, 3538956836, 3739978226, 2763915047, 1109258415, 3724991484, 3548212675, 2564795967, 1678290712, 2272611545, 3883520130, 1836621983, 1085399107, 1276372581, 4288617920, 1810806245, 161078923, 3748420440, 1283722562, 4170122631, 2231277486, 16448356, 1926350175, 1709168162, 426674600, 1616803040, 3218488978, 1753304910, 607222891, 3729001783, 1631849262, 3550757555, 592694566, 3230453836, 650305456, 256205513, 509174615, 2735435305, 1608477330, 653649631, 1423304319, 3621901217, 2042268017, 2523030004, 846382084, 1962401392, 1597075991, 3279435631, 1778161637, 259666592, 900636960, 1966919094, 1497738214, 1183816640, 824362170, 1094979331, 1305295046, 4155473130, 3898694721, 561198796, 2441286082, 245810209, 2621668174, 2732924339, 3160942124, 523324516, 585372901, 1782143372, 256199884, 2447186938, 2967382889, 2018700669, 154271232, 1494025290, 2051285814, 2931670989, 2403849297, 1599853808, 1633055571, 4223816605, 1372282767, 1947653512, 771717345, 1182707849, 2637100170, 1333239538, 2873389450, 1912136477, 862643800, 2300656333, 119), None)
Loaded weights: 95.3494227619976, 12.587810768908946, -0.3033284120409354, -0.7829865263788203, 4.217013473621179
events: me found the exit, 
  ----
(3, (1709366725, 96832067, 2483366881, 2159922479, 2665663658, 127823550, 3763181590, 1658461853, 3654693076, 793289112, 4258067048, 1800251055, 2555767080, 1965459661, 2503088818, 2837522702, 394966054, 125008030, 4281290038, 2449980338, 2780973596, 843480216, 2191379623, 408732645, 2979903007, 2318961660, 3709801436, 511250404, 1917575576, 2784462684, 671763217, 3064725310, 906235478, 3331722900, 3440929589, 2366665812, 1358490155, 1953871765, 2175950994, 1328423822, 768545500, 3143067878, 4125786091, 247369482, 3534891927, 2052049526, 1839503730, 3652921188, 2493882151, 4032467579, 3255822760, 2674346185, 2929477736, 2883572467, 2370753937, 837437837, 2350948646, 2475598078, 3213394296, 4101899378, 3644297734, 1597139724, 482800250, 3521705719, 466934045, 2010668630, 3060539560, 3078892924, 1189004583, 3943390546, 2509096628, 984024292, 4004424647, 2953342087, 2214939577, 2270632356, 2015682198, 674906275, 413042255, 4180631977, 4252353430, 2259133043, 2717247523, 238972182, 1366329489, 2706370432, 3148081886, 1610252159, 3983339770, 3442171849, 2868734249, 524429783, 3473523732, 443200288, 2108204425, 670301543, 1628635795, 3466126382, 1466701062, 3022204288, 4279873687, 2327832202, 1497416408, 1183294726, 2554768106, 3953228738, 265428803, 3322267122, 2553285929, 496202250, 2738918328, 2510240588, 2452989919, 3386451461, 4180603993, 196151371, 385000287, 913296859, 363924583, 2413472870, 1314396220, 3347203479, 4241462998, 3432498489, 3898831402, 3383027382, 160729682, 589186520, 1082329752, 4000924347, 1426066602, 3902248485, 1072091831, 1874554223, 3048755862, 3716880949, 2957630025, 2033651940, 1776674725, 1625357788, 617677320, 2347178535, 4197985869, 859965540, 3485688099, 1688045241, 1879829522, 3467779134, 242236798, 2158245335, 26917475, 2326608578, 2424532308, 3151218473, 2148255483, 1426868136, 1006964961, 1843516039, 2956262384, 4065052131, 1753199128, 2462160141, 2625518595, 3132790321, 21536345, 1340777152, 2929972997, 2194245342, 3925668431, 503447517, 2765964889, 339305580, 2215096102, 3290269897, 2419822195, 4024171339, 1993005235, 2658800136, 2041534275, 3520543605, 1175820538, 2539779816, 1562813893, 3878249706, 4261655920, 458350168, 1988552829, 2622785292, 2013916004, 2863688521, 1840328398, 3285494693, 3883081223, 1023746926, 3547951270, 173832014, 542825839, 1204957137, 3740467313, 2603478690, 2362476504, 2089042878, 1222113829, 2429961654, 2224189319, 420273193, 2205363166, 1912585257, 3119196113, 280903756, 4056033438, 721451141, 2742819276, 2812351460, 3734882107, 1639670015, 2742274093, 677791147, 205450590, 1662429027, 4146582601, 689735106, 4101749572, 2169683726, 2059365344, 3437117615, 2752874334, 1656936465, 1887927715, 4129928227, 1203628102, 837397933, 3191526432, 1594228522, 33296442, 4242841889, 3307863464, 3658812290, 2062208539, 1917593874, 458278992, 596620720, 1194800400, 193162662, 1890345309, 2628534781, 1450235774, 2505527829, 2721884791, 3567210141, 3387121762, 2463410345, 3924217580, 3191914354, 3794702797, 2272246252, 3710434097, 2764171732, 250804808, 1750767021, 1405843556, 1775265018, 4286811921, 2194061557, 1445485072, 2529415250, 2456178896, 730837590, 4006840247, 4069015625, 3602363743, 925232408, 81666232, 2052685483, 616640785, 1115117766, 817903713, 264471537, 1509767177, 3307239048, 3210683869, 405618132, 1800529337, 1200216344, 3597620296, 474003932, 4104461605, 3318647734, 1834439806, 1056228088, 2512336358, 2558775020, 2022001744, 3906129741, 422312900, 1118833129, 2911445538, 1631253496, 3139345415, 4249027145, 1470655438, 2770568797, 1066399985, 3634027264, 4137016905, 1673746101, 4005732749, 3226414406, 2918194346, 2492320991, 1127727288, 948055590, 4140056826, 3507017529, 3476283045, 1430754084, 1815958807, 2465528082, 2704157151, 3721071230, 2664357964, 982566271, 3725103160, 1365599972, 1463515348, 3093538093, 925284946, 2866544320, 3424442747, 3528057436, 327114922, 163958084, 1344978850, 2826126690, 3584983849, 4015630894, 33423258, 409140374, 4273594353, 1421625202, 2226373394, 2205169394, 89360876, 2194946152, 3019987608, 30796786, 1532537172, 2787599228, 2278395999, 3969116485, 1564639885, 3402620480, 3907786116, 951341451, 3079971046, 3458783656, 3418214529, 3171713404, 925304247, 3098666123, 3301109457, 416448950, 373753801, 1175964164, 1413630336, 1083711145, 1772266711, 545320784, 2968582870, 2160123388, 3757082709, 1305125094, 455322350, 164378999, 2075373495, 132131921, 4263232856, 3329942092, 382250754, 650921236, 3234851196, 2188926705, 2580229786, 2325071316, 1722742649, 1531126070, 3345564514, 483815271, 2786943409, 670363750, 3758647744, 4244823852, 258801530, 4199725159, 1698928246, 962275414, 584639728, 3953205682, 2182598922, 4123929722, 805339054, 403118127, 3060422069, 3599468922, 1419442977, 1142375883, 2716388172, 3637847749, 89639841, 1319514865, 1482114523, 2758743463, 1947703450, 3631598516, 3686833408, 2927460079, 866987356, 1019816277, 2454790161, 3018039334, 898361236, 3163791812, 1453805904, 642334324, 3575294490, 2618712242, 1005150541, 437414946, 3081615190, 1078191144, 295457435, 1689925842, 347496229, 3609640674, 1956751070, 3522488180, 379118758, 2440647801, 4006152791, 1542025356, 3542970740, 2696833355, 2963111699, 3077233634, 2658757060, 4055025871, 3774583424, 1881975424, 2237765760, 778971214, 3540117321, 2547048176, 4268848386, 2718636463, 3230582084, 2781276861, 3125837585, 3672287548, 740777745, 1089925739, 3521715856, 1826510013, 322199533, 2567909922, 3434089537, 1737430817, 1693931167, 277727890, 1702436680, 1557968271, 2986842272, 1990248276, 1774007298, 1223304765, 456618610, 2923108873, 3732587402, 237604275, 2345429882, 2171123106, 3036248546, 2478874586, 3558620002, 1085808995, 1084657003, 2427877246, 2635398209, 2635295172, 1245023007, 1669466920, 3686819609, 697681815, 2582945775, 1106593696, 1232267859, 2296755581, 270844211, 912138516, 2287855343, 648904976, 3531575658, 2831150661, 340511470, 2700245394, 1156928259, 4244737055, 1505527575, 1522783452, 2483019003, 514372408, 3604984338, 2350445719, 629899302, 2889113250, 2200175890, 2441459421, 3423529679, 3619627434, 4182595155, 4144549355, 3385602637, 2672439421, 3856316183, 1525542619, 1477436066, 2092715778, 4270156372, 4042655494, 487421195, 3402709789, 3727188574, 1938692096, 1221941167, 1411627540, 183763869, 3538956836, 3739978226, 2763915047, 1109258415, 3724991484, 3548212675, 2564795967, 1678290712, 2272611545, 3883520130, 1836621983, 1085399107, 1276372581, 4288617920, 1810806245, 161078923, 3748420440, 1283722562, 4170122631, 2231277486, 16448356, 1926350175, 1709168162, 426674600, 1616803040, 3218488978, 1753304910, 607222891, 3729001783, 1631849262, 3550757555, 592694566, 3230453836, 650305456, 256205513, 509174615, 2735435305, 1608477330, 653649631, 1423304319, 3621901217, 2042268017, 2523030004, 846382084, 1962401392, 1597075991, 3279435631, 1778161637, 259666592, 900636960, 1966919094, 1497738214, 1183816640, 824362170, 1094979331, 1305295046, 4155473130, 3898694721, 561198796, 2441286082, 245810209, 2621668174, 2732924339, 3160942124, 523324516, 585372901, 1782143372, 256199884, 2447186938, 2967382889, 2018700669, 154271232, 1494025290, 2051285814, 2931670989, 2403849297, 1599853808, 1633055571, 4223816605, 1372282767, 1947653512, 771717345, 1182707849, 2637100170, 1333239538, 2873389450, 1912136477, 862643800, 2300656333, 501), None)
Loaded weights: 95.96278735440094, 12.587810768908946, -0.3033284120409354, -0.7829865263788203, 4.217013473621179
events: 
  ----
(3, (3226649591, 39390144, 2736200461, 3896944191, 1468511329, 2687780312, 1627723938, 1308911258, 1309284817, 2599847562, 2391903001, 3518146080, 4064022797, 2501883704, 4003910896, 1858848930, 1657154357, 3516324305, 2458555308, 3099318362, 3251459197, 3881116201, 749140036, 3868435115, 3931272403, 4247932312, 577672458, 808157548, 3288829922, 3589267764, 3053237437, 1670042887, 814078273, 3906692396, 782243347, 1983754496, 749833363, 1122332663, 679706731, 28637666, 3230627500, 289950188, 3830262571, 679107343, 4124680028, 1227343635, 853980853, 1997868438, 2181713171, 1173639907, 1049196858, 213218095, 1010791634, 2339164209, 2234569205, 2563095183, 2040805060, 2404131727, 1466607163, 2816701002, 1069125296, 46906767, 2598130229, 3070368391, 4098025874, 1382002781, 3085052015, 757270820, 3809805243, 3529976983, 2798527739, 751610786, 1503585879, 4072937614, 3990653847, 3484337675, 2053068567, 1040589823, 978422795, 3203341706, 2581983513, 332157102, 2932307932, 2702427270, 1430986173, 3329779698, 1391331427, 109297696, 4214588586, 408519062, 2591922638, 4221852868, 680154655, 4267376681, 3123251843, 3002668354, 3833931544, 1743226137, 2512716080, 1533944289, 245721478, 4037780437, 3493063475, 3683518918, 211700965, 3997562135, 954239983, 2066539698, 3940330743, 2279500254, 2370674445, 3414755365, 2892684385, 1270311244, 3873006475, 247914821, 1313381154, 2086178218, 3328630416, 402081746, 3891021581, 135953208, 250826919, 2835715786, 2517095780, 1674760327, 1213427985, 865010139, 3558343164, 1379882442, 797407112, 3096124, 897219128, 4007855342, 2888480487, 1090672060, 3987118812, 3038748473, 1658950162, 465329467, 1700772252, 4161110, 392222731, 2956501176, 1672954542, 1381050106, 1370983451, 583922742, 161844693, 3127561650, 2137688393, 899605133, 3015643520, 38522378, 339907988, 1183649928, 1787935334, 3287367204, 2986957905, 1762255563, 1320591564, 3948252044, 1710246770, 962550877, 763982826, 2706220717, 338275650, 2464191824, 1929282833, 1675870133, 2649766975, 3687807615, 2820952109, 2507330833, 2547256692, 889500491, 342603906, 664604257, 3436695761, 3491818056, 3267535627, 280907860, 1823001623, 1916177677, 3947335235, 2438677271, 3064271214, 3542489729, 3569024022, 114897184, 815938230, 3215360530, 3006158841, 3487281962, 1018573194, 343950770, 2017178137, 2216943657, 588458618, 3382754696, 1307383436, 2110959772, 1239363712, 2835443692, 2614055170, 1655634493, 2063311789, 486240482, 2959000011, 2825082979, 3641192659, 1960011766, 4214509983, 4289763979, 2908040972, 1845371077, 2176410133, 2232283364, 3018048396, 1480618483, 2784445158, 1195013700, 3239920996, 295258123, 1216644076, 1276438887, 3688527490, 1148616246, 2202656077, 3009671782, 2407723122, 427966523, 2021099934, 1421845090, 2769752378, 1229297097, 992440695, 4107938159, 1486914510, 1026332385, 200938590, 2971128956, 3729608936, 3268876542, 462107334, 2734972166, 2515370450, 3052643283, 3153744548, 366799684, 2549065512, 1815610662, 3004576246, 3961954798, 3565954058, 163560844, 2758495804, 4089188445, 1850861711, 1412661704, 3132508935, 2069045926, 2395653782, 889276253, 1482440117, 778236890, 1165859352, 804029460, 2768173836, 1757190019, 971653674, 117652293, 3349616170, 2536157579, 1591069681, 1064308265, 544062470, 881199861, 4204914127, 1073676467, 4084510364, 3997913069, 4155957674, 2264982922, 1699282079, 55562591, 18198023, 486304792, 3501387256, 2430181156, 1375071757, 2975112303, 1209186280, 2679852472, 2697991288, 2824175190, 2495781350, 408056416, 381760523, 1070584279, 997931517, 3727986081, 3958019552, 1799168063, 2238367966, 3187193954, 966335783, 1570200880, 517272096, 4023518215, 3148384554, 2516572132, 517324164, 808517955, 2838105751, 524173174, 3826968421, 4220013400, 2779489423, 2040125157, 2209996501, 4102846263, 1037660707, 3178065974, 1742343922, 1826776015, 3129227185, 956685425, 837955624, 2707411611, 1505449541, 1038355831, 3600081656, 1900799961, 2981549277, 2107758798, 1397140098, 653317378, 475939525, 1609930211, 1524997145, 1851806264, 1792562408, 186209450, 2175315827, 1519881391, 1910047312, 2275890438, 962719061, 1501682329, 3040317619, 1562920461, 4236375646, 1254944993, 716397001, 1570290657, 2979101563, 3850686663, 708790792, 3506555369, 3869334797, 258486144, 2940723233, 1833999536, 1152467370, 3753419732, 4168803751, 3190428852, 2211304928, 4091513850, 892966296, 2067021183, 3476265743, 1978315583, 175149258, 837515837, 2515480318, 1522623430, 1034650258, 1263427625, 2315266859, 2849108660, 2714326457, 37561235, 3059866532, 2692481097, 2558706972, 3525142546, 1153945908, 665667240, 3314003948, 2419555461, 1723826951, 3833404795, 2317897646, 394499765, 1480799786, 692138670, 241633375, 337750353, 403392493, 1930909788, 3035082747, 491588965, 574251819, 1637003552, 947327669, 3747655196, 2169556258, 2315784358, 2797308539, 1517860394, 2185666006, 1404805873, 1349952382, 657198471, 2262857179, 4106207507, 2118493521, 3454952340, 4081935254, 4010766535, 2758469206, 2523326649, 3504822175, 3400458893, 78308471, 3666664446, 675584099, 535112411, 325148493, 2700394472, 2684797327, 3807058423, 3401662352, 3530257587, 3604975514, 1967020389, 3829905053, 1092899212, 2324691969, 2491712260, 1518947917, 3761248081, 328780435, 2058535872, 4132323561, 1327837576, 1683870903, 3384182803, 44188310, 3533188683, 1820210749, 2917339301, 4211406956, 2591096676, 539000684, 662858784, 483579603, 172380359, 2999406983, 2588763548, 1887125576, 2610781716, 2156065559, 1123063870, 3621849290, 1714565440, 214836514, 2853644828, 1896841863, 1816285854, 3568816550, 1949872622, 2304192392, 1633546611, 1411182662, 367384792, 1772325424, 1648855374, 626104342, 4158949455, 3308085170, 1229341122, 3916090426, 1335628792, 642405801, 229034273, 1960295026, 2136444324, 1598699257, 1373954245, 2389420156, 1876796592, 2866432667, 1343479219, 929352030, 4022322280, 1938415718, 454086680, 2490915324, 1612997067, 4183511871, 2687864455, 2822026549, 3703877152, 782266375, 2420460853, 3341753368, 3566334854, 965106084, 2795772557, 3136796587, 3168913788, 2455260773, 2999216812, 1464363163, 1978574364, 27056206, 3556552211, 793006521, 1507280901, 4004074157, 142490538, 4270880496, 2331702056, 372033884, 1122572217, 2547218579, 428924997, 4149617279, 2273950695, 1945763589, 548757968, 1658764337, 3873338893, 1964080876, 2196048954, 3724853660, 3237896443, 1347626205, 3674599075, 3003350545, 2498136752, 1580711254, 1049854648, 2484352541, 539902597, 2819224588, 1069681770, 4142690444, 2014256486, 340069014, 1137608014, 629824342, 3043146751, 565292637, 1733320591, 4090808916, 2927119201, 1790836311, 3136169161, 262824943, 3675870796, 1194853091, 770776371, 709389484, 160053288, 2567456562, 4063669454, 157345607, 1117761189, 766106041, 1432587048, 214438702, 2018920645, 3346107183, 2376863443, 648966901, 3305694619, 287402937, 3203690064, 979628517, 105746968, 2924539608, 4004556929, 3883244390, 2250944106, 4143816817, 3818783508, 4092175082, 2182385649, 1219540091, 1717665111, 2703799027, 2662440506, 3580699534, 483940183, 2331468047, 4129187863, 1171046392, 3507658444, 1373541695, 603412945, 2121924691, 438041446, 922476960, 2894216382, 4178184642, 39074983, 1231817971, 2211185641, 601837110, 3616997742, 868644157, 4114907866, 4208623997, 149989212, 837734828, 943335050, 3061912291, 4034100952, 3825343286, 3781355278, 257), None)
Loaded weights: 95.81575219489143, 11.85662187615319, -0.3033284120409354, -0.7829865263788203, -3.3263392249784496
events: 
  ----
(3, (3226649591, 39390144, 2736200461, 3896944191, 1468511329, 2687780312, 1627723938, 1308911258, 1309284817, 2599847562, 2391903001, 3518146080, 4064022797, 2501883704, 4003910896, 1858848930, 1657154357, 3516324305, 2458555308, 3099318362, 3251459197, 3881116201, 749140036, 3868435115, 3931272403, 4247932312, 577672458, 808157548, 3288829922, 3589267764, 3053237437, 1670042887, 814078273, 3906692396, 782243347, 1983754496, 749833363, 1122332663, 679706731, 28637666, 3230627500, 289950188, 3830262571, 679107343, 4124680028, 1227343635, 853980853, 1997868438, 2181713171, 1173639907, 1049196858, 213218095, 1010791634, 2339164209, 2234569205, 2563095183, 2040805060, 2404131727, 1466607163, 2816701002, 1069125296, 46906767, 2598130229, 3070368391, 4098025874, 1382002781, 3085052015, 757270820, 3809805243, 3529976983, 2798527739, 751610786, 1503585879, 4072937614, 3990653847, 3484337675, 2053068567, 1040589823, 978422795, 3203341706, 2581983513, 332157102, 2932307932, 2702427270, 1430986173, 3329779698, 1391331427, 109297696, 4214588586, 408519062, 2591922638, 4221852868, 680154655, 4267376681, 3123251843, 3002668354, 3833931544, 1743226137, 2512716080, 1533944289, 245721478, 4037780437, 3493063475, 3683518918, 211700965, 3997562135, 954239983, 2066539698, 3940330743, 2279500254, 2370674445, 3414755365, 2892684385, 1270311244, 3873006475, 247914821, 1313381154, 2086178218, 3328630416, 402081746, 3891021581, 135953208, 250826919, 2835715786, 2517095780, 1674760327, 1213427985, 865010139, 3558343164, 1379882442, 797407112, 3096124, 897219128, 4007855342, 2888480487, 1090672060, 3987118812, 3038748473, 1658950162, 465329467, 1700772252, 4161110, 392222731, 2956501176, 1672954542, 1381050106, 1370983451, 583922742, 161844693, 3127561650, 2137688393, 899605133, 3015643520, 38522378, 339907988, 1183649928, 1787935334, 3287367204, 2986957905, 1762255563, 1320591564, 3948252044, 1710246770, 962550877, 763982826, 2706220717, 338275650, 2464191824, 1929282833, 1675870133, 2649766975, 3687807615, 2820952109, 2507330833, 2547256692, 889500491, 342603906, 664604257, 3436695761, 3491818056, 3267535627, 280907860, 1823001623, 1916177677, 3947335235, 2438677271, 3064271214, 3542489729, 3569024022, 114897184, 815938230, 3215360530, 3006158841, 3487281962, 1018573194, 343950770, 2017178137, 2216943657, 588458618, 3382754696, 1307383436, 2110959772, 1239363712, 2835443692, 2614055170, 1655634493, 2063311789, 486240482, 2959000011, 2825082979, 3641192659, 1960011766, 4214509983, 4289763979, 2908040972, 1845371077, 2176410133, 2232283364, 3018048396, 1480618483, 2784445158, 1195013700, 3239920996, 295258123, 1216644076, 1276438887, 3688527490, 1148616246, 2202656077, 3009671782, 2407723122, 427966523, 2021099934, 1421845090, 2769752378, 1229297097, 992440695, 4107938159, 1486914510, 1026332385, 200938590, 2971128956, 3729608936, 3268876542, 462107334, 2734972166, 2515370450, 3052643283, 3153744548, 366799684, 2549065512, 1815610662, 3004576246, 3961954798, 3565954058, 163560844, 2758495804, 4089188445, 1850861711, 1412661704, 3132508935, 2069045926, 2395653782, 889276253, 1482440117, 778236890, 1165859352, 804029460, 2768173836, 1757190019, 971653674, 117652293, 3349616170, 2536157579, 1591069681, 1064308265, 544062470, 881199861, 4204914127, 1073676467, 4084510364, 3997913069, 4155957674, 2264982922, 1699282079, 55562591, 18198023, 486304792, 3501387256, 2430181156, 1375071757, 2975112303, 1209186280, 2679852472, 2697991288, 2824175190, 2495781350, 408056416, 381760523, 1070584279, 997931517, 3727986081, 3958019552, 1799168063, 2238367966, 3187193954, 966335783, 1570200880, 517272096, 4023518215, 3148384554, 2516572132, 517324164, 808517955, 2838105751, 524173174, 3826968421, 4220013400, 2779489423, 2040125157, 2209996501, 4102846263, 1037660707, 3178065974, 1742343922, 1826776015, 3129227185, 956685425, 837955624, 2707411611, 1505449541, 1038355831, 3600081656, 1900799961, 2981549277, 2107758798, 1397140098, 653317378, 475939525, 1609930211, 1524997145, 1851806264, 1792562408, 186209450, 2175315827, 1519881391, 1910047312, 2275890438, 962719061, 1501682329, 3040317619, 1562920461, 4236375646, 1254944993, 716397001, 1570290657, 2979101563, 3850686663, 708790792, 3506555369, 3869334797, 258486144, 2940723233, 1833999536, 1152467370, 3753419732, 4168803751, 3190428852, 2211304928, 4091513850, 892966296, 2067021183, 3476265743, 1978315583, 175149258, 837515837, 2515480318, 1522623430, 1034650258, 1263427625, 2315266859, 2849108660, 2714326457, 37561235, 3059866532, 2692481097, 2558706972, 3525142546, 1153945908, 665667240, 3314003948, 2419555461, 1723826951, 3833404795, 2317897646, 394499765, 1480799786, 692138670, 241633375, 337750353, 403392493, 1930909788, 3035082747, 491588965, 574251819, 1637003552, 947327669, 3747655196, 2169556258, 2315784358, 2797308539, 1517860394, 2185666006, 1404805873, 1349952382, 657198471, 2262857179, 4106207507, 2118493521, 3454952340, 4081935254, 4010766535, 2758469206, 2523326649, 3504822175, 3400458893, 78308471, 3666664446, 675584099, 535112411, 325148493, 2700394472, 2684797327, 3807058423, 3401662352, 3530257587, 3604975514, 1967020389, 3829905053, 1092899212, 2324691969, 2491712260, 1518947917, 3761248081, 328780435, 2058535872, 4132323561, 1327837576, 1683870903, 3384182803, 44188310, 3533188683, 1820210749, 2917339301, 4211406956, 2591096676, 539000684, 662858784, 483579603, 172380359, 2999406983, 2588763548, 1887125576, 2610781716, 2156065559, 1123063870, 3621849290, 1714565440, 214836514, 2853644828, 1896841863, 1816285854, 3568816550, 1949872622, 2304192392, 1633546611, 1411182662, 367384792, 1772325424, 1648855374, 626104342, 4158949455, 3308085170, 1229341122, 3916090426, 1335628792, 642405801, 229034273, 1960295026, 2136444324, 1598699257, 1373954245, 2389420156, 1876796592, 2866432667, 1343479219, 929352030, 4022322280, 1938415718, 454086680, 2490915324, 1612997067, 4183511871, 2687864455, 2822026549, 3703877152, 782266375, 2420460853, 3341753368, 3566334854, 965106084, 2795772557, 3136796587, 3168913788, 2455260773, 2999216812, 1464363163, 1978574364, 27056206, 3556552211, 793006521, 1507280901, 4004074157, 142490538, 4270880496, 2331702056, 372033884, 1122572217, 2547218579, 428924997, 4149617279, 2273950695, 1945763589, 548757968, 1658764337, 3873338893, 1964080876, 2196048954, 3724853660, 3237896443, 1347626205, 3674599075, 3003350545, 2498136752, 1580711254, 1049854648, 2484352541, 539902597, 2819224588, 1069681770, 4142690444, 2014256486, 340069014, 1137608014, 629824342, 3043146751, 565292637, 1733320591, 4090808916, 2927119201, 1790836311, 3136169161, 262824943, 3675870796, 1194853091, 770776371, 709389484, 160053288, 2567456562, 4063669454, 157345607, 1117761189, 766106041, 1432587048, 214438702, 2018920645, 3346107183, 2376863443, 648966901, 3305694619, 287402937, 3203690064, 979628517, 105746968, 2924539608, 4004556929, 3883244390, 2250944106, 4143816817, 3818783508, 4092175082, 2182385649, 1219540091, 1717665111, 2703799027, 2662440506, 3580699534, 483940183, 2331468047, 4129187863, 1171046392, 3507658444, 1373541695, 603412945, 2121924691, 438041446, 922476960, 2894216382, 4178184642, 39074983, 1231817971, 2211185641, 601837110, 3616997742, 868644157, 4114907866, 4208623997, 149989212, 837734828, 943335050, 3061912291, 4034100952, 3825343286, 3781355278, 395), None)
Loaded weights: 96.13044894796465, 13.862379670535667, -0.3033284120409354, -0.7829865263788203, -1.2829865263788203
events: 
  ----
(3, (3226649591, 39390144, 2736200461, 3896944191, 1468511329, 2687780312, 1627723938, 1308911258, 1309284817, 2599847562, 2391903001, 3518146080, 4064022797, 2501883704, 4003910896, 1858848930, 1657154357, 3516324305, 2458555308, 3099318362, 3251459197, 3881116201, 749140036, 3868435115, 3931272403, 4247932312, 577672458, 808157548, 3288829922, 3589267764, 3053237437, 1670042887, 814078273, 3906692396, 782243347, 1983754496, 749833363, 1122332663, 679706731, 28637666, 3230627500, 289950188, 3830262571, 679107343, 4124680028, 1227343635, 853980853, 1997868438, 2181713171, 1173639907, 1049196858, 213218095, 1010791634, 2339164209, 2234569205, 2563095183, 2040805060, 2404131727, 1466607163, 2816701002, 1069125296, 46906767, 2598130229, 3070368391, 4098025874, 1382002781, 3085052015, 757270820, 3809805243, 3529976983, 2798527739, 751610786, 1503585879, 4072937614, 3990653847, 3484337675, 2053068567, 1040589823, 978422795, 3203341706, 2581983513, 332157102, 2932307932, 2702427270, 1430986173, 3329779698, 1391331427, 109297696, 4214588586, 408519062, 2591922638, 4221852868, 680154655, 4267376681, 3123251843, 3002668354, 3833931544, 1743226137, 2512716080, 1533944289, 245721478, 4037780437, 3493063475, 3683518918, 211700965, 3997562135, 954239983, 2066539698, 3940330743, 2279500254, 2370674445, 3414755365, 2892684385, 1270311244, 3873006475, 247914821, 1313381154, 2086178218, 3328630416, 402081746, 3891021581, 135953208, 250826919, 2835715786, 2517095780, 1674760327, 1213427985, 865010139, 3558343164, 1379882442, 797407112, 3096124, 897219128, 4007855342, 2888480487, 1090672060, 3987118812, 3038748473, 1658950162, 465329467, 1700772252, 4161110, 392222731, 2956501176, 1672954542, 1381050106, 1370983451, 583922742, 161844693, 3127561650, 2137688393, 899605133, 3015643520, 38522378, 339907988, 1183649928, 1787935334, 3287367204, 2986957905, 1762255563, 1320591564, 3948252044, 1710246770, 962550877, 763982826, 2706220717, 338275650, 2464191824, 1929282833, 1675870133, 2649766975, 3687807615, 2820952109, 2507330833, 2547256692, 889500491, 342603906, 664604257, 3436695761, 3491818056, 3267535627, 280907860, 1823001623, 1916177677, 3947335235, 2438677271, 3064271214, 3542489729, 3569024022, 114897184, 815938230, 3215360530, 3006158841, 3487281962, 1018573194, 343950770, 2017178137, 2216943657, 588458618, 3382754696, 1307383436, 2110959772, 1239363712, 2835443692, 2614055170, 1655634493, 2063311789, 486240482, 2959000011, 2825082979, 3641192659, 1960011766, 4214509983, 4289763979, 2908040972, 1845371077, 2176410133, 2232283364, 3018048396, 1480618483, 2784445158, 1195013700, 3239920996, 295258123, 1216644076, 1276438887, 3688527490, 1148616246, 2202656077, 3009671782, 2407723122, 427966523, 2021099934, 1421845090, 2769752378, 1229297097, 992440695, 4107938159, 1486914510, 1026332385, 200938590, 2971128956, 3729608936, 3268876542, 462107334, 2734972166, 2515370450, 3052643283, 3153744548, 366799684, 2549065512, 1815610662, 3004576246, 3961954798, 3565954058, 163560844, 2758495804, 4089188445, 1850861711, 1412661704, 3132508935, 2069045926, 2395653782, 889276253, 1482440117, 778236890, 1165859352, 804029460, 2768173836, 1757190019, 971653674, 117652293, 3349616170, 2536157579, 1591069681, 1064308265, 544062470, 881199861, 4204914127, 1073676467, 4084510364, 3997913069, 4155957674, 2264982922, 1699282079, 55562591, 18198023, 486304792, 3501387256, 2430181156, 1375071757, 2975112303, 1209186280, 2679852472, 2697991288, 2824175190, 2495781350, 408056416, 381760523, 1070584279, 997931517, 3727986081, 3958019552, 1799168063, 2238367966, 3187193954, 966335783, 1570200880, 517272096, 4023518215, 3148384554, 2516572132, 517324164, 808517955, 2838105751, 524173174, 3826968421, 4220013400, 2779489423, 2040125157, 2209996501, 4102846263, 1037660707, 3178065974, 1742343922, 1826776015, 3129227185, 956685425, 837955624, 2707411611, 1505449541, 1038355831, 3600081656, 1900799961, 2981549277, 2107758798, 1397140098, 653317378, 475939525, 1609930211, 1524997145, 1851806264, 1792562408, 186209450, 2175315827, 1519881391, 1910047312, 2275890438, 962719061, 1501682329, 3040317619, 1562920461, 4236375646, 1254944993, 716397001, 1570290657, 2979101563, 3850686663, 708790792, 3506555369, 3869334797, 258486144, 2940723233, 1833999536, 1152467370, 3753419732, 4168803751, 3190428852, 2211304928, 4091513850, 892966296, 2067021183, 3476265743, 1978315583, 175149258, 837515837, 2515480318, 1522623430, 1034650258, 1263427625, 2315266859, 2849108660, 2714326457, 37561235, 3059866532, 2692481097, 2558706972, 3525142546, 1153945908, 665667240, 3314003948, 2419555461, 1723826951, 3833404795, 2317897646, 394499765, 1480799786, 692138670, 241633375, 337750353, 403392493, 1930909788, 3035082747, 491588965, 574251819, 1637003552, 947327669, 3747655196, 2169556258, 2315784358, 2797308539, 1517860394, 2185666006, 1404805873, 1349952382, 657198471, 2262857179, 4106207507, 2118493521, 3454952340, 4081935254, 4010766535, 2758469206, 2523326649, 3504822175, 3400458893, 78308471, 3666664446, 675584099, 535112411, 325148493, 2700394472, 2684797327, 3807058423, 3401662352, 3530257587, 3604975514, 1967020389, 3829905053, 1092899212, 2324691969, 2491712260, 1518947917, 3761248081, 328780435, 2058535872, 4132323561, 1327837576, 1683870903, 3384182803, 44188310, 3533188683, 1820210749, 2917339301, 4211406956, 2591096676, 539000684, 662858784, 483579603, 172380359, 2999406983, 2588763548, 1887125576, 2610781716, 2156065559, 1123063870, 3621849290, 1714565440, 214836514, 2853644828, 1896841863, 1816285854, 3568816550, 1949872622, 2304192392, 1633546611, 1411182662, 367384792, 1772325424, 1648855374, 626104342, 4158949455, 3308085170, 1229341122, 3916090426, 1335628792, 642405801, 229034273, 1960295026, 2136444324, 1598699257, 1373954245, 2389420156, 1876796592, 2866432667, 1343479219, 929352030, 4022322280, 1938415718, 454086680, 2490915324, 1612997067, 4183511871, 2687864455, 2822026549, 3703877152, 782266375, 2420460853, 3341753368, 3566334854, 965106084, 2795772557, 3136796587, 3168913788, 2455260773, 2999216812, 1464363163, 1978574364, 27056206, 3556552211, 793006521, 1507280901, 4004074157, 142490538, 4270880496, 2331702056, 372033884, 1122572217, 2547218579, 428924997, 4149617279, 2273950695, 1945763589, 548757968, 1658764337, 3873338893, 1964080876, 2196048954, 3724853660, 3237896443, 1347626205, 3674599075, 3003350545, 2498136752, 1580711254, 1049854648, 2484352541, 539902597, 2819224588, 1069681770, 4142690444, 2014256486, 340069014, 1137608014, 629824342, 3043146751, 565292637, 1733320591, 4090808916, 2927119201, 1790836311, 3136169161, 262824943, 3675870796, 1194853091, 770776371, 709389484, 160053288, 2567456562, 4063669454, 157345607, 1117761189, 766106041, 1432587048, 214438702, 2018920645, 3346107183, 2376863443, 648966901, 3305694619, 287402937, 3203690064, 979628517, 105746968, 2924539608, 4004556929, 3883244390, 2250944106, 4143816817, 3818783508, 4092175082, 2182385649, 1219540091, 1717665111, 2703799027, 2662440506, 3580699534, 483940183, 2331468047, 4129187863, 1171046392, 3507658444, 1373541695, 603412945, 2121924691, 438041446, 922476960, 2894216382, 4178184642, 39074983, 1231817971, 2211185641, 601837110, 3616997742, 868644157, 4114907866, 4208623997, 149989212, 837734828, 943335050, 3061912291, 4034100952, 3825343286, 3781355278, 510), None)
Loaded weights: 96.48695753612573, 15.965637815736464, -0.3033284120409354, -0.7829865263788203, -1.2829865263788203
events: 
  ----
(3, (1752020814, 2263102726, 4178201233, 3938462978, 1661827760, 3294962602, 978271784, 2620907292, 1827271269, 3862390758, 3082419468, 1632007547, 3230124858, 3521699843, 756896379, 707606675, 3799547590, 422832808, 2071060906, 2131652410, 505274584, 672586099, 1739522590, 527231264, 2442548747, 4116557011, 2389911567, 4075065454, 2690191895, 3344699126, 843121058, 2836317212, 730372173, 3711558811, 2615830376, 794212121, 1519460051, 1200115578, 3534817346, 4137170124, 1033534867, 1332319191, 2349976788, 2959291311, 1763692626, 3673335240, 3686437274, 2341821637, 2168478318, 3909811316, 3497474240, 2051174110, 1426608340, 3643972275, 133317587, 279719263, 860729789, 163126190, 2306950721, 2147268660, 3220111928, 2293518102, 3369069915, 3370526030, 1785335149, 4068664480, 3440171654, 671138325, 2999697066, 495889000, 810837137, 3104433878, 2473928283, 2666100627, 2459795780, 814795506, 4063432910, 225925458, 2116714422, 2179381269, 1543762063, 2126524894, 852388621, 3606881815, 3570973622, 894626652, 1242014162, 3572502127, 61920051, 729061710, 1886709571, 3113886114, 3648175471, 2606105447, 144206436, 4230560752, 2233915107, 2688076291, 2762767772, 808877469, 1323476317, 2191041824, 1993856251, 1262473041, 3457035167, 1008969239, 2644770014, 72504209, 2670435023, 4044230494, 1820948984, 135447287, 2974435104, 2481084606, 2026887920, 2647915066, 2194509737, 2976588077, 4181707077, 4256627650, 837000064, 2683158722, 3346949494, 1682422539, 2973143193, 1401445114, 2293304216, 3567023630, 3823458765, 32469656, 1123977383, 2372814223, 786522674, 944490963, 3876098361, 1160426091, 3811712659, 330200376, 1913186383, 1203675682, 2197467921, 1287396678, 3638702247, 562595210, 4063067614, 47188163, 2239787179, 3287141219, 598140001, 1923727974, 2749989660, 2983623884, 2129128303, 4241308230, 1531548962, 554555301, 1647712860, 3850782113, 1492056645, 116063803, 1392155209, 2167205869, 736056720, 2088322978, 859850560, 1170126158, 3530104036, 2807034036, 2231923254, 3183002220, 4251268552, 1410523131, 562525849, 1116398077, 2165655519, 664536568, 3752180935, 3014347673, 273038817, 1058564725, 3321046777, 2314380321, 1696273346, 3179945031, 1867611908, 1630632274, 4141232007, 3289223379, 2916886545, 4280583741, 2583293795, 912407378, 2222185089, 2914171439, 2287250728, 3987070376, 4252515740, 4037093326, 3126968574, 3013322952, 573640473, 2920872271, 3802062817, 137041785, 961368845, 4121687094, 764076448, 4284338281, 3609388936, 3279374614, 3605761861, 1570279890, 3833905469, 533109621, 1815847764, 3121303523, 2500983068, 1782027515, 7080700, 3894485006, 1802345598, 291533598, 3925750352, 2462274325, 1332853428, 3387891831, 2203703317, 4039239991, 3746942005, 3200987816, 1057603008, 1597423231, 3996840603, 683980469, 1637721383, 3899849217, 1163051918, 3689528555, 3872952020, 3313156373, 3378711101, 1111226895, 1262925036, 2948458405, 145867819, 830939459, 3170831884, 1138805130, 1660464337, 1817760138, 1769008051, 2283622128, 2202991652, 3828693514, 3057340072, 2993468681, 663401991, 3697362234, 2199323896, 2950368529, 2693821896, 2626618403, 3974014056, 4021792982, 1354315415, 4027565390, 3782112966, 803536917, 2722064585, 2430922177, 719986386, 1254906695, 141512146, 769180861, 220588814, 2440463469, 1782663633, 1949268728, 3166002776, 1823606682, 924814746, 2083074822, 1395416986, 3638656813, 2434155486, 268640669, 1904381496, 2545317060, 3235414148, 960342658, 1229249446, 241391257, 4250878588, 2640629946, 2083159358, 4171952729, 1369936728, 2721861195, 1072086754, 398461562, 687571356, 3882404788, 3691440690, 4035343521, 1401619811, 3152953850, 2938967693, 1399425439, 3491857154, 1863987096, 2617462245, 2612159860, 3024280354, 3348764230, 2607747540, 2830438494, 1454423266, 3148449243, 1549695503, 1101456090, 2014873635, 3481035690, 3802104811, 4140552602, 255937339, 551999131, 4122747770, 1444658505, 188742834, 2197999366, 3435493685, 3846462179, 3717129508, 477111919, 2055389174, 3062419342, 3799410143, 4222543941, 3202398425, 87046643, 2765255074, 1302589572, 2556383343, 454125775, 1160271781, 3251849325, 4268052801, 4099661301, 707108177, 1156390384, 2480613586, 2406902710, 2951123541, 81794979, 1666751265, 1646613679, 3928336932, 400633251, 1021710756, 3300490347, 2147474963, 1772343798, 864222259, 3244998214, 1014113490, 2537368131, 413902968, 3273415137, 894687419, 2189359723, 2233084906, 1287389318, 3777880451, 2159556814, 1108395682, 693203742, 533296005, 3174842965, 226098183, 3807333925, 2821047068, 2460323617, 4179359411, 2030499726, 749794650, 347052235, 1877232178, 815362771, 2465877177, 152863334, 2909423935, 3642177052, 4001925932, 2541566771, 1971751729, 2838096163, 2836945723, 1667105080, 3339369356, 3028968880, 2063683027, 40771837, 4029821845, 1471167885, 2204242697, 2507474020, 279461243, 2237349992, 3438718066, 2941150752, 3501606738, 1852977647, 2447644917, 3740106296, 1318266575, 933536291, 477353579, 2144570644, 278203032, 4258622282, 1128116883, 3663846915, 1067325739, 201533068, 218031703, 1631322650, 2665334071, 4011586551, 954391805, 1915142296, 407980173, 4031152917, 500615186, 1223327336, 258005743, 3159171141, 551605627, 2109793492, 1024112916, 2026606562, 1434770167, 2557981869, 320599188, 1171598474, 1466889499, 2722339415, 2410920138, 3226191610, 2897446856, 2830045979, 579335407, 2688946549, 1175853306, 4275807267, 3187250821, 2403726211, 2903114936, 2825414262, 3273467587, 1850862215, 1709311099, 429917443, 3854325003, 2619017946, 3130126580, 3441953457, 3059997109, 3473152172, 1462791937, 2865350000, 2577190634, 585772280, 1268480436, 3092552136, 2856747500, 1224135922, 1722432998, 1570844331, 3107883607, 2447781935, 1188024050, 3568165233, 3603928552, 322949146, 3148827846, 154836723, 805362014, 2600184049, 2737095409, 1517490123, 1582133355, 1468850857, 2279675670, 1829495636, 3739508243, 3113028710, 2805665781, 1395584737, 1195651915, 39018796, 3301065863, 2827022926, 1483011057, 2807276436, 441265640, 1928189572, 4254601695, 1418199958, 375507653, 267350856, 1388036788, 1432692948, 1316209955, 2712017365, 3470016914, 846464022, 63633804, 1233827713, 3197481295, 871750271, 679986279, 3530974391, 3163942796, 1861199904, 3879811039, 1961941580, 2948346233, 3122302218, 849873737, 2124762066, 709499277, 3011463742, 2880762130, 122353738, 4178444870, 2863217780, 1852352901, 4076940587, 1657136598, 1164179859, 1930449352, 1541807619, 3804648710, 967533129, 2766161031, 3478966750, 2293855047, 1813803557, 2426234271, 3655973805, 2328649513, 90426992, 16880700, 3883470545, 3584184425, 3270482755, 698503198, 4113505311, 728813452, 836283088, 2551153876, 2757705438, 2600756392, 417518705, 1952372227, 2881785487, 32843239, 2824229435, 884516579, 1172804371, 2740326210, 3404991398, 3949104633, 4160837846, 1366837576, 2425743385, 2603854406, 1501864311, 888842660, 2122225494, 463085707, 2808206092, 1627626915, 4245544264, 4189177148, 1331485719, 2276207454, 2643050228, 409784444, 1249258822, 426264929, 3240283696, 1023747127, 2436317662, 2353305340, 1608862076, 1427792159, 426322866, 2931524690, 2211167871, 2821814184, 3019324642, 2711777065, 3120350067, 2956050406, 369364183, 4105064570, 3567306749, 1250369965, 1151680533, 3790096037, 2103398977, 1063524476, 2937045107, 171652030, 1990180056, 1298452936, 3046973929, 3305776473, 1824567938, 4014244959, 126322346, 3650656932, 3710812316, 174), None)
Loaded weights: 96.54577720866388, 15.865375169806034, -0.3033284120409354, -0.7829865263788203, -1.2829865263788203
events: 
  ----
(3, (1752020814, 2263102726, 4178201233, 3938462978, 1661827760, 3294962602, 978271784, 2620907292, 1827271269, 3862390758, 3082419468, 1632007547, 3230124858, 3521699843, 756896379, 707606675, 3799547590, 422832808, 2071060906, 2131652410, 505274584, 672586099, 1739522590, 527231264, 2442548747, 4116557011, 2389911567, 4075065454, 2690191895, 3344699126, 843121058, 2836317212, 730372173, 3711558811, 2615830376, 794212121, 1519460051, 1200115578, 3534817346, 4137170124, 1033534867, 1332319191, 2349976788, 2959291311, 1763692626, 3673335240, 3686437274, 2341821637, 2168478318, 3909811316, 3497474240, 2051174110, 1426608340, 3643972275, 133317587, 279719263, 860729789, 163126190, 2306950721, 2147268660, 3220111928, 2293518102, 3369069915, 3370526030, 1785335149, 4068664480, 3440171654, 671138325, 2999697066, 495889000, 810837137, 3104433878, 2473928283, 2666100627, 2459795780, 814795506, 4063432910, 225925458, 2116714422, 2179381269, 1543762063, 2126524894, 852388621, 3606881815, 3570973622, 894626652, 1242014162, 3572502127, 61920051, 729061710, 1886709571, 3113886114, 3648175471, 2606105447, 144206436, 4230560752, 2233915107, 2688076291, 2762767772, 808877469, 1323476317, 2191041824, 1993856251, 1262473041, 3457035167, 1008969239, 2644770014, 72504209, 2670435023, 4044230494, 1820948984, 135447287, 2974435104, 2481084606, 2026887920, 2647915066, 2194509737, 2976588077, 4181707077, 4256627650, 837000064, 2683158722, 3346949494, 1682422539, 2973143193, 1401445114, 2293304216, 3567023630, 3823458765, 32469656, 1123977383, 2372814223, 786522674, 944490963, 3876098361, 1160426091, 3811712659, 330200376, 1913186383, 1203675682, 2197467921, 1287396678, 3638702247, 562595210, 4063067614, 47188163, 2239787179, 3287141219, 598140001, 1923727974, 2749989660, 2983623884, 2129128303, 4241308230, 1531548962, 554555301, 1647712860, 3850782113, 1492056645, 116063803, 1392155209, 2167205869, 736056720, 2088322978, 859850560, 1170126158, 3530104036, 2807034036, 2231923254, 3183002220, 4251268552, 1410523131, 562525849, 1116398077, 2165655519, 664536568, 3752180935, 3014347673, 273038817, 1058564725, 3321046777, 2314380321, 1696273346, 3179945031, 1867611908, 1630632274, 4141232007, 3289223379, 2916886545, 4280583741, 2583293795, 912407378, 2222185089, 2914171439, 2287250728, 3987070376, 4252515740, 4037093326, 3126968574, 3013322952, 573640473, 2920872271, 3802062817, 137041785, 961368845, 4121687094, 764076448, 4284338281, 3609388936, 3279374614, 3605761861, 1570279890, 3833905469, 533109621, 1815847764, 3121303523, 2500983068, 1782027515, 7080700, 3894485006, 1802345598, 291533598, 3925750352, 2462274325, 1332853428, 3387891831, 2203703317, 4039239991, 3746942005, 3200987816, 1057603008, 1597423231, 3996840603, 683980469, 1637721383, 3899849217, 1163051918, 3689528555, 3872952020, 3313156373, 3378711101, 1111226895, 1262925036, 2948458405, 145867819, 830939459, 3170831884, 1138805130, 1660464337, 1817760138, 1769008051, 2283622128, 2202991652, 3828693514, 3057340072, 2993468681, 663401991, 3697362234, 2199323896, 2950368529, 2693821896, 2626618403, 3974014056, 4021792982, 1354315415, 4027565390, 3782112966, 803536917, 2722064585, 2430922177, 719986386, 1254906695, 141512146, 769180861, 220588814, 2440463469, 1782663633, 1949268728, 3166002776, 1823606682, 924814746, 2083074822, 1395416986, 3638656813, 2434155486, 268640669, 1904381496, 2545317060, 3235414148, 960342658, 1229249446, 241391257, 4250878588, 2640629946, 2083159358, 4171952729, 1369936728, 2721861195, 1072086754, 398461562, 687571356, 3882404788, 3691440690, 4035343521, 1401619811, 3152953850, 2938967693, 1399425439, 3491857154, 1863987096, 2617462245, 2612159860, 3024280354, 3348764230, 2607747540, 2830438494, 1454423266, 3148449243, 1549695503, 1101456090, 2014873635, 3481035690, 3802104811, 4140552602, 255937339, 551999131, 4122747770, 1444658505, 188742834, 2197999366, 3435493685, 3846462179, 3717129508, 477111919, 2055389174, 3062419342, 3799410143, 4222543941, 3202398425, 87046643, 2765255074, 1302589572, 2556383343, 454125775, 1160271781, 3251849325, 4268052801, 4099661301, 707108177, 1156390384, 2480613586, 2406902710, 2951123541, 81794979, 1666751265, 1646613679, 3928336932, 400633251, 1021710756, 3300490347, 2147474963, 1772343798, 864222259, 3244998214, 1014113490, 2537368131, 413902968, 3273415137, 894687419, 2189359723, 2233084906, 1287389318, 3777880451, 2159556814, 1108395682, 693203742, 533296005, 3174842965, 226098183, 3807333925, 2821047068, 2460323617, 4179359411, 2030499726, 749794650, 347052235, 1877232178, 815362771, 2465877177, 152863334, 2909423935, 3642177052, 4001925932, 2541566771, 1971751729, 2838096163, 2836945723, 1667105080, 3339369356, 3028968880, 2063683027, 40771837, 4029821845, 1471167885, 2204242697, 2507474020, 279461243, 2237349992, 3438718066, 2941150752, 3501606738, 1852977647, 2447644917, 3740106296, 1318266575, 933536291, 477353579, 2144570644, 278203032, 4258622282, 1128116883, 3663846915, 1067325739, 201533068, 218031703, 1631322650, 2665334071, 4011586551, 954391805, 1915142296, 407980173, 4031152917, 500615186, 1223327336, 258005743, 3159171141, 551605627, 2109793492, 1024112916, 2026606562, 1434770167, 2557981869, 320599188, 1171598474, 1466889499, 2722339415, 2410920138, 3226191610, 2897446856, 2830045979, 579335407, 2688946549, 1175853306, 4275807267, 3187250821, 2403726211, 2903114936, 2825414262, 3273467587, 1850862215, 1709311099, 429917443, 3854325003, 2619017946, 3130126580, 3441953457, 3059997109, 3473152172, 1462791937, 2865350000, 2577190634, 585772280, 1268480436, 3092552136, 2856747500, 1224135922, 1722432998, 1570844331, 3107883607, 2447781935, 1188024050, 3568165233, 3603928552, 322949146, 3148827846, 154836723, 805362014, 2600184049, 2737095409, 1517490123, 1582133355, 1468850857, 2279675670, 1829495636, 3739508243, 3113028710, 2805665781, 1395584737, 1195651915, 39018796, 3301065863, 2827022926, 1483011057, 2807276436, 441265640, 1928189572, 4254601695, 1418199958, 375507653, 267350856, 1388036788, 1432692948, 1316209955, 2712017365, 3470016914, 846464022, 63633804, 1233827713, 3197481295, 871750271, 679986279, 3530974391, 3163942796, 1861199904, 3879811039, 1961941580, 2948346233, 3122302218, 849873737, 2124762066, 709499277, 3011463742, 2880762130, 122353738, 4178444870, 2863217780, 1852352901, 4076940587, 1657136598, 1164179859, 1930449352, 1541807619, 3804648710, 967533129, 2766161031, 3478966750, 2293855047, 1813803557, 2426234271, 3655973805, 2328649513, 90426992, 16880700, 3883470545, 3584184425, 3270482755, 698503198, 4113505311, 728813452, 836283088, 2551153876, 2757705438, 2600756392, 417518705, 1952372227, 2881785487, 32843239, 2824229435, 884516579, 1172804371, 2740326210, 3404991398, 3949104633, 4160837846, 1366837576, 2425743385, 2603854406, 1501864311, 888842660, 2122225494, 463085707, 2808206092, 1627626915, 4245544264, 4189177148, 1331485719, 2276207454, 2643050228, 409784444, 1249258822, 426264929, 3240283696, 1023747127, 2436317662, 2353305340, 1608862076, 1427792159, 426322866, 2931524690, 2211167871, 2821814184, 3019324642, 2711777065, 3120350067, 2956050406, 369364183, 4105064570, 3567306749, 1250369965, 1151680533, 3790096037, 2103398977, 1063524476, 2937045107, 171652030, 1990180056, 1298452936, 3046973929, 3305776473, 1824567938, 4014244959, 126322346, 3650656932, 3710812316, 326), None)
Loaded weights: 96.9898758776098, 18.467238476361466, -0.3033284120409354, -0.7829865263788203, -1.2829865263788203
events: 
  ----
(3, (1752020814, 2263102726, 4178201233, 3938462978, 1661827760, 3294962602, 978271784, 2620907292, 1827271269, 3862390758, 3082419468, 1632007547, 3230124858, 3521699843, 756896379, 707606675, 3799547590, 422832808, 2071060906, 2131652410, 505274584, 672586099, 1739522590, 527231264, 2442548747, 4116557011, 2389911567, 4075065454, 2690191895, 3344699126, 843121058, 2836317212, 730372173, 3711558811, 2615830376, 794212121, 1519460051, 1200115578, 3534817346, 4137170124, 1033534867, 1332319191, 2349976788, 2959291311, 1763692626, 3673335240, 3686437274, 2341821637, 2168478318, 3909811316, 3497474240, 2051174110, 1426608340, 3643972275, 133317587, 279719263, 860729789, 163126190, 2306950721, 2147268660, 3220111928, 2293518102, 3369069915, 3370526030, 1785335149, 4068664480, 3440171654, 671138325, 2999697066, 495889000, 810837137, 3104433878, 2473928283, 2666100627, 2459795780, 814795506, 4063432910, 225925458, 2116714422, 2179381269, 1543762063, 2126524894, 852388621, 3606881815, 3570973622, 894626652, 1242014162, 3572502127, 61920051, 729061710, 1886709571, 3113886114, 3648175471, 2606105447, 144206436, 4230560752, 2233915107, 2688076291, 2762767772, 808877469, 1323476317, 2191041824, 1993856251, 1262473041, 3457035167, 1008969239, 2644770014, 72504209, 2670435023, 4044230494, 1820948984, 135447287, 2974435104, 2481084606, 2026887920, 2647915066, 2194509737, 2976588077, 4181707077, 4256627650, 837000064, 2683158722, 3346949494, 1682422539, 2973143193, 1401445114, 2293304216, 3567023630, 3823458765, 32469656, 1123977383, 2372814223, 786522674, 944490963, 3876098361, 1160426091, 3811712659, 330200376, 1913186383, 1203675682, 2197467921, 1287396678, 3638702247, 562595210, 4063067614, 47188163, 2239787179, 3287141219, 598140001, 1923727974, 2749989660, 2983623884, 2129128303, 4241308230, 1531548962, 554555301, 1647712860, 3850782113, 1492056645, 116063803, 1392155209, 2167205869, 736056720, 2088322978, 859850560, 1170126158, 3530104036, 2807034036, 2231923254, 3183002220, 4251268552, 1410523131, 562525849, 1116398077, 2165655519, 664536568, 3752180935, 3014347673, 273038817, 1058564725, 3321046777, 2314380321, 1696273346, 3179945031, 1867611908, 1630632274, 4141232007, 3289223379, 2916886545, 4280583741, 2583293795, 912407378, 2222185089, 2914171439, 2287250728, 3987070376, 4252515740, 4037093326, 3126968574, 3013322952, 573640473, 2920872271, 3802062817, 137041785, 961368845, 4121687094, 764076448, 4284338281, 3609388936, 3279374614, 3605761861, 1570279890, 3833905469, 533109621, 1815847764, 3121303523, 2500983068, 1782027515, 7080700, 3894485006, 1802345598, 291533598, 3925750352, 2462274325, 1332853428, 3387891831, 2203703317, 4039239991, 3746942005, 3200987816, 1057603008, 1597423231, 3996840603, 683980469, 1637721383, 3899849217, 1163051918, 3689528555, 3872952020, 3313156373, 3378711101, 1111226895, 1262925036, 2948458405, 145867819, 830939459, 3170831884, 1138805130, 1660464337, 1817760138, 1769008051, 2283622128, 2202991652, 3828693514, 3057340072, 2993468681, 663401991, 3697362234, 2199323896, 2950368529, 2693821896, 2626618403, 3974014056, 4021792982, 1354315415, 4027565390, 3782112966, 803536917, 2722064585, 2430922177, 719986386, 1254906695, 141512146, 769180861, 220588814, 2440463469, 1782663633, 1949268728, 3166002776, 1823606682, 924814746, 2083074822, 1395416986, 3638656813, 2434155486, 268640669, 1904381496, 2545317060, 3235414148, 960342658, 1229249446, 241391257, 4250878588, 2640629946, 2083159358, 4171952729, 1369936728, 2721861195, 1072086754, 398461562, 687571356, 3882404788, 3691440690, 4035343521, 1401619811, 3152953850, 2938967693, 1399425439, 3491857154, 1863987096, 2617462245, 2612159860, 3024280354, 3348764230, 2607747540, 2830438494, 1454423266, 3148449243, 1549695503, 1101456090, 2014873635, 3481035690, 3802104811, 4140552602, 255937339, 551999131, 4122747770, 1444658505, 188742834, 2197999366, 3435493685, 3846462179, 3717129508, 477111919, 2055389174, 3062419342, 3799410143, 4222543941, 3202398425, 87046643, 2765255074, 1302589572, 2556383343, 454125775, 1160271781, 3251849325, 4268052801, 4099661301, 707108177, 1156390384, 2480613586, 2406902710, 2951123541, 81794979, 1666751265, 1646613679, 3928336932, 400633251, 1021710756, 3300490347, 2147474963, 1772343798, 864222259, 3244998214, 1014113490, 2537368131, 413902968, 3273415137, 894687419, 2189359723, 2233084906, 1287389318, 3777880451, 2159556814, 1108395682, 693203742, 533296005, 3174842965, 226098183, 3807333925, 2821047068, 2460323617, 4179359411, 2030499726, 749794650, 347052235, 1877232178, 815362771, 2465877177, 152863334, 2909423935, 3642177052, 4001925932, 2541566771, 1971751729, 2838096163, 2836945723, 1667105080, 3339369356, 3028968880, 2063683027, 40771837, 4029821845, 1471167885, 2204242697, 2507474020, 279461243, 2237349992, 3438718066, 2941150752, 3501606738, 1852977647, 2447644917, 3740106296, 1318266575, 933536291, 477353579, 2144570644, 278203032, 4258622282, 1128116883, 3663846915, 1067325739, 201533068, 218031703, 1631322650, 2665334071, 4011586551, 954391805, 1915142296, 407980173, 4031152917, 500615186, 1223327336, 258005743, 3159171141, 551605627, 2109793492, 1024112916, 2026606562, 1434770167, 2557981869, 320599188, 1171598474, 1466889499, 2722339415, 2410920138, 3226191610, 2897446856, 2830045979, 579335407, 2688946549, 1175853306, 4275807267, 3187250821, 2403726211, 2903114936, 2825414262, 3273467587, 1850862215, 1709311099, 429917443, 3854325003, 2619017946, 3130126580, 3441953457, 3059997109, 3473152172, 1462791937, 2865350000, 2577190634, 585772280, 1268480436, 3092552136, 2856747500, 1224135922, 1722432998, 1570844331, 3107883607, 2447781935, 1188024050, 3568165233, 3603928552, 322949146, 3148827846, 154836723, 805362014, 2600184049, 2737095409, 1517490123, 1582133355, 1468850857, 2279675670, 1829495636, 3739508243, 3113028710, 2805665781, 1395584737, 1195651915, 39018796, 3301065863, 2827022926, 1483011057, 2807276436, 441265640, 1928189572, 4254601695, 1418199958, 375507653, 267350856, 1388036788, 1432692948, 1316209955, 2712017365, 3470016914, 846464022, 63633804, 1233827713, 3197481295, 871750271, 679986279, 3530974391, 3163942796, 1861199904, 3879811039, 1961941580, 2948346233, 3122302218, 849873737, 2124762066, 709499277, 3011463742, 2880762130, 122353738, 4178444870, 2863217780, 1852352901, 4076940587, 1657136598, 1164179859, 1930449352, 1541807619, 3804648710, 967533129, 2766161031, 3478966750, 2293855047, 1813803557, 2426234271, 3655973805, 2328649513, 90426992, 16880700, 3883470545, 3584184425, 3270482755, 698503198, 4113505311, 728813452, 836283088, 2551153876, 2757705438, 2600756392, 417518705, 1952372227, 2881785487, 32843239, 2824229435, 884516579, 1172804371, 2740326210, 3404991398, 3949104633, 4160837846, 1366837576, 2425743385, 2603854406, 1501864311, 888842660, 2122225494, 463085707, 2808206092, 1627626915, 4245544264, 4189177148, 1331485719, 2276207454, 2643050228, 409784444, 1249258822, 426264929, 3240283696, 1023747127, 2436317662, 2353305340, 1608862076, 1427792159, 426322866, 2931524690, 2211167871, 2821814184, 3019324642, 2711777065, 3120350067, 2956050406, 369364183, 4105064570, 3567306749, 1250369965, 1151680533, 3790096037, 2103398977, 1063524476, 2937045107, 171652030, 1990180056, 1298452936, 3046973929, 3305776473, 1824567938, 4014244959, 126322346, 3650656932, 3710812316, 528), None)
Loaded weights: 97.31703537016931, 20.28169600009444, -0.3033284120409354, -0.7829865263788203, -1.2829865263788203
events: 
  ----
(3, (1613503419, 579284507, 3253367601, 176681099, 542945576, 2903878785, 1504432643, 1813928676, 2792273815, 1265943549, 1827719690, 3971303919, 1588766462, 523263664, 3798736249, 2698520470, 2457111404, 1932252698, 136549822, 326968839, 4073738610, 591563671, 4066582490, 3539872073, 969390261, 3786358259, 1970368187, 3319455619, 43124065, 3355264486, 4221342201, 4096663556, 3316810250, 1436842809, 1055221830, 2845243300, 1798199765, 641228494, 3338746403, 3877985133, 3279724000, 990011262, 3119687402, 554382046, 3037652553, 2126953561, 2568434231, 399431724, 3603358829, 3884459178, 3177902485, 2251796386, 490663581, 4168508889, 823703301, 3333976315, 4194773492, 540116346, 4038832025, 3002959268, 3962716669, 1047683249, 170063904, 2313138706, 551647059, 2201630792, 1360255759, 2750689185, 2213502853, 927030050, 3548441543, 2273463539, 2092289638, 3503427144, 2057456001, 1921184211, 4277089633, 2505293367, 3507304487, 2443408766, 1656829508, 961613582, 596694011, 748917545, 2382664927, 4090250497, 2689558514, 1669305728, 478204500, 2435979808, 2251733024, 1452616857, 2396044967, 436290905, 1771601745, 1551551672, 2753509002, 2360500445, 2023654007, 423816580, 1382202481, 2770823657, 3200530011, 2060312983, 1872335258, 1454706078, 2087860867, 2362462288, 174772523, 2346495267, 3381252658, 247785813, 1176395543, 786182092, 1535956425, 2518528552, 1612396956, 725816815, 1286568439, 1530606668, 1182554080, 3710551028, 3638474533, 2836675828, 3149023690, 3100469824, 77697831, 263924710, 872899328, 399230453, 631578386, 1708702288, 4220002276, 2160517582, 1222812628, 52776580, 1318961878, 1493354174, 2306239845, 4129112274, 2506040200, 3619442010, 363314006, 1241968423, 2206640829, 2031017356, 3243587367, 1815840360, 4127731949, 2572006089, 888622147, 1994793207, 3884918414, 3882390968, 2364380541, 807049490, 1286773982, 551394708, 1485984897, 2581048805, 1823595318, 2124375364, 266602753, 2175772532, 2256561273, 2989550298, 1262824491, 920317720, 4112052153, 2135408387, 1532464409, 3178474864, 4255798066, 986979442, 2570717530, 1572397893, 953961925, 2152982375, 370241020, 549620197, 2222277560, 1182212165, 4189268394, 1815256841, 2549706661, 3277863615, 100902398, 911696363, 2848337878, 1381526576, 3333989213, 2203946467, 2242363534, 1564614645, 3085967588, 1136212729, 3915895353, 3514070659, 103324952, 2634700364, 2540562378, 1190943613, 1591117084, 765423345, 2300757753, 4150730745, 526031768, 3684748322, 2009049180, 114501383, 3127676692, 3788370412, 2454633840, 3623196431, 4182918511, 1978459378, 1125956305, 168638144, 1116679391, 953294839, 3173849190, 4059380849, 3165236183, 2298239237, 3128469070, 20760177, 1011270872, 2525908350, 2112010063, 2658053585, 3155435371, 2387179706, 1618953988, 4033720399, 3241121595, 3301430864, 4287147351, 530353504, 385915322, 2735444799, 3877966696, 3352250127, 772695195, 1327815078, 4074829412, 375132856, 1921860290, 1520744389, 359588690, 1607719644, 3606089265, 2019608231, 2478153974, 778881519, 98842072, 3361730237, 3922585467, 3122074501, 986388051, 2516236526, 2196457975, 1217018482, 3729600463, 2591715905, 507493481, 3082158400, 702507960, 1265342811, 3933772097, 3968313731, 2640687010, 2973319328, 4045565656, 2676344752, 2256349893, 988737626, 3718224342, 2737856185, 4033784943, 112273488, 3328375898, 411998408, 1941995442, 2995521563, 4047021419, 3363498117, 3106324422, 2354971071, 1659680240, 780178931, 400992641, 508483181, 3448262677, 788981136, 111797842, 3946616361, 3210202328, 2356393142, 2355251662, 1757941416, 3815140242, 346111128, 2479455068, 237111055, 2292489930, 529728446, 1629421934, 1255274437, 1323047106, 3029976534, 1635426707, 3559258446, 2416004642, 3992514328, 925179311, 2010680357, 367945746, 1896953336, 1984323060, 735332969, 1035957388, 2178879099, 656352373, 2058822600, 97106767, 1111528394, 3947332607, 1476215336, 2762346090, 1101937182, 2439478329, 22995720, 2173021814, 1093887352, 2543073175, 3797504795, 1862494686, 267468417, 3579069811, 1417111494, 1208866702, 3467365665, 1117632144, 3683099281, 2460090630, 2861916552, 3089001065, 2321951127, 4284222732, 3509789516, 4004448559, 1967763519, 1672859982, 2886037096, 2812359022, 18200082, 3308512251, 1003886528, 3733763258, 494878770, 3021408565, 3358289170, 596644263, 279236799, 3415532352, 3307452761, 1318837501, 1459519242, 1334542512, 1462415011, 744025956, 706276003, 961724907, 2690471030, 2022916071, 1625569776, 517677884, 3947037343, 3734583098, 3013461760, 926081783, 1768480507, 1285153493, 1525343859, 3011698990, 1868591512, 412329043, 4240723381, 974201975, 2153356609, 3978574970, 4056162799, 1619445660, 2827934060, 3141970774, 949777147, 250134431, 2027081951, 3879116712, 421676292, 2733358291, 942383183, 2942848348, 2691036318, 3404293461, 3343762334, 577710545, 3792573825, 298849109, 2447903235, 2181248801, 100913920, 2887157155, 4165109318, 3029172261, 1056404540, 1840360122, 3471975953, 3182901318, 2100406552, 3917103147, 1899469998, 1169729983, 1980764621, 3790239630, 2421083996, 1938759528, 1377057131, 2146384689, 3421933957, 2360647588, 3351880432, 3541180621, 2179089968, 1552870623, 3200741950, 942888301, 2766787486, 3718788637, 562323668, 1120337286, 2967453477, 1460040375, 4054020227, 2183416628, 89583802, 1492647050, 3950304130, 1017775395, 1961025919, 30925152, 3648236083, 2807669951, 4222795589, 1210319968, 728216851, 3394936554, 1150434517, 1617509670, 3414619622, 1706361361, 1794706785, 2328515389, 2730513709, 3758110951, 3577333183, 3297353577, 364221495, 3534464439, 1656751086, 508678106, 3610069694, 175529564, 665715252, 1054858684, 641465761, 3893099862, 1399290821, 2845535855, 4040312719, 2637334920, 1854144300, 2176845488, 4095361304, 1736633379, 583760636, 26205257, 1248958544, 3166375240, 1751328549, 682931146, 500119522, 3241406698, 2678453358, 397221736, 552447588, 471363116, 667879128, 2953900086, 1246493764, 3418734231, 1934091234, 692527504, 2428047138, 2588325371, 1470764127, 1828006299, 1415227879, 528032108, 1520279272, 2554240113, 1326053157, 1101092016, 3729563407, 3580101556, 1661585718, 2471329516, 2443493881, 3736898445, 1086522105, 2671077140, 1491276180, 2622177849, 369092584, 4127971728, 45408685, 902121517, 591060713, 737384817, 535086917, 396206608, 3716081219, 1547075483, 1570242637, 528837119, 2699099359, 336716700, 270029688, 1872541016, 2844354246, 1493389510, 105264940, 2986708446, 2660694670, 381639959, 2870105224, 3302146980, 2902029980, 1948476274, 4218534718, 939967728, 88699217, 3908347005, 413014804, 2944548694, 4034340453, 3794863310, 3302956031, 431142496, 2374134812, 320666135, 3658876355, 924879356, 3424956928, 2199636249, 212232031, 3646225924, 2337879072, 1968223351, 1396093233, 3204294466, 2115761957, 3600141795, 3500297933, 455372100, 2999310383, 620348200, 4107427325, 1249311636, 4151341524, 3216345070, 1311264608, 1066621110, 3119186277, 3312503060, 3713704213, 1404804936, 4162937099, 3977280433, 3056371144, 808826791, 203342212, 3451394486, 146380675, 957143988, 4228776160, 1537096570, 990195021, 4076176707, 1833597503, 4188457479, 2974464172, 2769479830, 1187249359, 961131563, 3838713607, 1086657569, 3413754622, 3526544942, 3848630616, 3176005516, 2888887568, 3790545278, 1569602956, 3347813337, 480464019, 60800362, 380214793, 2275702958, 3459003756, 3947698745, 2542462468, 1443574453, 3891659421, 172), None)
Loaded weights: 98.84562400944162, 24.13040339603626, -0.3033284120409354, -0.7829865263788203, -1.2829865263788203
events: 
  ----
(3, (1613503419, 579284507, 3253367601, 176681099, 542945576, 2903878785, 1504432643, 1813928676, 2792273815, 1265943549, 1827719690, 3971303919, 1588766462, 523263664, 3798736249, 2698520470, 2457111404, 1932252698, 136549822, 326968839, 4073738610, 591563671, 4066582490, 3539872073, 969390261, 3786358259, 1970368187, 3319455619, 43124065, 3355264486, 4221342201, 4096663556, 3316810250, 1436842809, 1055221830, 2845243300, 1798199765, 641228494, 3338746403, 3877985133, 3279724000, 990011262, 3119687402, 554382046, 3037652553, 2126953561, 2568434231, 399431724, 3603358829, 3884459178, 3177902485, 2251796386, 490663581, 4168508889, 823703301, 3333976315, 4194773492, 540116346, 4038832025, 3002959268, 3962716669, 1047683249, 170063904, 2313138706, 551647059, 2201630792, 1360255759, 2750689185, 2213502853, 927030050, 3548441543, 2273463539, 2092289638, 3503427144, 2057456001, 1921184211, 4277089633, 2505293367, 3507304487, 2443408766, 1656829508, 961613582, 596694011, 748917545, 2382664927, 4090250497, 2689558514, 1669305728, 478204500, 2435979808, 2251733024, 1452616857, 2396044967, 436290905, 1771601745, 1551551672, 2753509002, 2360500445, 2023654007, 423816580, 1382202481, 2770823657, 3200530011, 2060312983, 1872335258, 1454706078, 2087860867, 2362462288, 174772523, 2346495267, 3381252658, 247785813, 1176395543, 786182092, 1535956425, 2518528552, 1612396956, 725816815, 1286568439, 1530606668, 1182554080, 3710551028, 3638474533, 2836675828, 3149023690, 3100469824, 77697831, 263924710, 872899328, 399230453, 631578386, 1708702288, 4220002276, 2160517582, 1222812628, 52776580, 1318961878, 1493354174, 2306239845, 4129112274, 2506040200, 3619442010, 363314006, 1241968423, 2206640829, 2031017356, 3243587367, 1815840360, 4127731949, 2572006089, 888622147, 1994793207, 3884918414, 3882390968, 2364380541, 807049490, 1286773982, 551394708, 1485984897, 2581048805, 1823595318, 2124375364, 266602753, 2175772532, 2256561273, 2989550298, 1262824491, 920317720, 4112052153, 2135408387, 1532464409, 3178474864, 4255798066, 986979442, 2570717530, 1572397893, 953961925, 2152982375, 370241020, 549620197, 2222277560, 1182212165, 4189268394, 1815256841, 2549706661, 3277863615, 100902398, 911696363, 2848337878, 1381526576, 3333989213, 2203946467, 2242363534, 1564614645, 3085967588, 1136212729, 3915895353, 3514070659, 103324952, 2634700364, 2540562378, 1190943613, 1591117084, 765423345, 2300757753, 4150730745, 526031768, 3684748322, 2009049180, 114501383, 3127676692, 3788370412, 2454633840, 3623196431, 4182918511, 1978459378, 1125956305, 168638144, 1116679391, 953294839, 3173849190, 4059380849, 3165236183, 2298239237, 3128469070, 20760177, 1011270872, 2525908350, 2112010063, 2658053585, 3155435371, 2387179706, 1618953988, 4033720399, 3241121595, 3301430864, 4287147351, 530353504, 385915322, 2735444799, 3877966696, 3352250127, 772695195, 1327815078, 4074829412, 375132856, 1921860290, 1520744389, 359588690, 1607719644, 3606089265, 2019608231, 2478153974, 778881519, 98842072, 3361730237, 3922585467, 3122074501, 986388051, 2516236526, 2196457975, 1217018482, 3729600463, 2591715905, 507493481, 3082158400, 702507960, 1265342811, 3933772097, 3968313731, 2640687010, 2973319328, 4045565656, 2676344752, 2256349893, 988737626, 3718224342, 2737856185, 4033784943, 112273488, 3328375898, 411998408, 1941995442, 2995521563, 4047021419, 3363498117, 3106324422, 2354971071, 1659680240, 780178931, 400992641, 508483181, 3448262677, 788981136, 111797842, 3946616361, 3210202328, 2356393142, 2355251662, 1757941416, 3815140242, 346111128, 2479455068, 237111055, 2292489930, 529728446, 1629421934, 1255274437, 1323047106, 3029976534, 1635426707, 3559258446, 2416004642, 3992514328, 925179311, 2010680357, 367945746, 1896953336, 1984323060, 735332969, 1035957388, 2178879099, 656352373, 2058822600, 97106767, 1111528394, 3947332607, 1476215336, 2762346090, 1101937182, 2439478329, 22995720, 2173021814, 1093887352, 2543073175, 3797504795, 1862494686, 267468417, 3579069811, 1417111494, 1208866702, 3467365665, 1117632144, 3683099281, 2460090630, 2861916552, 3089001065, 2321951127, 4284222732, 3509789516, 4004448559, 1967763519, 1672859982, 2886037096, 2812359022, 18200082, 3308512251, 1003886528, 3733763258, 494878770, 3021408565, 3358289170, 596644263, 279236799, 3415532352, 3307452761, 1318837501, 1459519242, 1334542512, 1462415011, 744025956, 706276003, 961724907, 2690471030, 2022916071, 1625569776, 517677884, 3947037343, 3734583098, 3013461760, 926081783, 1768480507, 1285153493, 1525343859, 3011698990, 1868591512, 412329043, 4240723381, 974201975, 2153356609, 3978574970, 4056162799, 1619445660, 2827934060, 3141970774, 949777147, 250134431, 2027081951, 3879116712, 421676292, 2733358291, 942383183, 2942848348, 2691036318, 3404293461, 3343762334, 577710545, 3792573825, 298849109, 2447903235, 2181248801, 100913920, 2887157155, 4165109318, 3029172261, 1056404540, 1840360122, 3471975953, 3182901318, 2100406552, 3917103147, 1899469998, 1169729983, 1980764621, 3790239630, 2421083996, 1938759528, 1377057131, 2146384689, 3421933957, 2360647588, 3351880432, 3541180621, 2179089968, 1552870623, 3200741950, 942888301, 2766787486, 3718788637, 562323668, 1120337286, 2967453477, 1460040375, 4054020227, 2183416628, 89583802, 1492647050, 3950304130, 1017775395, 1961025919, 30925152, 3648236083, 2807669951, 4222795589, 1210319968, 728216851, 3394936554, 1150434517, 1617509670, 3414619622, 1706361361, 1794706785, 2328515389, 2730513709, 3758110951, 3577333183, 3297353577, 364221495, 3534464439, 1656751086, 508678106, 3610069694, 175529564, 665715252, 1054858684, 641465761, 3893099862, 1399290821, 2845535855, 4040312719, 2637334920, 1854144300, 2176845488, 4095361304, 1736633379, 583760636, 26205257, 1248958544, 3166375240, 1751328549, 682931146, 500119522, 3241406698, 2678453358, 397221736, 552447588, 471363116, 667879128, 2953900086, 1246493764, 3418734231, 1934091234, 692527504, 2428047138, 2588325371, 1470764127, 1828006299, 1415227879, 528032108, 1520279272, 2554240113, 1326053157, 1101092016, 3729563407, 3580101556, 1661585718, 2471329516, 2443493881, 3736898445, 1086522105, 2671077140, 1491276180, 2622177849, 369092584, 4127971728, 45408685, 902121517, 591060713, 737384817, 535086917, 396206608, 3716081219, 1547075483, 1570242637, 528837119, 2699099359, 336716700, 270029688, 1872541016, 2844354246, 1493389510, 105264940, 2986708446, 2660694670, 381639959, 2870105224, 3302146980, 2902029980, 1948476274, 4218534718, 939967728, 88699217, 3908347005, 413014804, 2944548694, 4034340453, 3794863310, 3302956031, 431142496, 2374134812, 320666135, 3658876355, 924879356, 3424956928, 2199636249, 212232031, 3646225924, 2337879072, 1968223351, 1396093233, 3204294466, 2115761957, 3600141795, 3500297933, 455372100, 2999310383, 620348200, 4107427325, 1249311636, 4151341524, 3216345070, 1311264608, 1066621110, 3119186277, 3312503060, 3713704213, 1404804936, 4162937099, 3977280433, 3056371144, 808826791, 203342212, 3451394486, 146380675, 957143988, 4228776160, 1537096570, 990195021, 4076176707, 1833597503, 4188457479, 2974464172, 2769479830, 1187249359, 961131563, 3838713607, 1086657569, 3413754622, 3526544942, 3848630616, 3176005516, 2888887568, 3790545278, 1569602956, 3347813337, 480464019, 60800362, 380214793, 2275702958, 3459003756, 3947698745, 2542462468, 1443574453, 3891659421, 352), None)
Loaded weights: 99.43841072872344, 27.703021823551637, -0.3033284120409354, -0.7829865263788203, -1.2829865263788203
events: 
  ----
(3, (4036622093, 1590367983, 3311996318, 2999313479, 3081357008, 1521816706, 2523585004, 1087802945, 1006572223, 337071316, 1297875369, 2122924074, 2658149723, 708675906, 1450164427, 3844915221, 2178379083, 2963032826, 2923517920, 1423540739, 106681093, 2223421355, 2370178403, 747711662, 3639128712, 2785586749, 3455438547, 967558625, 3014684079, 2538202955, 671295849, 490109492, 942415046, 2479238023, 3540179234, 1066253560, 2466146647, 3859202321, 1415409495, 1502419869, 4184407073, 3243337064, 1895954875, 3242802813, 1454658006, 3263519603, 3125025941, 810519005, 1989337839, 2672440479, 2825849939, 3946693298, 3520160588, 3226667581, 1663509137, 3663343685, 2880077304, 3916522355, 1914271681, 625675979, 2191768658, 1702379830, 3479776495, 2899118439, 1801720133, 2068516453, 707981858, 956246010, 2392418350, 1950440021, 3481010833, 2901492356, 1252590794, 4194851781, 2003075720, 2886300723, 4094651888, 3478253936, 1860847390, 2573952628, 1339030594, 559658829, 2139832004, 54031160, 2389536115, 3521623369, 2242218968, 1774355721, 710047724, 1117028441, 3090398915, 584835780, 3161142614, 2238725309, 871518654, 3543952303, 1089762527, 4075482764, 743233702, 2887876811, 2891186931, 1987730372, 2921708624, 4228478554, 1478321453, 2390133774, 2530289418, 1182494129, 3410817553, 137478274, 2318429586, 2776546872, 1307805966, 753944138, 1141321265, 833407102, 1390781735, 1782255504, 1318343440, 2960348444, 3207692291, 735797440, 340335747, 3270263793, 75867316, 1192442741, 304247323, 3959973904, 2421797768, 655869860, 299271105, 372741763, 1602729890, 1944908794, 3706470657, 2071502576, 1897489170, 2184638354, 3689831606, 1589539416, 2076603861, 625961203, 360882570, 3251156295, 2059491818, 195536530, 3901438394, 3031692734, 2126265651, 128046426, 243455544, 1206186037, 2294673890, 3883450001, 1564753368, 3467504146, 150001118, 449029577, 1704214600, 2489968981, 4220561757, 2269643327, 2371207078, 3377756404, 2198761646, 3414863670, 3611936140, 547294746, 3926722561, 1844938839, 2514543256, 193306094, 240959240, 2992677871, 2312058456, 1408457694, 1233325473, 1345117114, 1001139202, 650339060, 249658624, 1991208769, 409046671, 759267555, 3062948576, 2089978441, 1002963279, 3516129023, 3027670797, 3924786745, 545724197, 2948832246, 1099250413, 734898133, 4106939431, 1610825845, 4178254877, 2048431416, 4069206982, 271108255, 3245584428, 3718170573, 3800923544, 1681856932, 1408337807, 3938428250, 1796446942, 1117151237, 2125413467, 1576227755, 3147774472, 2601881750, 395774464, 1491889636, 3603341161, 1500105929, 1485350636, 2143597929, 2579690423, 487141721, 4149981422, 1090002330, 324708657, 3060877598, 1310471651, 1210601689, 3971032098, 392174709, 3371495640, 40612596, 4125186074, 3348522322, 4220222586, 1878368942, 582313321, 3711169739, 1540950628, 1188842868, 4127471978, 3991055599, 3503462938, 2556445273, 3267275974, 3097958009, 4222763942, 2533881473, 3766708542, 216834732, 2876201669, 1060567716, 3383361314, 3509740275, 1748400661, 3473396799, 2223800928, 1583230669, 1397415510, 3966636703, 399189571, 3763407074, 4152571582, 1697447450, 3954717959, 1156122556, 4259168689, 11721355, 3845154799, 1432092766, 773456246, 1068707434, 2580913709, 774203066, 2370287787, 1618098472, 1832448496, 1482501636, 1473948444, 1230039739, 2825213594, 4074773857, 2350138969, 1522998600, 1511294103, 1245618066, 340043758, 780806178, 4201430731, 4090881706, 3945839376, 1569900784, 987943566, 3567815056, 751336621, 694550795, 2489965617, 3509751362, 846757902, 2303534710, 3633661392, 2065314051, 2958607753, 2122333990, 1913702251, 4032635541, 2157473967, 1583728553, 621489481, 1755443235, 991384998, 2520702674, 690655135, 3329084002, 2803614405, 1195357648, 3408294852, 547701733, 2048662181, 2198900793, 2923001647, 2729742096, 479660895, 4185224027, 3999791691, 3675789735, 3553273705, 2162665862, 3353289183, 3188131270, 380454603, 1067365011, 3164997598, 1491055126, 4008656562, 68389918, 2925491427, 3167569662, 2529292061, 965935092, 3477409243, 1777689289, 2460815365, 625603961, 2238163433, 464823716, 1064419156, 2341721851, 1816719624, 3231680133, 1128460646, 4195756235, 557853489, 895437843, 1360104513, 1106438828, 2894246681, 734589610, 2063387716, 1049680284, 1485321882, 3699672039, 402212211, 338491661, 3928114800, 1423119026, 2041545697, 631964183, 1975602653, 1543746957, 2547158909, 61789752, 1305243849, 4284516800, 461966505, 231347862, 2227300678, 1909566637, 2869486794, 1640910245, 506074037, 1247031366, 1254383923, 3791682669, 2060462580, 288466249, 1836293381, 4040499902, 855867216, 1066437561, 510426176, 4224164251, 683595996, 4081914720, 3754804096, 2330628135, 3856238520, 1953621777, 3365294311, 2793123148, 1192542060, 2250363326, 2004730647, 2658865398, 63021457, 3053391828, 864696949, 4086499381, 2395789547, 3741434997, 3881032351, 3228083648, 1849715043, 965939438, 11782506, 4169560450, 2397594849, 2192458320, 1470029294, 2119994118, 3512422266, 3962612263, 1398172034, 1327368231, 3255040076, 3388876762, 843051670, 2337055858, 2687132917, 1737268587, 1634549712, 2765566538, 131844316, 2742036278, 2857272898, 2623298670, 1576392986, 3149801010, 1334295140, 1279496665, 3419906300, 921990339, 3649766057, 609031917, 4172334167, 429556598, 1030737204, 3048803826, 682843288, 805700256, 3816939002, 330389889, 62926040, 2226673507, 2902048676, 2292393490, 2614851107, 3990470573, 4180286529, 3319121545, 3797229473, 274288045, 3280049345, 3201891368, 358313602, 3000084168, 3041402740, 222840321, 1043387947, 1620047902, 3909108654, 3449178923, 2469507878, 3196677256, 2228287387, 4293691360, 2264525987, 2674566254, 3482187673, 1147992266, 810807787, 649019089, 3091606441, 2221703480, 609422913, 3112376472, 4245401569, 2382657720, 3312043210, 3923685402, 2283134295, 4293029090, 1242471501, 3712235972, 1331699900, 2934368347, 1160435564, 538326624, 743746822, 2178803254, 1258330264, 833476415, 433178841, 2040226104, 1342286229, 2213626174, 3146600523, 118977160, 1103493453, 2208880367, 2005520956, 3473111664, 3031618783, 882118070, 2560939898, 2430517009, 2186347057, 3801482342, 2353535187, 3434358679, 767670323, 592629543, 1159170497, 54840818, 2613935542, 159214790, 1361045119, 1535070489, 4086296232, 1017756142, 3900370011, 2044597859, 1206575467, 2005663677, 3919673168, 3015780713, 3789110931, 1897899112, 2654140270, 518313267, 3534321921, 3415894694, 1142730310, 3525621035, 1877884578, 2823488753, 2526657149, 3427800829, 4106761310, 1720105702, 3301813956, 2992937011, 1085542864, 2126005640, 3433604108, 3491642996, 1597253163, 1739965612, 3304689587, 4034878702, 1579058200, 1047130982, 2953854496, 4123996189, 2598313982, 1313127246, 3871964292, 3824120537, 744093913, 1896741601, 2514099518, 2585360968, 4256296681, 2368989562, 2060075330, 567986090, 1089854029, 289280242, 1501017834, 1148933883, 250049785, 248205238, 652659996, 3008044866, 2922758855, 407152846, 3375708617, 827717950, 2040300477, 4168730740, 1329249257, 724577660, 1390178928, 1601408826, 4177492233, 1766268935, 1644475901, 4196242112, 2267344961, 3988652727, 281871360, 3193100661, 1433356992, 3595083021, 2344149525, 782536192, 3399611129, 3879741818, 1877528889, 601687588, 2427634881, 611767858, 1193923521, 495193530, 2651995256, 2311980643, 3905527087, 530817781, 1771822656, 728556683, 2488994262, 862191171, 3241141029, 399814205, 3733083776, 701635518, 5), None)
Loaded weights: 99.79280251063301, 30.045802207180145, -0.3033284120409354, -0.7829865263788203, -1.2829865263788203
events: me found the exit, 
  ----
(3, (4036622093, 1590367983, 3311996318, 2999313479, 3081357008, 1521816706, 2523585004, 1087802945, 1006572223, 337071316, 1297875369, 2122924074, 2658149723, 708675906, 1450164427, 3844915221, 2178379083, 2963032826, 2923517920, 1423540739, 106681093, 2223421355, 2370178403, 747711662, 3639128712, 2785586749, 3455438547, 967558625, 3014684079, 2538202955, 671295849, 490109492, 942415046, 2479238023, 3540179234, 1066253560, 2466146647, 3859202321, 1415409495, 1502419869, 4184407073, 3243337064, 1895954875, 3242802813, 1454658006, 3263519603, 3125025941, 810519005, 1989337839, 2672440479, 2825849939, 3946693298, 3520160588, 3226667581, 1663509137, 3663343685, 2880077304, 3916522355, 1914271681, 625675979, 2191768658, 1702379830, 3479776495, 2899118439, 1801720133, 2068516453, 707981858, 956246010, 2392418350, 1950440021, 3481010833, 2901492356, 1252590794, 4194851781, 2003075720, 2886300723, 4094651888, 3478253936, 1860847390, 2573952628, 1339030594, 559658829, 2139832004, 54031160, 2389536115, 3521623369, 2242218968, 1774355721, 710047724, 1117028441, 3090398915, 584835780, 3161142614, 2238725309, 871518654, 3543952303, 1089762527, 4075482764, 743233702, 2887876811, 2891186931, 1987730372, 2921708624, 4228478554, 1478321453, 2390133774, 2530289418, 1182494129, 3410817553, 137478274, 2318429586, 2776546872, 1307805966, 753944138, 1141321265, 833407102, 1390781735, 1782255504, 1318343440, 2960348444, 3207692291, 735797440, 340335747, 3270263793, 75867316, 1192442741, 304247323, 3959973904, 2421797768, 655869860, 299271105, 372741763, 1602729890, 1944908794, 3706470657, 2071502576, 1897489170, 2184638354, 3689831606, 1589539416, 2076603861, 625961203, 360882570, 3251156295, 2059491818, 195536530, 3901438394, 3031692734, 2126265651, 128046426, 243455544, 1206186037, 2294673890, 3883450001, 1564753368, 3467504146, 150001118, 449029577, 1704214600, 2489968981, 4220561757, 2269643327, 2371207078, 3377756404, 2198761646, 3414863670, 3611936140, 547294746, 3926722561, 1844938839, 2514543256, 193306094, 240959240, 2992677871, 2312058456, 1408457694, 1233325473, 1345117114, 1001139202, 650339060, 249658624, 1991208769, 409046671, 759267555, 3062948576, 2089978441, 1002963279, 3516129023, 3027670797, 3924786745, 545724197, 2948832246, 1099250413, 734898133, 4106939431, 1610825845, 4178254877, 2048431416, 4069206982, 271108255, 3245584428, 3718170573, 3800923544, 1681856932, 1408337807, 3938428250, 1796446942, 1117151237, 2125413467, 1576227755, 3147774472, 2601881750, 395774464, 1491889636, 3603341161, 1500105929, 1485350636, 2143597929, 2579690423, 487141721, 4149981422, 1090002330, 324708657, 3060877598, 1310471651, 1210601689, 3971032098, 392174709, 3371495640, 40612596, 4125186074, 3348522322, 4220222586, 1878368942, 582313321, 3711169739, 1540950628, 1188842868, 4127471978, 3991055599, 3503462938, 2556445273, 3267275974, 3097958009, 4222763942, 2533881473, 3766708542, 216834732, 2876201669, 1060567716, 3383361314, 3509740275, 1748400661, 3473396799, 2223800928, 1583230669, 1397415510, 3966636703, 399189571, 3763407074, 4152571582, 1697447450, 3954717959, 1156122556, 4259168689, 11721355, 3845154799, 1432092766, 773456246, 1068707434, 2580913709, 774203066, 2370287787, 1618098472, 1832448496, 1482501636, 1473948444, 1230039739, 2825213594, 4074773857, 2350138969, 1522998600, 1511294103, 1245618066, 340043758, 780806178, 4201430731, 4090881706, 3945839376, 1569900784, 987943566, 3567815056, 751336621, 694550795, 2489965617, 3509751362, 846757902, 2303534710, 3633661392, 2065314051, 2958607753, 2122333990, 1913702251, 4032635541, 2157473967, 1583728553, 621489481, 1755443235, 991384998, 2520702674, 690655135, 3329084002, 2803614405, 1195357648, 3408294852, 547701733, 2048662181, 2198900793, 2923001647, 2729742096, 479660895, 4185224027, 3999791691, 3675789735, 3553273705, 2162665862, 3353289183, 3188131270, 380454603, 1067365011, 3164997598, 1491055126, 4008656562, 68389918, 2925491427, 3167569662, 2529292061, 965935092, 3477409243, 1777689289, 2460815365, 625603961, 2238163433, 464823716, 1064419156, 2341721851, 1816719624, 3231680133, 1128460646, 4195756235, 557853489, 895437843, 1360104513, 1106438828, 2894246681, 734589610, 2063387716, 1049680284, 1485321882, 3699672039, 402212211, 338491661, 3928114800, 1423119026, 2041545697, 631964183, 1975602653, 1543746957, 2547158909, 61789752, 1305243849, 4284516800, 461966505, 231347862, 2227300678, 1909566637, 2869486794, 1640910245, 506074037, 1247031366, 1254383923, 3791682669, 2060462580, 288466249, 1836293381, 4040499902, 855867216, 1066437561, 510426176, 4224164251, 683595996, 4081914720, 3754804096, 2330628135, 3856238520, 1953621777, 3365294311, 2793123148, 1192542060, 2250363326, 2004730647, 2658865398, 63021457, 3053391828, 864696949, 4086499381, 2395789547, 3741434997, 3881032351, 3228083648, 1849715043, 965939438, 11782506, 4169560450, 2397594849, 2192458320, 1470029294, 2119994118, 3512422266, 3962612263, 1398172034, 1327368231, 3255040076, 3388876762, 843051670, 2337055858, 2687132917, 1737268587, 1634549712, 2765566538, 131844316, 2742036278, 2857272898, 2623298670, 1576392986, 3149801010, 1334295140, 1279496665, 3419906300, 921990339, 3649766057, 609031917, 4172334167, 429556598, 1030737204, 3048803826, 682843288, 805700256, 3816939002, 330389889, 62926040, 2226673507, 2902048676, 2292393490, 2614851107, 3990470573, 4180286529, 3319121545, 3797229473, 274288045, 3280049345, 3201891368, 358313602, 3000084168, 3041402740, 222840321, 1043387947, 1620047902, 3909108654, 3449178923, 2469507878, 3196677256, 2228287387, 4293691360, 2264525987, 2674566254, 3482187673, 1147992266, 810807787, 649019089, 3091606441, 2221703480, 609422913, 3112376472, 4245401569, 2382657720, 3312043210, 3923685402, 2283134295, 4293029090, 1242471501, 3712235972, 1331699900, 2934368347, 1160435564, 538326624, 743746822, 2178803254, 1258330264, 833476415, 433178841, 2040226104, 1342286229, 2213626174, 3146600523, 118977160, 1103493453, 2208880367, 2005520956, 3473111664, 3031618783, 882118070, 2560939898, 2430517009, 2186347057, 3801482342, 2353535187, 3434358679, 767670323, 592629543, 1159170497, 54840818, 2613935542, 159214790, 1361045119, 1535070489, 4086296232, 1017756142, 3900370011, 2044597859, 1206575467, 2005663677, 3919673168, 3015780713, 3789110931, 1897899112, 2654140270, 518313267, 3534321921, 3415894694, 1142730310, 3525621035, 1877884578, 2823488753, 2526657149, 3427800829, 4106761310, 1720105702, 3301813956, 2992937011, 1085542864, 2126005640, 3433604108, 3491642996, 1597253163, 1739965612, 3304689587, 4034878702, 1579058200, 1047130982, 2953854496, 4123996189, 2598313982, 1313127246, 3871964292, 3824120537, 744093913, 1896741601, 2514099518, 2585360968, 4256296681, 2368989562, 2060075330, 567986090, 1089854029, 289280242, 1501017834, 1148933883, 250049785, 248205238, 652659996, 3008044866, 2922758855, 407152846, 3375708617, 827717950, 2040300477, 4168730740, 1329249257, 724577660, 1390178928, 1601408826, 4177492233, 1766268935, 1644475901, 4196242112, 2267344961, 3988652727, 281871360, 3193100661, 1433356992, 3595083021, 2344149525, 782536192, 3399611129, 3879741818, 1877528889, 601687588, 2427634881, 611767858, 1193923521, 495193530, 2651995256, 2311980643, 3905527087, 530817781, 1771822656, 728556683, 2488994262, 862191171, 3241141029, 399814205, 3733083776, 701635518, 311), None)
Loaded weights: 108.59984078500167, 30.045802207180145, -0.3033284120409354, -0.7829865263788203, 4.217013473621179
events: 
  ----
(3, (4036622093, 1590367983, 3311996318, 2999313479, 3081357008, 1521816706, 2523585004, 1087802945, 1006572223, 337071316, 1297875369, 2122924074, 2658149723, 708675906, 1450164427, 3844915221, 2178379083, 2963032826, 2923517920, 1423540739, 106681093, 2223421355, 2370178403, 747711662, 3639128712, 2785586749, 3455438547, 967558625, 3014684079, 2538202955, 671295849, 490109492, 942415046, 2479238023, 3540179234, 1066253560, 2466146647, 3859202321, 1415409495, 1502419869, 4184407073, 3243337064, 1895954875, 3242802813, 1454658006, 3263519603, 3125025941, 810519005, 1989337839, 2672440479, 2825849939, 3946693298, 3520160588, 3226667581, 1663509137, 3663343685, 2880077304, 3916522355, 1914271681, 625675979, 2191768658, 1702379830, 3479776495, 2899118439, 1801720133, 2068516453, 707981858, 956246010, 2392418350, 1950440021, 3481010833, 2901492356, 1252590794, 4194851781, 2003075720, 2886300723, 4094651888, 3478253936, 1860847390, 2573952628, 1339030594, 559658829, 2139832004, 54031160, 2389536115, 3521623369, 2242218968, 1774355721, 710047724, 1117028441, 3090398915, 584835780, 3161142614, 2238725309, 871518654, 3543952303, 1089762527, 4075482764, 743233702, 2887876811, 2891186931, 1987730372, 2921708624, 4228478554, 1478321453, 2390133774, 2530289418, 1182494129, 3410817553, 137478274, 2318429586, 2776546872, 1307805966, 753944138, 1141321265, 833407102, 1390781735, 1782255504, 1318343440, 2960348444, 3207692291, 735797440, 340335747, 3270263793, 75867316, 1192442741, 304247323, 3959973904, 2421797768, 655869860, 299271105, 372741763, 1602729890, 1944908794, 3706470657, 2071502576, 1897489170, 2184638354, 3689831606, 1589539416, 2076603861, 625961203, 360882570, 3251156295, 2059491818, 195536530, 3901438394, 3031692734, 2126265651, 128046426, 243455544, 1206186037, 2294673890, 3883450001, 1564753368, 3467504146, 150001118, 449029577, 1704214600, 2489968981, 4220561757, 2269643327, 2371207078, 3377756404, 2198761646, 3414863670, 3611936140, 547294746, 3926722561, 1844938839, 2514543256, 193306094, 240959240, 2992677871, 2312058456, 1408457694, 1233325473, 1345117114, 1001139202, 650339060, 249658624, 1991208769, 409046671, 759267555, 3062948576, 2089978441, 1002963279, 3516129023, 3027670797, 3924786745, 545724197, 2948832246, 1099250413, 734898133, 4106939431, 1610825845, 4178254877, 2048431416, 4069206982, 271108255, 3245584428, 3718170573, 3800923544, 1681856932, 1408337807, 3938428250, 1796446942, 1117151237, 2125413467, 1576227755, 3147774472, 2601881750, 395774464, 1491889636, 3603341161, 1500105929, 1485350636, 2143597929, 2579690423, 487141721, 4149981422, 1090002330, 324708657, 3060877598, 1310471651, 1210601689, 3971032098, 392174709, 3371495640, 40612596, 4125186074, 3348522322, 4220222586, 1878368942, 582313321, 3711169739, 1540950628, 1188842868, 4127471978, 3991055599, 3503462938, 2556445273, 3267275974, 3097958009, 4222763942, 2533881473, 3766708542, 216834732, 2876201669, 1060567716, 3383361314, 3509740275, 1748400661, 3473396799, 2223800928, 1583230669, 1397415510, 3966636703, 399189571, 3763407074, 4152571582, 1697447450, 3954717959, 1156122556, 4259168689, 11721355, 3845154799, 1432092766, 773456246, 1068707434, 2580913709, 774203066, 2370287787, 1618098472, 1832448496, 1482501636, 1473948444, 1230039739, 2825213594, 4074773857, 2350138969, 1522998600, 1511294103, 1245618066, 340043758, 780806178, 4201430731, 4090881706, 3945839376, 1569900784, 987943566, 3567815056, 751336621, 694550795, 2489965617, 3509751362, 846757902, 2303534710, 3633661392, 2065314051, 2958607753, 2122333990, 1913702251, 4032635541, 2157473967, 1583728553, 621489481, 1755443235, 991384998, 2520702674, 690655135, 3329084002, 2803614405, 1195357648, 3408294852, 547701733, 2048662181, 2198900793, 2923001647, 2729742096, 479660895, 4185224027, 3999791691, 3675789735, 3553273705, 2162665862, 3353289183, 3188131270, 380454603, 1067365011, 3164997598, 1491055126, 4008656562, 68389918, 2925491427, 3167569662, 2529292061, 965935092, 3477409243, 1777689289, 2460815365, 625603961, 2238163433, 464823716, 1064419156, 2341721851, 1816719624, 3231680133, 1128460646, 4195756235, 557853489, 895437843, 1360104513, 1106438828, 2894246681, 734589610, 2063387716, 1049680284, 1485321882, 3699672039, 402212211, 338491661, 3928114800, 1423119026, 2041545697, 631964183, 1975602653, 1543746957, 2547158909, 61789752, 1305243849, 4284516800, 461966505, 231347862, 2227300678, 1909566637, 2869486794, 1640910245, 506074037, 1247031366, 1254383923, 3791682669, 2060462580, 288466249, 1836293381, 4040499902, 855867216, 1066437561, 510426176, 4224164251, 683595996, 4081914720, 3754804096, 2330628135, 3856238520, 1953621777, 3365294311, 2793123148, 1192542060, 2250363326, 2004730647, 2658865398, 63021457, 3053391828, 864696949, 4086499381, 2395789547, 3741434997, 3881032351, 3228083648, 1849715043, 965939438, 11782506, 4169560450, 2397594849, 2192458320, 1470029294, 2119994118, 3512422266, 3962612263, 1398172034, 1327368231, 3255040076, 3388876762, 843051670, 2337055858, 2687132917, 1737268587, 1634549712, 2765566538, 131844316, 2742036278, 2857272898, 2623298670, 1576392986, 3149801010, 1334295140, 1279496665, 3419906300, 921990339, 3649766057, 609031917, 4172334167, 429556598, 1030737204, 3048803826, 682843288, 805700256, 3816939002, 330389889, 62926040, 2226673507, 2902048676, 2292393490, 2614851107, 3990470573, 4180286529, 3319121545, 3797229473, 274288045, 3280049345, 3201891368, 358313602, 3000084168, 3041402740, 222840321, 1043387947, 1620047902, 3909108654, 3449178923, 2469507878, 3196677256, 2228287387, 4293691360, 2264525987, 2674566254, 3482187673, 1147992266, 810807787, 649019089, 3091606441, 2221703480, 609422913, 3112376472, 4245401569, 2382657720, 3312043210, 3923685402, 2283134295, 4293029090, 1242471501, 3712235972, 1331699900, 2934368347, 1160435564, 538326624, 743746822, 2178803254, 1258330264, 833476415, 433178841, 2040226104, 1342286229, 2213626174, 3146600523, 118977160, 1103493453, 2208880367, 2005520956, 3473111664, 3031618783, 882118070, 2560939898, 2430517009, 2186347057, 3801482342, 2353535187, 3434358679, 767670323, 592629543, 1159170497, 54840818, 2613935542, 159214790, 1361045119, 1535070489, 4086296232, 1017756142, 3900370011, 2044597859, 1206575467, 2005663677, 3919673168, 3015780713, 3789110931, 1897899112, 2654140270, 518313267, 3534321921, 3415894694, 1142730310, 3525621035, 1877884578, 2823488753, 2526657149, 3427800829, 4106761310, 1720105702, 3301813956, 2992937011, 1085542864, 2126005640, 3433604108, 3491642996, 1597253163, 1739965612, 3304689587, 4034878702, 1579058200, 1047130982, 2953854496, 4123996189, 2598313982, 1313127246, 3871964292, 3824120537, 744093913, 1896741601, 2514099518, 2585360968, 4256296681, 2368989562, 2060075330, 567986090, 1089854029, 289280242, 1501017834, 1148933883, 250049785, 248205238, 652659996, 3008044866, 2922758855, 407152846, 3375708617, 827717950, 2040300477, 4168730740, 1329249257, 724577660, 1390178928, 1601408826, 4177492233, 1766268935, 1644475901, 4196242112, 2267344961, 3988652727, 281871360, 3193100661, 1433356992, 3595083021, 2344149525, 782536192, 3399611129, 3879741818, 1877528889, 601687588, 2427634881, 611767858, 1193923521, 495193530, 2651995256, 2311980643, 3905527087, 530817781, 1771822656, 728556683, 2488994262, 862191171, 3241141029, 399814205, 3733083776, 701635518, 581), None)
Loaded weights: 109.37409990982773, 33.35102533233593, -0.3033284120409354, -0.7829865263788203, -1.2829865263788203
events: 
  ----
(3, (1343657700, 1704999331, 1179358018, 749281407, 4079065783, 150261095, 1285355563, 3078423541, 4187532895, 829057248, 3762644064, 1902344429, 2507563361, 3699325401, 2450374715, 3645951760, 2697483519, 3653816081, 1909076878, 3451618483, 3843514380, 250673428, 3128441968, 2132947142, 2232610790, 1039249402, 203650549, 3002037406, 1507911432, 1831026846, 1763156081, 2105225651, 876386134, 1851434061, 4239849802, 976814646, 1985449017, 2933120622, 242228003, 3929765035, 753607533, 710929662, 2404932386, 3000052290, 2617707403, 1016756930, 3635803975, 2670595228, 588556130, 3851184750, 1167647737, 2338942044, 3935333440, 3948612943, 815660958, 4180443480, 1695754100, 2078244124, 1718913047, 4168860264, 3077170706, 1558788361, 3744954817, 792407228, 443927493, 4331411, 2930652469, 2986650467, 3999292404, 2156292028, 922179932, 2354364875, 1771755030, 3900961378, 830826062, 4275519843, 2554625880, 4052537132, 2480871252, 2825521592, 3452539827, 261516937, 657655629, 645410255, 1972890435, 1719782317, 1416293059, 3894580247, 910592075, 1081650036, 3098755448, 2518697980, 609403491, 335000722, 1842527436, 3054676492, 2543034141, 319601471, 2936948442, 3816168608, 4209036244, 1544701616, 1336503314, 3973565072, 2124425023, 459880976, 2042906425, 119773596, 1125094089, 1155387268, 3507980787, 292558523, 3648739669, 263844632, 742549897, 685684022, 2781034713, 2770021305, 4205817576, 1255696397, 2572785655, 3203237549, 2603376128, 123034523, 3116753047, 198505572, 1064917198, 422789051, 150254283, 1651253143, 2931475056, 3350804362, 1076391838, 4036260148, 171421893, 3509438169, 3000655520, 2351829192, 507551044, 987331931, 2504774037, 3630705092, 1920368858, 964428467, 3623315042, 1537974911, 4061330990, 1892619323, 3481336912, 4085866306, 3699143203, 3232716341, 1490057124, 773197628, 1508814977, 2295385827, 1148673103, 1845364239, 4102652121, 540634050, 718531886, 414473163, 1522781980, 4053206647, 2416600966, 4051434808, 504052803, 1254574171, 203163181, 648645013, 885994518, 2465481402, 438410080, 3109451205, 3838461077, 3338893133, 164407927, 1562627148, 39821704, 1577519210, 3861139844, 2615083873, 2170765080, 1034861676, 1410001593, 718893759, 2844129134, 168215184, 3702191869, 2966927600, 4019717519, 3069220416, 2816364105, 4054955196, 3061489631, 1567770584, 340486811, 1530994718, 721503824, 2812094551, 444191118, 1636547276, 3427620263, 3852417496, 3809955744, 4264636282, 2531725021, 1828641803, 1353789552, 1915178045, 1851248239, 3682156993, 134275264, 4114754730, 3896007425, 2992008974, 790948872, 2099270699, 3358558854, 1379272247, 1259399750, 83815825, 677075660, 1059670283, 2865247886, 3906651281, 4218070363, 1953296008, 613802201, 2092646223, 1331827414, 2397316234, 2131631152, 3301898816, 15485263, 2490641261, 302272090, 3678894293, 2660933189, 4246678636, 155691050, 4082275928, 470545651, 3708908844, 188974222, 25921297, 2345522661, 1772649905, 1366000710, 2662122465, 2394141024, 1744921139, 2205873466, 1315255493, 1154011943, 1883605027, 3256678670, 3153757071, 1297331650, 1341983753, 483187520, 1348621078, 1481474536, 3518094398, 2005009396, 2782959627, 2157278340, 1004938198, 898005963, 448406763, 3854801183, 61630209, 1285776982, 3995701183, 3003161502, 150598380, 1479323628, 1370114228, 1796330035, 898826163, 2251850731, 2225016074, 3694382737, 1865512067, 1822058765, 3259656109, 2173776189, 3270622106, 840981873, 3259371654, 91187316, 3575203148, 2381948873, 1033006066, 3667782722, 3076266995, 2216752263, 1522400180, 1758554517, 3904766989, 2546200049, 2441458980, 1609654518, 1090582480, 129408039, 408039727, 87179638, 3494000992, 76087776, 3937333341, 89049342, 3205675774, 85856581, 1912197921, 561546554, 2453681606, 3640153015, 1990674992, 3346661492, 4078040851, 3058023904, 2213146934, 1117132288, 1736342646, 1400860668, 1441359594, 3161824835, 683595886, 3671437094, 1375367165, 2159547291, 1238874214, 1499528223, 4158868887, 1497709283, 2439501208, 404009086, 1874706369, 4236384000, 1227186568, 3289758075, 3086552482, 1694820324, 3128682355, 970616859, 2357974636, 4087290768, 4177063748, 451813911, 1384446791, 2230472013, 138778216, 724402482, 2955981213, 1289176814, 898290921, 2099540825, 2197739837, 1895024294, 2463923704, 1670036845, 1059492861, 3141816192, 386215823, 133374236, 3181939573, 2379224898, 128591604, 2579448536, 3449292897, 114050643, 54218985, 1565436212, 4034005645, 2435805874, 3657731637, 442943823, 1247922982, 3850718742, 3837458402, 2250146261, 612803707, 423668888, 3955630610, 1435801424, 2902998897, 2801376961, 635818766, 3160357849, 245146482, 3358691271, 4293690950, 755369460, 1827143583, 2851539724, 2975833729, 1972657971, 1464167328, 2447682149, 4170697268, 3060530622, 1008870530, 3724341415, 3372287890, 4259510409, 3694230818, 2827967119, 210045972, 4226503041, 1867234166, 560411675, 1414729228, 379210366, 2012837313, 1263657912, 3076888586, 2415525235, 3342180914, 1507881868, 3463805576, 1328939120, 2541446137, 965563445, 1297388496, 1592226343, 3793536245, 1297339965, 718229094, 1944069097, 2409673161, 4096207427, 3056602241, 2954821965, 4162708048, 1898041106, 930278722, 3440260110, 1270619665, 420203391, 3184382283, 1047271171, 1298696693, 4271582901, 831720082, 1744622290, 2624988362, 1244989287, 2060453051, 3559846286, 700140704, 2759709285, 4239714652, 2894813080, 797945493, 2609414529, 3238551078, 2270784724, 2806001113, 1606431363, 3351668367, 2611119188, 1245838862, 2367485961, 1218462176, 82569994, 411714959, 3445149795, 1036487165, 210830098, 1435708768, 2186658664, 3491975068, 2122171617, 1371116395, 639446918, 2946879317, 4238000004, 261290314, 3797831044, 105992241, 206795865, 2414470360, 1820591215, 630300193, 4244160467, 803690407, 991056900, 3251537204, 798188903, 2755821329, 4279484636, 271717290, 731602169, 3791658802, 736966886, 598486344, 441767920, 2151929171, 2188524609, 3645059813, 3538173731, 34144139, 151081587, 2632103702, 304214512, 3539705418, 2907579419, 4261178101, 2736697394, 526521377, 897282648, 1623720624, 321751290, 1504772346, 3015358889, 3977044423, 1024766866, 3397846194, 1572377088, 914019318, 1009782027, 3615183513, 4091719056, 900183911, 3993691111, 1360436929, 3068844282, 989211395, 1952583370, 3842810012, 3821910225, 862332815, 3636073796, 3973476064, 2832067412, 194017879, 1020537371, 3037906081, 3672084397, 1729119846, 3252894059, 1452251755, 527239009, 180108886, 2307387793, 3172866651, 2152901216, 2485348994, 1137905136, 583802600, 1478647474, 1965768186, 1038514640, 1256668553, 459553336, 1637996576, 700825994, 4021768599, 1457734101, 1097392911, 336356678, 338343196, 4131751999, 728763964, 2269296242, 866540467, 3903532071, 3472406500, 4210405510, 2194972751, 4242674638, 1153388730, 2623976889, 1257064041, 4033341245, 911604066, 3920748773, 445204462, 253768115, 945743804, 2845130300, 2193954642, 2041086094, 3233177442, 3662947746, 3577034663, 2933955010, 2636075078, 717129027, 2452256440, 951904274, 2726571335, 1342417833, 635108707, 983887764, 1126533671, 575650277, 1319814227, 2233109644, 939068500, 1113519316, 1308341095, 2371275061, 2789114092, 969007003, 192517717, 4115952880, 391074666, 1992150882, 2749167015, 3842254031, 1520273772, 1894223007, 1268113545, 4080841387, 2291324153, 2183291368, 3256617772, 1062586808, 2493072569, 3188004958, 2260082764, 3853947742, 1570706497, 105), None)
Loaded weights: 109.9315648036044, 36.90197496113738, -0.3033284120409354, -0.7829865263788203, -1.2829865263788203
events: me found the exit, 
  ----
(3, (1343657700, 1704999331, 1179358018, 749281407, 4079065783, 150261095, 1285355563, 3078423541, 4187532895, 829057248, 3762644064, 1902344429, 2507563361, 3699325401, 2450374715, 3645951760, 2697483519, 3653816081, 1909076878, 3451618483, 3843514380, 250673428, 3128441968, 2132947142, 2232610790, 1039249402, 203650549, 3002037406, 1507911432, 1831026846, 1763156081, 2105225651, 876386134, 1851434061, 4239849802, 976814646, 1985449017, 2933120622, 242228003, 3929765035, 753607533, 710929662, 2404932386, 3000052290, 2617707403, 1016756930, 3635803975, 2670595228, 588556130, 3851184750, 1167647737, 2338942044, 3935333440, 3948612943, 815660958, 4180443480, 1695754100, 2078244124, 1718913047, 4168860264, 3077170706, 1558788361, 3744954817, 792407228, 443927493, 4331411, 2930652469, 2986650467, 3999292404, 2156292028, 922179932, 2354364875, 1771755030, 3900961378, 830826062, 4275519843, 2554625880, 4052537132, 2480871252, 2825521592, 3452539827, 261516937, 657655629, 645410255, 1972890435, 1719782317, 1416293059, 3894580247, 910592075, 1081650036, 3098755448, 2518697980, 609403491, 335000722, 1842527436, 3054676492, 2543034141, 319601471, 2936948442, 3816168608, 4209036244, 1544701616, 1336503314, 3973565072, 2124425023, 459880976, 2042906425, 119773596, 1125094089, 1155387268, 3507980787, 292558523, 3648739669, 263844632, 742549897, 685684022, 2781034713, 2770021305, 4205817576, 1255696397, 2572785655, 3203237549, 2603376128, 123034523, 3116753047, 198505572, 1064917198, 422789051, 150254283, 1651253143, 2931475056, 3350804362, 1076391838, 4036260148, 171421893, 3509438169, 3000655520, 2351829192, 507551044, 987331931, 2504774037, 3630705092, 1920368858, 964428467, 3623315042, 1537974911, 4061330990, 1892619323, 3481336912, 4085866306, 3699143203, 3232716341, 1490057124, 773197628, 1508814977, 2295385827, 1148673103, 1845364239, 4102652121, 540634050, 718531886, 414473163, 1522781980, 4053206647, 2416600966, 4051434808, 504052803, 1254574171, 203163181, 648645013, 885994518, 2465481402, 438410080, 3109451205, 3838461077, 3338893133, 164407927, 1562627148, 39821704, 1577519210, 3861139844, 2615083873, 2170765080, 1034861676, 1410001593, 718893759, 2844129134, 168215184, 3702191869, 2966927600, 4019717519, 3069220416, 2816364105, 4054955196, 3061489631, 1567770584, 340486811, 1530994718, 721503824, 2812094551, 444191118, 1636547276, 3427620263, 3852417496, 3809955744, 4264636282, 2531725021, 1828641803, 1353789552, 1915178045, 1851248239, 3682156993, 134275264, 4114754730, 3896007425, 2992008974, 790948872, 2099270699, 3358558854, 1379272247, 1259399750, 83815825, 677075660, 1059670283, 2865247886, 3906651281, 4218070363, 1953296008, 613802201, 2092646223, 1331827414, 2397316234, 2131631152, 3301898816, 15485263, 2490641261, 302272090, 3678894293, 2660933189, 4246678636, 155691050, 4082275928, 470545651, 3708908844, 188974222, 25921297, 2345522661, 1772649905, 1366000710, 2662122465, 2394141024, 1744921139, 2205873466, 1315255493, 1154011943, 1883605027, 3256678670, 3153757071, 1297331650, 1341983753, 483187520, 1348621078, 1481474536, 3518094398, 2005009396, 2782959627, 2157278340, 1004938198, 898005963, 448406763, 3854801183, 61630209, 1285776982, 3995701183, 3003161502, 150598380, 1479323628, 1370114228, 1796330035, 898826163, 2251850731, 2225016074, 3694382737, 1865512067, 1822058765, 3259656109, 2173776189, 3270622106, 840981873, 3259371654, 91187316, 3575203148, 2381948873, 1033006066, 3667782722, 3076266995, 2216752263, 1522400180, 1758554517, 3904766989, 2546200049, 2441458980, 1609654518, 1090582480, 129408039, 408039727, 87179638, 3494000992, 76087776, 3937333341, 89049342, 3205675774, 85856581, 1912197921, 561546554, 2453681606, 3640153015, 1990674992, 3346661492, 4078040851, 3058023904, 2213146934, 1117132288, 1736342646, 1400860668, 1441359594, 3161824835, 683595886, 3671437094, 1375367165, 2159547291, 1238874214, 1499528223, 4158868887, 1497709283, 2439501208, 404009086, 1874706369, 4236384000, 1227186568, 3289758075, 3086552482, 1694820324, 3128682355, 970616859, 2357974636, 4087290768, 4177063748, 451813911, 1384446791, 2230472013, 138778216, 724402482, 2955981213, 1289176814, 898290921, 2099540825, 2197739837, 1895024294, 2463923704, 1670036845, 1059492861, 3141816192, 386215823, 133374236, 3181939573, 2379224898, 128591604, 2579448536, 3449292897, 114050643, 54218985, 1565436212, 4034005645, 2435805874, 3657731637, 442943823, 1247922982, 3850718742, 3837458402, 2250146261, 612803707, 423668888, 3955630610, 1435801424, 2902998897, 2801376961, 635818766, 3160357849, 245146482, 3358691271, 4293690950, 755369460, 1827143583, 2851539724, 2975833729, 1972657971, 1464167328, 2447682149, 4170697268, 3060530622, 1008870530, 3724341415, 3372287890, 4259510409, 3694230818, 2827967119, 210045972, 4226503041, 1867234166, 560411675, 1414729228, 379210366, 2012837313, 1263657912, 3076888586, 2415525235, 3342180914, 1507881868, 3463805576, 1328939120, 2541446137, 965563445, 1297388496, 1592226343, 3793536245, 1297339965, 718229094, 1944069097, 2409673161, 4096207427, 3056602241, 2954821965, 4162708048, 1898041106, 930278722, 3440260110, 1270619665, 420203391, 3184382283, 1047271171, 1298696693, 4271582901, 831720082, 1744622290, 2624988362, 1244989287, 2060453051, 3559846286, 700140704, 2759709285, 4239714652, 2894813080, 797945493, 2609414529, 3238551078, 2270784724, 2806001113, 1606431363, 3351668367, 2611119188, 1245838862, 2367485961, 1218462176, 82569994, 411714959, 3445149795, 1036487165, 210830098, 1435708768, 2186658664, 3491975068, 2122171617, 1371116395, 639446918, 2946879317, 4238000004, 261290314, 3797831044, 105992241, 206795865, 2414470360, 1820591215, 630300193, 4244160467, 803690407, 991056900, 3251537204, 798188903, 2755821329, 4279484636, 271717290, 731602169, 3791658802, 736966886, 598486344, 441767920, 2151929171, 2188524609, 3645059813, 3538173731, 34144139, 151081587, 2632103702, 304214512, 3539705418, 2907579419, 4261178101, 2736697394, 526521377, 897282648, 1623720624, 321751290, 1504772346, 3015358889, 3977044423, 1024766866, 3397846194, 1572377088, 914019318, 1009782027, 3615183513, 4091719056, 900183911, 3993691111, 1360436929, 3068844282, 989211395, 1952583370, 3842810012, 3821910225, 862332815, 3636073796, 3973476064, 2832067412, 194017879, 1020537371, 3037906081, 3672084397, 1729119846, 3252894059, 1452251755, 527239009, 180108886, 2307387793, 3172866651, 2152901216, 2485348994, 1137905136, 583802600, 1478647474, 1965768186, 1038514640, 1256668553, 459553336, 1637996576, 700825994, 4021768599, 1457734101, 1097392911, 336356678, 338343196, 4131751999, 728763964, 2269296242, 866540467, 3903532071, 3472406500, 4210405510, 2194972751, 4242674638, 1153388730, 2623976889, 1257064041, 4033341245, 911604066, 3920748773, 445204462, 253768115, 945743804, 2845130300, 2193954642, 2041086094, 3233177442, 3662947746, 3577034663, 2933955010, 2636075078, 717129027, 2452256440, 951904274, 2726571335, 1342417833, 635108707, 983887764, 1126533671, 575650277, 1319814227, 2233109644, 939068500, 1113519316, 1308341095, 2371275061, 2789114092, 969007003, 192517717, 4115952880, 391074666, 1992150882, 2749167015, 3842254031, 1520273772, 1894223007, 1268113545, 4080841387, 2291324153, 2183291368, 3256617772, 1062586808, 2493072569, 3188004958, 2260082764, 3853947742, 1570706497, 451), None)
Loaded weights: 118.72641387660043, 36.90197496113738, -0.3033284120409354, -0.7829865263788203, 4.217013473621179
events: 
  ----
(3, (1343657700, 1704999331, 1179358018, 749281407, 4079065783, 150261095, 1285355563, 3078423541, 4187532895, 829057248, 3762644064, 1902344429, 2507563361, 3699325401, 2450374715, 3645951760, 2697483519, 3653816081, 1909076878, 3451618483, 3843514380, 250673428, 3128441968, 2132947142, 2232610790, 1039249402, 203650549, 3002037406, 1507911432, 1831026846, 1763156081, 2105225651, 876386134, 1851434061, 4239849802, 976814646, 1985449017, 2933120622, 242228003, 3929765035, 753607533, 710929662, 2404932386, 3000052290, 2617707403, 1016756930, 3635803975, 2670595228, 588556130, 3851184750, 1167647737, 2338942044, 3935333440, 3948612943, 815660958, 4180443480, 1695754100, 2078244124, 1718913047, 4168860264, 3077170706, 1558788361, 3744954817, 792407228, 443927493, 4331411, 2930652469, 2986650467, 3999292404, 2156292028, 922179932, 2354364875, 1771755030, 3900961378, 830826062, 4275519843, 2554625880, 4052537132, 2480871252, 2825521592, 3452539827, 261516937, 657655629, 645410255, 1972890435, 1719782317, 1416293059, 3894580247, 910592075, 1081650036, 3098755448, 2518697980, 609403491, 335000722, 1842527436, 3054676492, 2543034141, 319601471, 2936948442, 3816168608, 4209036244, 1544701616, 1336503314, 3973565072, 2124425023, 459880976, 2042906425, 119773596, 1125094089, 1155387268, 3507980787, 292558523, 3648739669, 263844632, 742549897, 685684022, 2781034713, 2770021305, 4205817576, 1255696397, 2572785655, 3203237549, 2603376128, 123034523, 3116753047, 198505572, 1064917198, 422789051, 150254283, 1651253143, 2931475056, 3350804362, 1076391838, 4036260148, 171421893, 3509438169, 3000655520, 2351829192, 507551044, 987331931, 2504774037, 3630705092, 1920368858, 964428467, 3623315042, 1537974911, 4061330990, 1892619323, 3481336912, 4085866306, 3699143203, 3232716341, 1490057124, 773197628, 1508814977, 2295385827, 1148673103, 1845364239, 4102652121, 540634050, 718531886, 414473163, 1522781980, 4053206647, 2416600966, 4051434808, 504052803, 1254574171, 203163181, 648645013, 885994518, 2465481402, 438410080, 3109451205, 3838461077, 3338893133, 164407927, 1562627148, 39821704, 1577519210, 3861139844, 2615083873, 2170765080, 1034861676, 1410001593, 718893759, 2844129134, 168215184, 3702191869, 2966927600, 4019717519, 3069220416, 2816364105, 4054955196, 3061489631, 1567770584, 340486811, 1530994718, 721503824, 2812094551, 444191118, 1636547276, 3427620263, 3852417496, 3809955744, 4264636282, 2531725021, 1828641803, 1353789552, 1915178045, 1851248239, 3682156993, 134275264, 4114754730, 3896007425, 2992008974, 790948872, 2099270699, 3358558854, 1379272247, 1259399750, 83815825, 677075660, 1059670283, 2865247886, 3906651281, 4218070363, 1953296008, 613802201, 2092646223, 1331827414, 2397316234, 2131631152, 3301898816, 15485263, 2490641261, 302272090, 3678894293, 2660933189, 4246678636, 155691050, 4082275928, 470545651, 3708908844, 188974222, 25921297, 2345522661, 1772649905, 1366000710, 2662122465, 2394141024, 1744921139, 2205873466, 1315255493, 1154011943, 1883605027, 3256678670, 3153757071, 1297331650, 1341983753, 483187520, 1348621078, 1481474536, 3518094398, 2005009396, 2782959627, 2157278340, 1004938198, 898005963, 448406763, 3854801183, 61630209, 1285776982, 3995701183, 3003161502, 150598380, 1479323628, 1370114228, 1796330035, 898826163, 2251850731, 2225016074, 3694382737, 1865512067, 1822058765, 3259656109, 2173776189, 3270622106, 840981873, 3259371654, 91187316, 3575203148, 2381948873, 1033006066, 3667782722, 3076266995, 2216752263, 1522400180, 1758554517, 3904766989, 2546200049, 2441458980, 1609654518, 1090582480, 129408039, 408039727, 87179638, 3494000992, 76087776, 3937333341, 89049342, 3205675774, 85856581, 1912197921, 561546554, 2453681606, 3640153015, 1990674992, 3346661492, 4078040851, 3058023904, 2213146934, 1117132288, 1736342646, 1400860668, 1441359594, 3161824835, 683595886, 3671437094, 1375367165, 2159547291, 1238874214, 1499528223, 4158868887, 1497709283, 2439501208, 404009086, 1874706369, 4236384000, 1227186568, 3289758075, 3086552482, 1694820324, 3128682355, 970616859, 2357974636, 4087290768, 4177063748, 451813911, 1384446791, 2230472013, 138778216, 724402482, 2955981213, 1289176814, 898290921, 2099540825, 2197739837, 1895024294, 2463923704, 1670036845, 1059492861, 3141816192, 386215823, 133374236, 3181939573, 2379224898, 128591604, 2579448536, 3449292897, 114050643, 54218985, 1565436212, 4034005645, 2435805874, 3657731637, 442943823, 1247922982, 3850718742, 3837458402, 2250146261, 612803707, 423668888, 3955630610, 1435801424, 2902998897, 2801376961, 635818766, 3160357849, 245146482, 3358691271, 4293690950, 755369460, 1827143583, 2851539724, 2975833729, 1972657971, 1464167328, 2447682149, 4170697268, 3060530622, 1008870530, 3724341415, 3372287890, 4259510409, 3694230818, 2827967119, 210045972, 4226503041, 1867234166, 560411675, 1414729228, 379210366, 2012837313, 1263657912, 3076888586, 2415525235, 3342180914, 1507881868, 3463805576, 1328939120, 2541446137, 965563445, 1297388496, 1592226343, 3793536245, 1297339965, 718229094, 1944069097, 2409673161, 4096207427, 3056602241, 2954821965, 4162708048, 1898041106, 930278722, 3440260110, 1270619665, 420203391, 3184382283, 1047271171, 1298696693, 4271582901, 831720082, 1744622290, 2624988362, 1244989287, 2060453051, 3559846286, 700140704, 2759709285, 4239714652, 2894813080, 797945493, 2609414529, 3238551078, 2270784724, 2806001113, 1606431363, 3351668367, 2611119188, 1245838862, 2367485961, 1218462176, 82569994, 411714959, 3445149795, 1036487165, 210830098, 1435708768, 2186658664, 3491975068, 2122171617, 1371116395, 639446918, 2946879317, 4238000004, 261290314, 3797831044, 105992241, 206795865, 2414470360, 1820591215, 630300193, 4244160467, 803690407, 991056900, 3251537204, 798188903, 2755821329, 4279484636, 271717290, 731602169, 3791658802, 736966886, 598486344, 441767920, 2151929171, 2188524609, 3645059813, 3538173731, 34144139, 151081587, 2632103702, 304214512, 3539705418, 2907579419, 4261178101, 2736697394, 526521377, 897282648, 1623720624, 321751290, 1504772346, 3015358889, 3977044423, 1024766866, 3397846194, 1572377088, 914019318, 1009782027, 3615183513, 4091719056, 900183911, 3993691111, 1360436929, 3068844282, 989211395, 1952583370, 3842810012, 3821910225, 862332815, 3636073796, 3973476064, 2832067412, 194017879, 1020537371, 3037906081, 3672084397, 1729119846, 3252894059, 1452251755, 527239009, 180108886, 2307387793, 3172866651, 2152901216, 2485348994, 1137905136, 583802600, 1478647474, 1965768186, 1038514640, 1256668553, 459553336, 1637996576, 700825994, 4021768599, 1457734101, 1097392911, 336356678, 338343196, 4131751999, 728763964, 2269296242, 866540467, 3903532071, 3472406500, 4210405510, 2194972751, 4242674638, 1153388730, 2623976889, 1257064041, 4033341245, 911604066, 3920748773, 445204462, 253768115, 945743804, 2845130300, 2193954642, 2041086094, 3233177442, 3662947746, 3577034663, 2933955010, 2636075078, 717129027, 2452256440, 951904274, 2726571335, 1342417833, 635108707, 983887764, 1126533671, 575650277, 1319814227, 2233109644, 939068500, 1113519316, 1308341095, 2371275061, 2789114092, 969007003, 192517717, 4115952880, 391074666, 1992150882, 2749167015, 3842254031, 1520273772, 1894223007, 1268113545, 4080841387, 2291324153, 2183291368, 3256617772, 1062586808, 2493072569, 3188004958, 2260082764, 3853947742, 1570706497, 620), None)
Loaded weights: 119.51445699834822, 41.88085122579413, -0.3033284120409354, -0.7829865263788203, -1.2829865263788203
events: me killed itself, me's bomb hit a wall, 
  ----
(3, (4238198702, 2999018436, 2009852628, 385056826, 3780178670, 1656372333, 1270298295, 405151609, 2223262034, 2561534143, 3980132541, 1750651374, 2558302021, 4050216153, 956000644, 3757494494, 2182455958, 867498623, 145812108, 4252126581, 2152586936, 1155296692, 2984534763, 1304393603, 3380851716, 2794741264, 1411590559, 840368547, 3566036154, 3771774682, 2373609056, 1778280514, 562385712, 3397146342, 3945565594, 305952654, 4017360231, 2937156188, 2607278024, 41096551, 1586751598, 514320110, 3836036202, 3915850265, 321238164, 1271489993, 2114194652, 913736035, 2930774525, 2985412164, 2137305749, 2707867566, 3307109080, 4231212458, 3223497200, 3724723234, 308285467, 834303317, 4248157970, 3706560477, 1346109826, 3914546876, 2421944529, 261149033, 3546826008, 54743628, 2292884622, 1943783152, 1489598033, 2518908109, 2732939719, 2019321881, 1641206865, 3667357775, 1983930354, 845151053, 696251645, 1878172716, 4220570505, 58115714, 3511779025, 1758428925, 2355492361, 2945462567, 631353809, 3753492945, 2290640117, 1054034729, 266011165, 659289272, 2329847498, 3836916873, 2914624856, 3388645050, 188434092, 4183434152, 848228978, 1013586827, 1377248024, 1730458138, 3997890059, 2779155016, 4012431277, 884776035, 264004227, 2901131568, 2675145688, 2863564875, 4036327816, 483217469, 743231863, 380349511, 1488907693, 3125999171, 1957124139, 2563023945, 2452891129, 3471666909, 292054302, 2830158006, 217675579, 271498496, 3973631716, 3118091679, 2458986667, 3965583863, 2687932517, 1937246813, 4180156885, 2713172418, 1495969990, 343292165, 3712391174, 1071566956, 2197320764, 2178365972, 2864801412, 3891111414, 2415162405, 2943971854, 3643199555, 2749681600, 3802593248, 3927476826, 2723347339, 644118646, 3956475028, 2923925433, 3302667770, 2003051438, 1836872007, 800798242, 902240630, 3990730285, 3897289300, 3335874344, 3843067473, 3089648267, 834497985, 1017919261, 2061880493, 2072159835, 3769356523, 1544115845, 1821854592, 541632193, 2535135950, 407111099, 3120181158, 4073502252, 3347224249, 3085270326, 125250162, 395280731, 3191233475, 1099452509, 1685889103, 4048041977, 425098583, 3668166695, 3463345793, 1334947391, 1720301962, 446233535, 245440210, 1835694905, 2243247658, 1829367299, 2371808223, 1076112346, 3328645990, 3763933880, 3941772518, 4203288354, 3426553515, 3274616379, 142241132, 790908092, 3387141843, 1869828386, 2121210165, 976524928, 1161203896, 869618436, 853746906, 1596849796, 1229545014, 295258019, 2875359380, 1534534424, 2751152981, 851296002, 2575164402, 135313808, 62308075, 662043291, 3960306243, 3609950184, 2021746493, 2812941515, 1500237115, 729310430, 302338275, 2875261721, 1809052379, 17527084, 665412357, 2011137821, 362040508, 1350230975, 293704319, 2664955126, 1088241997, 2462687951, 2333391376, 3448139391, 738649098, 997850944, 383207384, 3705619280, 3368038389, 4025885474, 4051593800, 3350487249, 2860091688, 2489233569, 279888754, 2834832539, 3531783323, 4139629147, 2696377925, 3359559321, 1487828141, 4014993619, 2470278509, 4119009341, 606422978, 3956522113, 3607649945, 803421840, 3796729709, 3339341166, 988060049, 2494893213, 619286150, 3677183370, 1602225292, 3713557844, 2331132996, 1330395194, 834249030, 896796607, 3855946441, 662978835, 1913288725, 2191934987, 2569331230, 3554995027, 581372072, 1594526706, 3195841327, 926154343, 814927548, 3173356610, 2308437596, 620074835, 3180675600, 2418319333, 3362797311, 3538699499, 622621647, 211559971, 1569351605, 2783204015, 2977790934, 2211560653, 4219306263, 260398546, 3574323904, 3007025782, 2455087837, 431550345, 316637349, 3014396465, 4208135268, 4178176818, 727177778, 2467692065, 3297818124, 3468857974, 2954456152, 4263905708, 2119014558, 2553554536, 938693066, 4205812505, 1545097632, 2841880304, 70451167, 4137384872, 2282645025, 1785744812, 3404012947, 456213900, 379496702, 3575995622, 863755821, 3273662872, 1414729065, 1987866303, 1347895376, 3120868435, 236115748, 1792628342, 2719834759, 3164545463, 2988130050, 302897911, 1916345475, 3820782031, 3786305682, 103099353, 485615407, 1473359147, 3366487531, 1755834582, 3570188052, 3632715503, 2690936956, 2007586973, 4260923051, 2265442354, 1833888230, 3327998738, 4038447350, 1588766886, 968910211, 559109013, 488114169, 898332271, 3108317517, 2673497084, 1398611212, 2839082506, 1613844627, 3374088068, 3970720116, 3589894447, 1545632559, 952656918, 1921880817, 2364911377, 2270547439, 2739191245, 1515026556, 283206018, 1381287485, 1606342220, 1575374291, 4022397251, 647386319, 3840654360, 4080432673, 2413479417, 933553644, 4224258686, 1851711130, 4257407390, 1020065762, 1572579287, 603919782, 974408058, 2402544081, 2212536136, 3655563812, 1513664736, 3647865852, 1450734420, 3417217068, 1547883693, 1235129114, 163615567, 621335444, 2206559444, 2672855400, 3558432975, 2632011309, 1788047006, 942961540, 4013069144, 816938169, 99367917, 3483267334, 2686308342, 1991975430, 1403692473, 599718595, 2862031520, 3345199100, 2372512990, 1748768257, 166925422, 3850692563, 3187762336, 2267192857, 910357778, 2048194065, 3734485022, 2766962363, 2788013382, 4056278427, 4091810979, 589500332, 836352447, 169881858, 2380634771, 2812386511, 913708597, 3042174840, 1598249132, 3081522613, 2784205166, 2143059922, 3757249322, 3641730445, 2224247889, 63612489, 1937552892, 2141569678, 2570258702, 3577444279, 1033263383, 3485734585, 3009778458, 391882766, 1446574806, 2597471628, 3882433505, 607944558, 218891111, 4159266248, 345142987, 2849394319, 779293071, 2922671448, 2842926902, 456406897, 3465064060, 3309286802, 4032072700, 2946877215, 1280301959, 629852619, 60839089, 639781870, 2899305305, 2977220350, 2442678407, 304010846, 3348069982, 3904570047, 2088224645, 2118346738, 2203166964, 623421325, 3397481627, 251952138, 747404545, 1277411897, 1164802559, 3702261064, 2821492773, 3928838675, 175544575, 3431887856, 2279092156, 3596968524, 3918008249, 3235720722, 363838855, 4287139337, 4018299379, 2362908032, 3493075686, 4204340342, 3976768122, 3103526487, 4025742134, 3783935144, 707753872, 2369885466, 2147562017, 137172782, 1027649051, 2141872089, 2532994870, 4155492018, 1270889167, 396447704, 3667579375, 391203644, 3364629790, 1074452385, 1433419835, 4261847661, 3464410813, 2001221416, 2825170360, 725532615, 4197575698, 1930930473, 3599632070, 2405620802, 2133929880, 1339388885, 1139938270, 1296253177, 1149115217, 2377001631, 3350508788, 1786469250, 2706203301, 4294018098, 3251837367, 1860442882, 1142663919, 3163213545, 3924287705, 2065056472, 3874763466, 564452209, 141399062, 1767797501, 1053410097, 4092644744, 1085402540, 3635377835, 2720944229, 62418187, 68478343, 1623985400, 3610183, 3911657129, 2981782587, 3537258481, 3747887695, 2227231293, 2631182545, 3729247009, 1652616904, 898499958, 1603497960, 2497313597, 1979186261, 2209098334, 229912785, 988674922, 1667247789, 2603129836, 2038724344, 2269098171, 2355204273, 2129233687, 1424652114, 3535894681, 1248348952, 2063916620, 1964170035, 2521786528, 251881733, 561139830, 2436380056, 1123660266, 4059961022, 1835205859, 3557758722, 2257958624, 1879102647, 3607701819, 2793060229, 481416353, 3320753209, 1140728308, 2545719599, 3272256953, 1733064619, 2758230262, 499692414, 1812821524, 415028377, 3801350479, 2531234684, 1191924453, 3469227792, 545471293, 2111686422, 1018536513, 2086007162, 2840615929, 3492898302, 3233517422, 2872587147, 2919205407, 3877691435, 135), None)
Loaded weights: 119.35008713180437, 41.117796073901374, -3.060411066073246, -0.7829865263788203, -1.2829865263788203
events: 
  ----
(3, (4238198702, 2999018436, 2009852628, 385056826, 3780178670, 1656372333, 1270298295, 405151609, 2223262034, 2561534143, 3980132541, 1750651374, 2558302021, 4050216153, 956000644, 3757494494, 2182455958, 867498623, 145812108, 4252126581, 2152586936, 1155296692, 2984534763, 1304393603, 3380851716, 2794741264, 1411590559, 840368547, 3566036154, 3771774682, 2373609056, 1778280514, 562385712, 3397146342, 3945565594, 305952654, 4017360231, 2937156188, 2607278024, 41096551, 1586751598, 514320110, 3836036202, 3915850265, 321238164, 1271489993, 2114194652, 913736035, 2930774525, 2985412164, 2137305749, 2707867566, 3307109080, 4231212458, 3223497200, 3724723234, 308285467, 834303317, 4248157970, 3706560477, 1346109826, 3914546876, 2421944529, 261149033, 3546826008, 54743628, 2292884622, 1943783152, 1489598033, 2518908109, 2732939719, 2019321881, 1641206865, 3667357775, 1983930354, 845151053, 696251645, 1878172716, 4220570505, 58115714, 3511779025, 1758428925, 2355492361, 2945462567, 631353809, 3753492945, 2290640117, 1054034729, 266011165, 659289272, 2329847498, 3836916873, 2914624856, 3388645050, 188434092, 4183434152, 848228978, 1013586827, 1377248024, 1730458138, 3997890059, 2779155016, 4012431277, 884776035, 264004227, 2901131568, 2675145688, 2863564875, 4036327816, 483217469, 743231863, 380349511, 1488907693, 3125999171, 1957124139, 2563023945, 2452891129, 3471666909, 292054302, 2830158006, 217675579, 271498496, 3973631716, 3118091679, 2458986667, 3965583863, 2687932517, 1937246813, 4180156885, 2713172418, 1495969990, 343292165, 3712391174, 1071566956, 2197320764, 2178365972, 2864801412, 3891111414, 2415162405, 2943971854, 3643199555, 2749681600, 3802593248, 3927476826, 2723347339, 644118646, 3956475028, 2923925433, 3302667770, 2003051438, 1836872007, 800798242, 902240630, 3990730285, 3897289300, 3335874344, 3843067473, 3089648267, 834497985, 1017919261, 2061880493, 2072159835, 3769356523, 1544115845, 1821854592, 541632193, 2535135950, 407111099, 3120181158, 4073502252, 3347224249, 3085270326, 125250162, 395280731, 3191233475, 1099452509, 1685889103, 4048041977, 425098583, 3668166695, 3463345793, 1334947391, 1720301962, 446233535, 245440210, 1835694905, 2243247658, 1829367299, 2371808223, 1076112346, 3328645990, 3763933880, 3941772518, 4203288354, 3426553515, 3274616379, 142241132, 790908092, 3387141843, 1869828386, 2121210165, 976524928, 1161203896, 869618436, 853746906, 1596849796, 1229545014, 295258019, 2875359380, 1534534424, 2751152981, 851296002, 2575164402, 135313808, 62308075, 662043291, 3960306243, 3609950184, 2021746493, 2812941515, 1500237115, 729310430, 302338275, 2875261721, 1809052379, 17527084, 665412357, 2011137821, 362040508, 1350230975, 293704319, 2664955126, 1088241997, 2462687951, 2333391376, 3448139391, 738649098, 997850944, 383207384, 3705619280, 3368038389, 4025885474, 4051593800, 3350487249, 2860091688, 2489233569, 279888754, 2834832539, 3531783323, 4139629147, 2696377925, 3359559321, 1487828141, 4014993619, 2470278509, 4119009341, 606422978, 3956522113, 3607649945, 803421840, 3796729709, 3339341166, 988060049, 2494893213, 619286150, 3677183370, 1602225292, 3713557844, 2331132996, 1330395194, 834249030, 896796607, 3855946441, 662978835, 1913288725, 2191934987, 2569331230, 3554995027, 581372072, 1594526706, 3195841327, 926154343, 814927548, 3173356610, 2308437596, 620074835, 3180675600, 2418319333, 3362797311, 3538699499, 622621647, 211559971, 1569351605, 2783204015, 2977790934, 2211560653, 4219306263, 260398546, 3574323904, 3007025782, 2455087837, 431550345, 316637349, 3014396465, 4208135268, 4178176818, 727177778, 2467692065, 3297818124, 3468857974, 2954456152, 4263905708, 2119014558, 2553554536, 938693066, 4205812505, 1545097632, 2841880304, 70451167, 4137384872, 2282645025, 1785744812, 3404012947, 456213900, 379496702, 3575995622, 863755821, 3273662872, 1414729065, 1987866303, 1347895376, 3120868435, 236115748, 1792628342, 2719834759, 3164545463, 2988130050, 302897911, 1916345475, 3820782031, 3786305682, 103099353, 485615407, 1473359147, 3366487531, 1755834582, 3570188052, 3632715503, 2690936956, 2007586973, 4260923051, 2265442354, 1833888230, 3327998738, 4038447350, 1588766886, 968910211, 559109013, 488114169, 898332271, 3108317517, 2673497084, 1398611212, 2839082506, 1613844627, 3374088068, 3970720116, 3589894447, 1545632559, 952656918, 1921880817, 2364911377, 2270547439, 2739191245, 1515026556, 283206018, 1381287485, 1606342220, 1575374291, 4022397251, 647386319, 3840654360, 4080432673, 2413479417, 933553644, 4224258686, 1851711130, 4257407390, 1020065762, 1572579287, 603919782, 974408058, 2402544081, 2212536136, 3655563812, 1513664736, 3647865852, 1450734420, 3417217068, 1547883693, 1235129114, 163615567, 621335444, 2206559444, 2672855400, 3558432975, 2632011309, 1788047006, 942961540, 4013069144, 816938169, 99367917, 3483267334, 2686308342, 1991975430, 1403692473, 599718595, 2862031520, 3345199100, 2372512990, 1748768257, 166925422, 3850692563, 3187762336, 2267192857, 910357778, 2048194065, 3734485022, 2766962363, 2788013382, 4056278427, 4091810979, 589500332, 836352447, 169881858, 2380634771, 2812386511, 913708597, 3042174840, 1598249132, 3081522613, 2784205166, 2143059922, 3757249322, 3641730445, 2224247889, 63612489, 1937552892, 2141569678, 2570258702, 3577444279, 1033263383, 3485734585, 3009778458, 391882766, 1446574806, 2597471628, 3882433505, 607944558, 218891111, 4159266248, 345142987, 2849394319, 779293071, 2922671448, 2842926902, 456406897, 3465064060, 3309286802, 4032072700, 2946877215, 1280301959, 629852619, 60839089, 639781870, 2899305305, 2977220350, 2442678407, 304010846, 3348069982, 3904570047, 2088224645, 2118346738, 2203166964, 623421325, 3397481627, 251952138, 747404545, 1277411897, 1164802559, 3702261064, 2821492773, 3928838675, 175544575, 3431887856, 2279092156, 3596968524, 3918008249, 3235720722, 363838855, 4287139337, 4018299379, 2362908032, 3493075686, 4204340342, 3976768122, 3103526487, 4025742134, 3783935144, 707753872, 2369885466, 2147562017, 137172782, 1027649051, 2141872089, 2532994870, 4155492018, 1270889167, 396447704, 3667579375, 391203644, 3364629790, 1074452385, 1433419835, 4261847661, 3464410813, 2001221416, 2825170360, 725532615, 4197575698, 1930930473, 3599632070, 2405620802, 2133929880, 1339388885, 1139938270, 1296253177, 1149115217, 2377001631, 3350508788, 1786469250, 2706203301, 4294018098, 3251837367, 1860442882, 1142663919, 3163213545, 3924287705, 2065056472, 3874763466, 564452209, 141399062, 1767797501, 1053410097, 4092644744, 1085402540, 3635377835, 2720944229, 62418187, 68478343, 1623985400, 3610183, 3911657129, 2981782587, 3537258481, 3747887695, 2227231293, 2631182545, 3729247009, 1652616904, 898499958, 1603497960, 2497313597, 1979186261, 2209098334, 229912785, 988674922, 1667247789, 2603129836, 2038724344, 2269098171, 2355204273, 2129233687, 1424652114, 3535894681, 1248348952, 2063916620, 1964170035, 2521786528, 251881733, 561139830, 2436380056, 1123660266, 4059961022, 1835205859, 3557758722, 2257958624, 1879102647, 3607701819, 2793060229, 481416353, 3320753209, 1140728308, 2545719599, 3272256953, 1733064619, 2758230262, 499692414, 1812821524, 415028377, 3801350479, 2531234684, 1191924453, 3469227792, 545471293, 2111686422, 1018536513, 2086007162, 2840615929, 3492898302, 3233517422, 2872587147, 2919205407, 3877691435, 264), None)
Loaded weights: 120.09970563504736, 46.780423761310864, -3.060411066073246, -0.7829865263788203, -1.2829865263788203
events: me found the exit, 
  ----
(3, (4238198702, 2999018436, 2009852628, 385056826, 3780178670, 1656372333, 1270298295, 405151609, 2223262034, 2561534143, 3980132541, 1750651374, 2558302021, 4050216153, 956000644, 3757494494, 2182455958, 867498623, 145812108, 4252126581, 2152586936, 1155296692, 2984534763, 1304393603, 3380851716, 2794741264, 1411590559, 840368547, 3566036154, 3771774682, 2373609056, 1778280514, 562385712, 3397146342, 3945565594, 305952654, 4017360231, 2937156188, 2607278024, 41096551, 1586751598, 514320110, 3836036202, 3915850265, 321238164, 1271489993, 2114194652, 913736035, 2930774525, 2985412164, 2137305749, 2707867566, 3307109080, 4231212458, 3223497200, 3724723234, 308285467, 834303317, 4248157970, 3706560477, 1346109826, 3914546876, 2421944529, 261149033, 3546826008, 54743628, 2292884622, 1943783152, 1489598033, 2518908109, 2732939719, 2019321881, 1641206865, 3667357775, 1983930354, 845151053, 696251645, 1878172716, 4220570505, 58115714, 3511779025, 1758428925, 2355492361, 2945462567, 631353809, 3753492945, 2290640117, 1054034729, 266011165, 659289272, 2329847498, 3836916873, 2914624856, 3388645050, 188434092, 4183434152, 848228978, 1013586827, 1377248024, 1730458138, 3997890059, 2779155016, 4012431277, 884776035, 264004227, 2901131568, 2675145688, 2863564875, 4036327816, 483217469, 743231863, 380349511, 1488907693, 3125999171, 1957124139, 2563023945, 2452891129, 3471666909, 292054302, 2830158006, 217675579, 271498496, 3973631716, 3118091679, 2458986667, 3965583863, 2687932517, 1937246813, 4180156885, 2713172418, 1495969990, 343292165, 3712391174, 1071566956, 2197320764, 2178365972, 2864801412, 3891111414, 2415162405, 2943971854, 3643199555, 2749681600, 3802593248, 3927476826, 2723347339, 644118646, 3956475028, 2923925433, 3302667770, 2003051438, 1836872007, 800798242, 902240630, 3990730285, 3897289300, 3335874344, 3843067473, 3089648267, 834497985, 1017919261, 2061880493, 2072159835, 3769356523, 1544115845, 1821854592, 541632193, 2535135950, 407111099, 3120181158, 4073502252, 3347224249, 3085270326, 125250162, 395280731, 3191233475, 1099452509, 1685889103, 4048041977, 425098583, 3668166695, 3463345793, 1334947391, 1720301962, 446233535, 245440210, 1835694905, 2243247658, 1829367299, 2371808223, 1076112346, 3328645990, 3763933880, 3941772518, 4203288354, 3426553515, 3274616379, 142241132, 790908092, 3387141843, 1869828386, 2121210165, 976524928, 1161203896, 869618436, 853746906, 1596849796, 1229545014, 295258019, 2875359380, 1534534424, 2751152981, 851296002, 2575164402, 135313808, 62308075, 662043291, 3960306243, 3609950184, 2021746493, 2812941515, 1500237115, 729310430, 302338275, 2875261721, 1809052379, 17527084, 665412357, 2011137821, 362040508, 1350230975, 293704319, 2664955126, 1088241997, 2462687951, 2333391376, 3448139391, 738649098, 997850944, 383207384, 3705619280, 3368038389, 4025885474, 4051593800, 3350487249, 2860091688, 2489233569, 279888754, 2834832539, 3531783323, 4139629147, 2696377925, 3359559321, 1487828141, 4014993619, 2470278509, 4119009341, 606422978, 3956522113, 3607649945, 803421840, 3796729709, 3339341166, 988060049, 2494893213, 619286150, 3677183370, 1602225292, 3713557844, 2331132996, 1330395194, 834249030, 896796607, 3855946441, 662978835, 1913288725, 2191934987, 2569331230, 3554995027, 581372072, 1594526706, 3195841327, 926154343, 814927548, 3173356610, 2308437596, 620074835, 3180675600, 2418319333, 3362797311, 3538699499, 622621647, 211559971, 1569351605, 2783204015, 2977790934, 2211560653, 4219306263, 260398546, 3574323904, 3007025782, 2455087837, 431550345, 316637349, 3014396465, 4208135268, 4178176818, 727177778, 2467692065, 3297818124, 3468857974, 2954456152, 4263905708, 2119014558, 2553554536, 938693066, 4205812505, 1545097632, 2841880304, 70451167, 4137384872, 2282645025, 1785744812, 3404012947, 456213900, 379496702, 3575995622, 863755821, 3273662872, 1414729065, 1987866303, 1347895376, 3120868435, 236115748, 1792628342, 2719834759, 3164545463, 2988130050, 302897911, 1916345475, 3820782031, 3786305682, 103099353, 485615407, 1473359147, 3366487531, 1755834582, 3570188052, 3632715503, 2690936956, 2007586973, 4260923051, 2265442354, 1833888230, 3327998738, 4038447350, 1588766886, 968910211, 559109013, 488114169, 898332271, 3108317517, 2673497084, 1398611212, 2839082506, 1613844627, 3374088068, 3970720116, 3589894447, 1545632559, 952656918, 1921880817, 2364911377, 2270547439, 2739191245, 1515026556, 283206018, 1381287485, 1606342220, 1575374291, 4022397251, 647386319, 3840654360, 4080432673, 2413479417, 933553644, 4224258686, 1851711130, 4257407390, 1020065762, 1572579287, 603919782, 974408058, 2402544081, 2212536136, 3655563812, 1513664736, 3647865852, 1450734420, 3417217068, 1547883693, 1235129114, 163615567, 621335444, 2206559444, 2672855400, 3558432975, 2632011309, 1788047006, 942961540, 4013069144, 816938169, 99367917, 3483267334, 2686308342, 1991975430, 1403692473, 599718595, 2862031520, 3345199100, 2372512990, 1748768257, 166925422, 3850692563, 3187762336, 2267192857, 910357778, 2048194065, 3734485022, 2766962363, 2788013382, 4056278427, 4091810979, 589500332, 836352447, 169881858, 2380634771, 2812386511, 913708597, 3042174840, 1598249132, 3081522613, 2784205166, 2143059922, 3757249322, 3641730445, 2224247889, 63612489, 1937552892, 2141569678, 2570258702, 3577444279, 1033263383, 3485734585, 3009778458, 391882766, 1446574806, 2597471628, 3882433505, 607944558, 218891111, 4159266248, 345142987, 2849394319, 779293071, 2922671448, 2842926902, 456406897, 3465064060, 3309286802, 4032072700, 2946877215, 1280301959, 629852619, 60839089, 639781870, 2899305305, 2977220350, 2442678407, 304010846, 3348069982, 3904570047, 2088224645, 2118346738, 2203166964, 623421325, 3397481627, 251952138, 747404545, 1277411897, 1164802559, 3702261064, 2821492773, 3928838675, 175544575, 3431887856, 2279092156, 3596968524, 3918008249, 3235720722, 363838855, 4287139337, 4018299379, 2362908032, 3493075686, 4204340342, 3976768122, 3103526487, 4025742134, 3783935144, 707753872, 2369885466, 2147562017, 137172782, 1027649051, 2141872089, 2532994870, 4155492018, 1270889167, 396447704, 3667579375, 391203644, 3364629790, 1074452385, 1433419835, 4261847661, 3464410813, 2001221416, 2825170360, 725532615, 4197575698, 1930930473, 3599632070, 2405620802, 2133929880, 1339388885, 1139938270, 1296253177, 1149115217, 2377001631, 3350508788, 1786469250, 2706203301, 4294018098, 3251837367, 1860442882, 1142663919, 3163213545, 3924287705, 2065056472, 3874763466, 564452209, 141399062, 1767797501, 1053410097, 4092644744, 1085402540, 3635377835, 2720944229, 62418187, 68478343, 1623985400, 3610183, 3911657129, 2981782587, 3537258481, 3747887695, 2227231293, 2631182545, 3729247009, 1652616904, 898499958, 1603497960, 2497313597, 1979186261, 2209098334, 229912785, 988674922, 1667247789, 2603129836, 2038724344, 2269098171, 2355204273, 2129233687, 1424652114, 3535894681, 1248348952, 2063916620, 1964170035, 2521786528, 251881733, 561139830, 2436380056, 1123660266, 4059961022, 1835205859, 3557758722, 2257958624, 1879102647, 3607701819, 2793060229, 481416353, 3320753209, 1140728308, 2545719599, 3272256953, 1733064619, 2758230262, 499692414, 1812821524, 415028377, 3801350479, 2531234684, 1191924453, 3469227792, 545471293, 2111686422, 1018536513, 2086007162, 2840615929, 3492898302, 3233517422, 2872587147, 2919205407, 3877691435, 583), None)
Loaded weights: 127.5176296442335, 46.780423761310864, -3.060411066073246, -0.7829865263788203, 4.217013473621179
events: 
  ----
(3, (253280950, 2957733190, 1463489712, 2033642093, 3784654246, 2581329936, 379507639, 2635247041, 21439567, 1937243820, 515835497, 2902624505, 244224491, 1825359995, 706171778, 2392105037, 1624179222, 1927501632, 4095423452, 1670911391, 3371766906, 1184443990, 1925097408, 1291701251, 1522088806, 379438019, 1040340142, 2909023300, 1177202303, 1017759009, 2858978367, 3022968611, 2199100981, 2220073814, 3136958308, 2375137728, 1716584593, 1200866022, 1439998207, 2296932600, 958784834, 2265007437, 3002628479, 4265515007, 421501781, 1086224828, 1572922180, 1463868844, 3698046835, 3849342940, 1674565163, 489357282, 3878330331, 3039437647, 1385642758, 536653419, 850401647, 700544903, 2705753575, 4073473357, 3552617663, 4112070617, 3553417996, 3730669380, 1429463021, 2911050952, 1470034679, 458778287, 996839823, 3545115469, 732834479, 1826516837, 1142391556, 3565545702, 3429406462, 2822603626, 878249639, 2195889909, 3983835160, 13945161, 2096586534, 2367987077, 156227090, 593717896, 3399718834, 2735727959, 1160822207, 3150812764, 3643051719, 174796655, 3353188250, 452923541, 563099298, 2570167838, 2491515377, 3010079530, 2370512357, 3850756732, 3024778929, 2018027926, 3143322269, 776074523, 3606659945, 1633554327, 4193747307, 3278807148, 476835356, 2194905266, 979808955, 936564275, 2108593610, 1423803041, 2920201326, 1847232976, 359387354, 3628053773, 3275663786, 924740950, 2191657837, 685493744, 1138189391, 567093418, 528435199, 3339808694, 665558330, 2300128076, 3049584074, 1536819800, 2661640796, 467496779, 995557861, 94237636, 2782823460, 1919652663, 2523241420, 3657592576, 214433123, 2435315992, 340699865, 3101202439, 361528497, 4244459887, 2998464985, 2723845784, 4068433566, 3390572152, 267939508, 210321919, 1068088120, 322717333, 4265245640, 1643499107, 1225939203, 1434529371, 1795630978, 2195621130, 4225062571, 841403319, 3354347261, 2094342178, 115848087, 2867148193, 4078501402, 1451731256, 2300311032, 3802835918, 1687213625, 3458945058, 2785173849, 2114527678, 3341162058, 2650562072, 4031749818, 3013449800, 2791307033, 1072634821, 3562755958, 1443865642, 3119342621, 3302125813, 2644527469, 2825668393, 3988831224, 2154774482, 601628146, 2083723266, 3144036492, 1298578857, 712662773, 1480020991, 87970415, 3811983059, 1917313684, 3731122172, 1772606042, 113543004, 3865850080, 3499778901, 2746662803, 548047525, 1830461431, 4120011111, 3213893127, 96487116, 3933754235, 1733988079, 108562977, 3602640371, 184018471, 747786627, 1150708991, 1622378477, 1555335249, 2051534565, 476962542, 3892666139, 2774371556, 3318429820, 4144004524, 3372807171, 1776927509, 962216791, 1552503981, 744146652, 2881325853, 656640834, 1170707322, 97707240, 25078854, 3337842000, 1985811478, 418590175, 163027368, 1393856191, 1658399265, 1464096330, 1858797836, 366257541, 2204969297, 4091950798, 456645098, 1386768038, 1950753018, 905168514, 2714025935, 3159118437, 4008487693, 951122664, 2765046692, 3152915517, 2984909712, 2951131631, 3090320245, 4002700999, 1319964805, 339217822, 2420681662, 1491342252, 3823061099, 725455196, 3889595873, 2122371955, 516132689, 874891218, 1778740259, 974430905, 2789497426, 2086455136, 3769063760, 2854529500, 2106336511, 3002966766, 2322917866, 4258099089, 3474673270, 2432288380, 361401002, 849105535, 850377243, 1629256339, 2008771747, 1256086616, 24011850, 1987830337, 3803385073, 3213632751, 601274976, 787484447, 90678643, 407523892, 1092344970, 3808320744, 645498176, 253775644, 3283617814, 3755794907, 2492237220, 19646415, 893625950, 2486560437, 22097917, 1544545907, 685979309, 1227915413, 4268125036, 3101650177, 2421589638, 515834912, 3930444990, 1363370046, 1550872158, 3045415933, 2937452131, 516494682, 529722127, 3072894487, 517667863, 483154090, 565357889, 4238325101, 3960045768, 687587303, 4277307884, 2248438170, 3474410511, 1962879352, 1507375450, 1215986934, 2356638363, 4275233601, 3847547233, 3204377337, 4127329111, 2490232704, 1167374518, 1667968314, 3889990551, 3719998292, 4228608665, 3738797095, 3019943139, 2182845330, 1793053511, 2120375168, 1129158973, 2831439079, 3717207640, 333798513, 3272684603, 3096163445, 2224200623, 1359800777, 2855777989, 3449691569, 885216779, 458090562, 2457630302, 2899555014, 2253453356, 544514141, 1036434121, 4291499338, 3466466309, 3856131573, 3047802586, 1645779555, 1261211727, 3801412089, 3768148836, 318146686, 1026093519, 685574326, 45279297, 1658770058, 83489086, 2408278265, 1021521331, 1237446142, 3474786845, 2203173819, 1744105559, 2341776461, 1547392809, 2684822621, 264389256, 2965383600, 1110724845, 1484900454, 489707157, 3806819529, 1267568005, 394965455, 2740642922, 140602155, 2738292818, 2327142567, 355801108, 3807468124, 1792378001, 3565213495, 779444528, 3034291923, 1043180975, 2616398786, 2769003666, 1855288276, 2979776442, 2176479407, 2683637381, 747681147, 462525179, 68363633, 742260729, 3225133455, 4256915370, 2729284427, 1300021935, 1720681873, 2776819900, 2672908619, 3667783115, 3261927788, 1506030860, 1022742323, 2344294876, 129266756, 266426026, 2791575669, 2793716676, 1585077269, 3845848130, 3152663725, 3871269615, 57184928, 1229033573, 3224344735, 4003588678, 1581227843, 252849083, 3731496532, 683549266, 1672732935, 3355235982, 1356664573, 512369291, 804101719, 4038504189, 1446715986, 902023120, 2937872297, 3952695944, 358035614, 2123449039, 241846141, 785291651, 202870400, 743391359, 608381857, 2273156275, 843265868, 2153055493, 4013604281, 2574610002, 2043754400, 1097689630, 1476362806, 3567411696, 2041053987, 713171800, 3130815402, 3403455390, 705260533, 613730530, 4261252858, 3084893083, 4235534555, 1781085345, 4175786175, 2350976704, 1432861429, 161943002, 1905042300, 361814500, 1540638887, 3836483902, 2757588590, 2759008003, 1490015266, 3309231955, 815107573, 4181409567, 2249946613, 3861339673, 2147705770, 1068552382, 2341857398, 1206394591, 501396470, 1629670642, 750263857, 319090615, 2305867958, 4175678223, 1757812881, 1142425410, 4158197231, 384140040, 125718263, 533325712, 130985671, 2943601550, 2795865958, 941933373, 2232100179, 630012036, 2125481514, 3835887500, 1254849382, 1455129792, 1842421982, 728127891, 984994585, 1819046169, 847733837, 4280036430, 1323810250, 2147987561, 3452354753, 1628901498, 3361755878, 1651999734, 3117876557, 3343383245, 783585203, 1061555663, 1441580061, 3933527369, 3283078094, 3596550535, 3660077986, 2540115159, 1617570070, 1321835027, 1772679574, 2814983426, 2801761002, 291829214, 2441257380, 461481602, 925389963, 2184362897, 1655752110, 4069750847, 1612767134, 673352224, 958953745, 919436204, 1031827259, 637282533, 3328445739, 226415740, 3893336893, 2730405880, 398399664, 721421996, 660844376, 163274896, 1110178220, 4082885878, 1880674812, 1370221684, 3492402300, 1261902354, 3695575927, 3426219206, 3731343758, 271782908, 2298926681, 768529077, 815849031, 312894774, 3535742303, 825807851, 571767501, 3387397962, 3151140618, 2213903643, 920719001, 557977879, 3727113278, 3981180729, 3570736687, 1525125436, 2761269985, 3365108344, 2748561428, 4093530874, 2409944461, 3806913451, 3588403918, 3642831945, 1694949828, 492672177, 3295595440, 2741987060, 3710823014, 3451230724, 1374833501, 516060894, 4101629777, 3949522403, 4115618597, 2544120376, 2340257196, 1718561773, 2590127978, 3704458356, 3324842150, 2140275504, 3272025053, 3304440369, 1824554370, 1613602925, 1387886927, 226), None)
Loaded weights: 127.55664032286057, 46.8219680448267, -0.8327588000687017, -0.7829865263788203, -1.2829865263788203
events: 
  ----
(3, (4208258303, 21499593, 1897075422, 515899363, 4164313819, 3966399659, 208860669, 2090894954, 1462668418, 667743313, 238257164, 1102771887, 2214486425, 244988730, 2589050248, 1549434610, 4182379055, 3350644292, 1248405851, 1761626258, 96670394, 2631777116, 539430805, 4156649592, 1345011794, 1187323739, 709351697, 1906769468, 2162697739, 2212339818, 1702611771, 2114307073, 475237822, 3091721200, 4246800461, 211735160, 547451859, 4205015237, 3294342371, 2989693159, 3300363578, 3479611355, 947774836, 4248395559, 1139596761, 3910969132, 2071814187, 2847361517, 1565899193, 408548663, 1487822243, 2673752290, 1820458705, 2194851595, 2208421748, 4274126503, 2206354529, 2808441775, 3967360249, 3701973759, 3351707794, 4003197237, 1567459566, 1942247980, 4193989597, 1806870518, 3983914024, 3318780422, 3880789839, 410895480, 3603924046, 143254234, 2430502873, 2900938977, 2115480128, 3887135598, 1703178591, 3244686231, 622326944, 1414699826, 1736412834, 3364283849, 1154879409, 754370051, 3104039176, 3992991716, 1177715593, 288812674, 2019578118, 2275267790, 2360929463, 3589719042, 1007509242, 712199992, 3752747104, 965377076, 4072772244, 4238170937, 4155620541, 3276606286, 3553294756, 3545685401, 3307186469, 3069681629, 3905392768, 3067493377, 1773130952, 2149838528, 1966659113, 674417133, 3021487992, 147765671, 1891887663, 2781225955, 330493247, 1505466344, 3733197816, 3184823789, 719167698, 1547828596, 1512959795, 3222050784, 1314494213, 2025035534, 1043941055, 915278844, 1598711137, 4031682912, 2583804592, 77889604, 3473422627, 1945653864, 677194658, 1766149648, 3570807501, 405583011, 640119615, 3966363772, 3498588353, 968512462, 1691997094, 369871284, 2332365038, 3998792600, 90581546, 154512713, 4142195126, 3088965790, 912910719, 779733050, 2020669002, 2785032924, 2229302137, 3081840720, 1675593515, 376529845, 2688223898, 2463996289, 1195567360, 2897613496, 2985968948, 1550866408, 2905070007, 166932096, 2572865242, 1241412667, 816492705, 3775497951, 1483161479, 707292085, 215340704, 2340170667, 701898200, 2609686311, 383183169, 1629139369, 3074543970, 1237972503, 621166891, 3354101653, 1144538386, 1529777993, 1888960942, 1128819663, 3970345310, 747359149, 3719271622, 1171392751, 247565866, 409134323, 2658312495, 1482809437, 4044689344, 2576881172, 3619118465, 1775339852, 1439703956, 4232558, 1787710873, 1551609310, 744838625, 606624887, 2533527976, 1964354859, 2409829996, 2271830398, 1983614358, 2132550968, 1383019128, 1995840676, 4171446388, 2844820009, 1347592444, 3848143508, 1480934519, 3305829450, 3919110546, 502207803, 1743715764, 825351457, 1133019602, 3369998777, 3576316083, 1210300256, 1062320163, 1120823760, 1347423035, 4201364188, 573683809, 171808981, 2345589203, 4243435023, 1558741803, 2752958514, 1459793231, 1615531012, 3022919244, 2525864059, 944369096, 3462761836, 667813993, 2691880437, 1185127859, 1889592599, 9985961, 2753022978, 894973414, 396669800, 1478745501, 2027029085, 960141392, 2503652663, 2827452647, 3558465932, 2075850995, 2295100372, 4021266876, 3449610193, 731581615, 3065020305, 1578054294, 1799913274, 378286481, 2360046877, 2124517702, 3615064522, 3424484183, 4108591506, 2591355701, 3753068500, 3829894736, 114731308, 250781755, 485541648, 3788221139, 395377900, 2552196311, 3639685233, 920171892, 3461675103, 2814241063, 2199315793, 1559543640, 735279814, 1638648071, 3180478921, 1389827503, 1551655668, 3804157999, 2111858347, 1119581272, 2865230205, 1814200440, 3433672739, 859198004, 2903926173, 3252721472, 3429783393, 2610667871, 1233035512, 468161287, 4084105673, 1512049659, 1521960169, 67304904, 1832695779, 453843234, 1381852413, 2686932438, 1793996958, 2940001058, 2004986598, 2707733833, 3505604305, 2477395286, 2919604178, 2314991771, 90770120, 1924247147, 1242144414, 3875938324, 3772195990, 2055750905, 205685836, 2263011205, 3680362512, 3882890549, 1291448374, 892804326, 784166218, 1887459966, 181282292, 4242590657, 191203475, 2979428445, 3755877181, 1190108231, 1393899243, 4272606059, 3016428673, 3838569002, 4292195395, 1720367656, 1714057145, 817764161, 1142270974, 2361123731, 3803039217, 88210693, 2501405197, 2302497589, 2989108482, 3377051131, 2619571899, 4259867969, 2470412703, 1389189415, 2350925109, 3133846169, 2947991065, 1453376693, 714180624, 4090492550, 2096336978, 74257810, 1813430329, 2448989165, 345334292, 1601211787, 211409110, 4197859267, 2637688533, 945472524, 4103608617, 651224125, 4044410745, 177815237, 3338060699, 2124442590, 1846721421, 729009833, 2496306272, 2675589444, 3889834974, 2327678297, 3209720233, 2163668619, 644538017, 4094385491, 1374269354, 2604582584, 2297937135, 2496033137, 556872840, 1029408339, 318616461, 458278555, 3770131511, 942993647, 2129440064, 417978513, 3502804809, 1826830408, 3854828331, 1048793085, 1036755702, 507383581, 2462741135, 2490262827, 3830921228, 3628681640, 1672537725, 2510203829, 2742172435, 2374791573, 4051132322, 2989332196, 2360595825, 2395077671, 89344506, 4172193442, 3142928135, 4003716618, 1343074170, 1134210892, 1837033164, 3594589499, 2133264387, 3525165730, 2778722185, 2984900514, 1710544836, 3336382510, 3415471483, 3322108328, 624936795, 2162254810, 1713544566, 2258996483, 68006357, 1301234376, 2075864880, 879543275, 2144681992, 2467392207, 3334281749, 1512852488, 1500078650, 1180206770, 2699488759, 42479407, 2568071579, 3706976945, 3728733989, 4234182044, 2904467585, 2165620186, 293119829, 2781623721, 3318395254, 1250115121, 465050214, 480483284, 2493031235, 3178389856, 303619376, 733559842, 848239045, 3174886432, 600690812, 3165446194, 315767768, 2598964095, 4156512500, 4036400090, 3024090898, 3718777565, 2133466928, 1719785618, 2891187722, 3974082610, 1903334401, 1009706840, 3724125475, 2679268582, 3769250801, 3671561600, 3852004832, 2852784415, 3004767937, 1454276408, 2495254165, 2541236255, 2479166216, 4046378409, 1619545221, 3510771247, 3570853929, 2307004139, 2658690879, 407414603, 78839691, 4210770043, 3121835894, 2048198233, 2108323056, 1424191483, 2824411887, 435749613, 1263360671, 2021767541, 2763069510, 639591359, 1149421, 1663320545, 3505367017, 411425560, 1776727608, 2620350738, 3768130670, 1224468848, 2617825895, 761096036, 4268654951, 2870839684, 43043252, 3063246919, 1802246970, 3613305018, 723241472, 3746854544, 4272533617, 2741911781, 2644946714, 3785602604, 202738605, 188341625, 1562110782, 446007095, 1944029181, 2697351770, 767979648, 2597447449, 2585749018, 1444329405, 973329540, 1120456268, 2865165141, 1649131020, 3801721326, 2098914971, 648266565, 2873987039, 4083249189, 3378871393, 777101616, 2843077128, 4218879699, 2968818622, 3126829567, 2792027602, 3771281313, 2483138405, 1399824145, 1084547399, 4202134307, 2464084055, 3714455633, 2279201981, 1314868242, 1312720263, 1428527688, 4080933530, 3936360944, 2375950646, 1297642747, 143897086, 1188203184, 863171326, 3222964064, 745823435, 1014805611, 456985638, 1983812226, 3519614640, 1647885515, 1842278794, 3741940961, 92411407, 476232133, 2408689562, 1763630348, 3881083286, 4122027729, 1165803038, 646948086, 3527606991, 306904777, 4156995506, 3452104439, 2249943499, 2977341114, 3542592161, 1529777599, 2824967848, 410691292, 2682466044, 605222342, 939450135, 1942390634, 74790547, 3245315141, 4209954687, 1791611810, 727434516, 2590874473, 855582713, 3841443616, 813473246, 1874075830, 1464928841, 2487609018, 2729033717, 3207725115, 174), None)
Loaded weights: 127.22231847550013, 43.140639799586516, -0.8327588000687017, -0.7829865263788203, -1.2829865263788203
events: 
  ----
(3, (4208258303, 21499593, 1897075422, 515899363, 4164313819, 3966399659, 208860669, 2090894954, 1462668418, 667743313, 238257164, 1102771887, 2214486425, 244988730, 2589050248, 1549434610, 4182379055, 3350644292, 1248405851, 1761626258, 96670394, 2631777116, 539430805, 4156649592, 1345011794, 1187323739, 709351697, 1906769468, 2162697739, 2212339818, 1702611771, 2114307073, 475237822, 3091721200, 4246800461, 211735160, 547451859, 4205015237, 3294342371, 2989693159, 3300363578, 3479611355, 947774836, 4248395559, 1139596761, 3910969132, 2071814187, 2847361517, 1565899193, 408548663, 1487822243, 2673752290, 1820458705, 2194851595, 2208421748, 4274126503, 2206354529, 2808441775, 3967360249, 3701973759, 3351707794, 4003197237, 1567459566, 1942247980, 4193989597, 1806870518, 3983914024, 3318780422, 3880789839, 410895480, 3603924046, 143254234, 2430502873, 2900938977, 2115480128, 3887135598, 1703178591, 3244686231, 622326944, 1414699826, 1736412834, 3364283849, 1154879409, 754370051, 3104039176, 3992991716, 1177715593, 288812674, 2019578118, 2275267790, 2360929463, 3589719042, 1007509242, 712199992, 3752747104, 965377076, 4072772244, 4238170937, 4155620541, 3276606286, 3553294756, 3545685401, 3307186469, 3069681629, 3905392768, 3067493377, 1773130952, 2149838528, 1966659113, 674417133, 3021487992, 147765671, 1891887663, 2781225955, 330493247, 1505466344, 3733197816, 3184823789, 719167698, 1547828596, 1512959795, 3222050784, 1314494213, 2025035534, 1043941055, 915278844, 1598711137, 4031682912, 2583804592, 77889604, 3473422627, 1945653864, 677194658, 1766149648, 3570807501, 405583011, 640119615, 3966363772, 3498588353, 968512462, 1691997094, 369871284, 2332365038, 3998792600, 90581546, 154512713, 4142195126, 3088965790, 912910719, 779733050, 2020669002, 2785032924, 2229302137, 3081840720, 1675593515, 376529845, 2688223898, 2463996289, 1195567360, 2897613496, 2985968948, 1550866408, 2905070007, 166932096, 2572865242, 1241412667, 816492705, 3775497951, 1483161479, 707292085, 215340704, 2340170667, 701898200, 2609686311, 383183169, 1629139369, 3074543970, 1237972503, 621166891, 3354101653, 1144538386, 1529777993, 1888960942, 1128819663, 3970345310, 747359149, 3719271622, 1171392751, 247565866, 409134323, 2658312495, 1482809437, 4044689344, 2576881172, 3619118465, 1775339852, 1439703956, 4232558, 1787710873, 1551609310, 744838625, 606624887, 2533527976, 1964354859, 2409829996, 2271830398, 1983614358, 2132550968, 1383019128, 1995840676, 4171446388, 2844820009, 1347592444, 3848143508, 1480934519, 3305829450, 3919110546, 502207803, 1743715764, 825351457, 1133019602, 3369998777, 3576316083, 1210300256, 1062320163, 1120823760, 1347423035, 4201364188, 573683809, 171808981, 2345589203, 4243435023, 1558741803, 2752958514, 1459793231, 1615531012, 3022919244, 2525864059, 944369096, 3462761836, 667813993, 2691880437, 1185127859, 1889592599, 9985961, 2753022978, 894973414, 396669800, 1478745501, 2027029085, 960141392, 2503652663, 2827452647, 3558465932, 2075850995, 2295100372, 4021266876, 3449610193, 731581615, 3065020305, 1578054294, 1799913274, 378286481, 2360046877, 2124517702, 3615064522, 3424484183, 4108591506, 2591355701, 3753068500, 3829894736, 114731308, 250781755, 485541648, 3788221139, 395377900, 2552196311, 3639685233, 920171892, 3461675103, 2814241063, 2199315793, 1559543640, 735279814, 1638648071, 3180478921, 1389827503, 1551655668, 3804157999, 2111858347, 1119581272, 2865230205, 1814200440, 3433672739, 859198004, 2903926173, 3252721472, 3429783393, 2610667871, 1233035512, 468161287, 4084105673, 1512049659, 1521960169, 67304904, 1832695779, 453843234, 1381852413, 2686932438, 1793996958, 2940001058, 2004986598, 2707733833, 3505604305, 2477395286, 2919604178, 2314991771, 90770120, 1924247147, 1242144414, 3875938324, 3772195990, 2055750905, 205685836, 2263011205, 3680362512, 3882890549, 1291448374, 892804326, 784166218, 1887459966, 181282292, 4242590657, 191203475, 2979428445, 3755877181, 1190108231, 1393899243, 4272606059, 3016428673, 3838569002, 4292195395, 1720367656, 1714057145, 817764161, 1142270974, 2361123731, 3803039217, 88210693, 2501405197, 2302497589, 2989108482, 3377051131, 2619571899, 4259867969, 2470412703, 1389189415, 2350925109, 3133846169, 2947991065, 1453376693, 714180624, 4090492550, 2096336978, 74257810, 1813430329, 2448989165, 345334292, 1601211787, 211409110, 4197859267, 2637688533, 945472524, 4103608617, 651224125, 4044410745, 177815237, 3338060699, 2124442590, 1846721421, 729009833, 2496306272, 2675589444, 3889834974, 2327678297, 3209720233, 2163668619, 644538017, 4094385491, 1374269354, 2604582584, 2297937135, 2496033137, 556872840, 1029408339, 318616461, 458278555, 3770131511, 942993647, 2129440064, 417978513, 3502804809, 1826830408, 3854828331, 1048793085, 1036755702, 507383581, 2462741135, 2490262827, 3830921228, 3628681640, 1672537725, 2510203829, 2742172435, 2374791573, 4051132322, 2989332196, 2360595825, 2395077671, 89344506, 4172193442, 3142928135, 4003716618, 1343074170, 1134210892, 1837033164, 3594589499, 2133264387, 3525165730, 2778722185, 2984900514, 1710544836, 3336382510, 3415471483, 3322108328, 624936795, 2162254810, 1713544566, 2258996483, 68006357, 1301234376, 2075864880, 879543275, 2144681992, 2467392207, 3334281749, 1512852488, 1500078650, 1180206770, 2699488759, 42479407, 2568071579, 3706976945, 3728733989, 4234182044, 2904467585, 2165620186, 293119829, 2781623721, 3318395254, 1250115121, 465050214, 480483284, 2493031235, 3178389856, 303619376, 733559842, 848239045, 3174886432, 600690812, 3165446194, 315767768, 2598964095, 4156512500, 4036400090, 3024090898, 3718777565, 2133466928, 1719785618, 2891187722, 3974082610, 1903334401, 1009706840, 3724125475, 2679268582, 3769250801, 3671561600, 3852004832, 2852784415, 3004767937, 1454276408, 2495254165, 2541236255, 2479166216, 4046378409, 1619545221, 3510771247, 3570853929, 2307004139, 2658690879, 407414603, 78839691, 4210770043, 3121835894, 2048198233, 2108323056, 1424191483, 2824411887, 435749613, 1263360671, 2021767541, 2763069510, 639591359, 1149421, 1663320545, 3505367017, 411425560, 1776727608, 2620350738, 3768130670, 1224468848, 2617825895, 761096036, 4268654951, 2870839684, 43043252, 3063246919, 1802246970, 3613305018, 723241472, 3746854544, 4272533617, 2741911781, 2644946714, 3785602604, 202738605, 188341625, 1562110782, 446007095, 1944029181, 2697351770, 767979648, 2597447449, 2585749018, 1444329405, 973329540, 1120456268, 2865165141, 1649131020, 3801721326, 2098914971, 648266565, 2873987039, 4083249189, 3378871393, 777101616, 2843077128, 4218879699, 2968818622, 3126829567, 2792027602, 3771281313, 2483138405, 1399824145, 1084547399, 4202134307, 2464084055, 3714455633, 2279201981, 1314868242, 1312720263, 1428527688, 4080933530, 3936360944, 2375950646, 1297642747, 143897086, 1188203184, 863171326, 3222964064, 745823435, 1014805611, 456985638, 1983812226, 3519614640, 1647885515, 1842278794, 3741940961, 92411407, 476232133, 2408689562, 1763630348, 3881083286, 4122027729, 1165803038, 646948086, 3527606991, 306904777, 4156995506, 3452104439, 2249943499, 2977341114, 3542592161, 1529777599, 2824967848, 410691292, 2682466044, 605222342, 939450135, 1942390634, 74790547, 3245315141, 4209954687, 1791611810, 727434516, 2590874473, 855582713, 3841443616, 813473246, 1874075830, 1464928841, 2487609018, 2729033717, 3207725115, 446), None)
Loaded weights: 129.86732286565464, 49.985647787547215, -0.8327588000687017, -0.7829865263788203, -1.2829865263788203
events: me's bomb hit a wall, me killed itself, 
  ----
(3, (4208258303, 21499593, 1897075422, 515899363, 4164313819, 3966399659, 208860669, 2090894954, 1462668418, 667743313, 238257164, 1102771887, 2214486425, 244988730, 2589050248, 1549434610, 4182379055, 3350644292, 1248405851, 1761626258, 96670394, 2631777116, 539430805, 4156649592, 1345011794, 1187323739, 709351697, 1906769468, 2162697739, 2212339818, 1702611771, 2114307073, 475237822, 3091721200, 4246800461, 211735160, 547451859, 4205015237, 3294342371, 2989693159, 3300363578, 3479611355, 947774836, 4248395559, 1139596761, 3910969132, 2071814187, 2847361517, 1565899193, 408548663, 1487822243, 2673752290, 1820458705, 2194851595, 2208421748, 4274126503, 2206354529, 2808441775, 3967360249, 3701973759, 3351707794, 4003197237, 1567459566, 1942247980, 4193989597, 1806870518, 3983914024, 3318780422, 3880789839, 410895480, 3603924046, 143254234, 2430502873, 2900938977, 2115480128, 3887135598, 1703178591, 3244686231, 622326944, 1414699826, 1736412834, 3364283849, 1154879409, 754370051, 3104039176, 3992991716, 1177715593, 288812674, 2019578118, 2275267790, 2360929463, 3589719042, 1007509242, 712199992, 3752747104, 965377076, 4072772244, 4238170937, 4155620541, 3276606286, 3553294756, 3545685401, 3307186469, 3069681629, 3905392768, 3067493377, 1773130952, 2149838528, 1966659113, 674417133, 3021487992, 147765671, 1891887663, 2781225955, 330493247, 1505466344, 3733197816, 3184823789, 719167698, 1547828596, 1512959795, 3222050784, 1314494213, 2025035534, 1043941055, 915278844, 1598711137, 4031682912, 2583804592, 77889604, 3473422627, 1945653864, 677194658, 1766149648, 3570807501, 405583011, 640119615, 3966363772, 3498588353, 968512462, 1691997094, 369871284, 2332365038, 3998792600, 90581546, 154512713, 4142195126, 3088965790, 912910719, 779733050, 2020669002, 2785032924, 2229302137, 3081840720, 1675593515, 376529845, 2688223898, 2463996289, 1195567360, 2897613496, 2985968948, 1550866408, 2905070007, 166932096, 2572865242, 1241412667, 816492705, 3775497951, 1483161479, 707292085, 215340704, 2340170667, 701898200, 2609686311, 383183169, 1629139369, 3074543970, 1237972503, 621166891, 3354101653, 1144538386, 1529777993, 1888960942, 1128819663, 3970345310, 747359149, 3719271622, 1171392751, 247565866, 409134323, 2658312495, 1482809437, 4044689344, 2576881172, 3619118465, 1775339852, 1439703956, 4232558, 1787710873, 1551609310, 744838625, 606624887, 2533527976, 1964354859, 2409829996, 2271830398, 1983614358, 2132550968, 1383019128, 1995840676, 4171446388, 2844820009, 1347592444, 3848143508, 1480934519, 3305829450, 3919110546, 502207803, 1743715764, 825351457, 1133019602, 3369998777, 3576316083, 1210300256, 1062320163, 1120823760, 1347423035, 4201364188, 573683809, 171808981, 2345589203, 4243435023, 1558741803, 2752958514, 1459793231, 1615531012, 3022919244, 2525864059, 944369096, 3462761836, 667813993, 2691880437, 1185127859, 1889592599, 9985961, 2753022978, 894973414, 396669800, 1478745501, 2027029085, 960141392, 2503652663, 2827452647, 3558465932, 2075850995, 2295100372, 4021266876, 3449610193, 731581615, 3065020305, 1578054294, 1799913274, 378286481, 2360046877, 2124517702, 3615064522, 3424484183, 4108591506, 2591355701, 3753068500, 3829894736, 114731308, 250781755, 485541648, 3788221139, 395377900, 2552196311, 3639685233, 920171892, 3461675103, 2814241063, 2199315793, 1559543640, 735279814, 1638648071, 3180478921, 1389827503, 1551655668, 3804157999, 2111858347, 1119581272, 2865230205, 1814200440, 3433672739, 859198004, 2903926173, 3252721472, 3429783393, 2610667871, 1233035512, 468161287, 4084105673, 1512049659, 1521960169, 67304904, 1832695779, 453843234, 1381852413, 2686932438, 1793996958, 2940001058, 2004986598, 2707733833, 3505604305, 2477395286, 2919604178, 2314991771, 90770120, 1924247147, 1242144414, 3875938324, 3772195990, 2055750905, 205685836, 2263011205, 3680362512, 3882890549, 1291448374, 892804326, 784166218, 1887459966, 181282292, 4242590657, 191203475, 2979428445, 3755877181, 1190108231, 1393899243, 4272606059, 3016428673, 3838569002, 4292195395, 1720367656, 1714057145, 817764161, 1142270974, 2361123731, 3803039217, 88210693, 2501405197, 2302497589, 2989108482, 3377051131, 2619571899, 4259867969, 2470412703, 1389189415, 2350925109, 3133846169, 2947991065, 1453376693, 714180624, 4090492550, 2096336978, 74257810, 1813430329, 2448989165, 345334292, 1601211787, 211409110, 4197859267, 2637688533, 945472524, 4103608617, 651224125, 4044410745, 177815237, 3338060699, 2124442590, 1846721421, 729009833, 2496306272, 2675589444, 3889834974, 2327678297, 3209720233, 2163668619, 644538017, 4094385491, 1374269354, 2604582584, 2297937135, 2496033137, 556872840, 1029408339, 318616461, 458278555, 3770131511, 942993647, 2129440064, 417978513, 3502804809, 1826830408, 3854828331, 1048793085, 1036755702, 507383581, 2462741135, 2490262827, 3830921228, 3628681640, 1672537725, 2510203829, 2742172435, 2374791573, 4051132322, 2989332196, 2360595825, 2395077671, 89344506, 4172193442, 3142928135, 4003716618, 1343074170, 1134210892, 1837033164, 3594589499, 2133264387, 3525165730, 2778722185, 2984900514, 1710544836, 3336382510, 3415471483, 3322108328, 624936795, 2162254810, 1713544566, 2258996483, 68006357, 1301234376, 2075864880, 879543275, 2144681992, 2467392207, 3334281749, 1512852488, 1500078650, 1180206770, 2699488759, 42479407, 2568071579, 3706976945, 3728733989, 4234182044, 2904467585, 2165620186, 293119829, 2781623721, 3318395254, 1250115121, 465050214, 480483284, 2493031235, 3178389856, 303619376, 733559842, 848239045, 3174886432, 600690812, 3165446194, 315767768, 2598964095, 4156512500, 4036400090, 3024090898, 3718777565, 2133466928, 1719785618, 2891187722, 3974082610, 1903334401, 1009706840, 3724125475, 2679268582, 3769250801, 3671561600, 3852004832, 2852784415, 3004767937, 1454276408, 2495254165, 2541236255, 2479166216, 4046378409, 1619545221, 3510771247, 3570853929, 2307004139, 2658690879, 407414603, 78839691, 4210770043, 3121835894, 2048198233, 2108323056, 1424191483, 2824411887, 435749613, 1263360671, 2021767541, 2763069510, 639591359, 1149421, 1663320545, 3505367017, 411425560, 1776727608, 2620350738, 3768130670, 1224468848, 2617825895, 761096036, 4268654951, 2870839684, 43043252, 3063246919, 1802246970, 3613305018, 723241472, 3746854544, 4272533617, 2741911781, 2644946714, 3785602604, 202738605, 188341625, 1562110782, 446007095, 1944029181, 2697351770, 767979648, 2597447449, 2585749018, 1444329405, 973329540, 1120456268, 2865165141, 1649131020, 3801721326, 2098914971, 648266565, 2873987039, 4083249189, 3378871393, 777101616, 2843077128, 4218879699, 2968818622, 3126829567, 2792027602, 3771281313, 2483138405, 1399824145, 1084547399, 4202134307, 2464084055, 3714455633, 2279201981, 1314868242, 1312720263, 1428527688, 4080933530, 3936360944, 2375950646, 1297642747, 143897086, 1188203184, 863171326, 3222964064, 745823435, 1014805611, 456985638, 1983812226, 3519614640, 1647885515, 1842278794, 3741940961, 92411407, 476232133, 2408689562, 1763630348, 3881083286, 4122027729, 1165803038, 646948086, 3527606991, 306904777, 4156995506, 3452104439, 2249943499, 2977341114, 3542592161, 1529777599, 2824967848, 410691292, 2682466044, 605222342, 939450135, 1942390634, 74790547, 3245315141, 4209954687, 1791611810, 727434516, 2590874473, 855582713, 3841443616, 813473246, 1874075830, 1464928841, 2487609018, 2729033717, 3207725115, 594), None)
Loaded weights: 129.73848587313117, 49.283105260039314, -2.6449237650708666, -0.7829865263788203, -1.2829865263788203
events: 
  ----
(3, (836342280, 3032477041, 2433980343, 2168335291, 2206045460, 2841242693, 482325625, 3688781576, 1489283600, 2457986266, 49591375, 570948747, 4058960819, 398672029, 1065320307, 2320438894, 315180418, 1735077541, 76442880, 1688114285, 412645718, 3844182183, 2171914515, 3522927395, 3535769173, 2914398842, 111861120, 287486074, 3261996898, 301801315, 2957737917, 3857658636, 444429769, 3330297803, 3263936108, 2969922613, 2050533014, 2363378329, 3046047683, 507867598, 2842107279, 1733633739, 3304244004, 2635216331, 2176481460, 4148589373, 3001109314, 3366659145, 858349970, 1607835316, 2027424838, 1255604241, 2523240327, 2787933113, 3891584408, 53456891, 2181977161, 2760105581, 3261203194, 3318296815, 541863774, 2623393674, 602721851, 591210414, 3531210582, 516824185, 675420229, 1662010254, 2217477692, 3537351566, 570906222, 3918703683, 4139880353, 4171799751, 1713081772, 3014883070, 2354378171, 15686467, 1154377022, 2966851489, 946871056, 1188647751, 1344224092, 814983584, 1492623699, 251240005, 1188028410, 3580969949, 1828559909, 3158054493, 3355503813, 1647081962, 4270575997, 1036868579, 344452533, 931379079, 4074412227, 4235197103, 3514535547, 476903720, 62484872, 2200557896, 2704341137, 3317441232, 3114768758, 1686738124, 1591046462, 3336326488, 909576744, 1034583014, 33651977, 1577172558, 1529294347, 614191464, 3191414901, 3124924996, 1320307501, 890286156, 2502940278, 3323326689, 968164046, 4108205593, 736796341, 1258553919, 3260909417, 3597487881, 826022894, 2312986500, 1163396950, 3863031139, 535284339, 1488481724, 3849364380, 4011599004, 287481905, 3268957772, 2751553308, 4011745474, 359433753, 3216264540, 661366480, 258549892, 1384791968, 1716651120, 2052812193, 2126579762, 1277815076, 1470140737, 1135631196, 2307306114, 2029668072, 3174728959, 1714034547, 1497895546, 1557631828, 3900231356, 1269022507, 2049910544, 2287771396, 3312507796, 2540833498, 507117266, 3685478006, 1860529695, 1800735485, 3202318317, 3331786509, 3211590576, 3785196884, 2640985577, 2260328819, 875138438, 3635436700, 1847372271, 4003304706, 1637468271, 788712946, 3803809483, 1081943489, 1340254793, 3758982104, 2587939132, 1183401059, 26208062, 570815619, 61969871, 3101457040, 1976347687, 1547512894, 2396174494, 1828717013, 2223087198, 2863234479, 2971222372, 3268260398, 236721905, 2600891798, 890273128, 1187592243, 3863557144, 573488177, 2762631508, 3921813419, 234829951, 3433922157, 165757918, 436155733, 259597860, 698990605, 2896267066, 1201996542, 507903568, 965578387, 3041203812, 1898203724, 3198600297, 4129836021, 3005455147, 2116729473, 400196696, 3455892755, 1076108540, 2134251370, 3129801580, 898875250, 2566300341, 1819566351, 288541364, 3211573756, 3679455450, 773682525, 4234670913, 125036946, 1143381830, 2780439496, 2036105584, 3220107853, 1273910822, 2513475044, 3308898039, 2626329851, 3789785019, 228217186, 2483476841, 1595127174, 3958173303, 3971094919, 3279663052, 1881591757, 3331297091, 1450529786, 6373711, 539305716, 2203610396, 768302491, 1998120771, 3329066005, 994439027, 405729197, 536091280, 177405656, 211881860, 1364591587, 2575305933, 3129713217, 2096127891, 2159951534, 1239915101, 2796624239, 1073781273, 2855363774, 1744637901, 392528069, 867022927, 3745701194, 3731187736, 1301470947, 3954443216, 3665365760, 2492118596, 3591818544, 3461280118, 887657258, 1956178134, 3635949566, 1937658635, 1263434326, 1748153629, 2117903099, 4012709877, 667883544, 1262906871, 3787834772, 4195216509, 270093639, 1005206236, 4228351207, 1993803397, 2110828623, 2138256664, 3443047442, 2000733406, 2571492319, 1901565237, 2872586999, 3500826221, 3448449783, 3145245998, 2349173637, 620424456, 1974560377, 2438278582, 116362645, 2969256579, 1661915363, 2442846435, 1598650041, 986387283, 2232467727, 2747785386, 1404840979, 2962345447, 148909769, 2776407986, 17226490, 2562966384, 3991608152, 1380227434, 863496791, 383546850, 3804615378, 2579829598, 3110002284, 3915736408, 3231926392, 3526144387, 2583545330, 2758718187, 902364566, 3350324295, 3316627011, 997200791, 3931300740, 90962883, 3939967313, 698134337, 1691168499, 4120247381, 1580131349, 3814733740, 1908497146, 2378792955, 4147478424, 2165543212, 2979209490, 2474923471, 1109065497, 1933872281, 3388688873, 769401951, 1532209778, 3592808017, 3992365866, 1567933684, 3932261535, 1336699145, 87806536, 3269256808, 1935619680, 254366098, 1208949350, 1396180188, 1028539418, 3145454319, 2626543160, 2523444530, 1437826949, 131035942, 2848846403, 2408347220, 4244017110, 3261226697, 2732334385, 1780063242, 3488808112, 320024062, 2068648531, 417126400, 439274625, 3559216787, 3337602717, 2949009413, 2345897213, 4232090783, 2338634748, 1433529911, 3654435024, 2164503889, 2796566937, 491083750, 1442793415, 911124605, 3789001716, 426864679, 2617434284, 3323021326, 2662592056, 2094403953, 861090428, 1151163824, 1488333346, 3424865099, 3306748190, 3079838700, 4118394173, 3192598568, 823126269, 739870528, 1064746189, 2974998886, 2907979677, 2638583496, 2708044824, 1859163818, 2537981272, 1535660885, 1641788651, 1478014117, 2134995412, 1774370450, 3332181610, 2193080758, 4278318289, 2407089589, 2547760977, 3623288169, 1379117111, 809467196, 2289581778, 1451768070, 872713871, 1222475953, 1264765275, 3901490152, 1160136795, 1800168771, 1628576007, 4064440454, 2232646969, 1702328449, 2857560745, 3501486198, 2563721352, 1119012747, 2765418912, 4205447857, 1249566661, 836711159, 755603234, 1818694948, 3847852028, 682655548, 4010556711, 1031077078, 3619515808, 399493822, 843044170, 2498105109, 2213762263, 4190436820, 4098312800, 428934057, 3456864509, 1689844081, 1105330675, 3254027542, 1582417636, 3224658548, 1300008192, 858243167, 2276731886, 1634501154, 1916427251, 973588775, 62065239, 3141484784, 2112401271, 1945866242, 3402663271, 4031830777, 81685334, 1755844694, 3970218833, 2254703902, 2660410641, 4088844185, 2639782428, 4018725719, 3409917218, 169633039, 2606726683, 2379377248, 2218736713, 2736607538, 496628986, 4172397514, 78030129, 276347238, 2436094172, 2956186153, 3867106215, 1060714736, 1688504515, 209797358, 2822293685, 1595539404, 1310906475, 3287998981, 2325885737, 2124417402, 3864692280, 1758116941, 1307455468, 3977280090, 2125771944, 1118245888, 4038635672, 3689279003, 257906439, 1462512897, 1978777056, 4102422958, 3040069443, 3320428176, 1315393761, 2249507956, 842608348, 1162471135, 192321714, 2682641643, 1549238121, 3579286779, 2245570662, 2290782730, 59412926, 1888393072, 2291230269, 70455641, 749035515, 263491617, 880335945, 1369203380, 3915744691, 101647370, 1847807007, 1332443926, 330336228, 2561870802, 903572516, 4262628024, 3954617061, 4244757577, 1098013501, 1088149590, 2964453786, 3362965923, 2042042001, 215192956, 658809270, 936422269, 2079471997, 3982780168, 3457260635, 3959589840, 703588711, 3168707042, 2191693466, 2290677324, 44756158, 4278999715, 1265646686, 786214914, 684922279, 444094024, 130280200, 624178782, 2913587038, 2517270797, 1458856977, 1026507059, 2232811064, 1580854075, 864450518, 2100165495, 2302891758, 4219596604, 1944724987, 2470480186, 3280599253, 1063350157, 1755808641, 717328291, 3832289459, 3008017764, 2917356180, 784881024, 810536849, 1440418764, 4148742151, 2447778062, 3681404526, 4268852026, 3338953267, 2043504748, 622091930, 666143535, 574675933, 2667707683, 2402414325, 3347262361, 85785371, 3451657399, 2716925027, 2168359380, 30), None)
Loaded weights: 128.95179347391684, 43.11157198625514, -2.6449237650708666, -2.4292280198748513, -5.161360148665084
