Starting iterations: 50
(3, (968456601, 3305008772, 193506193, 4037616931, 4134654222, 3755042378, 1493982268, 4229807454, 3602945625, 1311056160, 2288648907, 3511066072, 2592842369, 1770548918, 3756287885, 262625821, 2612334004, 486621720, 175808698, 1273521672, 1088211779, 77922829, 4180267589, 1625184240, 89934711, 3585112397, 2718832219, 3862241169, 4140963785, 2078262352, 1829425353, 1661933186, 2991021186, 1897906502, 3341934375, 3288330821, 3003474275, 3049545882, 2991641249, 3417441177, 1938156930, 649191564, 1948809411, 3044027627, 886743128, 3959287559, 1352718798, 2843844582, 63734933, 159662116, 1119210233, 4052355828, 2613683273, 873428029, 3100440750, 415786563, 862556232, 915770283, 443527504, 2371332695, 3801067955, 960093850, 792959428, 704835260, 1653361547, 1529391488, 359509725, 2797701049, 181760171, 1993403234, 3828969052, 1612134457, 2644883244, 1907093428, 4028810741, 1923861709, 503282577, 603192122, 3269661154, 2297318860, 599106558, 1409183931, 3575493227, 131599528, 4246049532, 3308782651, 4229534610, 486360855, 802373482, 489685248, 1370968952, 2906679930, 3964144185, 3931449520, 3001724082, 3767388504, 3440300633, 1754137113, 3278403567, 4248561496, 2705065711, 3642929026, 247738958, 3059211600, 1477521842, 661899356, 3256438477, 2697786667, 3694640752, 2680417984, 3059825344, 2256625707, 1557444338, 1727131830, 1931786646, 1603567936, 2192117018, 1780955499, 1515306997, 455408177, 2223064650, 2427832974, 4200642082, 2112813174, 3785230136, 1663625238, 1305367393, 3587320688, 1688756699, 3691881066, 3267030011, 145555318, 258634846, 2605848820, 3961808885, 988431110, 3113647628, 401189537, 667142572, 4260358289, 1349087701, 1916578442, 2258450484, 22878829, 1351174423, 1015702818, 2545159721, 3422356052, 98281399, 1961695082, 2040999879, 1969685592, 951195623, 1043854496, 20848100, 1096808851, 14109273, 3056002453, 2243929441, 2019750322, 806021123, 1012827433, 3468058685, 267976127, 340056910, 2027698520, 1460878998, 3787244543, 2063130982, 2044420564, 3565566784, 2331475742, 2460376879, 3325070401, 3202262732, 2313400080, 309001245, 2327845569, 3187181853, 1915008189, 118806472, 4067015559, 3979534495, 3806094606, 3093956015, 3403327073, 3976505963, 2913576986, 1629348090, 716752628, 1804821568, 3607365994, 4031982535, 3921826055, 2280996287, 3757701182, 2985795282, 3852345420, 1484117684, 1799471974, 2995847468, 579282807, 3026197605, 1752838334, 587697980, 4068891233, 755422032, 3572258925, 28580428, 2951319690, 1885197900, 4105832656, 1343204880, 2120648927, 2744643814, 2649585337, 2923965239, 432460199, 2675517334, 1384582457, 1080028441, 2448166734, 2836729237, 196204604, 982950876, 2410500373, 2058603274, 1502427373, 2054412615, 1174723179, 653473401, 45884290, 1739160032, 476565945, 1474482137, 2998148667, 2132720451, 3529828661, 2380169800, 825140059, 3496737508, 2799910663, 812508347, 1319318980, 3469893139, 1382796486, 1850109039, 706831902, 3693039173, 2638815335, 2483014428, 3587180111, 3008225248, 862894163, 3850762599, 1837887112, 4155274945, 1903487299, 4131048016, 187085049, 1286788962, 1630715320, 3918846781, 636150626, 679653118, 1954535319, 3751382794, 1611756729, 3685571913, 2770444032, 2498615337, 2557987992, 3483426550, 3075684356, 628122286, 2072825490, 2391200536, 3585573048, 4146301742, 241167852, 2208391772, 4207752217, 4197307062, 4245065582, 731649403, 856282506, 2384177102, 3308394847, 2342593791, 1519182519, 2107248812, 2628251016, 410570209, 1312161700, 393133025, 3201046466, 2764391034, 2076793183, 3360706709, 4117502235, 1786884575, 3331077813, 1377424306, 1399551111, 2091132645, 316603015, 885492526, 1311776090, 3020717983, 622814203, 12502563, 3960555091, 2708296578, 3519557259, 1828609195, 2013434514, 4064120969, 398921183, 45629161, 1411309849, 3802954599, 1331925595, 1203527208, 1799336173, 4234230891, 184799446, 3396553901, 2961683823, 1590797906, 3556719662, 781499019, 3053913099, 3183351663, 1476927509, 2679994719, 74773548, 1178925051, 2104273094, 1347012738, 4040161729, 627418199, 3856480823, 1035759849, 3986360723, 4049428499, 1544763533, 4230750037, 4281881709, 3329771157, 419175262, 1624690728, 4101445797, 448150483, 4047715524, 3889499883, 932751483, 744682487, 592961479, 1299179882, 1896684248, 3003298908, 4277018434, 634624090, 767142249, 2122302200, 1318810207, 893290391, 3081769791, 645296884, 1578369305, 3520817070, 1360850489, 1148499548, 3075645954, 2953087865, 4131889956, 832946097, 3090149088, 3091260028, 3378775589, 2815614433, 1365004935, 2484946488, 668263684, 1159389826, 3993242878, 2877433274, 1930290776, 2319481554, 3315950203, 4083768748, 476661409, 3681800784, 859523652, 2999647904, 1151933116, 3555186315, 2545175815, 1735896835, 2679726286, 3352896702, 829164123, 833641887, 3009564991, 4217709793, 805987519, 2405191597, 997764878, 3825225859, 3256859728, 2534435164, 612160666, 2255200277, 835782195, 2760631799, 3849734655, 2182222647, 2946057385, 1291001206, 606330418, 3794144243, 1781595719, 2166886662, 232452380, 2799608407, 3071906617, 2297726259, 1535552615, 3929065050, 3567887086, 51937934, 1442587177, 435030794, 953430410, 541350909, 1024227026, 3415222797, 3089897046, 4291228998, 2985904678, 719355626, 3756982765, 1129289292, 3830729237, 2784449705, 1687817877, 2507011985, 325353324, 3447744400, 97392010, 3931027543, 3145675207, 2835520119, 2425019988, 2261302853, 1174508651, 3567775089, 3334838721, 52695267, 3009590808, 603666191, 3928846967, 902920611, 1788725226, 97635635, 2437729818, 4071746009, 139703559, 566945258, 3910530334, 1205264447, 3405383687, 2346801029, 996541581, 1774344340, 204322442, 49820686, 1172668934, 2370393344, 1391111187, 448743796, 287508857, 3291967956, 3186768617, 811976273, 610157311, 1531351932, 3217530654, 3666827625, 1621679838, 1134474535, 703704843, 2406474404, 4045327965, 2352428344, 2425727950, 4247014422, 77654396, 521641619, 1894726195, 175202395, 1803687822, 3918521794, 895462702, 2615168117, 1741175553, 2975097576, 294913476, 153508198, 3971456637, 4123351925, 1015641169, 2343934423, 1265637710, 972826723, 515081089, 914896553, 3070596916, 3684927838, 2771253653, 705785103, 401011320, 135119970, 4080591675, 2994318630, 3974460925, 920228135, 1710501556, 1822067101, 3438395729, 2769494427, 3572553912, 639714652, 4011483006, 3680889985, 1300134767, 3771154044, 2107491147, 1378068738, 4002772704, 2972089831, 1966437134, 1328680419, 236175286, 4058770689, 4278299841, 918750337, 1814532133, 1732833820, 2016599806, 297670161, 2771052642, 3144620738, 1132650309, 429733126, 86646785, 2697272533, 4129623903, 571641484, 1276609776, 2547812782, 3062833334, 212488510, 305440663, 1523247796, 1678788269, 790169295, 103784950, 872288905, 1329505632, 1166068839, 2015896816, 3781703588, 1608216652, 1503923795, 1411430920, 1765749137, 964511747, 438291832, 3999892874, 2863018751, 2259336484, 678140853, 3331629060, 1378341521, 1527808434, 1707195264, 1183307080, 553029940, 831544314, 210715329, 3620647522, 2256299140, 2584753951, 673707579, 979492047, 2898736141, 480862054, 3518969433, 2719364726, 1568534876, 857473346, 2879492336, 2236590641, 2193734175, 78051372, 1608151209, 1936015209, 198632754, 1873552252, 653703829, 4106491215, 2758896388, 1534274774, 4136378283, 2083269967, 3288544862, 3093476061, 554547043, 1233734651, 3923524991, 2301808101, 3729810790, 1446238872, 1), None)
write weights?
events: me killed itself, 
  ----
(3, (968456601, 3305008772, 193506193, 4037616931, 4134654222, 3755042378, 1493982268, 4229807454, 3602945625, 1311056160, 2288648907, 3511066072, 2592842369, 1770548918, 3756287885, 262625821, 2612334004, 486621720, 175808698, 1273521672, 1088211779, 77922829, 4180267589, 1625184240, 89934711, 3585112397, 2718832219, 3862241169, 4140963785, 2078262352, 1829425353, 1661933186, 2991021186, 1897906502, 3341934375, 3288330821, 3003474275, 3049545882, 2991641249, 3417441177, 1938156930, 649191564, 1948809411, 3044027627, 886743128, 3959287559, 1352718798, 2843844582, 63734933, 159662116, 1119210233, 4052355828, 2613683273, 873428029, 3100440750, 415786563, 862556232, 915770283, 443527504, 2371332695, 3801067955, 960093850, 792959428, 704835260, 1653361547, 1529391488, 359509725, 2797701049, 181760171, 1993403234, 3828969052, 1612134457, 2644883244, 1907093428, 4028810741, 1923861709, 503282577, 603192122, 3269661154, 2297318860, 599106558, 1409183931, 3575493227, 131599528, 4246049532, 3308782651, 4229534610, 486360855, 802373482, 489685248, 1370968952, 2906679930, 3964144185, 3931449520, 3001724082, 3767388504, 3440300633, 1754137113, 3278403567, 4248561496, 2705065711, 3642929026, 247738958, 3059211600, 1477521842, 661899356, 3256438477, 2697786667, 3694640752, 2680417984, 3059825344, 2256625707, 1557444338, 1727131830, 1931786646, 1603567936, 2192117018, 1780955499, 1515306997, 455408177, 2223064650, 2427832974, 4200642082, 2112813174, 3785230136, 1663625238, 1305367393, 3587320688, 1688756699, 3691881066, 3267030011, 145555318, 258634846, 2605848820, 3961808885, 988431110, 3113647628, 401189537, 667142572, 4260358289, 1349087701, 1916578442, 2258450484, 22878829, 1351174423, 1015702818, 2545159721, 3422356052, 98281399, 1961695082, 2040999879, 1969685592, 951195623, 1043854496, 20848100, 1096808851, 14109273, 3056002453, 2243929441, 2019750322, 806021123, 1012827433, 3468058685, 267976127, 340056910, 2027698520, 1460878998, 3787244543, 2063130982, 2044420564, 3565566784, 2331475742, 2460376879, 3325070401, 3202262732, 2313400080, 309001245, 2327845569, 3187181853, 1915008189, 118806472, 4067015559, 3979534495, 3806094606, 3093956015, 3403327073, 3976505963, 2913576986, 1629348090, 716752628, 1804821568, 3607365994, 4031982535, 3921826055, 2280996287, 3757701182, 2985795282, 3852345420, 1484117684, 1799471974, 2995847468, 579282807, 3026197605, 1752838334, 587697980, 4068891233, 755422032, 3572258925, 28580428, 2951319690, 1885197900, 4105832656, 1343204880, 2120648927, 2744643814, 2649585337, 2923965239, 432460199, 2675517334, 1384582457, 1080028441, 2448166734, 2836729237, 196204604, 982950876, 2410500373, 2058603274, 1502427373, 2054412615, 1174723179, 653473401, 45884290, 1739160032, 476565945, 1474482137, 2998148667, 2132720451, 3529828661, 2380169800, 825140059, 3496737508, 2799910663, 812508347, 1319318980, 3469893139, 1382796486, 1850109039, 706831902, 3693039173, 2638815335, 2483014428, 3587180111, 3008225248, 862894163, 3850762599, 1837887112, 4155274945, 1903487299, 4131048016, 187085049, 1286788962, 1630715320, 3918846781, 636150626, 679653118, 1954535319, 3751382794, 1611756729, 3685571913, 2770444032, 2498615337, 2557987992, 3483426550, 3075684356, 628122286, 2072825490, 2391200536, 3585573048, 4146301742, 241167852, 2208391772, 4207752217, 4197307062, 4245065582, 731649403, 856282506, 2384177102, 3308394847, 2342593791, 1519182519, 2107248812, 2628251016, 410570209, 1312161700, 393133025, 3201046466, 2764391034, 2076793183, 3360706709, 4117502235, 1786884575, 3331077813, 1377424306, 1399551111, 2091132645, 316603015, 885492526, 1311776090, 3020717983, 622814203, 12502563, 3960555091, 2708296578, 3519557259, 1828609195, 2013434514, 4064120969, 398921183, 45629161, 1411309849, 3802954599, 1331925595, 1203527208, 1799336173, 4234230891, 184799446, 3396553901, 2961683823, 1590797906, 3556719662, 781499019, 3053913099, 3183351663, 1476927509, 2679994719, 74773548, 1178925051, 2104273094, 1347012738, 4040161729, 627418199, 3856480823, 1035759849, 3986360723, 4049428499, 1544763533, 4230750037, 4281881709, 3329771157, 419175262, 1624690728, 4101445797, 448150483, 4047715524, 3889499883, 932751483, 744682487, 592961479, 1299179882, 1896684248, 3003298908, 4277018434, 634624090, 767142249, 2122302200, 1318810207, 893290391, 3081769791, 645296884, 1578369305, 3520817070, 1360850489, 1148499548, 3075645954, 2953087865, 4131889956, 832946097, 3090149088, 3091260028, 3378775589, 2815614433, 1365004935, 2484946488, 668263684, 1159389826, 3993242878, 2877433274, 1930290776, 2319481554, 3315950203, 4083768748, 476661409, 3681800784, 859523652, 2999647904, 1151933116, 3555186315, 2545175815, 1735896835, 2679726286, 3352896702, 829164123, 833641887, 3009564991, 4217709793, 805987519, 2405191597, 997764878, 3825225859, 3256859728, 2534435164, 612160666, 2255200277, 835782195, 2760631799, 3849734655, 2182222647, 2946057385, 1291001206, 606330418, 3794144243, 1781595719, 2166886662, 232452380, 2799608407, 3071906617, 2297726259, 1535552615, 3929065050, 3567887086, 51937934, 1442587177, 435030794, 953430410, 541350909, 1024227026, 3415222797, 3089897046, 4291228998, 2985904678, 719355626, 3756982765, 1129289292, 3830729237, 2784449705, 1687817877, 2507011985, 325353324, 3447744400, 97392010, 3931027543, 3145675207, 2835520119, 2425019988, 2261302853, 1174508651, 3567775089, 3334838721, 52695267, 3009590808, 603666191, 3928846967, 902920611, 1788725226, 97635635, 2437729818, 4071746009, 139703559, 566945258, 3910530334, 1205264447, 3405383687, 2346801029, 996541581, 1774344340, 204322442, 49820686, 1172668934, 2370393344, 1391111187, 448743796, 287508857, 3291967956, 3186768617, 811976273, 610157311, 1531351932, 3217530654, 3666827625, 1621679838, 1134474535, 703704843, 2406474404, 4045327965, 2352428344, 2425727950, 4247014422, 77654396, 521641619, 1894726195, 175202395, 1803687822, 3918521794, 895462702, 2615168117, 1741175553, 2975097576, 294913476, 153508198, 3971456637, 4123351925, 1015641169, 2343934423, 1265637710, 972826723, 515081089, 914896553, 3070596916, 3684927838, 2771253653, 705785103, 401011320, 135119970, 4080591675, 2994318630, 3974460925, 920228135, 1710501556, 1822067101, 3438395729, 2769494427, 3572553912, 639714652, 4011483006, 3680889985, 1300134767, 3771154044, 2107491147, 1378068738, 4002772704, 2972089831, 1966437134, 1328680419, 236175286, 4058770689, 4278299841, 918750337, 1814532133, 1732833820, 2016599806, 297670161, 2771052642, 3144620738, 1132650309, 429733126, 86646785, 2697272533, 4129623903, 571641484, 1276609776, 2547812782, 3062833334, 212488510, 305440663, 1523247796, 1678788269, 790169295, 103784950, 872288905, 1329505632, 1166068839, 2015896816, 3781703588, 1608216652, 1503923795, 1411430920, 1765749137, 964511747, 438291832, 3999892874, 2863018751, 2259336484, 678140853, 3331629060, 1378341521, 1527808434, 1707195264, 1183307080, 553029940, 831544314, 210715329, 3620647522, 2256299140, 2584753951, 673707579, 979492047, 2898736141, 480862054, 3518969433, 2719364726, 1568534876, 857473346, 2879492336, 2236590641, 2193734175, 78051372, 1608151209, 1936015209, 198632754, 1873552252, 653703829, 4106491215, 2758896388, 1534274774, 4136378283, 2083269967, 3288544862, 3093476061, 554547043, 1233734651, 3923524991, 2301808101, 3729810790, 1446238872, 139), None)
write weights?
events: me found the exit, 
  ----
(3, (3050011205, 3149613588, 1055212160, 3168914489, 1585756542, 1563849601, 2372702096, 151904018, 1461253167, 308411927, 1406919138, 810365212, 3067841291, 569043525, 4205300043, 2343642831, 2136057663, 2713105834, 3229776635, 997508681, 885224816, 3916383371, 1414329802, 2038472343, 3655365182, 1227336436, 3888696843, 1153374572, 3405148433, 662265224, 1778460454, 4078135323, 2888188493, 3112754626, 2903206868, 3647212388, 1647706567, 3764683378, 3252537281, 2991774924, 2876565008, 1557821944, 843705484, 1888300742, 1931036337, 723516075, 4036265446, 2098832956, 1616391815, 759145010, 732002838, 426509675, 3334545227, 4129866752, 1846784569, 2964738643, 315140958, 2348771053, 3651334559, 1021871479, 2589554316, 344316929, 2791555398, 2343936533, 3350800055, 2792300050, 3774199017, 3652437433, 2854534059, 3232587511, 3780155844, 790118012, 2445279940, 3872338458, 715611838, 471227026, 715127056, 1219743845, 1213894764, 1394796017, 4111600260, 1053768938, 285649479, 607485962, 3937909691, 3124475933, 1787046333, 663509476, 717636223, 1939684032, 2842143267, 899935402, 360860294, 451666814, 1505184679, 1893743447, 475103118, 881573392, 3993524322, 884146110, 1748090557, 1484097460, 1808061595, 1719269506, 2017194912, 1368126075, 4231096164, 4126905165, 673827937, 3932487560, 3420194062, 1733034527, 3754911270, 3428255678, 323171569, 2330009434, 2808821028, 2380023622, 2317962822, 885560716, 4284445299, 2794705487, 3688531374, 450784915, 1718781555, 3085065485, 3654416003, 1495608596, 3269698760, 3465303045, 564285711, 1798288306, 3243822379, 1242145470, 2307258683, 988445274, 1038498545, 3364096087, 3934339064, 301676105, 1149474318, 1366111512, 926108425, 6973875, 1802518943, 3722492456, 1810710172, 705596933, 3312920436, 2467832765, 1452544521, 3793307952, 1730749614, 287381731, 479044724, 571215665, 3248037200, 3259651945, 2031835352, 566810635, 1896021268, 2621509197, 2464369392, 2650727433, 2330016794, 656658037, 3152180919, 666278407, 1493038663, 89791343, 1129586297, 3819277761, 3039712159, 451911425, 1020916600, 827718005, 3283340787, 2656107010, 3023720585, 1790270069, 2571183391, 4119727592, 2668082957, 1872462071, 2060410571, 3353443935, 2420143113, 581509868, 1313661640, 1342704032, 1829097981, 3252139016, 3698967462, 3598544065, 3090304637, 3733433325, 3906938681, 1142758753, 264322428, 3046093979, 3571612674, 1384614068, 3593154089, 1291728578, 2471992493, 4246927704, 909194968, 3256596281, 324153449, 670342031, 1228421889, 1674654266, 3382171596, 926761702, 591011532, 1784532544, 2392388826, 4180708448, 2355567372, 2099539981, 2962535802, 3968827766, 206677989, 4103564433, 401397168, 2735309027, 3825071665, 301606457, 28415998, 3029625187, 3183468024, 1833960846, 3389860738, 1066752163, 2304729296, 2979993937, 2723887698, 355770566, 4057124974, 2666428025, 3952330009, 999918537, 2900409389, 3241162985, 3364049865, 1856633875, 778335558, 2210685581, 1052992615, 498274372, 2321558895, 2152111566, 2308457986, 1275232871, 846917160, 1747516078, 3335231990, 1360806414, 797475000, 2323589628, 2299626270, 13219477, 2341567189, 1987532472, 1129568614, 3994091588, 1532155471, 531298411, 239777400, 3778523207, 1018611850, 348727754, 1891002025, 2720838833, 1088405877, 1729840907, 1206149742, 1345372033, 1581511581, 3339824741, 306638547, 319118178, 3459585508, 3725463868, 2457570344, 3736019576, 3346610439, 1182880812, 3771407749, 2561591568, 2246464721, 311292056, 2171986368, 1917475270, 3335900760, 4165343894, 608256647, 1550844241, 3433464366, 2106092276, 1551997343, 1135327079, 2896908302, 2378521277, 3637779961, 1379489275, 1950018396, 1981580692, 4115152328, 2287040905, 2335544316, 3120632442, 1272389511, 2247341879, 462229677, 2328902372, 2708868336, 825427336, 2258906361, 3185362922, 3830618764, 2053727411, 3698807806, 3144241508, 1896502907, 1379487467, 4126774742, 123301268, 1904875939, 2777037057, 3832728152, 3219933384, 2760331950, 1793551124, 3082938715, 2449672003, 3570576363, 3824738639, 3324202528, 343213266, 1739663994, 3566582874, 623127372, 1187853810, 2061331423, 758640947, 3529248613, 90956262, 3941457888, 3954306490, 3119338014, 2988518213, 2403582831, 859029801, 2615265782, 1306160620, 1177488185, 118859194, 1403600606, 3638138629, 897494303, 3681301782, 3040747057, 47831949, 1992360359, 1763101932, 2469105417, 397979508, 3882845515, 534706398, 4058820208, 1229593265, 3326733097, 2867317759, 1361928087, 78465139, 2400179405, 179594039, 530840317, 2915629697, 3766976895, 377685864, 1910930867, 3809766417, 4115157270, 752503301, 1481517863, 1948434557, 1738215343, 3948405798, 1254291334, 2807616818, 2126408535, 2726758887, 1172445017, 3892751837, 3616050483, 2850519335, 3967368614, 3603087808, 3679529715, 3171511656, 2985058613, 654962524, 1599961218, 714917760, 923340274, 843693441, 2491536320, 3566175139, 1034283706, 3773971998, 100748697, 453850669, 3373971148, 2521652108, 2664176427, 192700230, 3552992017, 1952609920, 980263741, 3097904894, 2557137763, 1656276685, 2258199586, 3534999354, 1094996599, 3791265583, 953375171, 2544332654, 4278753033, 2678102312, 3779649949, 3206261753, 3701312592, 2945619376, 2078445732, 920338850, 992843561, 2632444089, 2177004239, 1117640170, 3246349205, 1164701265, 309672949, 534335515, 882266043, 2522121906, 2926087091, 2692631313, 807421101, 3664062548, 3947687881, 965810636, 3958529235, 3001733529, 1325274460, 1696949590, 1960926850, 49807578, 2475381063, 1254059230, 2228353700, 968584212, 496158667, 293770333, 1137646629, 4218861548, 252932422, 1443069165, 2101709877, 343623892, 2853326474, 444946700, 2245179848, 1069514336, 1061278023, 2361690095, 1882946328, 2227692216, 3717969412, 274814658, 2950256389, 133286401, 3661353902, 36423942, 2510087795, 2103353205, 1889393146, 861311129, 4219941346, 1155803188, 261543861, 491343059, 1474309516, 1893240947, 2741486841, 2855647004, 3048604684, 3968231003, 2548940662, 1947743124, 1035243932, 3541890187, 3134984926, 1189724905, 2413538439, 383107680, 3159762051, 769591425, 423762891, 246018076, 3138858719, 1116708329, 3503301939, 1653061134, 2200699530, 3895955582, 3641949325, 1299572632, 2042175738, 3268619369, 1490213844, 2105381908, 3003779952, 247659106, 1332903342, 4089736590, 4242269968, 1730834460, 3887937249, 2344927063, 1706326596, 2155916739, 2309687548, 3307971318, 1872177395, 2720286589, 2370545930, 2320273835, 4285075120, 2770118275, 2379867455, 9128623, 3619382071, 1154293350, 315080487, 3623281538, 1181748172, 1302390825, 2851874133, 750639898, 2867892630, 4181135189, 2630143307, 4175439638, 1201409649, 3044773150, 2582088368, 2942899833, 832633679, 4053057988, 34726999, 4189576881, 1224241862, 1218936216, 392352809, 3880162273, 4077580010, 2666331552, 2061051786, 1248423949, 1121601813, 1736882323, 796638434, 1199241207, 1846016356, 3034756258, 2232805760, 1125673679, 1885773755, 1457304819, 1854946798, 3056882350, 714990947, 1632232222, 4221205921, 621143429, 3282311403, 712052622, 691962556, 905917413, 3172362172, 1580254411, 2474701260, 1745137554, 1368020845, 1077642627, 406913418, 2834764679, 3010055006, 1157470191, 3741461940, 1466415389, 1223106337, 2839966326, 225629674, 3849122790, 559224534, 4220882982, 1082054249, 2809193620, 1097063534, 4194341933, 2470209029, 1167758464, 778964375, 2202836200, 445956112, 3545810231, 2132205514, 717891050, 2199863441, 1415938254, 334), None)
write weights?
events: 
  ----
(3, (3050011205, 3149613588, 1055212160, 3168914489, 1585756542, 1563849601, 2372702096, 151904018, 1461253167, 308411927, 1406919138, 810365212, 3067841291, 569043525, 4205300043, 2343642831, 2136057663, 2713105834, 3229776635, 997508681, 885224816, 3916383371, 1414329802, 2038472343, 3655365182, 1227336436, 3888696843, 1153374572, 3405148433, 662265224, 1778460454, 4078135323, 2888188493, 3112754626, 2903206868, 3647212388, 1647706567, 3764683378, 3252537281, 2991774924, 2876565008, 1557821944, 843705484, 1888300742, 1931036337, 723516075, 4036265446, 2098832956, 1616391815, 759145010, 732002838, 426509675, 3334545227, 4129866752, 1846784569, 2964738643, 315140958, 2348771053, 3651334559, 1021871479, 2589554316, 344316929, 2791555398, 2343936533, 3350800055, 2792300050, 3774199017, 3652437433, 2854534059, 3232587511, 3780155844, 790118012, 2445279940, 3872338458, 715611838, 471227026, 715127056, 1219743845, 1213894764, 1394796017, 4111600260, 1053768938, 285649479, 607485962, 3937909691, 3124475933, 1787046333, 663509476, 717636223, 1939684032, 2842143267, 899935402, 360860294, 451666814, 1505184679, 1893743447, 475103118, 881573392, 3993524322, 884146110, 1748090557, 1484097460, 1808061595, 1719269506, 2017194912, 1368126075, 4231096164, 4126905165, 673827937, 3932487560, 3420194062, 1733034527, 3754911270, 3428255678, 323171569, 2330009434, 2808821028, 2380023622, 2317962822, 885560716, 4284445299, 2794705487, 3688531374, 450784915, 1718781555, 3085065485, 3654416003, 1495608596, 3269698760, 3465303045, 564285711, 1798288306, 3243822379, 1242145470, 2307258683, 988445274, 1038498545, 3364096087, 3934339064, 301676105, 1149474318, 1366111512, 926108425, 6973875, 1802518943, 3722492456, 1810710172, 705596933, 3312920436, 2467832765, 1452544521, 3793307952, 1730749614, 287381731, 479044724, 571215665, 3248037200, 3259651945, 2031835352, 566810635, 1896021268, 2621509197, 2464369392, 2650727433, 2330016794, 656658037, 3152180919, 666278407, 1493038663, 89791343, 1129586297, 3819277761, 3039712159, 451911425, 1020916600, 827718005, 3283340787, 2656107010, 3023720585, 1790270069, 2571183391, 4119727592, 2668082957, 1872462071, 2060410571, 3353443935, 2420143113, 581509868, 1313661640, 1342704032, 1829097981, 3252139016, 3698967462, 3598544065, 3090304637, 3733433325, 3906938681, 1142758753, 264322428, 3046093979, 3571612674, 1384614068, 3593154089, 1291728578, 2471992493, 4246927704, 909194968, 3256596281, 324153449, 670342031, 1228421889, 1674654266, 3382171596, 926761702, 591011532, 1784532544, 2392388826, 4180708448, 2355567372, 2099539981, 2962535802, 3968827766, 206677989, 4103564433, 401397168, 2735309027, 3825071665, 301606457, 28415998, 3029625187, 3183468024, 1833960846, 3389860738, 1066752163, 2304729296, 2979993937, 2723887698, 355770566, 4057124974, 2666428025, 3952330009, 999918537, 2900409389, 3241162985, 3364049865, 1856633875, 778335558, 2210685581, 1052992615, 498274372, 2321558895, 2152111566, 2308457986, 1275232871, 846917160, 1747516078, 3335231990, 1360806414, 797475000, 2323589628, 2299626270, 13219477, 2341567189, 1987532472, 1129568614, 3994091588, 1532155471, 531298411, 239777400, 3778523207, 1018611850, 348727754, 1891002025, 2720838833, 1088405877, 1729840907, 1206149742, 1345372033, 1581511581, 3339824741, 306638547, 319118178, 3459585508, 3725463868, 2457570344, 3736019576, 3346610439, 1182880812, 3771407749, 2561591568, 2246464721, 311292056, 2171986368, 1917475270, 3335900760, 4165343894, 608256647, 1550844241, 3433464366, 2106092276, 1551997343, 1135327079, 2896908302, 2378521277, 3637779961, 1379489275, 1950018396, 1981580692, 4115152328, 2287040905, 2335544316, 3120632442, 1272389511, 2247341879, 462229677, 2328902372, 2708868336, 825427336, 2258906361, 3185362922, 3830618764, 2053727411, 3698807806, 3144241508, 1896502907, 1379487467, 4126774742, 123301268, 1904875939, 2777037057, 3832728152, 3219933384, 2760331950, 1793551124, 3082938715, 2449672003, 3570576363, 3824738639, 3324202528, 343213266, 1739663994, 3566582874, 623127372, 1187853810, 2061331423, 758640947, 3529248613, 90956262, 3941457888, 3954306490, 3119338014, 2988518213, 2403582831, 859029801, 2615265782, 1306160620, 1177488185, 118859194, 1403600606, 3638138629, 897494303, 3681301782, 3040747057, 47831949, 1992360359, 1763101932, 2469105417, 397979508, 3882845515, 534706398, 4058820208, 1229593265, 3326733097, 2867317759, 1361928087, 78465139, 2400179405, 179594039, 530840317, 2915629697, 3766976895, 377685864, 1910930867, 3809766417, 4115157270, 752503301, 1481517863, 1948434557, 1738215343, 3948405798, 1254291334, 2807616818, 2126408535, 2726758887, 1172445017, 3892751837, 3616050483, 2850519335, 3967368614, 3603087808, 3679529715, 3171511656, 2985058613, 654962524, 1599961218, 714917760, 923340274, 843693441, 2491536320, 3566175139, 1034283706, 3773971998, 100748697, 453850669, 3373971148, 2521652108, 2664176427, 192700230, 3552992017, 1952609920, 980263741, 3097904894, 2557137763, 1656276685, 2258199586, 3534999354, 1094996599, 3791265583, 953375171, 2544332654, 4278753033, 2678102312, 3779649949, 3206261753, 3701312592, 2945619376, 2078445732, 920338850, 992843561, 2632444089, 2177004239, 1117640170, 3246349205, 1164701265, 309672949, 534335515, 882266043, 2522121906, 2926087091, 2692631313, 807421101, 3664062548, 3947687881, 965810636, 3958529235, 3001733529, 1325274460, 1696949590, 1960926850, 49807578, 2475381063, 1254059230, 2228353700, 968584212, 496158667, 293770333, 1137646629, 4218861548, 252932422, 1443069165, 2101709877, 343623892, 2853326474, 444946700, 2245179848, 1069514336, 1061278023, 2361690095, 1882946328, 2227692216, 3717969412, 274814658, 2950256389, 133286401, 3661353902, 36423942, 2510087795, 2103353205, 1889393146, 861311129, 4219941346, 1155803188, 261543861, 491343059, 1474309516, 1893240947, 2741486841, 2855647004, 3048604684, 3968231003, 2548940662, 1947743124, 1035243932, 3541890187, 3134984926, 1189724905, 2413538439, 383107680, 3159762051, 769591425, 423762891, 246018076, 3138858719, 1116708329, 3503301939, 1653061134, 2200699530, 3895955582, 3641949325, 1299572632, 2042175738, 3268619369, 1490213844, 2105381908, 3003779952, 247659106, 1332903342, 4089736590, 4242269968, 1730834460, 3887937249, 2344927063, 1706326596, 2155916739, 2309687548, 3307971318, 1872177395, 2720286589, 2370545930, 2320273835, 4285075120, 2770118275, 2379867455, 9128623, 3619382071, 1154293350, 315080487, 3623281538, 1181748172, 1302390825, 2851874133, 750639898, 2867892630, 4181135189, 2630143307, 4175439638, 1201409649, 3044773150, 2582088368, 2942899833, 832633679, 4053057988, 34726999, 4189576881, 1224241862, 1218936216, 392352809, 3880162273, 4077580010, 2666331552, 2061051786, 1248423949, 1121601813, 1736882323, 796638434, 1199241207, 1846016356, 3034756258, 2232805760, 1125673679, 1885773755, 1457304819, 1854946798, 3056882350, 714990947, 1632232222, 4221205921, 621143429, 3282311403, 712052622, 691962556, 905917413, 3172362172, 1580254411, 2474701260, 1745137554, 1368020845, 1077642627, 406913418, 2834764679, 3010055006, 1157470191, 3741461940, 1466415389, 1223106337, 2839966326, 225629674, 3849122790, 559224534, 4220882982, 1082054249, 2809193620, 1097063534, 4194341933, 2470209029, 1167758464, 778964375, 2202836200, 445956112, 3545810231, 2132205514, 717891050, 2199863441, 1415938254, 491), None)
write weights?
events: me found the exit, 
  ----
(3, (4097498157, 3003882726, 1371182851, 3021174348, 177923191, 3076138749, 1670316245, 3990467146, 3131344980, 518323459, 711927055, 384083610, 494028382, 2583609024, 1008868774, 3768659673, 198601976, 810761070, 1392478327, 2225971603, 2797817308, 3118473716, 3517614356, 379427362, 3694498692, 847643833, 15157883, 988474485, 2165268990, 1950663140, 1098587133, 4157130810, 3412263311, 2844599011, 4078083226, 156979617, 2401888960, 628875119, 4139514838, 777577388, 1488354654, 571040111, 2762047450, 558260552, 3457849440, 4181006694, 1005010255, 3142687849, 155615490, 558297776, 65680600, 335590601, 3681167633, 3726716270, 1530311074, 2720578150, 2774932069, 506172611, 1972773885, 1137880602, 3060743049, 1741733409, 3727319311, 1767862979, 428401623, 1839435791, 3429514775, 3515361985, 3906767865, 862408903, 2902108370, 133394468, 627369440, 672539498, 443573661, 3210588674, 2815689185, 2717905406, 2401680455, 97047557, 3550681498, 3786448612, 2531074749, 1908988678, 3564386835, 1133769476, 339207923, 1448100430, 1004885094, 405242813, 663709984, 2052914361, 1042506022, 1314137326, 3852240192, 29255794, 118264795, 1625555389, 713158572, 242723704, 2249159878, 425516702, 3753548314, 2884650662, 3319102070, 61612590, 820612594, 2009089073, 1943780653, 3929386496, 4235948976, 2477889424, 1274317662, 3387634028, 198803377, 3902977101, 73514570, 2512683536, 954465480, 629869420, 578210182, 3036610138, 2568118286, 3548959516, 1076539952, 2905772106, 300876446, 2457590036, 4035731647, 2259412470, 3327374423, 1165963610, 36610371, 2054650531, 3601957498, 3796883427, 1036654903, 4243298048, 350128397, 1305928692, 2324880881, 265993297, 326178221, 1406770848, 2347563927, 4163861105, 2357509490, 4110479501, 2487861095, 3766814460, 3875161882, 904173979, 3694711943, 2814048111, 2763222109, 2319195966, 18519102, 3762905383, 1896676300, 2132635899, 575912679, 3499503560, 2023675042, 1959814466, 990746145, 2263379923, 862200685, 4253956410, 3540173040, 2948623306, 1335682526, 815101946, 1251181311, 1689640502, 3419094120, 4195032883, 682542482, 3966641273, 2871585298, 4222606132, 3458576982, 1402897113, 2916948587, 3557392385, 3961830147, 3216553781, 3881878488, 230396935, 1229842382, 1410344320, 99499905, 2912483640, 3628534065, 3962508637, 3283375820, 1349600511, 2771843748, 2489347954, 3956000000, 1006332268, 695747033, 2858165825, 3465021670, 600487383, 980216643, 2216343256, 4016231006, 2554771402, 599035758, 2967894197, 3565447931, 94305584, 2685088085, 1373886735, 2455634868, 1177527811, 2258162205, 3574590339, 2717916249, 908351274, 4111162451, 3316949821, 1880867744, 887141650, 2722518340, 1810434902, 2240815885, 4108457938, 810096776, 258308607, 3267064971, 798781878, 1905801843, 1730195645, 740199997, 3951629693, 1417588064, 310791480, 3231395193, 4055045133, 1564134395, 3009082223, 422675058, 4137645507, 3725555128, 1171108564, 474423306, 1621774128, 3074009558, 1301426044, 1455346885, 2566500485, 3448763733, 433732975, 251564322, 2724900101, 483057891, 1455381409, 4076297412, 2414592000, 1893812598, 1876070703, 1918958333, 2927625843, 309550925, 35266606, 3095736134, 1603479138, 2342128019, 4210695071, 723711405, 1867062251, 1898705889, 3263196458, 299142963, 716484661, 2421562799, 3049487817, 2927678244, 188870311, 3617816799, 2083273552, 3442455288, 3965443185, 1903953407, 2401374113, 546440204, 520226196, 730323625, 97647544, 538544783, 422712119, 344374508, 4009810235, 2913675146, 603232869, 2220351664, 2326391237, 2033665374, 2452396528, 2429241350, 203804058, 1622650755, 1387708354, 1374415836, 3040594409, 1053202127, 3909551998, 1016107775, 3544705859, 751325755, 680985871, 3630340160, 3237600890, 1396203324, 1801343518, 1086194041, 3184906115, 615685964, 1275735136, 2858952296, 3416730815, 1544208576, 3867215929, 3505395223, 276636999, 1306205618, 667076808, 2459398849, 2911108918, 4094059202, 2543244065, 1994364836, 2986461568, 2814998351, 2159695879, 46231160, 2674578592, 3649771001, 2016157283, 3819040577, 1498114583, 3418631860, 2684861306, 441961046, 2294631333, 1732180895, 385885814, 3240495239, 3320105217, 328267361, 2659443544, 1839448065, 471852645, 4103532514, 1251169788, 2233546539, 4018613048, 4028320263, 3248047891, 1472290856, 354827709, 975932154, 2678204731, 3361796470, 2219048534, 101364814, 539864971, 1077264446, 730284693, 2926846759, 834715356, 877932369, 2098897510, 1851712619, 180807134, 1020757944, 1881344699, 3121107972, 896771303, 3975902427, 88662619, 582916585, 2076097717, 791475450, 3290652288, 3691290650, 2291568111, 3846036955, 503295841, 1736183771, 3713667925, 245586943, 3365771294, 1350950667, 567162550, 1648060294, 966818573, 1542723354, 3191056217, 976316546, 171293741, 2844780701, 117471699, 4179642297, 2964090091, 2072229163, 3294976950, 2698114007, 4077907766, 3832585998, 908897552, 724999420, 3287128254, 1184709057, 2669894276, 296618531, 3037045462, 3618226808, 1551460464, 4034672162, 378113954, 3089471302, 2793031861, 4248406255, 308370660, 2450445860, 3961085415, 2710540790, 671413181, 1813707075, 3552586578, 1117770747, 2167149686, 3482320146, 1581631292, 2878068836, 1343885744, 2464528819, 2044901613, 816657402, 736698017, 3180519924, 380305208, 1139536721, 558074715, 1024332915, 993503573, 209925738, 2969784617, 433201464, 1323864703, 924944304, 694271419, 882888641, 1463161382, 1039649620, 4174109642, 786461147, 3780452879, 41879250, 779514735, 3075777399, 3284106842, 2203039689, 2020873140, 3423096827, 447968088, 22281670, 3197891767, 4238528937, 3406189309, 143597138, 514751726, 1064693760, 831648170, 3539524692, 782461257, 2593800665, 2739023447, 1374328334, 2149223039, 2023422170, 836176180, 397066018, 1630641954, 1749827429, 1219470731, 4017187260, 1336107532, 3438416489, 2360378440, 2511746712, 2473933184, 4277657220, 52517680, 2950742033, 1912207275, 2147653657, 987573338, 3096212704, 252626941, 2586999471, 3443004608, 1337928802, 811972024, 1076563863, 1350574657, 3016429519, 1485180866, 3943638143, 4127138383, 2003661194, 2448598602, 1849810579, 705813484, 1909076871, 3583566870, 2139676923, 676998289, 1466040272, 3250735712, 491409519, 2647844104, 3452474612, 1586396041, 2882449207, 4003904398, 2142303636, 3395388460, 2388414646, 590468862, 745746391, 2048070321, 2341656069, 3528701529, 1532852258, 1785562814, 4105829637, 2815827736, 192888292, 2363235708, 2987607958, 4067098685, 3753066672, 3034181632, 1743871393, 3377472398, 1954539636, 3522978485, 2967463348, 3314048732, 4126020146, 2595343304, 1538448195, 1750189350, 3074308537, 3103106970, 1495984322, 3070712540, 2328602978, 2143892923, 627640192, 1723684635, 3141102188, 1261621042, 3532121932, 2586089524, 373101767, 3064511857, 473674659, 2721209859, 571385651, 1887643118, 2914381138, 4129682485, 3751121744, 1360659105, 1711761120, 3432529667, 2927168707, 3286167829, 1367964843, 1231516997, 3743668919, 1423885320, 169018638, 4011580546, 1075755642, 783600548, 475332630, 3605775016, 1918053612, 264948904, 1412429890, 4059585367, 2459054219, 2723455970, 3165882304, 1843448574, 2255280462, 1105195697, 4168976783, 2175580407, 1686123392, 4239474417, 130407700, 3159490480, 948054600, 3683205634, 1745276671, 1335696077, 1613472841, 210904007, 3931883439, 1795320783, 475652373, 708210643, 1845412113, 1898460186, 3724053227, 3355627420, 1274869457, 3241064783, 178), None)
write weights?
events: 
  ----
(3, (4097498157, 3003882726, 1371182851, 3021174348, 177923191, 3076138749, 1670316245, 3990467146, 3131344980, 518323459, 711927055, 384083610, 494028382, 2583609024, 1008868774, 3768659673, 198601976, 810761070, 1392478327, 2225971603, 2797817308, 3118473716, 3517614356, 379427362, 3694498692, 847643833, 15157883, 988474485, 2165268990, 1950663140, 1098587133, 4157130810, 3412263311, 2844599011, 4078083226, 156979617, 2401888960, 628875119, 4139514838, 777577388, 1488354654, 571040111, 2762047450, 558260552, 3457849440, 4181006694, 1005010255, 3142687849, 155615490, 558297776, 65680600, 335590601, 3681167633, 3726716270, 1530311074, 2720578150, 2774932069, 506172611, 1972773885, 1137880602, 3060743049, 1741733409, 3727319311, 1767862979, 428401623, 1839435791, 3429514775, 3515361985, 3906767865, 862408903, 2902108370, 133394468, 627369440, 672539498, 443573661, 3210588674, 2815689185, 2717905406, 2401680455, 97047557, 3550681498, 3786448612, 2531074749, 1908988678, 3564386835, 1133769476, 339207923, 1448100430, 1004885094, 405242813, 663709984, 2052914361, 1042506022, 1314137326, 3852240192, 29255794, 118264795, 1625555389, 713158572, 242723704, 2249159878, 425516702, 3753548314, 2884650662, 3319102070, 61612590, 820612594, 2009089073, 1943780653, 3929386496, 4235948976, 2477889424, 1274317662, 3387634028, 198803377, 3902977101, 73514570, 2512683536, 954465480, 629869420, 578210182, 3036610138, 2568118286, 3548959516, 1076539952, 2905772106, 300876446, 2457590036, 4035731647, 2259412470, 3327374423, 1165963610, 36610371, 2054650531, 3601957498, 3796883427, 1036654903, 4243298048, 350128397, 1305928692, 2324880881, 265993297, 326178221, 1406770848, 2347563927, 4163861105, 2357509490, 4110479501, 2487861095, 3766814460, 3875161882, 904173979, 3694711943, 2814048111, 2763222109, 2319195966, 18519102, 3762905383, 1896676300, 2132635899, 575912679, 3499503560, 2023675042, 1959814466, 990746145, 2263379923, 862200685, 4253956410, 3540173040, 2948623306, 1335682526, 815101946, 1251181311, 1689640502, 3419094120, 4195032883, 682542482, 3966641273, 2871585298, 4222606132, 3458576982, 1402897113, 2916948587, 3557392385, 3961830147, 3216553781, 3881878488, 230396935, 1229842382, 1410344320, 99499905, 2912483640, 3628534065, 3962508637, 3283375820, 1349600511, 2771843748, 2489347954, 3956000000, 1006332268, 695747033, 2858165825, 3465021670, 600487383, 980216643, 2216343256, 4016231006, 2554771402, 599035758, 2967894197, 3565447931, 94305584, 2685088085, 1373886735, 2455634868, 1177527811, 2258162205, 3574590339, 2717916249, 908351274, 4111162451, 3316949821, 1880867744, 887141650, 2722518340, 1810434902, 2240815885, 4108457938, 810096776, 258308607, 3267064971, 798781878, 1905801843, 1730195645, 740199997, 3951629693, 1417588064, 310791480, 3231395193, 4055045133, 1564134395, 3009082223, 422675058, 4137645507, 3725555128, 1171108564, 474423306, 1621774128, 3074009558, 1301426044, 1455346885, 2566500485, 3448763733, 433732975, 251564322, 2724900101, 483057891, 1455381409, 4076297412, 2414592000, 1893812598, 1876070703, 1918958333, 2927625843, 309550925, 35266606, 3095736134, 1603479138, 2342128019, 4210695071, 723711405, 1867062251, 1898705889, 3263196458, 299142963, 716484661, 2421562799, 3049487817, 2927678244, 188870311, 3617816799, 2083273552, 3442455288, 3965443185, 1903953407, 2401374113, 546440204, 520226196, 730323625, 97647544, 538544783, 422712119, 344374508, 4009810235, 2913675146, 603232869, 2220351664, 2326391237, 2033665374, 2452396528, 2429241350, 203804058, 1622650755, 1387708354, 1374415836, 3040594409, 1053202127, 3909551998, 1016107775, 3544705859, 751325755, 680985871, 3630340160, 3237600890, 1396203324, 1801343518, 1086194041, 3184906115, 615685964, 1275735136, 2858952296, 3416730815, 1544208576, 3867215929, 3505395223, 276636999, 1306205618, 667076808, 2459398849, 2911108918, 4094059202, 2543244065, 1994364836, 2986461568, 2814998351, 2159695879, 46231160, 2674578592, 3649771001, 2016157283, 3819040577, 1498114583, 3418631860, 2684861306, 441961046, 2294631333, 1732180895, 385885814, 3240495239, 3320105217, 328267361, 2659443544, 1839448065, 471852645, 4103532514, 1251169788, 2233546539, 4018613048, 4028320263, 3248047891, 1472290856, 354827709, 975932154, 2678204731, 3361796470, 2219048534, 101364814, 539864971, 1077264446, 730284693, 2926846759, 834715356, 877932369, 2098897510, 1851712619, 180807134, 1020757944, 1881344699, 3121107972, 896771303, 3975902427, 88662619, 582916585, 2076097717, 791475450, 3290652288, 3691290650, 2291568111, 3846036955, 503295841, 1736183771, 3713667925, 245586943, 3365771294, 1350950667, 567162550, 1648060294, 966818573, 1542723354, 3191056217, 976316546, 171293741, 2844780701, 117471699, 4179642297, 2964090091, 2072229163, 3294976950, 2698114007, 4077907766, 3832585998, 908897552, 724999420, 3287128254, 1184709057, 2669894276, 296618531, 3037045462, 3618226808, 1551460464, 4034672162, 378113954, 3089471302, 2793031861, 4248406255, 308370660, 2450445860, 3961085415, 2710540790, 671413181, 1813707075, 3552586578, 1117770747, 2167149686, 3482320146, 1581631292, 2878068836, 1343885744, 2464528819, 2044901613, 816657402, 736698017, 3180519924, 380305208, 1139536721, 558074715, 1024332915, 993503573, 209925738, 2969784617, 433201464, 1323864703, 924944304, 694271419, 882888641, 1463161382, 1039649620, 4174109642, 786461147, 3780452879, 41879250, 779514735, 3075777399, 3284106842, 2203039689, 2020873140, 3423096827, 447968088, 22281670, 3197891767, 4238528937, 3406189309, 143597138, 514751726, 1064693760, 831648170, 3539524692, 782461257, 2593800665, 2739023447, 1374328334, 2149223039, 2023422170, 836176180, 397066018, 1630641954, 1749827429, 1219470731, 4017187260, 1336107532, 3438416489, 2360378440, 2511746712, 2473933184, 4277657220, 52517680, 2950742033, 1912207275, 2147653657, 987573338, 3096212704, 252626941, 2586999471, 3443004608, 1337928802, 811972024, 1076563863, 1350574657, 3016429519, 1485180866, 3943638143, 4127138383, 2003661194, 2448598602, 1849810579, 705813484, 1909076871, 3583566870, 2139676923, 676998289, 1466040272, 3250735712, 491409519, 2647844104, 3452474612, 1586396041, 2882449207, 4003904398, 2142303636, 3395388460, 2388414646, 590468862, 745746391, 2048070321, 2341656069, 3528701529, 1532852258, 1785562814, 4105829637, 2815827736, 192888292, 2363235708, 2987607958, 4067098685, 3753066672, 3034181632, 1743871393, 3377472398, 1954539636, 3522978485, 2967463348, 3314048732, 4126020146, 2595343304, 1538448195, 1750189350, 3074308537, 3103106970, 1495984322, 3070712540, 2328602978, 2143892923, 627640192, 1723684635, 3141102188, 1261621042, 3532121932, 2586089524, 373101767, 3064511857, 473674659, 2721209859, 571385651, 1887643118, 2914381138, 4129682485, 3751121744, 1360659105, 1711761120, 3432529667, 2927168707, 3286167829, 1367964843, 1231516997, 3743668919, 1423885320, 169018638, 4011580546, 1075755642, 783600548, 475332630, 3605775016, 1918053612, 264948904, 1412429890, 4059585367, 2459054219, 2723455970, 3165882304, 1843448574, 2255280462, 1105195697, 4168976783, 2175580407, 1686123392, 4239474417, 130407700, 3159490480, 948054600, 3683205634, 1745276671, 1335696077, 1613472841, 210904007, 3931883439, 1795320783, 475652373, 708210643, 1845412113, 1898460186, 3724053227, 3355627420, 1274869457, 3241064783, 344), None)
write weights?
events: me found the exit, 
  ----
(3, (1613084030, 2854349892, 2755271807, 3866405478, 2291146636, 1094768680, 837591286, 2758935443, 1725342389, 4156331891, 3474393339, 2926104824, 4293963862, 3126956509, 2675215011, 1860020864, 3687056649, 4142550309, 75315858, 1120906445, 3925193260, 3212609266, 389522785, 3731292128, 3603053857, 559841956, 570920528, 4257101840, 1749236758, 733735685, 3623696890, 1563861486, 3855274515, 362002190, 241513309, 1158358683, 1251560222, 4107403513, 157923050, 2278614731, 3625325016, 2159347294, 692160585, 396394442, 1467191826, 2036977548, 2450162131, 122205136, 836825603, 1023086111, 2822718446, 3091108413, 3725838238, 1950972393, 1610403660, 4237965917, 4286367493, 2539417312, 1994343723, 3217614415, 304821253, 2566779267, 217197489, 2545141734, 2175732663, 141102243, 846453733, 1848197866, 3100576520, 3665107858, 1498073930, 333549366, 2861622530, 1754420152, 3567815676, 3261967997, 1313965073, 3790479100, 3934071671, 4213788825, 1585129019, 1224499288, 3685106644, 3805821912, 3788731389, 3951672188, 452929555, 173544721, 4096454179, 2072742901, 3968428808, 4032878895, 1753837691, 4265365705, 3429871729, 255381418, 974096769, 3954649426, 68849292, 2900851314, 1029150948, 2950681876, 1864699657, 3664169435, 1322833642, 2185673814, 1875936775, 4015669803, 92234424, 1041675855, 425257353, 3593554528, 2087950196, 938158968, 1487325366, 895332015, 2601576258, 842014967, 953441882, 1626429252, 3488062267, 855757052, 1100891423, 930391752, 3613065797, 1438503200, 2498693506, 746984564, 500926834, 1374668227, 2350457635, 3887011306, 1850902946, 2768540043, 3407777232, 3953038227, 1147590961, 1492460124, 4105750435, 3340543493, 3028838473, 1678362380, 2386219080, 2541875440, 1774391451, 4098955567, 300140708, 211759068, 3298521982, 344751660, 178970524, 3278582504, 455715293, 2072961861, 2157334851, 3043186733, 865979268, 590653093, 3470249348, 1059017749, 2428416126, 627409555, 2372888701, 239456941, 3853890189, 3855853289, 1484409734, 3535276564, 483588823, 3041498531, 2188256201, 2860279143, 2230473322, 970861975, 1178558789, 1985594874, 3753674509, 4162951259, 2347899311, 3095874171, 2715677458, 3923860234, 1066684380, 1097064861, 84548176, 574168391, 2528251801, 4219808080, 2128008904, 2448206353, 4191658014, 3040185917, 3249271253, 2106534768, 668717064, 1623740862, 1174076177, 566893250, 2886070241, 522625208, 779223069, 3690431411, 2769101002, 38935600, 1137879517, 2412568736, 3448759058, 895120439, 2110435956, 4103035062, 4271800616, 2978939453, 711990874, 1630129957, 3045226771, 4201610648, 4280116953, 575895900, 806371418, 3218407395, 3521416850, 368255169, 1800957587, 3436945481, 3187034679, 3493615496, 3143611046, 939604282, 882630756, 477042405, 2981794493, 693416554, 3956813993, 3203094327, 146684402, 216658949, 4278170095, 1985097368, 1337584161, 140862836, 985946293, 3555478426, 3432685758, 3032727509, 2483852367, 173976215, 1922730837, 4066993863, 3652555084, 2774564828, 1259509629, 688748372, 4105907404, 628672193, 1971576397, 3207527608, 2582443530, 4001798040, 449004014, 2646242984, 3144830790, 2925395708, 3410204029, 2594722919, 4125036782, 355148105, 3893982714, 1154721230, 1690352462, 3856155200, 3104588512, 4142848829, 1479145753, 1139308181, 2333760277, 2697153547, 4279369764, 4286524028, 1687606705, 1825224494, 174023745, 2037061168, 331310266, 516584741, 163961327, 647382829, 2957632645, 2665507214, 2585070687, 2247515689, 35815074, 2347521473, 2799816929, 1688619040, 2799419143, 3135568720, 103374767, 634481125, 452445134, 3807723777, 780186997, 2113662178, 3946246556, 1722053119, 1652247255, 739692751, 3484078886, 2570837915, 4166460710, 348838422, 1872431488, 3454156765, 2348110913, 1935869837, 1073167390, 1300061760, 4234796267, 3201311918, 3596996383, 2109563727, 48723529, 2724909073, 2775645033, 3414110805, 981535534, 586612821, 3204849174, 2903806299, 4179503759, 354827880, 145035412, 901193016, 2605078678, 2772209023, 907009783, 1142936964, 832822303, 3969242026, 858781070, 3568029707, 3259379372, 2101665772, 1700688658, 3594191465, 2941924858, 3527643978, 1802585215, 1987850151, 3371893923, 2438893296, 943019876, 948064922, 3267007181, 2930015859, 1238351498, 2252579384, 640438367, 1830565631, 510330556, 95566262, 916406154, 3591063725, 2101819345, 542548362, 450157943, 3082657156, 1308803359, 2492631126, 3905083033, 553220, 3479285662, 3940661228, 3403434012, 3217295950, 167533875, 3673206946, 3046460334, 397342110, 14307396, 3025970031, 2686591671, 146910568, 297055912, 604746233, 19204581, 2698354057, 3797721661, 2066280012, 4069713404, 668589903, 3118492632, 1005367213, 3248319206, 2838500572, 3261010255, 768559380, 814815482, 2945722436, 745342484, 3656050219, 2781627230, 3421513172, 2899397068, 2049184782, 964632305, 1866167269, 2595612576, 1757264422, 2422647953, 1303117915, 443922197, 277959726, 63951128, 1827939238, 4094985234, 2936627974, 2339273594, 2449686818, 3674814981, 4187351748, 919334049, 1003035563, 2868757819, 2725154745, 1761260720, 2768405747, 4028808852, 2125842662, 385698482, 168357044, 733088153, 3147165951, 2405100187, 2856852891, 1517852585, 1745837638, 2625785966, 1860496686, 1417080468, 841385895, 3990220970, 2873821673, 2973368836, 1205874606, 2885291054, 3080714940, 994548630, 3617920423, 2491037834, 665943567, 1923570089, 2791737839, 1568946570, 941155737, 328871977, 710936014, 537590528, 2143427215, 2163643314, 2867311552, 819519071, 2317146262, 1832274728, 642833108, 174597954, 4038425859, 1161616600, 980264534, 1437139230, 734230709, 1212687988, 3494583142, 84514016, 1830843221, 3936460306, 4039769958, 1798929319, 3747022670, 3785674912, 2622384075, 3162321697, 164536864, 2814736418, 2453252507, 3726530569, 3085823619, 551883954, 2362112920, 3381415930, 1949445270, 3706721859, 3204713378, 1553055113, 2539821752, 88279126, 3929566105, 69994826, 537247283, 2877312272, 1148175209, 2640815540, 520869533, 3328132715, 2563610133, 3880644768, 3716932261, 3716290257, 2326942585, 354947537, 3207611994, 4248655069, 1920164138, 779031560, 1583463187, 2347271288, 1006150979, 2939825186, 3840851456, 113898326, 2370907913, 1145531664, 1903568879, 3020786132, 1624053205, 3550405886, 2518164618, 2510691526, 1364774847, 1489710836, 2887309767, 926718592, 3981077987, 2283268424, 1399523579, 1763357800, 2516162871, 570169673, 3436136413, 2651402321, 3461008051, 1963788595, 1727963093, 2906680961, 2477817011, 3837582510, 1016451344, 1494577800, 2027455091, 329011604, 4246669747, 2847612219, 1081475639, 1873798577, 1272431464, 2570875848, 2072610444, 1230826917, 1680893173, 775204950, 3726871591, 1137747837, 616258871, 3997814486, 742353193, 2299311155, 443287080, 2579078161, 273683472, 4279775627, 2991266332, 1579851191, 1733678780, 3926000061, 2108404438, 2489738594, 2805058827, 1624981375, 188146708, 2277965252, 210674803, 1447278118, 3087249408, 1006151749, 2427784667, 124998907, 459441211, 843044855, 1452303031, 3243322751, 1936570330, 186859742, 1677544193, 2958621648, 1679113534, 895882530, 948141571, 1361191157, 2436394110, 2618413715, 3387565243, 1176716233, 2898929963, 53369862, 3352646254, 2969492025, 1127792334, 2859752631, 4234360723, 621087849, 4240400648, 2597162048, 2822269726, 1066679477, 1316614453, 2543938420, 1706468777, 2882164857, 370654095, 58242464, 1986633548, 3442570002, 1051319032, 2488313196, 1082376773, 73), None)
write weights?
events: 
  ----
(3, (1613084030, 2854349892, 2755271807, 3866405478, 2291146636, 1094768680, 837591286, 2758935443, 1725342389, 4156331891, 3474393339, 2926104824, 4293963862, 3126956509, 2675215011, 1860020864, 3687056649, 4142550309, 75315858, 1120906445, 3925193260, 3212609266, 389522785, 3731292128, 3603053857, 559841956, 570920528, 4257101840, 1749236758, 733735685, 3623696890, 1563861486, 3855274515, 362002190, 241513309, 1158358683, 1251560222, 4107403513, 157923050, 2278614731, 3625325016, 2159347294, 692160585, 396394442, 1467191826, 2036977548, 2450162131, 122205136, 836825603, 1023086111, 2822718446, 3091108413, 3725838238, 1950972393, 1610403660, 4237965917, 4286367493, 2539417312, 1994343723, 3217614415, 304821253, 2566779267, 217197489, 2545141734, 2175732663, 141102243, 846453733, 1848197866, 3100576520, 3665107858, 1498073930, 333549366, 2861622530, 1754420152, 3567815676, 3261967997, 1313965073, 3790479100, 3934071671, 4213788825, 1585129019, 1224499288, 3685106644, 3805821912, 3788731389, 3951672188, 452929555, 173544721, 4096454179, 2072742901, 3968428808, 4032878895, 1753837691, 4265365705, 3429871729, 255381418, 974096769, 3954649426, 68849292, 2900851314, 1029150948, 2950681876, 1864699657, 3664169435, 1322833642, 2185673814, 1875936775, 4015669803, 92234424, 1041675855, 425257353, 3593554528, 2087950196, 938158968, 1487325366, 895332015, 2601576258, 842014967, 953441882, 1626429252, 3488062267, 855757052, 1100891423, 930391752, 3613065797, 1438503200, 2498693506, 746984564, 500926834, 1374668227, 2350457635, 3887011306, 1850902946, 2768540043, 3407777232, 3953038227, 1147590961, 1492460124, 4105750435, 3340543493, 3028838473, 1678362380, 2386219080, 2541875440, 1774391451, 4098955567, 300140708, 211759068, 3298521982, 344751660, 178970524, 3278582504, 455715293, 2072961861, 2157334851, 3043186733, 865979268, 590653093, 3470249348, 1059017749, 2428416126, 627409555, 2372888701, 239456941, 3853890189, 3855853289, 1484409734, 3535276564, 483588823, 3041498531, 2188256201, 2860279143, 2230473322, 970861975, 1178558789, 1985594874, 3753674509, 4162951259, 2347899311, 3095874171, 2715677458, 3923860234, 1066684380, 1097064861, 84548176, 574168391, 2528251801, 4219808080, 2128008904, 2448206353, 4191658014, 3040185917, 3249271253, 2106534768, 668717064, 1623740862, 1174076177, 566893250, 2886070241, 522625208, 779223069, 3690431411, 2769101002, 38935600, 1137879517, 2412568736, 3448759058, 895120439, 2110435956, 4103035062, 4271800616, 2978939453, 711990874, 1630129957, 3045226771, 4201610648, 4280116953, 575895900, 806371418, 3218407395, 3521416850, 368255169, 1800957587, 3436945481, 3187034679, 3493615496, 3143611046, 939604282, 882630756, 477042405, 2981794493, 693416554, 3956813993, 3203094327, 146684402, 216658949, 4278170095, 1985097368, 1337584161, 140862836, 985946293, 3555478426, 3432685758, 3032727509, 2483852367, 173976215, 1922730837, 4066993863, 3652555084, 2774564828, 1259509629, 688748372, 4105907404, 628672193, 1971576397, 3207527608, 2582443530, 4001798040, 449004014, 2646242984, 3144830790, 2925395708, 3410204029, 2594722919, 4125036782, 355148105, 3893982714, 1154721230, 1690352462, 3856155200, 3104588512, 4142848829, 1479145753, 1139308181, 2333760277, 2697153547, 4279369764, 4286524028, 1687606705, 1825224494, 174023745, 2037061168, 331310266, 516584741, 163961327, 647382829, 2957632645, 2665507214, 2585070687, 2247515689, 35815074, 2347521473, 2799816929, 1688619040, 2799419143, 3135568720, 103374767, 634481125, 452445134, 3807723777, 780186997, 2113662178, 3946246556, 1722053119, 1652247255, 739692751, 3484078886, 2570837915, 4166460710, 348838422, 1872431488, 3454156765, 2348110913, 1935869837, 1073167390, 1300061760, 4234796267, 3201311918, 3596996383, 2109563727, 48723529, 2724909073, 2775645033, 3414110805, 981535534, 586612821, 3204849174, 2903806299, 4179503759, 354827880, 145035412, 901193016, 2605078678, 2772209023, 907009783, 1142936964, 832822303, 3969242026, 858781070, 3568029707, 3259379372, 2101665772, 1700688658, 3594191465, 2941924858, 3527643978, 1802585215, 1987850151, 3371893923, 2438893296, 943019876, 948064922, 3267007181, 2930015859, 1238351498, 2252579384, 640438367, 1830565631, 510330556, 95566262, 916406154, 3591063725, 2101819345, 542548362, 450157943, 3082657156, 1308803359, 2492631126, 3905083033, 553220, 3479285662, 3940661228, 3403434012, 3217295950, 167533875, 3673206946, 3046460334, 397342110, 14307396, 3025970031, 2686591671, 146910568, 297055912, 604746233, 19204581, 2698354057, 3797721661, 2066280012, 4069713404, 668589903, 3118492632, 1005367213, 3248319206, 2838500572, 3261010255, 768559380, 814815482, 2945722436, 745342484, 3656050219, 2781627230, 3421513172, 2899397068, 2049184782, 964632305, 1866167269, 2595612576, 1757264422, 2422647953, 1303117915, 443922197, 277959726, 63951128, 1827939238, 4094985234, 2936627974, 2339273594, 2449686818, 3674814981, 4187351748, 919334049, 1003035563, 2868757819, 2725154745, 1761260720, 2768405747, 4028808852, 2125842662, 385698482, 168357044, 733088153, 3147165951, 2405100187, 2856852891, 1517852585, 1745837638, 2625785966, 1860496686, 1417080468, 841385895, 3990220970, 2873821673, 2973368836, 1205874606, 2885291054, 3080714940, 994548630, 3617920423, 2491037834, 665943567, 1923570089, 2791737839, 1568946570, 941155737, 328871977, 710936014, 537590528, 2143427215, 2163643314, 2867311552, 819519071, 2317146262, 1832274728, 642833108, 174597954, 4038425859, 1161616600, 980264534, 1437139230, 734230709, 1212687988, 3494583142, 84514016, 1830843221, 3936460306, 4039769958, 1798929319, 3747022670, 3785674912, 2622384075, 3162321697, 164536864, 2814736418, 2453252507, 3726530569, 3085823619, 551883954, 2362112920, 3381415930, 1949445270, 3706721859, 3204713378, 1553055113, 2539821752, 88279126, 3929566105, 69994826, 537247283, 2877312272, 1148175209, 2640815540, 520869533, 3328132715, 2563610133, 3880644768, 3716932261, 3716290257, 2326942585, 354947537, 3207611994, 4248655069, 1920164138, 779031560, 1583463187, 2347271288, 1006150979, 2939825186, 3840851456, 113898326, 2370907913, 1145531664, 1903568879, 3020786132, 1624053205, 3550405886, 2518164618, 2510691526, 1364774847, 1489710836, 2887309767, 926718592, 3981077987, 2283268424, 1399523579, 1763357800, 2516162871, 570169673, 3436136413, 2651402321, 3461008051, 1963788595, 1727963093, 2906680961, 2477817011, 3837582510, 1016451344, 1494577800, 2027455091, 329011604, 4246669747, 2847612219, 1081475639, 1873798577, 1272431464, 2570875848, 2072610444, 1230826917, 1680893173, 775204950, 3726871591, 1137747837, 616258871, 3997814486, 742353193, 2299311155, 443287080, 2579078161, 273683472, 4279775627, 2991266332, 1579851191, 1733678780, 3926000061, 2108404438, 2489738594, 2805058827, 1624981375, 188146708, 2277965252, 210674803, 1447278118, 3087249408, 1006151749, 2427784667, 124998907, 459441211, 843044855, 1452303031, 3243322751, 1936570330, 186859742, 1677544193, 2958621648, 1679113534, 895882530, 948141571, 1361191157, 2436394110, 2618413715, 3387565243, 1176716233, 2898929963, 53369862, 3352646254, 2969492025, 1127792334, 2859752631, 4234360723, 621087849, 4240400648, 2597162048, 2822269726, 1066679477, 1316614453, 2543938420, 1706468777, 2882164857, 370654095, 58242464, 1986633548, 3442570002, 1051319032, 2488313196, 1082376773, 406), None)
write weights?
events: 
  ----
(3, (1613084030, 2854349892, 2755271807, 3866405478, 2291146636, 1094768680, 837591286, 2758935443, 1725342389, 4156331891, 3474393339, 2926104824, 4293963862, 3126956509, 2675215011, 1860020864, 3687056649, 4142550309, 75315858, 1120906445, 3925193260, 3212609266, 389522785, 3731292128, 3603053857, 559841956, 570920528, 4257101840, 1749236758, 733735685, 3623696890, 1563861486, 3855274515, 362002190, 241513309, 1158358683, 1251560222, 4107403513, 157923050, 2278614731, 3625325016, 2159347294, 692160585, 396394442, 1467191826, 2036977548, 2450162131, 122205136, 836825603, 1023086111, 2822718446, 3091108413, 3725838238, 1950972393, 1610403660, 4237965917, 4286367493, 2539417312, 1994343723, 3217614415, 304821253, 2566779267, 217197489, 2545141734, 2175732663, 141102243, 846453733, 1848197866, 3100576520, 3665107858, 1498073930, 333549366, 2861622530, 1754420152, 3567815676, 3261967997, 1313965073, 3790479100, 3934071671, 4213788825, 1585129019, 1224499288, 3685106644, 3805821912, 3788731389, 3951672188, 452929555, 173544721, 4096454179, 2072742901, 3968428808, 4032878895, 1753837691, 4265365705, 3429871729, 255381418, 974096769, 3954649426, 68849292, 2900851314, 1029150948, 2950681876, 1864699657, 3664169435, 1322833642, 2185673814, 1875936775, 4015669803, 92234424, 1041675855, 425257353, 3593554528, 2087950196, 938158968, 1487325366, 895332015, 2601576258, 842014967, 953441882, 1626429252, 3488062267, 855757052, 1100891423, 930391752, 3613065797, 1438503200, 2498693506, 746984564, 500926834, 1374668227, 2350457635, 3887011306, 1850902946, 2768540043, 3407777232, 3953038227, 1147590961, 1492460124, 4105750435, 3340543493, 3028838473, 1678362380, 2386219080, 2541875440, 1774391451, 4098955567, 300140708, 211759068, 3298521982, 344751660, 178970524, 3278582504, 455715293, 2072961861, 2157334851, 3043186733, 865979268, 590653093, 3470249348, 1059017749, 2428416126, 627409555, 2372888701, 239456941, 3853890189, 3855853289, 1484409734, 3535276564, 483588823, 3041498531, 2188256201, 2860279143, 2230473322, 970861975, 1178558789, 1985594874, 3753674509, 4162951259, 2347899311, 3095874171, 2715677458, 3923860234, 1066684380, 1097064861, 84548176, 574168391, 2528251801, 4219808080, 2128008904, 2448206353, 4191658014, 3040185917, 3249271253, 2106534768, 668717064, 1623740862, 1174076177, 566893250, 2886070241, 522625208, 779223069, 3690431411, 2769101002, 38935600, 1137879517, 2412568736, 3448759058, 895120439, 2110435956, 4103035062, 4271800616, 2978939453, 711990874, 1630129957, 3045226771, 4201610648, 4280116953, 575895900, 806371418, 3218407395, 3521416850, 368255169, 1800957587, 3436945481, 3187034679, 3493615496, 3143611046, 939604282, 882630756, 477042405, 2981794493, 693416554, 3956813993, 3203094327, 146684402, 216658949, 4278170095, 1985097368, 1337584161, 140862836, 985946293, 3555478426, 3432685758, 3032727509, 2483852367, 173976215, 1922730837, 4066993863, 3652555084, 2774564828, 1259509629, 688748372, 4105907404, 628672193, 1971576397, 3207527608, 2582443530, 4001798040, 449004014, 2646242984, 3144830790, 2925395708, 3410204029, 2594722919, 4125036782, 355148105, 3893982714, 1154721230, 1690352462, 3856155200, 3104588512, 4142848829, 1479145753, 1139308181, 2333760277, 2697153547, 4279369764, 4286524028, 1687606705, 1825224494, 174023745, 2037061168, 331310266, 516584741, 163961327, 647382829, 2957632645, 2665507214, 2585070687, 2247515689, 35815074, 2347521473, 2799816929, 1688619040, 2799419143, 3135568720, 103374767, 634481125, 452445134, 3807723777, 780186997, 2113662178, 3946246556, 1722053119, 1652247255, 739692751, 3484078886, 2570837915, 4166460710, 348838422, 1872431488, 3454156765, 2348110913, 1935869837, 1073167390, 1300061760, 4234796267, 3201311918, 3596996383, 2109563727, 48723529, 2724909073, 2775645033, 3414110805, 981535534, 586612821, 3204849174, 2903806299, 4179503759, 354827880, 145035412, 901193016, 2605078678, 2772209023, 907009783, 1142936964, 832822303, 3969242026, 858781070, 3568029707, 3259379372, 2101665772, 1700688658, 3594191465, 2941924858, 3527643978, 1802585215, 1987850151, 3371893923, 2438893296, 943019876, 948064922, 3267007181, 2930015859, 1238351498, 2252579384, 640438367, 1830565631, 510330556, 95566262, 916406154, 3591063725, 2101819345, 542548362, 450157943, 3082657156, 1308803359, 2492631126, 3905083033, 553220, 3479285662, 3940661228, 3403434012, 3217295950, 167533875, 3673206946, 3046460334, 397342110, 14307396, 3025970031, 2686591671, 146910568, 297055912, 604746233, 19204581, 2698354057, 3797721661, 2066280012, 4069713404, 668589903, 3118492632, 1005367213, 3248319206, 2838500572, 3261010255, 768559380, 814815482, 2945722436, 745342484, 3656050219, 2781627230, 3421513172, 2899397068, 2049184782, 964632305, 1866167269, 2595612576, 1757264422, 2422647953, 1303117915, 443922197, 277959726, 63951128, 1827939238, 4094985234, 2936627974, 2339273594, 2449686818, 3674814981, 4187351748, 919334049, 1003035563, 2868757819, 2725154745, 1761260720, 2768405747, 4028808852, 2125842662, 385698482, 168357044, 733088153, 3147165951, 2405100187, 2856852891, 1517852585, 1745837638, 2625785966, 1860496686, 1417080468, 841385895, 3990220970, 2873821673, 2973368836, 1205874606, 2885291054, 3080714940, 994548630, 3617920423, 2491037834, 665943567, 1923570089, 2791737839, 1568946570, 941155737, 328871977, 710936014, 537590528, 2143427215, 2163643314, 2867311552, 819519071, 2317146262, 1832274728, 642833108, 174597954, 4038425859, 1161616600, 980264534, 1437139230, 734230709, 1212687988, 3494583142, 84514016, 1830843221, 3936460306, 4039769958, 1798929319, 3747022670, 3785674912, 2622384075, 3162321697, 164536864, 2814736418, 2453252507, 3726530569, 3085823619, 551883954, 2362112920, 3381415930, 1949445270, 3706721859, 3204713378, 1553055113, 2539821752, 88279126, 3929566105, 69994826, 537247283, 2877312272, 1148175209, 2640815540, 520869533, 3328132715, 2563610133, 3880644768, 3716932261, 3716290257, 2326942585, 354947537, 3207611994, 4248655069, 1920164138, 779031560, 1583463187, 2347271288, 1006150979, 2939825186, 3840851456, 113898326, 2370907913, 1145531664, 1903568879, 3020786132, 1624053205, 3550405886, 2518164618, 2510691526, 1364774847, 1489710836, 2887309767, 926718592, 3981077987, 2283268424, 1399523579, 1763357800, 2516162871, 570169673, 3436136413, 2651402321, 3461008051, 1963788595, 1727963093, 2906680961, 2477817011, 3837582510, 1016451344, 1494577800, 2027455091, 329011604, 4246669747, 2847612219, 1081475639, 1873798577, 1272431464, 2570875848, 2072610444, 1230826917, 1680893173, 775204950, 3726871591, 1137747837, 616258871, 3997814486, 742353193, 2299311155, 443287080, 2579078161, 273683472, 4279775627, 2991266332, 1579851191, 1733678780, 3926000061, 2108404438, 2489738594, 2805058827, 1624981375, 188146708, 2277965252, 210674803, 1447278118, 3087249408, 1006151749, 2427784667, 124998907, 459441211, 843044855, 1452303031, 3243322751, 1936570330, 186859742, 1677544193, 2958621648, 1679113534, 895882530, 948141571, 1361191157, 2436394110, 2618413715, 3387565243, 1176716233, 2898929963, 53369862, 3352646254, 2969492025, 1127792334, 2859752631, 4234360723, 621087849, 4240400648, 2597162048, 2822269726, 1066679477, 1316614453, 2543938420, 1706468777, 2882164857, 370654095, 58242464, 1986633548, 3442570002, 1051319032, 2488313196, 1082376773, 529), None)
write weights?
events: 
  ----
(3, (3129269862, 3883448564, 2865804056, 3783543960, 2874165696, 3022461367, 4044727576, 3541892980, 3454896259, 1681314562, 1065996890, 4020171962, 2308208746, 3435610779, 1744798062, 3072680771, 2391389675, 3056212315, 392562111, 3214189164, 3451716187, 161110122, 3601241396, 3298968302, 1801870073, 3153986067, 2628883377, 484125371, 702005678, 3688637033, 271489041, 3171980132, 1086404403, 3045597416, 1626989, 2853588756, 153726264, 516705500, 4075789820, 4035532930, 784231937, 2581502575, 972470338, 3328981411, 2550132271, 557314610, 71595590, 704824816, 820694380, 794311265, 313715814, 4218673989, 3298652708, 1566129679, 19080222, 3140676311, 1941361385, 4059898467, 2894906934, 4028092893, 3937686161, 1602696885, 2705215539, 3909610331, 1461775896, 3976664581, 289700769, 370123462, 2643456202, 697940349, 865952205, 1088517023, 1602900329, 1646027658, 678788231, 4213827127, 1574403115, 110607222, 341174261, 2634831973, 4213782370, 3430412618, 3978459687, 1436301824, 2081062814, 1941069044, 236786636, 2097389511, 1394645926, 379691318, 1844586448, 616580888, 3525620781, 600800932, 4170738807, 3634284950, 2730036753, 1196314384, 4232828576, 1518847288, 938103993, 1159363147, 4032042843, 4195077825, 505972918, 683652535, 912787423, 2784117244, 1535641949, 1210503882, 2712335945, 1796332139, 2764428262, 3513659526, 4057269922, 602367913, 2658212791, 2541923157, 192941793, 297881952, 3178124926, 3205390598, 2532015213, 4142030061, 464047999, 3195669781, 915283951, 3715309639, 669480628, 178404744, 579814730, 803367461, 663888349, 1387519080, 26055925, 1932277007, 2131859925, 3394135910, 1870625514, 3803225522, 3201016923, 2568247413, 2240426699, 2565091745, 3319702429, 3853617875, 2516577117, 3337708817, 1993600518, 1547705670, 1500322567, 3338679717, 1506855118, 821593413, 2211389182, 912326771, 3276087525, 3193410826, 3171851353, 1090762138, 2945062243, 2978722999, 644526, 3892498148, 3478797980, 2188700437, 90401827, 1584232839, 2579528742, 1099316522, 3697710716, 3177257150, 2007809032, 3829243338, 1551447105, 1557459684, 2561920548, 1217911146, 1652218089, 808830710, 2143701393, 3624720938, 3040339042, 1422310158, 806850172, 2846433110, 3984038259, 2014855071, 2325504492, 1322518520, 2499941750, 948725066, 229253730, 416196826, 1402561502, 195901063, 1961898079, 3127661069, 1997549151, 3742601252, 634068344, 3466019574, 2294491811, 4274169848, 2871810427, 1709813135, 74504362, 2384167683, 2038370965, 3577420835, 1034683986, 1883046724, 1428371013, 419692566, 3574584786, 3641851654, 525356443, 2410236761, 3813960327, 3275235120, 3320224560, 2950443574, 3373072311, 180545238, 1454895420, 3388963903, 478371544, 2697539156, 1883734873, 721767065, 3039696301, 129294667, 1918501619, 3041573345, 1281406377, 1805312171, 522175566, 2170394517, 3953935872, 234808559, 3845220182, 28496177, 1951140982, 1569148691, 1779301583, 3072585930, 531145168, 2707933949, 1529505668, 707227221, 3492084036, 1362873503, 1883951532, 1064881224, 55334119, 1696709291, 2896128421, 1565472998, 3016599600, 494407824, 3802587030, 4239501580, 2118833656, 1942365519, 3444665511, 3336775425, 2464189029, 484324262, 2872228687, 1701878066, 605283554, 1659085436, 2580248999, 2562845459, 3815494442, 1331940734, 1357360991, 4193334881, 3440804050, 1488613595, 1642902807, 150771267, 761225370, 3999043265, 2076094762, 765494443, 3211257114, 1052140641, 2222238078, 3761205090, 1979281764, 2639836855, 2673095189, 2602636541, 1266540398, 1200877506, 2725887312, 1055293482, 3901973440, 2445458188, 1558287867, 502137929, 292777495, 4125256095, 2308203470, 864063078, 1217988471, 2265097713, 2249366593, 3673161447, 3932525873, 2700633441, 2467000301, 300322243, 1539125479, 4095526156, 1237955425, 2680713344, 3273016928, 1247789014, 2884806259, 858300700, 606724195, 4294544262, 3476914149, 3821590955, 2500148554, 3530420513, 260662655, 4094074641, 3771744349, 327918845, 3811132375, 4100413563, 2281548606, 3662763917, 2121022239, 4164750478, 3628892849, 3320235184, 2949406576, 3279568683, 2448578114, 3386638666, 4272120560, 3878689793, 3019372140, 1795312, 4154533502, 3404847071, 3936581024, 2751280838, 1881178867, 1382662314, 3729977691, 3992579652, 2770638376, 767215124, 758871806, 1021165080, 3770599649, 3861299138, 1661429194, 3950200753, 3515918756, 2440473274, 3908688281, 1403158472, 3641729271, 2721768708, 3985959511, 2695923603, 3126038516, 1208579355, 3951639872, 739855313, 395798409, 1493185317, 1143395533, 2429118794, 1956140017, 2333427114, 3177998416, 1524569288, 926280465, 1428716952, 1016578748, 2529388445, 2070932431, 486137922, 754723309, 4019489775, 3605848443, 4249113691, 143318285, 2173235291, 1447831816, 2320504182, 144497524, 625647015, 2177208096, 168923303, 566687971, 486863235, 3858944071, 1864379193, 1147870181, 4009602822, 668101336, 554012471, 1552814361, 837838576, 2681409157, 3615349626, 798789148, 3475725393, 131442537, 1636710571, 1145475112, 3485951213, 2619512272, 3756994972, 3281174916, 9267719, 837132459, 251752725, 2689168471, 783661089, 3415422124, 68329136, 2046881624, 1971952873, 2848265117, 4030997409, 3122408480, 2000566946, 2722720436, 395800856, 4029083720, 1674169872, 3584635965, 2375210192, 3135383761, 179129228, 3563501063, 3203901260, 1910646076, 2413528949, 1695301102, 1767367612, 2163806974, 947252729, 1291566636, 2353460755, 3053006003, 1615003353, 2381117185, 3042270324, 1388787883, 3007241475, 2957301162, 989564989, 2024967617, 439080943, 537893323, 2301765740, 281556932, 3487950809, 2371607988, 1349001036, 1973600928, 680081087, 414939583, 720924377, 3640866126, 3082709640, 93122034, 2700513556, 2249478053, 3078420707, 2074058072, 279898358, 3040206521, 1519973758, 2679209848, 3820954217, 454913372, 2254501995, 2259205959, 3376049670, 742662302, 974193340, 3444730461, 3493924430, 2966075061, 3911499754, 3967481588, 835961450, 2581394199, 2541267837, 1313648770, 1498202304, 2584589995, 591484687, 238843884, 987708261, 2230053304, 2993687840, 392476014, 3402201643, 2539994708, 1820932910, 2610489853, 3130238758, 4198663711, 2481569647, 2455253090, 916293839, 49844716, 4252468381, 982693845, 1367022468, 2935870967, 2344013615, 1978307183, 2722131363, 1617325068, 1887699585, 2464864373, 1257055063, 1515188145, 3449788266, 3275602628, 2081709379, 351721909, 1340350522, 1702948310, 1013562822, 1591062759, 1887787947, 3146871542, 3558193016, 617368458, 999808310, 3246561288, 4020043556, 4013641264, 2721877689, 2494534938, 3925663265, 113916482, 1642216930, 3324196895, 2577073326, 2947101287, 2989466482, 1595284916, 4157216886, 2777862705, 466198710, 2134001215, 2967030869, 356930502, 3823292889, 3037400986, 1301871718, 2379140792, 155776874, 2589962789, 1743759430, 4202097172, 1386926833, 2581972330, 3116680413, 3398120106, 516163870, 3479872981, 3913288514, 2092094496, 1526815200, 1315444906, 447092134, 2091636854, 2140507274, 3103995094, 2905353690, 2392670108, 1495199361, 2677040175, 1721157029, 1132810990, 3384595532, 3816567845, 4064989960, 3605753878, 1753858130, 2863059771, 982823873, 1565336849, 1078632143, 3345273169, 2854097731, 267641574, 3605051978, 949775426, 3356772937, 2012234332, 3205653786, 3041588526, 4027231856, 247669063, 4059514260, 3944494557, 927430406, 2098234774, 4152522540, 3472526682, 759198525, 3567273033, 4034156786, 2719004967, 44208059, 2025955750, 1259226683, 76), None)
write weights?
events: me was killed by stupid, 
  ----
(3, (3129269862, 3883448564, 2865804056, 3783543960, 2874165696, 3022461367, 4044727576, 3541892980, 3454896259, 1681314562, 1065996890, 4020171962, 2308208746, 3435610779, 1744798062, 3072680771, 2391389675, 3056212315, 392562111, 3214189164, 3451716187, 161110122, 3601241396, 3298968302, 1801870073, 3153986067, 2628883377, 484125371, 702005678, 3688637033, 271489041, 3171980132, 1086404403, 3045597416, 1626989, 2853588756, 153726264, 516705500, 4075789820, 4035532930, 784231937, 2581502575, 972470338, 3328981411, 2550132271, 557314610, 71595590, 704824816, 820694380, 794311265, 313715814, 4218673989, 3298652708, 1566129679, 19080222, 3140676311, 1941361385, 4059898467, 2894906934, 4028092893, 3937686161, 1602696885, 2705215539, 3909610331, 1461775896, 3976664581, 289700769, 370123462, 2643456202, 697940349, 865952205, 1088517023, 1602900329, 1646027658, 678788231, 4213827127, 1574403115, 110607222, 341174261, 2634831973, 4213782370, 3430412618, 3978459687, 1436301824, 2081062814, 1941069044, 236786636, 2097389511, 1394645926, 379691318, 1844586448, 616580888, 3525620781, 600800932, 4170738807, 3634284950, 2730036753, 1196314384, 4232828576, 1518847288, 938103993, 1159363147, 4032042843, 4195077825, 505972918, 683652535, 912787423, 2784117244, 1535641949, 1210503882, 2712335945, 1796332139, 2764428262, 3513659526, 4057269922, 602367913, 2658212791, 2541923157, 192941793, 297881952, 3178124926, 3205390598, 2532015213, 4142030061, 464047999, 3195669781, 915283951, 3715309639, 669480628, 178404744, 579814730, 803367461, 663888349, 1387519080, 26055925, 1932277007, 2131859925, 3394135910, 1870625514, 3803225522, 3201016923, 2568247413, 2240426699, 2565091745, 3319702429, 3853617875, 2516577117, 3337708817, 1993600518, 1547705670, 1500322567, 3338679717, 1506855118, 821593413, 2211389182, 912326771, 3276087525, 3193410826, 3171851353, 1090762138, 2945062243, 2978722999, 644526, 3892498148, 3478797980, 2188700437, 90401827, 1584232839, 2579528742, 1099316522, 3697710716, 3177257150, 2007809032, 3829243338, 1551447105, 1557459684, 2561920548, 1217911146, 1652218089, 808830710, 2143701393, 3624720938, 3040339042, 1422310158, 806850172, 2846433110, 3984038259, 2014855071, 2325504492, 1322518520, 2499941750, 948725066, 229253730, 416196826, 1402561502, 195901063, 1961898079, 3127661069, 1997549151, 3742601252, 634068344, 3466019574, 2294491811, 4274169848, 2871810427, 1709813135, 74504362, 2384167683, 2038370965, 3577420835, 1034683986, 1883046724, 1428371013, 419692566, 3574584786, 3641851654, 525356443, 2410236761, 3813960327, 3275235120, 3320224560, 2950443574, 3373072311, 180545238, 1454895420, 3388963903, 478371544, 2697539156, 1883734873, 721767065, 3039696301, 129294667, 1918501619, 3041573345, 1281406377, 1805312171, 522175566, 2170394517, 3953935872, 234808559, 3845220182, 28496177, 1951140982, 1569148691, 1779301583, 3072585930, 531145168, 2707933949, 1529505668, 707227221, 3492084036, 1362873503, 1883951532, 1064881224, 55334119, 1696709291, 2896128421, 1565472998, 3016599600, 494407824, 3802587030, 4239501580, 2118833656, 1942365519, 3444665511, 3336775425, 2464189029, 484324262, 2872228687, 1701878066, 605283554, 1659085436, 2580248999, 2562845459, 3815494442, 1331940734, 1357360991, 4193334881, 3440804050, 1488613595, 1642902807, 150771267, 761225370, 3999043265, 2076094762, 765494443, 3211257114, 1052140641, 2222238078, 3761205090, 1979281764, 2639836855, 2673095189, 2602636541, 1266540398, 1200877506, 2725887312, 1055293482, 3901973440, 2445458188, 1558287867, 502137929, 292777495, 4125256095, 2308203470, 864063078, 1217988471, 2265097713, 2249366593, 3673161447, 3932525873, 2700633441, 2467000301, 300322243, 1539125479, 4095526156, 1237955425, 2680713344, 3273016928, 1247789014, 2884806259, 858300700, 606724195, 4294544262, 3476914149, 3821590955, 2500148554, 3530420513, 260662655, 4094074641, 3771744349, 327918845, 3811132375, 4100413563, 2281548606, 3662763917, 2121022239, 4164750478, 3628892849, 3320235184, 2949406576, 3279568683, 2448578114, 3386638666, 4272120560, 3878689793, 3019372140, 1795312, 4154533502, 3404847071, 3936581024, 2751280838, 1881178867, 1382662314, 3729977691, 3992579652, 2770638376, 767215124, 758871806, 1021165080, 3770599649, 3861299138, 1661429194, 3950200753, 3515918756, 2440473274, 3908688281, 1403158472, 3641729271, 2721768708, 3985959511, 2695923603, 3126038516, 1208579355, 3951639872, 739855313, 395798409, 1493185317, 1143395533, 2429118794, 1956140017, 2333427114, 3177998416, 1524569288, 926280465, 1428716952, 1016578748, 2529388445, 2070932431, 486137922, 754723309, 4019489775, 3605848443, 4249113691, 143318285, 2173235291, 1447831816, 2320504182, 144497524, 625647015, 2177208096, 168923303, 566687971, 486863235, 3858944071, 1864379193, 1147870181, 4009602822, 668101336, 554012471, 1552814361, 837838576, 2681409157, 3615349626, 798789148, 3475725393, 131442537, 1636710571, 1145475112, 3485951213, 2619512272, 3756994972, 3281174916, 9267719, 837132459, 251752725, 2689168471, 783661089, 3415422124, 68329136, 2046881624, 1971952873, 2848265117, 4030997409, 3122408480, 2000566946, 2722720436, 395800856, 4029083720, 1674169872, 3584635965, 2375210192, 3135383761, 179129228, 3563501063, 3203901260, 1910646076, 2413528949, 1695301102, 1767367612, 2163806974, 947252729, 1291566636, 2353460755, 3053006003, 1615003353, 2381117185, 3042270324, 1388787883, 3007241475, 2957301162, 989564989, 2024967617, 439080943, 537893323, 2301765740, 281556932, 3487950809, 2371607988, 1349001036, 1973600928, 680081087, 414939583, 720924377, 3640866126, 3082709640, 93122034, 2700513556, 2249478053, 3078420707, 2074058072, 279898358, 3040206521, 1519973758, 2679209848, 3820954217, 454913372, 2254501995, 2259205959, 3376049670, 742662302, 974193340, 3444730461, 3493924430, 2966075061, 3911499754, 3967481588, 835961450, 2581394199, 2541267837, 1313648770, 1498202304, 2584589995, 591484687, 238843884, 987708261, 2230053304, 2993687840, 392476014, 3402201643, 2539994708, 1820932910, 2610489853, 3130238758, 4198663711, 2481569647, 2455253090, 916293839, 49844716, 4252468381, 982693845, 1367022468, 2935870967, 2344013615, 1978307183, 2722131363, 1617325068, 1887699585, 2464864373, 1257055063, 1515188145, 3449788266, 3275602628, 2081709379, 351721909, 1340350522, 1702948310, 1013562822, 1591062759, 1887787947, 3146871542, 3558193016, 617368458, 999808310, 3246561288, 4020043556, 4013641264, 2721877689, 2494534938, 3925663265, 113916482, 1642216930, 3324196895, 2577073326, 2947101287, 2989466482, 1595284916, 4157216886, 2777862705, 466198710, 2134001215, 2967030869, 356930502, 3823292889, 3037400986, 1301871718, 2379140792, 155776874, 2589962789, 1743759430, 4202097172, 1386926833, 2581972330, 3116680413, 3398120106, 516163870, 3479872981, 3913288514, 2092094496, 1526815200, 1315444906, 447092134, 2091636854, 2140507274, 3103995094, 2905353690, 2392670108, 1495199361, 2677040175, 1721157029, 1132810990, 3384595532, 3816567845, 4064989960, 3605753878, 1753858130, 2863059771, 982823873, 1565336849, 1078632143, 3345273169, 2854097731, 267641574, 3605051978, 949775426, 3356772937, 2012234332, 3205653786, 3041588526, 4027231856, 247669063, 4059514260, 3944494557, 927430406, 2098234774, 4152522540, 3472526682, 759198525, 3567273033, 4034156786, 2719004967, 44208059, 2025955750, 1259226683, 240), None)
write weights?
events: 
  ----
(3, (4193011980, 1576305400, 1435024363, 3563957184, 3372919971, 1498163823, 1955237433, 435987673, 490422968, 1538257608, 3643987291, 1662539501, 3731791525, 795988398, 3010094990, 1100965039, 358639368, 4247206940, 3504409959, 4160984731, 625153182, 1863703218, 2912306586, 1889077363, 1528332362, 348305539, 3622326149, 621691004, 3152531710, 1901496448, 809365907, 855318506, 517377732, 2734962225, 1619180387, 3981559041, 4280419791, 2204885726, 259692259, 1813966187, 2188414192, 2900208745, 3656868382, 123630581, 3708366281, 3099595762, 531376500, 3423850673, 810748579, 2025542415, 728422920, 121799932, 2666777700, 2154332401, 3169069133, 2888329095, 766564349, 3820965800, 2168563432, 1639870102, 1134458865, 3679494253, 1588959345, 3688145574, 2507189216, 2836922574, 288097932, 784884142, 1156989965, 2416850941, 1990061769, 999704031, 1634086537, 4170239036, 2350216571, 4015552373, 699642722, 1243706987, 540079717, 2014869059, 3335350705, 1770898025, 3719488995, 1167762071, 695715468, 2990233439, 4245785154, 3055628971, 3908039410, 769949364, 2483084263, 917656974, 2564673876, 2298521210, 1449027191, 84303242, 3018205638, 2398051813, 2221366646, 1854368887, 2320912272, 956188773, 1937112258, 22607065, 3558582980, 405865883, 834172913, 4210082717, 516706816, 221651523, 1592807626, 84303005, 2726191720, 4019174661, 2758948901, 229168377, 1750745683, 646590896, 2601064415, 2364480349, 1763358796, 3498417925, 521017908, 3998113973, 3612257745, 1823632095, 1007153107, 639183157, 2802938727, 1898041001, 4269639500, 405502020, 1672793443, 3280049428, 1828797746, 1706936049, 1496542960, 1665754304, 2126278371, 2750254884, 3924500771, 2232949085, 2785014692, 1081512935, 1069925070, 4147842811, 3253198689, 3135991563, 3250385287, 1518695276, 414459060, 4165464445, 1753754716, 120436029, 2748976388, 2122913970, 3333475883, 1747373204, 3534649791, 3520833498, 906457842, 3851827430, 801687492, 413096305, 1760266496, 3472839944, 1440538053, 3119198601, 760996595, 2751300998, 1475902261, 3783912481, 1441883811, 222478571, 2093001603, 2512134776, 3717146728, 1656679937, 115272293, 1770074562, 3309725271, 640230929, 828507239, 1449385876, 242391565, 2467865616, 2593203098, 3159163936, 3393596966, 2216441127, 89709604, 2571466014, 1794216392, 1783227137, 1432551376, 1074568405, 1987332817, 879482854, 1191184448, 4165164423, 501158586, 2149843103, 1059835187, 200953139, 1105360219, 231444147, 1223019284, 3710604759, 2072081543, 690372981, 2265769144, 114548435, 4236815995, 608488366, 2642303511, 1035772879, 2845532789, 2511470602, 2518579380, 2886320322, 2058250790, 690916173, 3038063513, 2303410617, 3210051963, 914362058, 1533726993, 415709311, 3514734443, 3591832034, 247425978, 1764695301, 3672229440, 2343724082, 3040437331, 313827487, 3255405021, 2900686427, 3169817669, 3975556366, 4137683433, 2303484341, 4132729849, 3111004592, 3870737529, 2671074703, 1907934010, 1221994332, 3809402183, 2240035128, 2165071587, 1665001628, 192863911, 1330042153, 2392206838, 882955507, 535893235, 702227851, 2085033890, 797303055, 3713852087, 531091871, 1304061817, 1082262339, 2031272321, 3741475598, 577893560, 249651592, 3731218672, 3422457967, 909091531, 1222910405, 1839748772, 1847181537, 2879534606, 2166910419, 3712710880, 1306630753, 4061596750, 923608624, 488536847, 2857080832, 34508856, 1349488488, 1818737954, 2666681445, 2817387641, 1101275982, 2873563100, 608772291, 1282427170, 1137836597, 2105555567, 1955785019, 218207823, 1439341221, 3481106408, 1121214249, 1937184857, 2518570155, 1869577927, 497316527, 1285682021, 1836679813, 333525336, 2641675521, 3801191524, 483170126, 2649918917, 831037348, 2364416248, 4193960357, 1673568609, 1237820142, 2351910957, 352557981, 570443508, 4119591127, 1402833509, 338440882, 3499423476, 3712099993, 989501513, 1299195627, 1711505903, 3471164371, 2662933560, 1419398640, 2616571698, 2585095219, 3516241528, 2089270256, 4211743097, 1917231726, 248567940, 4176674640, 824747012, 2883494221, 1744125637, 4120399312, 389681743, 3968537348, 1766249564, 386659115, 3424292719, 3270700265, 3437406501, 1388981107, 754304053, 1784652004, 3216047062, 911629431, 1166445194, 2317756321, 1357241879, 4119017587, 670870947, 3907009587, 105228104, 3403880908, 2962410229, 478318551, 3373061622, 838548002, 737292701, 2479370992, 3392975040, 1550557575, 3557125087, 1245525584, 2300993777, 1659634996, 171377833, 4095951297, 1978628668, 1400894108, 4010662433, 2746220045, 4028843480, 2345448827, 44505064, 4251728172, 333877974, 1143114620, 1119023704, 3437598945, 1135781067, 3535288266, 3958032583, 2696831981, 3059592281, 2593474914, 693489658, 2291205020, 539490683, 1182660215, 2799013693, 330700431, 1780748845, 1427349811, 3510810727, 4113262381, 37153382, 2005332116, 2351319874, 3185825608, 1593828929, 2528072507, 2946715989, 2251144244, 1318841580, 2559815056, 4171647405, 3445580948, 47192791, 279203149, 768842157, 662410288, 665745335, 618715936, 96369615, 883662610, 2571278601, 4153289307, 2867060659, 3458990772, 907096392, 941000940, 3257749447, 36420255, 2822124440, 3423095882, 3974180796, 367779076, 2796832902, 1789247965, 1659763193, 3206519964, 2000107995, 1330939066, 1653449158, 1493696160, 2028602889, 446728617, 3402224556, 4008667690, 854373287, 136869073, 495286931, 3043599078, 1283000218, 2569559661, 2846606620, 2560554903, 4058970060, 1317035060, 2361241560, 4275324720, 3921199963, 2193861781, 1338449139, 275288684, 2259286967, 1258747367, 2826822253, 4102786983, 1376546365, 2953701171, 3782766099, 3431273129, 874644016, 1944307833, 323082812, 1564039581, 319361560, 2714282942, 2516545970, 1527695854, 2710250546, 1991315467, 1192337746, 218395253, 1508683340, 271166287, 3238790240, 835297548, 3049074149, 117444043, 2067457692, 462976822, 1569358365, 3333637232, 3072517161, 3810271037, 2054372989, 2824379274, 2467787098, 2747886495, 2588984484, 177082085, 1119854721, 1068260740, 1233155723, 3663020822, 3381049100, 4033018002, 1848975520, 1454121400, 371693002, 1237061394, 640357119, 4171462915, 3283847158, 1136926633, 2438482982, 3798667245, 3859764347, 1292632532, 3831591076, 3116487002, 1546609913, 2205666411, 2300136941, 746622464, 3405568295, 54799967, 928310580, 4279411234, 3789181915, 4170101858, 1270237488, 1920986170, 2054577023, 1910655073, 993953619, 2939353902, 800866631, 982272084, 1487985839, 2114459674, 600668498, 3729356264, 147354886, 46205680, 2185594693, 603991421, 3694839089, 2596486265, 817166678, 2040497512, 2105620506, 3692735807, 2183676292, 1348799956, 227384393, 4101945832, 2716885000, 441733055, 828599211, 1570474681, 4079137947, 1148449127, 1342908259, 1806509001, 3440566142, 1628592537, 2973513317, 2199747458, 2675754791, 1417519446, 3881183884, 3236457946, 119029336, 2846306416, 497561596, 2454201856, 520070469, 3253309894, 467071111, 1655867103, 2272603506, 1857040940, 3393846838, 998062024, 3195415262, 1091254406, 1063575123, 642926653, 4139867610, 3905846401, 354766852, 3276053328, 3941423988, 2705918155, 674185646, 1482601117, 2390744943, 1049117350, 3686922892, 2962087134, 941947071, 840338255, 2014293945, 3007572992, 514681846, 2346411254, 2487584758, 1476554111, 2238279188, 3448746666, 2094606774, 2922666089, 2537956194, 2101011968, 3917024348, 2358742634, 1863772844, 84229794, 3803145499, 3780453302, 1355347102, 474425768, 4210189749, 2586028987, 2), None)
write weights?
events: 
  ----
(3, (4193011980, 1576305400, 1435024363, 3563957184, 3372919971, 1498163823, 1955237433, 435987673, 490422968, 1538257608, 3643987291, 1662539501, 3731791525, 795988398, 3010094990, 1100965039, 358639368, 4247206940, 3504409959, 4160984731, 625153182, 1863703218, 2912306586, 1889077363, 1528332362, 348305539, 3622326149, 621691004, 3152531710, 1901496448, 809365907, 855318506, 517377732, 2734962225, 1619180387, 3981559041, 4280419791, 2204885726, 259692259, 1813966187, 2188414192, 2900208745, 3656868382, 123630581, 3708366281, 3099595762, 531376500, 3423850673, 810748579, 2025542415, 728422920, 121799932, 2666777700, 2154332401, 3169069133, 2888329095, 766564349, 3820965800, 2168563432, 1639870102, 1134458865, 3679494253, 1588959345, 3688145574, 2507189216, 2836922574, 288097932, 784884142, 1156989965, 2416850941, 1990061769, 999704031, 1634086537, 4170239036, 2350216571, 4015552373, 699642722, 1243706987, 540079717, 2014869059, 3335350705, 1770898025, 3719488995, 1167762071, 695715468, 2990233439, 4245785154, 3055628971, 3908039410, 769949364, 2483084263, 917656974, 2564673876, 2298521210, 1449027191, 84303242, 3018205638, 2398051813, 2221366646, 1854368887, 2320912272, 956188773, 1937112258, 22607065, 3558582980, 405865883, 834172913, 4210082717, 516706816, 221651523, 1592807626, 84303005, 2726191720, 4019174661, 2758948901, 229168377, 1750745683, 646590896, 2601064415, 2364480349, 1763358796, 3498417925, 521017908, 3998113973, 3612257745, 1823632095, 1007153107, 639183157, 2802938727, 1898041001, 4269639500, 405502020, 1672793443, 3280049428, 1828797746, 1706936049, 1496542960, 1665754304, 2126278371, 2750254884, 3924500771, 2232949085, 2785014692, 1081512935, 1069925070, 4147842811, 3253198689, 3135991563, 3250385287, 1518695276, 414459060, 4165464445, 1753754716, 120436029, 2748976388, 2122913970, 3333475883, 1747373204, 3534649791, 3520833498, 906457842, 3851827430, 801687492, 413096305, 1760266496, 3472839944, 1440538053, 3119198601, 760996595, 2751300998, 1475902261, 3783912481, 1441883811, 222478571, 2093001603, 2512134776, 3717146728, 1656679937, 115272293, 1770074562, 3309725271, 640230929, 828507239, 1449385876, 242391565, 2467865616, 2593203098, 3159163936, 3393596966, 2216441127, 89709604, 2571466014, 1794216392, 1783227137, 1432551376, 1074568405, 1987332817, 879482854, 1191184448, 4165164423, 501158586, 2149843103, 1059835187, 200953139, 1105360219, 231444147, 1223019284, 3710604759, 2072081543, 690372981, 2265769144, 114548435, 4236815995, 608488366, 2642303511, 1035772879, 2845532789, 2511470602, 2518579380, 2886320322, 2058250790, 690916173, 3038063513, 2303410617, 3210051963, 914362058, 1533726993, 415709311, 3514734443, 3591832034, 247425978, 1764695301, 3672229440, 2343724082, 3040437331, 313827487, 3255405021, 2900686427, 3169817669, 3975556366, 4137683433, 2303484341, 4132729849, 3111004592, 3870737529, 2671074703, 1907934010, 1221994332, 3809402183, 2240035128, 2165071587, 1665001628, 192863911, 1330042153, 2392206838, 882955507, 535893235, 702227851, 2085033890, 797303055, 3713852087, 531091871, 1304061817, 1082262339, 2031272321, 3741475598, 577893560, 249651592, 3731218672, 3422457967, 909091531, 1222910405, 1839748772, 1847181537, 2879534606, 2166910419, 3712710880, 1306630753, 4061596750, 923608624, 488536847, 2857080832, 34508856, 1349488488, 1818737954, 2666681445, 2817387641, 1101275982, 2873563100, 608772291, 1282427170, 1137836597, 2105555567, 1955785019, 218207823, 1439341221, 3481106408, 1121214249, 1937184857, 2518570155, 1869577927, 497316527, 1285682021, 1836679813, 333525336, 2641675521, 3801191524, 483170126, 2649918917, 831037348, 2364416248, 4193960357, 1673568609, 1237820142, 2351910957, 352557981, 570443508, 4119591127, 1402833509, 338440882, 3499423476, 3712099993, 989501513, 1299195627, 1711505903, 3471164371, 2662933560, 1419398640, 2616571698, 2585095219, 3516241528, 2089270256, 4211743097, 1917231726, 248567940, 4176674640, 824747012, 2883494221, 1744125637, 4120399312, 389681743, 3968537348, 1766249564, 386659115, 3424292719, 3270700265, 3437406501, 1388981107, 754304053, 1784652004, 3216047062, 911629431, 1166445194, 2317756321, 1357241879, 4119017587, 670870947, 3907009587, 105228104, 3403880908, 2962410229, 478318551, 3373061622, 838548002, 737292701, 2479370992, 3392975040, 1550557575, 3557125087, 1245525584, 2300993777, 1659634996, 171377833, 4095951297, 1978628668, 1400894108, 4010662433, 2746220045, 4028843480, 2345448827, 44505064, 4251728172, 333877974, 1143114620, 1119023704, 3437598945, 1135781067, 3535288266, 3958032583, 2696831981, 3059592281, 2593474914, 693489658, 2291205020, 539490683, 1182660215, 2799013693, 330700431, 1780748845, 1427349811, 3510810727, 4113262381, 37153382, 2005332116, 2351319874, 3185825608, 1593828929, 2528072507, 2946715989, 2251144244, 1318841580, 2559815056, 4171647405, 3445580948, 47192791, 279203149, 768842157, 662410288, 665745335, 618715936, 96369615, 883662610, 2571278601, 4153289307, 2867060659, 3458990772, 907096392, 941000940, 3257749447, 36420255, 2822124440, 3423095882, 3974180796, 367779076, 2796832902, 1789247965, 1659763193, 3206519964, 2000107995, 1330939066, 1653449158, 1493696160, 2028602889, 446728617, 3402224556, 4008667690, 854373287, 136869073, 495286931, 3043599078, 1283000218, 2569559661, 2846606620, 2560554903, 4058970060, 1317035060, 2361241560, 4275324720, 3921199963, 2193861781, 1338449139, 275288684, 2259286967, 1258747367, 2826822253, 4102786983, 1376546365, 2953701171, 3782766099, 3431273129, 874644016, 1944307833, 323082812, 1564039581, 319361560, 2714282942, 2516545970, 1527695854, 2710250546, 1991315467, 1192337746, 218395253, 1508683340, 271166287, 3238790240, 835297548, 3049074149, 117444043, 2067457692, 462976822, 1569358365, 3333637232, 3072517161, 3810271037, 2054372989, 2824379274, 2467787098, 2747886495, 2588984484, 177082085, 1119854721, 1068260740, 1233155723, 3663020822, 3381049100, 4033018002, 1848975520, 1454121400, 371693002, 1237061394, 640357119, 4171462915, 3283847158, 1136926633, 2438482982, 3798667245, 3859764347, 1292632532, 3831591076, 3116487002, 1546609913, 2205666411, 2300136941, 746622464, 3405568295, 54799967, 928310580, 4279411234, 3789181915, 4170101858, 1270237488, 1920986170, 2054577023, 1910655073, 993953619, 2939353902, 800866631, 982272084, 1487985839, 2114459674, 600668498, 3729356264, 147354886, 46205680, 2185594693, 603991421, 3694839089, 2596486265, 817166678, 2040497512, 2105620506, 3692735807, 2183676292, 1348799956, 227384393, 4101945832, 2716885000, 441733055, 828599211, 1570474681, 4079137947, 1148449127, 1342908259, 1806509001, 3440566142, 1628592537, 2973513317, 2199747458, 2675754791, 1417519446, 3881183884, 3236457946, 119029336, 2846306416, 497561596, 2454201856, 520070469, 3253309894, 467071111, 1655867103, 2272603506, 1857040940, 3393846838, 998062024, 3195415262, 1091254406, 1063575123, 642926653, 4139867610, 3905846401, 354766852, 3276053328, 3941423988, 2705918155, 674185646, 1482601117, 2390744943, 1049117350, 3686922892, 2962087134, 941947071, 840338255, 2014293945, 3007572992, 514681846, 2346411254, 2487584758, 1476554111, 2238279188, 3448746666, 2094606774, 2922666089, 2537956194, 2101011968, 3917024348, 2358742634, 1863772844, 84229794, 3803145499, 3780453302, 1355347102, 474425768, 4210189749, 2586028987, 230), None)
write weights?
events: 
  ----
(3, (4193011980, 1576305400, 1435024363, 3563957184, 3372919971, 1498163823, 1955237433, 435987673, 490422968, 1538257608, 3643987291, 1662539501, 3731791525, 795988398, 3010094990, 1100965039, 358639368, 4247206940, 3504409959, 4160984731, 625153182, 1863703218, 2912306586, 1889077363, 1528332362, 348305539, 3622326149, 621691004, 3152531710, 1901496448, 809365907, 855318506, 517377732, 2734962225, 1619180387, 3981559041, 4280419791, 2204885726, 259692259, 1813966187, 2188414192, 2900208745, 3656868382, 123630581, 3708366281, 3099595762, 531376500, 3423850673, 810748579, 2025542415, 728422920, 121799932, 2666777700, 2154332401, 3169069133, 2888329095, 766564349, 3820965800, 2168563432, 1639870102, 1134458865, 3679494253, 1588959345, 3688145574, 2507189216, 2836922574, 288097932, 784884142, 1156989965, 2416850941, 1990061769, 999704031, 1634086537, 4170239036, 2350216571, 4015552373, 699642722, 1243706987, 540079717, 2014869059, 3335350705, 1770898025, 3719488995, 1167762071, 695715468, 2990233439, 4245785154, 3055628971, 3908039410, 769949364, 2483084263, 917656974, 2564673876, 2298521210, 1449027191, 84303242, 3018205638, 2398051813, 2221366646, 1854368887, 2320912272, 956188773, 1937112258, 22607065, 3558582980, 405865883, 834172913, 4210082717, 516706816, 221651523, 1592807626, 84303005, 2726191720, 4019174661, 2758948901, 229168377, 1750745683, 646590896, 2601064415, 2364480349, 1763358796, 3498417925, 521017908, 3998113973, 3612257745, 1823632095, 1007153107, 639183157, 2802938727, 1898041001, 4269639500, 405502020, 1672793443, 3280049428, 1828797746, 1706936049, 1496542960, 1665754304, 2126278371, 2750254884, 3924500771, 2232949085, 2785014692, 1081512935, 1069925070, 4147842811, 3253198689, 3135991563, 3250385287, 1518695276, 414459060, 4165464445, 1753754716, 120436029, 2748976388, 2122913970, 3333475883, 1747373204, 3534649791, 3520833498, 906457842, 3851827430, 801687492, 413096305, 1760266496, 3472839944, 1440538053, 3119198601, 760996595, 2751300998, 1475902261, 3783912481, 1441883811, 222478571, 2093001603, 2512134776, 3717146728, 1656679937, 115272293, 1770074562, 3309725271, 640230929, 828507239, 1449385876, 242391565, 2467865616, 2593203098, 3159163936, 3393596966, 2216441127, 89709604, 2571466014, 1794216392, 1783227137, 1432551376, 1074568405, 1987332817, 879482854, 1191184448, 4165164423, 501158586, 2149843103, 1059835187, 200953139, 1105360219, 231444147, 1223019284, 3710604759, 2072081543, 690372981, 2265769144, 114548435, 4236815995, 608488366, 2642303511, 1035772879, 2845532789, 2511470602, 2518579380, 2886320322, 2058250790, 690916173, 3038063513, 2303410617, 3210051963, 914362058, 1533726993, 415709311, 3514734443, 3591832034, 247425978, 1764695301, 3672229440, 2343724082, 3040437331, 313827487, 3255405021, 2900686427, 3169817669, 3975556366, 4137683433, 2303484341, 4132729849, 3111004592, 3870737529, 2671074703, 1907934010, 1221994332, 3809402183, 2240035128, 2165071587, 1665001628, 192863911, 1330042153, 2392206838, 882955507, 535893235, 702227851, 2085033890, 797303055, 3713852087, 531091871, 1304061817, 1082262339, 2031272321, 3741475598, 577893560, 249651592, 3731218672, 3422457967, 909091531, 1222910405, 1839748772, 1847181537, 2879534606, 2166910419, 3712710880, 1306630753, 4061596750, 923608624, 488536847, 2857080832, 34508856, 1349488488, 1818737954, 2666681445, 2817387641, 1101275982, 2873563100, 608772291, 1282427170, 1137836597, 2105555567, 1955785019, 218207823, 1439341221, 3481106408, 1121214249, 1937184857, 2518570155, 1869577927, 497316527, 1285682021, 1836679813, 333525336, 2641675521, 3801191524, 483170126, 2649918917, 831037348, 2364416248, 4193960357, 1673568609, 1237820142, 2351910957, 352557981, 570443508, 4119591127, 1402833509, 338440882, 3499423476, 3712099993, 989501513, 1299195627, 1711505903, 3471164371, 2662933560, 1419398640, 2616571698, 2585095219, 3516241528, 2089270256, 4211743097, 1917231726, 248567940, 4176674640, 824747012, 2883494221, 1744125637, 4120399312, 389681743, 3968537348, 1766249564, 386659115, 3424292719, 3270700265, 3437406501, 1388981107, 754304053, 1784652004, 3216047062, 911629431, 1166445194, 2317756321, 1357241879, 4119017587, 670870947, 3907009587, 105228104, 3403880908, 2962410229, 478318551, 3373061622, 838548002, 737292701, 2479370992, 3392975040, 1550557575, 3557125087, 1245525584, 2300993777, 1659634996, 171377833, 4095951297, 1978628668, 1400894108, 4010662433, 2746220045, 4028843480, 2345448827, 44505064, 4251728172, 333877974, 1143114620, 1119023704, 3437598945, 1135781067, 3535288266, 3958032583, 2696831981, 3059592281, 2593474914, 693489658, 2291205020, 539490683, 1182660215, 2799013693, 330700431, 1780748845, 1427349811, 3510810727, 4113262381, 37153382, 2005332116, 2351319874, 3185825608, 1593828929, 2528072507, 2946715989, 2251144244, 1318841580, 2559815056, 4171647405, 3445580948, 47192791, 279203149, 768842157, 662410288, 665745335, 618715936, 96369615, 883662610, 2571278601, 4153289307, 2867060659, 3458990772, 907096392, 941000940, 3257749447, 36420255, 2822124440, 3423095882, 3974180796, 367779076, 2796832902, 1789247965, 1659763193, 3206519964, 2000107995, 1330939066, 1653449158, 1493696160, 2028602889, 446728617, 3402224556, 4008667690, 854373287, 136869073, 495286931, 3043599078, 1283000218, 2569559661, 2846606620, 2560554903, 4058970060, 1317035060, 2361241560, 4275324720, 3921199963, 2193861781, 1338449139, 275288684, 2259286967, 1258747367, 2826822253, 4102786983, 1376546365, 2953701171, 3782766099, 3431273129, 874644016, 1944307833, 323082812, 1564039581, 319361560, 2714282942, 2516545970, 1527695854, 2710250546, 1991315467, 1192337746, 218395253, 1508683340, 271166287, 3238790240, 835297548, 3049074149, 117444043, 2067457692, 462976822, 1569358365, 3333637232, 3072517161, 3810271037, 2054372989, 2824379274, 2467787098, 2747886495, 2588984484, 177082085, 1119854721, 1068260740, 1233155723, 3663020822, 3381049100, 4033018002, 1848975520, 1454121400, 371693002, 1237061394, 640357119, 4171462915, 3283847158, 1136926633, 2438482982, 3798667245, 3859764347, 1292632532, 3831591076, 3116487002, 1546609913, 2205666411, 2300136941, 746622464, 3405568295, 54799967, 928310580, 4279411234, 3789181915, 4170101858, 1270237488, 1920986170, 2054577023, 1910655073, 993953619, 2939353902, 800866631, 982272084, 1487985839, 2114459674, 600668498, 3729356264, 147354886, 46205680, 2185594693, 603991421, 3694839089, 2596486265, 817166678, 2040497512, 2105620506, 3692735807, 2183676292, 1348799956, 227384393, 4101945832, 2716885000, 441733055, 828599211, 1570474681, 4079137947, 1148449127, 1342908259, 1806509001, 3440566142, 1628592537, 2973513317, 2199747458, 2675754791, 1417519446, 3881183884, 3236457946, 119029336, 2846306416, 497561596, 2454201856, 520070469, 3253309894, 467071111, 1655867103, 2272603506, 1857040940, 3393846838, 998062024, 3195415262, 1091254406, 1063575123, 642926653, 4139867610, 3905846401, 354766852, 3276053328, 3941423988, 2705918155, 674185646, 1482601117, 2390744943, 1049117350, 3686922892, 2962087134, 941947071, 840338255, 2014293945, 3007572992, 514681846, 2346411254, 2487584758, 1476554111, 2238279188, 3448746666, 2094606774, 2922666089, 2537956194, 2101011968, 3917024348, 2358742634, 1863772844, 84229794, 3803145499, 3780453302, 1355347102, 474425768, 4210189749, 2586028987, 324), None)
write weights?
events: 
  ----
(3, (4193011980, 1576305400, 1435024363, 3563957184, 3372919971, 1498163823, 1955237433, 435987673, 490422968, 1538257608, 3643987291, 1662539501, 3731791525, 795988398, 3010094990, 1100965039, 358639368, 4247206940, 3504409959, 4160984731, 625153182, 1863703218, 2912306586, 1889077363, 1528332362, 348305539, 3622326149, 621691004, 3152531710, 1901496448, 809365907, 855318506, 517377732, 2734962225, 1619180387, 3981559041, 4280419791, 2204885726, 259692259, 1813966187, 2188414192, 2900208745, 3656868382, 123630581, 3708366281, 3099595762, 531376500, 3423850673, 810748579, 2025542415, 728422920, 121799932, 2666777700, 2154332401, 3169069133, 2888329095, 766564349, 3820965800, 2168563432, 1639870102, 1134458865, 3679494253, 1588959345, 3688145574, 2507189216, 2836922574, 288097932, 784884142, 1156989965, 2416850941, 1990061769, 999704031, 1634086537, 4170239036, 2350216571, 4015552373, 699642722, 1243706987, 540079717, 2014869059, 3335350705, 1770898025, 3719488995, 1167762071, 695715468, 2990233439, 4245785154, 3055628971, 3908039410, 769949364, 2483084263, 917656974, 2564673876, 2298521210, 1449027191, 84303242, 3018205638, 2398051813, 2221366646, 1854368887, 2320912272, 956188773, 1937112258, 22607065, 3558582980, 405865883, 834172913, 4210082717, 516706816, 221651523, 1592807626, 84303005, 2726191720, 4019174661, 2758948901, 229168377, 1750745683, 646590896, 2601064415, 2364480349, 1763358796, 3498417925, 521017908, 3998113973, 3612257745, 1823632095, 1007153107, 639183157, 2802938727, 1898041001, 4269639500, 405502020, 1672793443, 3280049428, 1828797746, 1706936049, 1496542960, 1665754304, 2126278371, 2750254884, 3924500771, 2232949085, 2785014692, 1081512935, 1069925070, 4147842811, 3253198689, 3135991563, 3250385287, 1518695276, 414459060, 4165464445, 1753754716, 120436029, 2748976388, 2122913970, 3333475883, 1747373204, 3534649791, 3520833498, 906457842, 3851827430, 801687492, 413096305, 1760266496, 3472839944, 1440538053, 3119198601, 760996595, 2751300998, 1475902261, 3783912481, 1441883811, 222478571, 2093001603, 2512134776, 3717146728, 1656679937, 115272293, 1770074562, 3309725271, 640230929, 828507239, 1449385876, 242391565, 2467865616, 2593203098, 3159163936, 3393596966, 2216441127, 89709604, 2571466014, 1794216392, 1783227137, 1432551376, 1074568405, 1987332817, 879482854, 1191184448, 4165164423, 501158586, 2149843103, 1059835187, 200953139, 1105360219, 231444147, 1223019284, 3710604759, 2072081543, 690372981, 2265769144, 114548435, 4236815995, 608488366, 2642303511, 1035772879, 2845532789, 2511470602, 2518579380, 2886320322, 2058250790, 690916173, 3038063513, 2303410617, 3210051963, 914362058, 1533726993, 415709311, 3514734443, 3591832034, 247425978, 1764695301, 3672229440, 2343724082, 3040437331, 313827487, 3255405021, 2900686427, 3169817669, 3975556366, 4137683433, 2303484341, 4132729849, 3111004592, 3870737529, 2671074703, 1907934010, 1221994332, 3809402183, 2240035128, 2165071587, 1665001628, 192863911, 1330042153, 2392206838, 882955507, 535893235, 702227851, 2085033890, 797303055, 3713852087, 531091871, 1304061817, 1082262339, 2031272321, 3741475598, 577893560, 249651592, 3731218672, 3422457967, 909091531, 1222910405, 1839748772, 1847181537, 2879534606, 2166910419, 3712710880, 1306630753, 4061596750, 923608624, 488536847, 2857080832, 34508856, 1349488488, 1818737954, 2666681445, 2817387641, 1101275982, 2873563100, 608772291, 1282427170, 1137836597, 2105555567, 1955785019, 218207823, 1439341221, 3481106408, 1121214249, 1937184857, 2518570155, 1869577927, 497316527, 1285682021, 1836679813, 333525336, 2641675521, 3801191524, 483170126, 2649918917, 831037348, 2364416248, 4193960357, 1673568609, 1237820142, 2351910957, 352557981, 570443508, 4119591127, 1402833509, 338440882, 3499423476, 3712099993, 989501513, 1299195627, 1711505903, 3471164371, 2662933560, 1419398640, 2616571698, 2585095219, 3516241528, 2089270256, 4211743097, 1917231726, 248567940, 4176674640, 824747012, 2883494221, 1744125637, 4120399312, 389681743, 3968537348, 1766249564, 386659115, 3424292719, 3270700265, 3437406501, 1388981107, 754304053, 1784652004, 3216047062, 911629431, 1166445194, 2317756321, 1357241879, 4119017587, 670870947, 3907009587, 105228104, 3403880908, 2962410229, 478318551, 3373061622, 838548002, 737292701, 2479370992, 3392975040, 1550557575, 3557125087, 1245525584, 2300993777, 1659634996, 171377833, 4095951297, 1978628668, 1400894108, 4010662433, 2746220045, 4028843480, 2345448827, 44505064, 4251728172, 333877974, 1143114620, 1119023704, 3437598945, 1135781067, 3535288266, 3958032583, 2696831981, 3059592281, 2593474914, 693489658, 2291205020, 539490683, 1182660215, 2799013693, 330700431, 1780748845, 1427349811, 3510810727, 4113262381, 37153382, 2005332116, 2351319874, 3185825608, 1593828929, 2528072507, 2946715989, 2251144244, 1318841580, 2559815056, 4171647405, 3445580948, 47192791, 279203149, 768842157, 662410288, 665745335, 618715936, 96369615, 883662610, 2571278601, 4153289307, 2867060659, 3458990772, 907096392, 941000940, 3257749447, 36420255, 2822124440, 3423095882, 3974180796, 367779076, 2796832902, 1789247965, 1659763193, 3206519964, 2000107995, 1330939066, 1653449158, 1493696160, 2028602889, 446728617, 3402224556, 4008667690, 854373287, 136869073, 495286931, 3043599078, 1283000218, 2569559661, 2846606620, 2560554903, 4058970060, 1317035060, 2361241560, 4275324720, 3921199963, 2193861781, 1338449139, 275288684, 2259286967, 1258747367, 2826822253, 4102786983, 1376546365, 2953701171, 3782766099, 3431273129, 874644016, 1944307833, 323082812, 1564039581, 319361560, 2714282942, 2516545970, 1527695854, 2710250546, 1991315467, 1192337746, 218395253, 1508683340, 271166287, 3238790240, 835297548, 3049074149, 117444043, 2067457692, 462976822, 1569358365, 3333637232, 3072517161, 3810271037, 2054372989, 2824379274, 2467787098, 2747886495, 2588984484, 177082085, 1119854721, 1068260740, 1233155723, 3663020822, 3381049100, 4033018002, 1848975520, 1454121400, 371693002, 1237061394, 640357119, 4171462915, 3283847158, 1136926633, 2438482982, 3798667245, 3859764347, 1292632532, 3831591076, 3116487002, 1546609913, 2205666411, 2300136941, 746622464, 3405568295, 54799967, 928310580, 4279411234, 3789181915, 4170101858, 1270237488, 1920986170, 2054577023, 1910655073, 993953619, 2939353902, 800866631, 982272084, 1487985839, 2114459674, 600668498, 3729356264, 147354886, 46205680, 2185594693, 603991421, 3694839089, 2596486265, 817166678, 2040497512, 2105620506, 3692735807, 2183676292, 1348799956, 227384393, 4101945832, 2716885000, 441733055, 828599211, 1570474681, 4079137947, 1148449127, 1342908259, 1806509001, 3440566142, 1628592537, 2973513317, 2199747458, 2675754791, 1417519446, 3881183884, 3236457946, 119029336, 2846306416, 497561596, 2454201856, 520070469, 3253309894, 467071111, 1655867103, 2272603506, 1857040940, 3393846838, 998062024, 3195415262, 1091254406, 1063575123, 642926653, 4139867610, 3905846401, 354766852, 3276053328, 3941423988, 2705918155, 674185646, 1482601117, 2390744943, 1049117350, 3686922892, 2962087134, 941947071, 840338255, 2014293945, 3007572992, 514681846, 2346411254, 2487584758, 1476554111, 2238279188, 3448746666, 2094606774, 2922666089, 2537956194, 2101011968, 3917024348, 2358742634, 1863772844, 84229794, 3803145499, 3780453302, 1355347102, 474425768, 4210189749, 2586028987, 451), None)
write weights?
events: 
  ----
(3, (4193011980, 1576305400, 1435024363, 3563957184, 3372919971, 1498163823, 1955237433, 435987673, 490422968, 1538257608, 3643987291, 1662539501, 3731791525, 795988398, 3010094990, 1100965039, 358639368, 4247206940, 3504409959, 4160984731, 625153182, 1863703218, 2912306586, 1889077363, 1528332362, 348305539, 3622326149, 621691004, 3152531710, 1901496448, 809365907, 855318506, 517377732, 2734962225, 1619180387, 3981559041, 4280419791, 2204885726, 259692259, 1813966187, 2188414192, 2900208745, 3656868382, 123630581, 3708366281, 3099595762, 531376500, 3423850673, 810748579, 2025542415, 728422920, 121799932, 2666777700, 2154332401, 3169069133, 2888329095, 766564349, 3820965800, 2168563432, 1639870102, 1134458865, 3679494253, 1588959345, 3688145574, 2507189216, 2836922574, 288097932, 784884142, 1156989965, 2416850941, 1990061769, 999704031, 1634086537, 4170239036, 2350216571, 4015552373, 699642722, 1243706987, 540079717, 2014869059, 3335350705, 1770898025, 3719488995, 1167762071, 695715468, 2990233439, 4245785154, 3055628971, 3908039410, 769949364, 2483084263, 917656974, 2564673876, 2298521210, 1449027191, 84303242, 3018205638, 2398051813, 2221366646, 1854368887, 2320912272, 956188773, 1937112258, 22607065, 3558582980, 405865883, 834172913, 4210082717, 516706816, 221651523, 1592807626, 84303005, 2726191720, 4019174661, 2758948901, 229168377, 1750745683, 646590896, 2601064415, 2364480349, 1763358796, 3498417925, 521017908, 3998113973, 3612257745, 1823632095, 1007153107, 639183157, 2802938727, 1898041001, 4269639500, 405502020, 1672793443, 3280049428, 1828797746, 1706936049, 1496542960, 1665754304, 2126278371, 2750254884, 3924500771, 2232949085, 2785014692, 1081512935, 1069925070, 4147842811, 3253198689, 3135991563, 3250385287, 1518695276, 414459060, 4165464445, 1753754716, 120436029, 2748976388, 2122913970, 3333475883, 1747373204, 3534649791, 3520833498, 906457842, 3851827430, 801687492, 413096305, 1760266496, 3472839944, 1440538053, 3119198601, 760996595, 2751300998, 1475902261, 3783912481, 1441883811, 222478571, 2093001603, 2512134776, 3717146728, 1656679937, 115272293, 1770074562, 3309725271, 640230929, 828507239, 1449385876, 242391565, 2467865616, 2593203098, 3159163936, 3393596966, 2216441127, 89709604, 2571466014, 1794216392, 1783227137, 1432551376, 1074568405, 1987332817, 879482854, 1191184448, 4165164423, 501158586, 2149843103, 1059835187, 200953139, 1105360219, 231444147, 1223019284, 3710604759, 2072081543, 690372981, 2265769144, 114548435, 4236815995, 608488366, 2642303511, 1035772879, 2845532789, 2511470602, 2518579380, 2886320322, 2058250790, 690916173, 3038063513, 2303410617, 3210051963, 914362058, 1533726993, 415709311, 3514734443, 3591832034, 247425978, 1764695301, 3672229440, 2343724082, 3040437331, 313827487, 3255405021, 2900686427, 3169817669, 3975556366, 4137683433, 2303484341, 4132729849, 3111004592, 3870737529, 2671074703, 1907934010, 1221994332, 3809402183, 2240035128, 2165071587, 1665001628, 192863911, 1330042153, 2392206838, 882955507, 535893235, 702227851, 2085033890, 797303055, 3713852087, 531091871, 1304061817, 1082262339, 2031272321, 3741475598, 577893560, 249651592, 3731218672, 3422457967, 909091531, 1222910405, 1839748772, 1847181537, 2879534606, 2166910419, 3712710880, 1306630753, 4061596750, 923608624, 488536847, 2857080832, 34508856, 1349488488, 1818737954, 2666681445, 2817387641, 1101275982, 2873563100, 608772291, 1282427170, 1137836597, 2105555567, 1955785019, 218207823, 1439341221, 3481106408, 1121214249, 1937184857, 2518570155, 1869577927, 497316527, 1285682021, 1836679813, 333525336, 2641675521, 3801191524, 483170126, 2649918917, 831037348, 2364416248, 4193960357, 1673568609, 1237820142, 2351910957, 352557981, 570443508, 4119591127, 1402833509, 338440882, 3499423476, 3712099993, 989501513, 1299195627, 1711505903, 3471164371, 2662933560, 1419398640, 2616571698, 2585095219, 3516241528, 2089270256, 4211743097, 1917231726, 248567940, 4176674640, 824747012, 2883494221, 1744125637, 4120399312, 389681743, 3968537348, 1766249564, 386659115, 3424292719, 3270700265, 3437406501, 1388981107, 754304053, 1784652004, 3216047062, 911629431, 1166445194, 2317756321, 1357241879, 4119017587, 670870947, 3907009587, 105228104, 3403880908, 2962410229, 478318551, 3373061622, 838548002, 737292701, 2479370992, 3392975040, 1550557575, 3557125087, 1245525584, 2300993777, 1659634996, 171377833, 4095951297, 1978628668, 1400894108, 4010662433, 2746220045, 4028843480, 2345448827, 44505064, 4251728172, 333877974, 1143114620, 1119023704, 3437598945, 1135781067, 3535288266, 3958032583, 2696831981, 3059592281, 2593474914, 693489658, 2291205020, 539490683, 1182660215, 2799013693, 330700431, 1780748845, 1427349811, 3510810727, 4113262381, 37153382, 2005332116, 2351319874, 3185825608, 1593828929, 2528072507, 2946715989, 2251144244, 1318841580, 2559815056, 4171647405, 3445580948, 47192791, 279203149, 768842157, 662410288, 665745335, 618715936, 96369615, 883662610, 2571278601, 4153289307, 2867060659, 3458990772, 907096392, 941000940, 3257749447, 36420255, 2822124440, 3423095882, 3974180796, 367779076, 2796832902, 1789247965, 1659763193, 3206519964, 2000107995, 1330939066, 1653449158, 1493696160, 2028602889, 446728617, 3402224556, 4008667690, 854373287, 136869073, 495286931, 3043599078, 1283000218, 2569559661, 2846606620, 2560554903, 4058970060, 1317035060, 2361241560, 4275324720, 3921199963, 2193861781, 1338449139, 275288684, 2259286967, 1258747367, 2826822253, 4102786983, 1376546365, 2953701171, 3782766099, 3431273129, 874644016, 1944307833, 323082812, 1564039581, 319361560, 2714282942, 2516545970, 1527695854, 2710250546, 1991315467, 1192337746, 218395253, 1508683340, 271166287, 3238790240, 835297548, 3049074149, 117444043, 2067457692, 462976822, 1569358365, 3333637232, 3072517161, 3810271037, 2054372989, 2824379274, 2467787098, 2747886495, 2588984484, 177082085, 1119854721, 1068260740, 1233155723, 3663020822, 3381049100, 4033018002, 1848975520, 1454121400, 371693002, 1237061394, 640357119, 4171462915, 3283847158, 1136926633, 2438482982, 3798667245, 3859764347, 1292632532, 3831591076, 3116487002, 1546609913, 2205666411, 2300136941, 746622464, 3405568295, 54799967, 928310580, 4279411234, 3789181915, 4170101858, 1270237488, 1920986170, 2054577023, 1910655073, 993953619, 2939353902, 800866631, 982272084, 1487985839, 2114459674, 600668498, 3729356264, 147354886, 46205680, 2185594693, 603991421, 3694839089, 2596486265, 817166678, 2040497512, 2105620506, 3692735807, 2183676292, 1348799956, 227384393, 4101945832, 2716885000, 441733055, 828599211, 1570474681, 4079137947, 1148449127, 1342908259, 1806509001, 3440566142, 1628592537, 2973513317, 2199747458, 2675754791, 1417519446, 3881183884, 3236457946, 119029336, 2846306416, 497561596, 2454201856, 520070469, 3253309894, 467071111, 1655867103, 2272603506, 1857040940, 3393846838, 998062024, 3195415262, 1091254406, 1063575123, 642926653, 4139867610, 3905846401, 354766852, 3276053328, 3941423988, 2705918155, 674185646, 1482601117, 2390744943, 1049117350, 3686922892, 2962087134, 941947071, 840338255, 2014293945, 3007572992, 514681846, 2346411254, 2487584758, 1476554111, 2238279188, 3448746666, 2094606774, 2922666089, 2537956194, 2101011968, 3917024348, 2358742634, 1863772844, 84229794, 3803145499, 3780453302, 1355347102, 474425768, 4210189749, 2586028987, 622), None)
write weights?
events: me found the exit, 
  ----
(3, (2102155251, 3655925511, 2133161171, 751787753, 8766149, 2709200293, 3798995495, 2193353246, 2419338796, 3949870131, 2116798610, 429698776, 3516224739, 1462689579, 1632939800, 4061559337, 4090296986, 4087884987, 4121769695, 2138182626, 284260713, 828724602, 3315920838, 674380778, 2814538636, 733875732, 2768833125, 3071293388, 3062318836, 3070720350, 560662297, 3443919013, 2325811544, 1098899190, 1671962133, 175676804, 1415457899, 2013377320, 3315730359, 1674952577, 1887042167, 466389204, 2515733919, 3573647357, 90699609, 926683827, 2778845486, 199812642, 1270510450, 660201123, 193541807, 318545057, 1817530945, 2332271459, 1446305137, 1719344701, 2839629891, 2974688440, 1046440831, 880420095, 1249159129, 535478204, 2938764742, 92227843, 1155830283, 3460298993, 1549976880, 319713460, 1703158918, 2957650310, 885945603, 1220790664, 4039996599, 3944745042, 2638693148, 1201144717, 3777057399, 2585385461, 80486464, 798062005, 3066075141, 375055900, 2373251487, 1403666964, 2366728453, 660892525, 3526460101, 3044801817, 1731960406, 649457865, 1549346572, 2001997366, 1595417611, 2947351033, 3291507381, 2932994250, 1029898512, 943755462, 1175690606, 2520536722, 1723793266, 2750036677, 2469053526, 1756526051, 3938217878, 3361013164, 2116391431, 2262867468, 1878088044, 1095567557, 3441934121, 119055614, 2809356623, 3977952818, 662676384, 1855854080, 1350633329, 97810198, 1024733852, 2457995357, 4232478345, 2884009406, 401494495, 2927657678, 1814448603, 236063451, 2793712197, 1081921611, 3806099924, 141174418, 3003588096, 1225295285, 3645800168, 1027004329, 3651780509, 1458564103, 1078393345, 2640838909, 3200531644, 3259064585, 3775460389, 172959101, 2268848438, 1009752117, 2094809674, 4046662249, 3334213034, 2073251673, 1229100235, 3496007531, 1072198680, 1156640632, 3808554793, 1819033240, 2740855142, 947426894, 611740574, 3184660553, 2626906629, 4210284913, 681530316, 1720125513, 3369899742, 3344396315, 1661754339, 2750282078, 3998223314, 45588184, 1894554458, 1137228576, 718355789, 1821164713, 3419697660, 1077858194, 3392568550, 1776265836, 1106311087, 2278550033, 2793979617, 2773755569, 200651281, 2590982763, 1233348885, 423940267, 1732010020, 2265018363, 1700509144, 3679796685, 2584580810, 2110304321, 720433842, 2209977662, 1155677662, 1066676204, 2051696101, 1222627011, 3145524024, 196035982, 4252478593, 3230684722, 2811425334, 492612810, 746080920, 2178773709, 2918972617, 1551714867, 81720884, 4200948074, 104920211, 2546202026, 2187539145, 572885494, 2678970237, 3949900898, 1776466257, 444801671, 937682437, 2725654534, 3667095051, 306307007, 2291846107, 1630355464, 1022899125, 2523563260, 1191653069, 1313848802, 256411483, 3439045785, 3001253878, 947568910, 2169528500, 771039717, 3835834300, 568594641, 1391004302, 674781725, 605353921, 3109335663, 1877456991, 869130440, 2323668782, 2205558331, 2929815281, 429860985, 624571043, 2373015362, 1528365132, 3095308053, 1940343270, 472543336, 1504497572, 997567488, 2501235807, 2722241694, 1950936426, 544701522, 987913028, 524848328, 1133267197, 1023922396, 2544142054, 3699219830, 3006344442, 4057988212, 1468039855, 2493185515, 1688538949, 1598753295, 3879432252, 1475111973, 1752901568, 867425291, 2570600988, 2960181801, 3530842132, 622841602, 3634471756, 847425672, 1232736185, 4224900889, 2653319011, 389256557, 1313659273, 2675085010, 658488917, 4104203676, 1420309848, 1607937079, 3569786626, 2299648343, 3181312198, 3811327971, 1836989619, 3286941384, 2699267385, 1111138162, 1210627789, 2491238896, 3670299394, 510819083, 2096792026, 572459633, 3895226896, 3906063067, 229313450, 1971645042, 1643593234, 556887608, 1319021006, 2332287459, 3059716633, 1710852458, 59226650, 1294899724, 1727168520, 1983626540, 2239282301, 2896122593, 2101483375, 2001887089, 1476698730, 4560462, 291591008, 2540335416, 2251997680, 156176242, 4235292778, 1799628011, 2011708419, 4225765226, 384935963, 1311888373, 2977410203, 2035154501, 3130646948, 929368942, 3450529980, 668307604, 1037337110, 1978063031, 3680450480, 1406978446, 4229128010, 4018466841, 4255494589, 3261978321, 1659874619, 1932799052, 2664017356, 137767988, 1822628906, 1323633822, 2450106836, 1476326801, 3820354733, 673882074, 2769455188, 4029009316, 1819871571, 403680077, 3934199965, 4247770470, 236089622, 3434566160, 2492209541, 3688522972, 897319189, 1375924501, 1867628117, 446718353, 1297717935, 3771691201, 1378499158, 3159077044, 1378661911, 3888957700, 415209650, 1207555828, 2552104218, 2723308765, 1390027278, 3937232909, 443143152, 86971058, 44592358, 1682081983, 3551511188, 3294791536, 2949679456, 184217645, 2317210794, 933674014, 2812639376, 659244976, 3095516476, 4203670555, 2468020408, 2261484676, 3742213359, 2055052560, 2745421019, 2334984661, 1377620518, 1206112782, 3644719541, 1358953758, 923484147, 3308038756, 3648625777, 785293155, 353175139, 2187850797, 3786333617, 3174762604, 1242540980, 367849155, 1853192793, 2687465910, 2445932718, 3744837862, 633462885, 4024670654, 2853202737, 1996864574, 1824081108, 2793354277, 3701150276, 529327370, 3309420890, 946033492, 3889779944, 3683347223, 378053809, 394580599, 373240155, 2923346096, 2286697444, 1626349307, 93309867, 2934638494, 3354217266, 3432974986, 2396771980, 310841299, 3573646611, 451774215, 2405258504, 525387341, 2073661819, 1522839672, 66460437, 332581955, 2601023222, 2009070781, 2881192579, 3032328218, 1192288918, 1820635590, 4120659824, 440996122, 701520359, 3367323530, 3568537649, 2837624360, 1511638371, 2682863518, 2999165838, 1664407800, 2084315056, 4105203689, 3110501530, 748347325, 988105555, 1386056000, 2828726986, 962130239, 1907168415, 1231642045, 3643118810, 3063743734, 1036555643, 1488894540, 2976586026, 442784116, 1202478158, 3227152080, 3884934886, 2855925160, 3518080749, 83680555, 3532021324, 2501460068, 2082226858, 2157191332, 1265059786, 2930821265, 2667604277, 626214290, 4026297254, 560931459, 2946950379, 1874652046, 137719433, 3160602826, 1253297345, 1046519785, 3498364869, 2503320966, 871207652, 3293700137, 975929996, 1189248430, 206279319, 1543770955, 3085572894, 1053394400, 4019706301, 2410561684, 3217872718, 2590064144, 1532618786, 2103941904, 343595122, 4099828353, 1289219584, 3245220248, 570108442, 2501843176, 1582846016, 2381797000, 3522051270, 2845349578, 3564994205, 3848326500, 916984751, 2152217010, 2521155017, 51334289, 1526564199, 308348595, 1644830968, 580303499, 2002466900, 491966208, 1738011776, 3394749736, 2738581906, 6217409, 1015698682, 799133549, 544184184, 3341738290, 1635617176, 1673465489, 1367046175, 655363079, 801282154, 2538122513, 4193560182, 300828169, 2189211177, 194298570, 2612734549, 3944974083, 3461614727, 3158452731, 879256950, 233432316, 971118885, 3484961292, 2414921460, 3190402705, 3602796265, 742111941, 2047885132, 1220464561, 683861207, 3091256502, 3870621486, 2444443501, 547810439, 3331392438, 1972634686, 3123289403, 2426425831, 3938703013, 2452504460, 3508506224, 272653305, 1149294868, 3977584568, 3791303743, 309743718, 1634443714, 3877968004, 4050051389, 1172586690, 1622763497, 3096026798, 2536568534, 1011369420, 4146319636, 4268572420, 1474899273, 1108632719, 3527198433, 1465639613, 1349424388, 2355802456, 1678067499, 2336067161, 1225489751, 450886591, 3876799674, 2183741509, 3629906998, 142110588, 574805752, 1191980485, 3485532895, 694735716, 485513017, 781682969, 1958058910, 332), None)
write weights?
events: me found the exit, 
  ----
(3, (859261912, 966241881, 4111631035, 988388710, 43530200, 3123473386, 113125121, 2435061411, 3158332376, 1209981882, 3387096328, 1757120223, 3696312361, 631722479, 577010150, 2554896636, 1575464686, 2849079300, 1784014642, 4278548018, 3097350923, 3004927821, 2334960915, 908122531, 3124534964, 563896028, 747481048, 939190190, 4261185674, 354820375, 2686931335, 2148616694, 1490861103, 1325787965, 3736544725, 2779710043, 730074083, 2917565023, 1188878255, 695760384, 1830181521, 2524904891, 1566799039, 475398209, 1309258508, 2617982491, 1467186370, 4040998058, 2420758665, 328302208, 2401646786, 3569059972, 3326988566, 4058301810, 3118986114, 379612680, 790163169, 1838974947, 931662522, 4213309861, 1668410904, 3792222611, 3254650180, 2460655677, 1990331181, 3129143977, 2695204466, 1759237920, 2278304605, 1907108304, 1196768316, 3713144116, 2166385600, 4156939540, 3596512932, 2474463927, 2258228581, 3942441706, 3080256314, 4089833538, 38022835, 1184324810, 3746047484, 2722664742, 2449751845, 24864919, 3654358823, 875664229, 1242048107, 3382965600, 2442392243, 1731527735, 2317544712, 697752521, 3262232577, 581812770, 2629068999, 1752074621, 2779702232, 3965654668, 2913921071, 2791901581, 3426658477, 2599998240, 194418008, 3996063573, 3205674956, 1028350071, 2278468436, 1864343694, 3602511865, 3109851804, 3000811312, 1771328348, 1907193518, 3171131888, 1592666304, 2841641552, 2927636753, 146560550, 3663560267, 1832079230, 2367782775, 3024256016, 3815124642, 2653961615, 224965243, 2109330154, 2237346513, 947430682, 1754524397, 1929342772, 1248103811, 1681019863, 1541918742, 1834398530, 1927052741, 1774849521, 2019572201, 2143883012, 3743444720, 1499493884, 3581835894, 1550057949, 2198314848, 335888001, 4187215987, 3661499962, 2070879810, 4241443742, 572959101, 2483164081, 1503121441, 834701259, 2601691669, 1934015575, 3831412330, 2251980226, 3277934688, 2072850828, 1023646186, 3717917977, 3947712219, 1794255623, 442646117, 3969068988, 2860009583, 4129440042, 2644931691, 3087551247, 2728867447, 470295003, 2946969029, 2867591303, 3402005415, 1867417057, 3067412242, 2958872803, 2199678006, 4096822528, 746571100, 461241211, 68806631, 322493589, 1545143444, 121233106, 244036354, 3718682754, 221199962, 2270578389, 3502458095, 1915831574, 1531629282, 1228447125, 1553851265, 264774138, 616301317, 1083604507, 2435762724, 372062681, 773271948, 2931145698, 248971119, 4089252727, 1426642, 4228006942, 1792777724, 2554113561, 3655154740, 2405616390, 24924671, 448064057, 296885530, 1724146222, 3712113867, 2552674402, 4129840313, 1986545567, 141796150, 2503850574, 1389655804, 3229123776, 3304341665, 3554931933, 1003981256, 2956687979, 3418422541, 1783034915, 1705692894, 4122653409, 4112235851, 818487302, 1943458653, 801808966, 472943474, 927111399, 3451662930, 655987192, 1901950651, 3641798590, 4246008365, 3963387457, 1301251103, 3597797216, 2942905253, 131688212, 2050135399, 3243145208, 3171858297, 2818230977, 731516835, 700367940, 1891455123, 1453969773, 666982791, 3767379240, 444753779, 417973542, 2660409752, 1393491804, 557524358, 2268050344, 3712023649, 3645700715, 1050889333, 2911297746, 2681553880, 1586225807, 1686141814, 1767827295, 2626117275, 1117098498, 1564208080, 1044991176, 2723371819, 3155757359, 1255155396, 848531393, 1884968919, 274093688, 594919195, 130625433, 421079393, 3851387156, 1472991533, 1574703126, 1304504161, 1225957785, 1065936359, 2670819623, 2050232083, 2568332715, 2608311757, 1776089137, 164010137, 986759396, 2073201960, 708253117, 191076462, 3210554157, 2143480051, 3796391852, 2115831557, 3226226864, 3493763027, 2271437875, 3814547294, 621509204, 3659406564, 493837359, 3501479315, 2479350312, 669787537, 3936900899, 254561779, 3518810250, 115666127, 1983531483, 3314850640, 2787163197, 699666670, 3401650609, 689502910, 3752396863, 751374020, 2610322413, 16102438, 257050353, 2610499128, 508480639, 619219461, 2317743050, 193026216, 2724087582, 1727653312, 2702958346, 1022716100, 3360929522, 447172120, 2675123432, 8009627, 1336203531, 1405708579, 3107209409, 1365137895, 1191139155, 824590336, 3577325741, 690510180, 3144741218, 2469460575, 3932355144, 1825044376, 2780495090, 699178247, 2547152635, 1080705992, 2275925659, 3891268173, 3864243474, 447068516, 485419165, 1259149898, 2710749656, 69681055, 3151399356, 3485517649, 1904214277, 3443062251, 1792673790, 4111141218, 3927081547, 169928411, 160248743, 3923274424, 925946395, 3744702692, 774482928, 1545834752, 821739814, 2644411154, 3592831981, 1909536014, 3842670617, 756255042, 3937841450, 431780404, 1793842522, 32450000, 3997410446, 824276232, 162562605, 3208023140, 3057165041, 309168120, 3559650359, 4218259789, 1411994847, 1630990163, 662600567, 1987431602, 2747798196, 1287613670, 54742807, 3626184300, 26297104, 3601258546, 3654007739, 3574727701, 2543309833, 2332268124, 3049708179, 1503943396, 1804363480, 1314414396, 2736599977, 2537683470, 2552740024, 497786213, 2426572303, 2127122762, 2426234566, 1951072229, 316711279, 3399570646, 4284695302, 1508592476, 213373217, 4068741704, 1027233051, 124784163, 3529057877, 1858641402, 4174165390, 2401497665, 2650481094, 1712485540, 2595423477, 230779382, 1917106307, 9168747, 2586818445, 1215139668, 1168125679, 2719364291, 266144178, 1134389687, 4128247454, 3977960700, 1544027636, 1124213283, 911454899, 1391211754, 1192594579, 806887470, 102940565, 3287869954, 3486883571, 2112727179, 4264972145, 193986947, 4016174005, 1674822643, 968384572, 686624311, 675063676, 2827682754, 3272277493, 1332541802, 289192530, 423090273, 722681555, 781689780, 1853877250, 82493368, 483429865, 440849600, 118015438, 1928349247, 3075582705, 2062978123, 1064621330, 2915010962, 961825108, 952431182, 3981775595, 101844360, 3505079855, 1549364706, 4093891399, 2478856793, 1085107488, 2915889280, 4201046077, 3504027160, 2986934067, 1006060950, 2876861256, 2334831516, 3554683258, 1234647311, 1061248176, 2720560458, 3061936251, 3031134442, 3239084266, 1523352763, 2055435881, 3169414994, 1141696551, 3338584003, 3370215609, 3939936620, 1446259438, 376857449, 2437659110, 3638974829, 634545332, 3559209635, 4141570524, 1466906041, 66843808, 2583119227, 502889000, 176162161, 1537084771, 3050481497, 284082387, 3837000936, 384440678, 2491423701, 587765826, 4124246657, 553772630, 623863437, 137645791, 3319810744, 1690445823, 67097006, 384382445, 1659615929, 880923097, 3742740234, 892278415, 1393666895, 2483626905, 2131190658, 938556051, 1142507224, 959394050, 4231952550, 1551354376, 859925626, 2973808886, 2245193773, 2356691469, 2363632168, 1477630270, 1541038097, 2478289763, 3885246075, 4063019061, 1300409428, 3268927064, 259658448, 1083407523, 2575816342, 2239990742, 1752759309, 338758233, 2133337942, 2735328844, 2313829102, 204365734, 1752072106, 2755763152, 2807077689, 3765077448, 1001641249, 2778476804, 2264038697, 1399234328, 332269753, 2436029412, 1808696598, 2934379915, 2396809770, 3415024711, 1051624471, 2106037654, 1214720792, 1293686700, 2338543965, 4233251603, 2419835204, 2949305738, 3280864469, 3914319413, 2710239520, 1409598525, 840751917, 2532242746, 3318543456, 1731273340, 2654959711, 2928070785, 416123812, 2611731390, 1026314407, 3980870397, 411537005, 3111437378, 3644789623, 3248513737, 113648449, 1171460718, 4284665842, 2343555893, 3076043677, 3951224278, 558381490, 2620322731, 4000397816, 3807784097, 37), None)
write weights?
events: me found the exit, 
  ----
(3, (859261912, 966241881, 4111631035, 988388710, 43530200, 3123473386, 113125121, 2435061411, 3158332376, 1209981882, 3387096328, 1757120223, 3696312361, 631722479, 577010150, 2554896636, 1575464686, 2849079300, 1784014642, 4278548018, 3097350923, 3004927821, 2334960915, 908122531, 3124534964, 563896028, 747481048, 939190190, 4261185674, 354820375, 2686931335, 2148616694, 1490861103, 1325787965, 3736544725, 2779710043, 730074083, 2917565023, 1188878255, 695760384, 1830181521, 2524904891, 1566799039, 475398209, 1309258508, 2617982491, 1467186370, 4040998058, 2420758665, 328302208, 2401646786, 3569059972, 3326988566, 4058301810, 3118986114, 379612680, 790163169, 1838974947, 931662522, 4213309861, 1668410904, 3792222611, 3254650180, 2460655677, 1990331181, 3129143977, 2695204466, 1759237920, 2278304605, 1907108304, 1196768316, 3713144116, 2166385600, 4156939540, 3596512932, 2474463927, 2258228581, 3942441706, 3080256314, 4089833538, 38022835, 1184324810, 3746047484, 2722664742, 2449751845, 24864919, 3654358823, 875664229, 1242048107, 3382965600, 2442392243, 1731527735, 2317544712, 697752521, 3262232577, 581812770, 2629068999, 1752074621, 2779702232, 3965654668, 2913921071, 2791901581, 3426658477, 2599998240, 194418008, 3996063573, 3205674956, 1028350071, 2278468436, 1864343694, 3602511865, 3109851804, 3000811312, 1771328348, 1907193518, 3171131888, 1592666304, 2841641552, 2927636753, 146560550, 3663560267, 1832079230, 2367782775, 3024256016, 3815124642, 2653961615, 224965243, 2109330154, 2237346513, 947430682, 1754524397, 1929342772, 1248103811, 1681019863, 1541918742, 1834398530, 1927052741, 1774849521, 2019572201, 2143883012, 3743444720, 1499493884, 3581835894, 1550057949, 2198314848, 335888001, 4187215987, 3661499962, 2070879810, 4241443742, 572959101, 2483164081, 1503121441, 834701259, 2601691669, 1934015575, 3831412330, 2251980226, 3277934688, 2072850828, 1023646186, 3717917977, 3947712219, 1794255623, 442646117, 3969068988, 2860009583, 4129440042, 2644931691, 3087551247, 2728867447, 470295003, 2946969029, 2867591303, 3402005415, 1867417057, 3067412242, 2958872803, 2199678006, 4096822528, 746571100, 461241211, 68806631, 322493589, 1545143444, 121233106, 244036354, 3718682754, 221199962, 2270578389, 3502458095, 1915831574, 1531629282, 1228447125, 1553851265, 264774138, 616301317, 1083604507, 2435762724, 372062681, 773271948, 2931145698, 248971119, 4089252727, 1426642, 4228006942, 1792777724, 2554113561, 3655154740, 2405616390, 24924671, 448064057, 296885530, 1724146222, 3712113867, 2552674402, 4129840313, 1986545567, 141796150, 2503850574, 1389655804, 3229123776, 3304341665, 3554931933, 1003981256, 2956687979, 3418422541, 1783034915, 1705692894, 4122653409, 4112235851, 818487302, 1943458653, 801808966, 472943474, 927111399, 3451662930, 655987192, 1901950651, 3641798590, 4246008365, 3963387457, 1301251103, 3597797216, 2942905253, 131688212, 2050135399, 3243145208, 3171858297, 2818230977, 731516835, 700367940, 1891455123, 1453969773, 666982791, 3767379240, 444753779, 417973542, 2660409752, 1393491804, 557524358, 2268050344, 3712023649, 3645700715, 1050889333, 2911297746, 2681553880, 1586225807, 1686141814, 1767827295, 2626117275, 1117098498, 1564208080, 1044991176, 2723371819, 3155757359, 1255155396, 848531393, 1884968919, 274093688, 594919195, 130625433, 421079393, 3851387156, 1472991533, 1574703126, 1304504161, 1225957785, 1065936359, 2670819623, 2050232083, 2568332715, 2608311757, 1776089137, 164010137, 986759396, 2073201960, 708253117, 191076462, 3210554157, 2143480051, 3796391852, 2115831557, 3226226864, 3493763027, 2271437875, 3814547294, 621509204, 3659406564, 493837359, 3501479315, 2479350312, 669787537, 3936900899, 254561779, 3518810250, 115666127, 1983531483, 3314850640, 2787163197, 699666670, 3401650609, 689502910, 3752396863, 751374020, 2610322413, 16102438, 257050353, 2610499128, 508480639, 619219461, 2317743050, 193026216, 2724087582, 1727653312, 2702958346, 1022716100, 3360929522, 447172120, 2675123432, 8009627, 1336203531, 1405708579, 3107209409, 1365137895, 1191139155, 824590336, 3577325741, 690510180, 3144741218, 2469460575, 3932355144, 1825044376, 2780495090, 699178247, 2547152635, 1080705992, 2275925659, 3891268173, 3864243474, 447068516, 485419165, 1259149898, 2710749656, 69681055, 3151399356, 3485517649, 1904214277, 3443062251, 1792673790, 4111141218, 3927081547, 169928411, 160248743, 3923274424, 925946395, 3744702692, 774482928, 1545834752, 821739814, 2644411154, 3592831981, 1909536014, 3842670617, 756255042, 3937841450, 431780404, 1793842522, 32450000, 3997410446, 824276232, 162562605, 3208023140, 3057165041, 309168120, 3559650359, 4218259789, 1411994847, 1630990163, 662600567, 1987431602, 2747798196, 1287613670, 54742807, 3626184300, 26297104, 3601258546, 3654007739, 3574727701, 2543309833, 2332268124, 3049708179, 1503943396, 1804363480, 1314414396, 2736599977, 2537683470, 2552740024, 497786213, 2426572303, 2127122762, 2426234566, 1951072229, 316711279, 3399570646, 4284695302, 1508592476, 213373217, 4068741704, 1027233051, 124784163, 3529057877, 1858641402, 4174165390, 2401497665, 2650481094, 1712485540, 2595423477, 230779382, 1917106307, 9168747, 2586818445, 1215139668, 1168125679, 2719364291, 266144178, 1134389687, 4128247454, 3977960700, 1544027636, 1124213283, 911454899, 1391211754, 1192594579, 806887470, 102940565, 3287869954, 3486883571, 2112727179, 4264972145, 193986947, 4016174005, 1674822643, 968384572, 686624311, 675063676, 2827682754, 3272277493, 1332541802, 289192530, 423090273, 722681555, 781689780, 1853877250, 82493368, 483429865, 440849600, 118015438, 1928349247, 3075582705, 2062978123, 1064621330, 2915010962, 961825108, 952431182, 3981775595, 101844360, 3505079855, 1549364706, 4093891399, 2478856793, 1085107488, 2915889280, 4201046077, 3504027160, 2986934067, 1006060950, 2876861256, 2334831516, 3554683258, 1234647311, 1061248176, 2720560458, 3061936251, 3031134442, 3239084266, 1523352763, 2055435881, 3169414994, 1141696551, 3338584003, 3370215609, 3939936620, 1446259438, 376857449, 2437659110, 3638974829, 634545332, 3559209635, 4141570524, 1466906041, 66843808, 2583119227, 502889000, 176162161, 1537084771, 3050481497, 284082387, 3837000936, 384440678, 2491423701, 587765826, 4124246657, 553772630, 623863437, 137645791, 3319810744, 1690445823, 67097006, 384382445, 1659615929, 880923097, 3742740234, 892278415, 1393666895, 2483626905, 2131190658, 938556051, 1142507224, 959394050, 4231952550, 1551354376, 859925626, 2973808886, 2245193773, 2356691469, 2363632168, 1477630270, 1541038097, 2478289763, 3885246075, 4063019061, 1300409428, 3268927064, 259658448, 1083407523, 2575816342, 2239990742, 1752759309, 338758233, 2133337942, 2735328844, 2313829102, 204365734, 1752072106, 2755763152, 2807077689, 3765077448, 1001641249, 2778476804, 2264038697, 1399234328, 332269753, 2436029412, 1808696598, 2934379915, 2396809770, 3415024711, 1051624471, 2106037654, 1214720792, 1293686700, 2338543965, 4233251603, 2419835204, 2949305738, 3280864469, 3914319413, 2710239520, 1409598525, 840751917, 2532242746, 3318543456, 1731273340, 2654959711, 2928070785, 416123812, 2611731390, 1026314407, 3980870397, 411537005, 3111437378, 3644789623, 3248513737, 113648449, 1171460718, 4284665842, 2343555893, 3076043677, 3951224278, 558381490, 2620322731, 4000397816, 3807784097, 353), None)
write weights?
events: 
  ----
(3, (859261912, 966241881, 4111631035, 988388710, 43530200, 3123473386, 113125121, 2435061411, 3158332376, 1209981882, 3387096328, 1757120223, 3696312361, 631722479, 577010150, 2554896636, 1575464686, 2849079300, 1784014642, 4278548018, 3097350923, 3004927821, 2334960915, 908122531, 3124534964, 563896028, 747481048, 939190190, 4261185674, 354820375, 2686931335, 2148616694, 1490861103, 1325787965, 3736544725, 2779710043, 730074083, 2917565023, 1188878255, 695760384, 1830181521, 2524904891, 1566799039, 475398209, 1309258508, 2617982491, 1467186370, 4040998058, 2420758665, 328302208, 2401646786, 3569059972, 3326988566, 4058301810, 3118986114, 379612680, 790163169, 1838974947, 931662522, 4213309861, 1668410904, 3792222611, 3254650180, 2460655677, 1990331181, 3129143977, 2695204466, 1759237920, 2278304605, 1907108304, 1196768316, 3713144116, 2166385600, 4156939540, 3596512932, 2474463927, 2258228581, 3942441706, 3080256314, 4089833538, 38022835, 1184324810, 3746047484, 2722664742, 2449751845, 24864919, 3654358823, 875664229, 1242048107, 3382965600, 2442392243, 1731527735, 2317544712, 697752521, 3262232577, 581812770, 2629068999, 1752074621, 2779702232, 3965654668, 2913921071, 2791901581, 3426658477, 2599998240, 194418008, 3996063573, 3205674956, 1028350071, 2278468436, 1864343694, 3602511865, 3109851804, 3000811312, 1771328348, 1907193518, 3171131888, 1592666304, 2841641552, 2927636753, 146560550, 3663560267, 1832079230, 2367782775, 3024256016, 3815124642, 2653961615, 224965243, 2109330154, 2237346513, 947430682, 1754524397, 1929342772, 1248103811, 1681019863, 1541918742, 1834398530, 1927052741, 1774849521, 2019572201, 2143883012, 3743444720, 1499493884, 3581835894, 1550057949, 2198314848, 335888001, 4187215987, 3661499962, 2070879810, 4241443742, 572959101, 2483164081, 1503121441, 834701259, 2601691669, 1934015575, 3831412330, 2251980226, 3277934688, 2072850828, 1023646186, 3717917977, 3947712219, 1794255623, 442646117, 3969068988, 2860009583, 4129440042, 2644931691, 3087551247, 2728867447, 470295003, 2946969029, 2867591303, 3402005415, 1867417057, 3067412242, 2958872803, 2199678006, 4096822528, 746571100, 461241211, 68806631, 322493589, 1545143444, 121233106, 244036354, 3718682754, 221199962, 2270578389, 3502458095, 1915831574, 1531629282, 1228447125, 1553851265, 264774138, 616301317, 1083604507, 2435762724, 372062681, 773271948, 2931145698, 248971119, 4089252727, 1426642, 4228006942, 1792777724, 2554113561, 3655154740, 2405616390, 24924671, 448064057, 296885530, 1724146222, 3712113867, 2552674402, 4129840313, 1986545567, 141796150, 2503850574, 1389655804, 3229123776, 3304341665, 3554931933, 1003981256, 2956687979, 3418422541, 1783034915, 1705692894, 4122653409, 4112235851, 818487302, 1943458653, 801808966, 472943474, 927111399, 3451662930, 655987192, 1901950651, 3641798590, 4246008365, 3963387457, 1301251103, 3597797216, 2942905253, 131688212, 2050135399, 3243145208, 3171858297, 2818230977, 731516835, 700367940, 1891455123, 1453969773, 666982791, 3767379240, 444753779, 417973542, 2660409752, 1393491804, 557524358, 2268050344, 3712023649, 3645700715, 1050889333, 2911297746, 2681553880, 1586225807, 1686141814, 1767827295, 2626117275, 1117098498, 1564208080, 1044991176, 2723371819, 3155757359, 1255155396, 848531393, 1884968919, 274093688, 594919195, 130625433, 421079393, 3851387156, 1472991533, 1574703126, 1304504161, 1225957785, 1065936359, 2670819623, 2050232083, 2568332715, 2608311757, 1776089137, 164010137, 986759396, 2073201960, 708253117, 191076462, 3210554157, 2143480051, 3796391852, 2115831557, 3226226864, 3493763027, 2271437875, 3814547294, 621509204, 3659406564, 493837359, 3501479315, 2479350312, 669787537, 3936900899, 254561779, 3518810250, 115666127, 1983531483, 3314850640, 2787163197, 699666670, 3401650609, 689502910, 3752396863, 751374020, 2610322413, 16102438, 257050353, 2610499128, 508480639, 619219461, 2317743050, 193026216, 2724087582, 1727653312, 2702958346, 1022716100, 3360929522, 447172120, 2675123432, 8009627, 1336203531, 1405708579, 3107209409, 1365137895, 1191139155, 824590336, 3577325741, 690510180, 3144741218, 2469460575, 3932355144, 1825044376, 2780495090, 699178247, 2547152635, 1080705992, 2275925659, 3891268173, 3864243474, 447068516, 485419165, 1259149898, 2710749656, 69681055, 3151399356, 3485517649, 1904214277, 3443062251, 1792673790, 4111141218, 3927081547, 169928411, 160248743, 3923274424, 925946395, 3744702692, 774482928, 1545834752, 821739814, 2644411154, 3592831981, 1909536014, 3842670617, 756255042, 3937841450, 431780404, 1793842522, 32450000, 3997410446, 824276232, 162562605, 3208023140, 3057165041, 309168120, 3559650359, 4218259789, 1411994847, 1630990163, 662600567, 1987431602, 2747798196, 1287613670, 54742807, 3626184300, 26297104, 3601258546, 3654007739, 3574727701, 2543309833, 2332268124, 3049708179, 1503943396, 1804363480, 1314414396, 2736599977, 2537683470, 2552740024, 497786213, 2426572303, 2127122762, 2426234566, 1951072229, 316711279, 3399570646, 4284695302, 1508592476, 213373217, 4068741704, 1027233051, 124784163, 3529057877, 1858641402, 4174165390, 2401497665, 2650481094, 1712485540, 2595423477, 230779382, 1917106307, 9168747, 2586818445, 1215139668, 1168125679, 2719364291, 266144178, 1134389687, 4128247454, 3977960700, 1544027636, 1124213283, 911454899, 1391211754, 1192594579, 806887470, 102940565, 3287869954, 3486883571, 2112727179, 4264972145, 193986947, 4016174005, 1674822643, 968384572, 686624311, 675063676, 2827682754, 3272277493, 1332541802, 289192530, 423090273, 722681555, 781689780, 1853877250, 82493368, 483429865, 440849600, 118015438, 1928349247, 3075582705, 2062978123, 1064621330, 2915010962, 961825108, 952431182, 3981775595, 101844360, 3505079855, 1549364706, 4093891399, 2478856793, 1085107488, 2915889280, 4201046077, 3504027160, 2986934067, 1006060950, 2876861256, 2334831516, 3554683258, 1234647311, 1061248176, 2720560458, 3061936251, 3031134442, 3239084266, 1523352763, 2055435881, 3169414994, 1141696551, 3338584003, 3370215609, 3939936620, 1446259438, 376857449, 2437659110, 3638974829, 634545332, 3559209635, 4141570524, 1466906041, 66843808, 2583119227, 502889000, 176162161, 1537084771, 3050481497, 284082387, 3837000936, 384440678, 2491423701, 587765826, 4124246657, 553772630, 623863437, 137645791, 3319810744, 1690445823, 67097006, 384382445, 1659615929, 880923097, 3742740234, 892278415, 1393666895, 2483626905, 2131190658, 938556051, 1142507224, 959394050, 4231952550, 1551354376, 859925626, 2973808886, 2245193773, 2356691469, 2363632168, 1477630270, 1541038097, 2478289763, 3885246075, 4063019061, 1300409428, 3268927064, 259658448, 1083407523, 2575816342, 2239990742, 1752759309, 338758233, 2133337942, 2735328844, 2313829102, 204365734, 1752072106, 2755763152, 2807077689, 3765077448, 1001641249, 2778476804, 2264038697, 1399234328, 332269753, 2436029412, 1808696598, 2934379915, 2396809770, 3415024711, 1051624471, 2106037654, 1214720792, 1293686700, 2338543965, 4233251603, 2419835204, 2949305738, 3280864469, 3914319413, 2710239520, 1409598525, 840751917, 2532242746, 3318543456, 1731273340, 2654959711, 2928070785, 416123812, 2611731390, 1026314407, 3980870397, 411537005, 3111437378, 3644789623, 3248513737, 113648449, 1171460718, 4284665842, 2343555893, 3076043677, 3951224278, 558381490, 2620322731, 4000397816, 3807784097, 508), None)
write weights?
events: 
  ----
(3, (3521786668, 3266780881, 2047522244, 2000279390, 3202230081, 2531839929, 2463757465, 2248345472, 1704865485, 4065830582, 882821131, 1647449310, 1548536865, 2586946223, 3118631661, 928484755, 2137302746, 997371045, 2627700912, 1376232276, 1487065025, 3241507635, 1387942401, 1675042320, 3226683816, 1644964873, 152949432, 4099870867, 754508626, 3505410880, 1287615962, 132316288, 2209353818, 2971872278, 428218279, 2718050516, 2000110718, 1967466825, 2303138502, 3381782835, 142920439, 4202193782, 3848734844, 663699181, 220371039, 601108789, 2110681274, 1933207640, 1175828210, 1141798358, 2622343900, 2386310263, 620076877, 535944162, 2097382839, 3697865541, 3906174909, 735847795, 2730168216, 2990546190, 1742303973, 487762473, 778809264, 3922310346, 1797798462, 864093386, 1305840556, 2986584902, 1357558676, 2334236124, 3986945903, 268225674, 1792955608, 1914236723, 4221904727, 4107532761, 453090679, 1596375589, 1697806792, 3261887302, 608398251, 1565807809, 3866485346, 2868650758, 3871461766, 408924894, 4198772793, 2227720612, 3380930651, 3620949006, 981038315, 1497897830, 968887932, 737162886, 301698097, 983462972, 391713884, 3255584756, 3290920053, 4096295262, 1631936337, 1950177045, 2661040362, 207385507, 2438883269, 4255198892, 1898737823, 3075220800, 3063894189, 3902328728, 640499495, 3850842314, 818332041, 4264035476, 3596662849, 2241969420, 1115958214, 3627993918, 3574960885, 1824544407, 1397474059, 1270691271, 2902091732, 651961064, 3588971192, 1179364505, 589665117, 2435132614, 128081902, 412345072, 697399113, 1485376246, 3187376210, 3111384030, 363053539, 1437961404, 2364297329, 2149042854, 936429917, 3933240768, 141696257, 692120725, 3788735964, 1667790089, 3884711494, 2060776428, 1479545234, 782640238, 2859370070, 3072100323, 2767750036, 2983861783, 3100099128, 1757388147, 3168543996, 24000335, 4066215447, 3831650333, 4055816907, 2456020701, 4023852909, 3077863331, 2143688255, 1940752790, 3294975979, 2176202940, 3116826317, 3634468922, 2241849851, 1373437298, 1385114596, 3869497904, 3628877509, 2202249818, 1302740067, 2457879911, 3439888136, 702564785, 3730431312, 4050614679, 1960626346, 2696386061, 889778065, 2835283811, 1358590065, 344707384, 3219232677, 760814139, 876906046, 2142599298, 2996143820, 319546214, 3222498179, 4280379911, 1257768785, 3532800, 1158792385, 2561451094, 2111109561, 3565526035, 4262796228, 2145990216, 4107465049, 1914059076, 2834290485, 2963356318, 4062692783, 4073842245, 3912742146, 3246068612, 267984509, 905272874, 3726996458, 2939031767, 4117207155, 992185844, 597488089, 50328282, 1330499401, 2517169292, 2878574933, 1277829906, 461090663, 2091122006, 490470977, 312080289, 249423471, 3812578371, 1633875838, 2576341950, 794642269, 507379248, 2165153434, 2629939488, 78314284, 1128282084, 2715512394, 2503525257, 1320854273, 3150841320, 1965499728, 1177417789, 477007395, 2983756759, 2023628591, 948859612, 1923127464, 2670535842, 197176972, 2659181839, 1997044786, 1627738430, 3494933600, 2213924516, 3290022407, 4172374068, 3699683795, 1140204822, 1852146478, 2469233305, 2998203842, 3996047688, 1470948670, 2976797339, 1669749024, 3333274410, 1071425707, 985986892, 1474273286, 1915492334, 1187379180, 599748023, 1022400337, 4126109168, 3023985680, 595436944, 3293512425, 1030246888, 2249662283, 2890395679, 2233335025, 3901202904, 4004459471, 440256500, 87174520, 491990263, 264371485, 3776295113, 2340595301, 3396933862, 2085344960, 3214629895, 3731343373, 3493754687, 2943077172, 1831073024, 120760285, 3893508952, 2304436675, 2352451710, 1128056037, 497226762, 3572879745, 3927336513, 2241839331, 345822823, 2431241836, 156001753, 2330675721, 1462204532, 3810513426, 742355857, 3020106128, 618309151, 2887136737, 335425251, 1975965756, 414398787, 2471556519, 1830422027, 2543324801, 1165488494, 2353152252, 1094554430, 1456462557, 2220732006, 1787368185, 1820973133, 2719121909, 367047991, 156142150, 3567176593, 3968732451, 38830719, 2814495429, 3907380431, 3434157281, 1803458603, 3929973438, 3925043867, 1089657038, 1720499215, 3354035, 3005462506, 1649004616, 3448156917, 3746837022, 132116409, 1443188086, 2087365156, 1408065484, 2743640436, 1419170528, 4009454849, 63219556, 1737981450, 2185805154, 3277963952, 731962495, 4037631200, 772552527, 807750854, 1165814864, 1475837793, 2650574456, 3375897130, 196660637, 3085358891, 1546514282, 3679846765, 2406057203, 999505396, 3877296864, 1826366670, 3963026876, 2247579172, 3758641691, 2330544916, 2846326404, 3054011313, 2594442330, 3291790971, 2867054492, 2765374134, 3510173832, 3177243601, 2803239024, 4011888005, 2153096676, 659991739, 4001200223, 3690861017, 1134745883, 4042276145, 1807536894, 1629592962, 2730551234, 4212976786, 1813272404, 3816202396, 2460459776, 737774096, 170480179, 3776516158, 1764288569, 4111118665, 75633813, 2271050367, 1920257238, 1888036031, 1796547317, 1009278211, 558752340, 2563618875, 2782868272, 2145680185, 866559198, 1699281057, 2186417342, 3212296998, 4151302500, 2849359996, 2420967528, 1614900906, 3877438933, 287398935, 1272366172, 3344372448, 3095178266, 1851934359, 3258063537, 3750468040, 2361876569, 750685264, 3157030566, 2587791184, 1428824353, 1226418822, 2514465460, 1198010496, 993098702, 2438029273, 2163944028, 2879347559, 1158772227, 4153133901, 2902520771, 3709796139, 573169128, 2750549673, 4269970640, 877519924, 2820374839, 382858872, 2032581462, 1084129919, 1735238680, 3366134727, 3090049367, 1573727876, 846854181, 3964381706, 1604061178, 749033870, 2166788151, 1526670048, 1128516557, 311515621, 1320396052, 2315113164, 1029287009, 1876283125, 263292125, 1893058420, 139317897, 115590380, 2650507240, 3615027186, 3819254937, 874742426, 2622465069, 3536193230, 2753250462, 3236350196, 3964935356, 762085866, 575705425, 3700966195, 1294434356, 2269411533, 3510166539, 1969234272, 580287467, 1471230887, 4207425546, 170132173, 1737531978, 55619106, 1246722314, 3241392905, 3931095976, 2771019445, 3778391410, 2652551836, 1574965661, 1920593353, 135199732, 2607369048, 327771412, 1423498481, 3880108919, 1884912078, 1984510336, 2649914486, 3920653370, 2130262540, 2559584956, 3478256462, 3304517865, 752411150, 3519253871, 983095638, 601835540, 2608469434, 1557499190, 180030128, 1565016264, 1902459537, 1456871609, 1203596468, 3146918496, 645853564, 1142695244, 460770805, 2489250409, 2820370261, 3159284564, 3806345925, 3192084920, 478037011, 2811428396, 2208096868, 3496023419, 3309747524, 2344556624, 3973268582, 4025101213, 3046419949, 1507879407, 2992471215, 788952634, 1332702432, 2633888285, 2976438832, 3015526804, 3831731425, 2045368744, 3182103185, 1145938687, 105688769, 3796783802, 3238042863, 3381529571, 2332827017, 3527382693, 3875359221, 2872225648, 2915440151, 4120676860, 1067925016, 2728874188, 649907519, 2341575974, 3949137355, 369042001, 2628104245, 207612096, 2537293187, 2974202358, 2397527211, 2269651597, 2469073895, 1863193592, 4155506665, 1293613226, 1825499498, 208109084, 3897804187, 249988621, 1632598492, 1903785143, 21336585, 773427068, 1134898495, 3758341614, 2766298591, 922309288, 3752654947, 3365531445, 1729890217, 1739284051, 2396030860, 4134520602, 1981767403, 1151505291, 3854678870, 3151851118, 1564120278, 1805627354, 2141761653, 3094225047, 615397868, 1152934506, 2105387279, 3452503218, 3219440157, 4220122622, 752456014, 2923389746, 319210946, 1743778875, 478432770, 2303867661, 3392536148, 71), None)
write weights?
events: 
  ----
(3, (3521786668, 3266780881, 2047522244, 2000279390, 3202230081, 2531839929, 2463757465, 2248345472, 1704865485, 4065830582, 882821131, 1647449310, 1548536865, 2586946223, 3118631661, 928484755, 2137302746, 997371045, 2627700912, 1376232276, 1487065025, 3241507635, 1387942401, 1675042320, 3226683816, 1644964873, 152949432, 4099870867, 754508626, 3505410880, 1287615962, 132316288, 2209353818, 2971872278, 428218279, 2718050516, 2000110718, 1967466825, 2303138502, 3381782835, 142920439, 4202193782, 3848734844, 663699181, 220371039, 601108789, 2110681274, 1933207640, 1175828210, 1141798358, 2622343900, 2386310263, 620076877, 535944162, 2097382839, 3697865541, 3906174909, 735847795, 2730168216, 2990546190, 1742303973, 487762473, 778809264, 3922310346, 1797798462, 864093386, 1305840556, 2986584902, 1357558676, 2334236124, 3986945903, 268225674, 1792955608, 1914236723, 4221904727, 4107532761, 453090679, 1596375589, 1697806792, 3261887302, 608398251, 1565807809, 3866485346, 2868650758, 3871461766, 408924894, 4198772793, 2227720612, 3380930651, 3620949006, 981038315, 1497897830, 968887932, 737162886, 301698097, 983462972, 391713884, 3255584756, 3290920053, 4096295262, 1631936337, 1950177045, 2661040362, 207385507, 2438883269, 4255198892, 1898737823, 3075220800, 3063894189, 3902328728, 640499495, 3850842314, 818332041, 4264035476, 3596662849, 2241969420, 1115958214, 3627993918, 3574960885, 1824544407, 1397474059, 1270691271, 2902091732, 651961064, 3588971192, 1179364505, 589665117, 2435132614, 128081902, 412345072, 697399113, 1485376246, 3187376210, 3111384030, 363053539, 1437961404, 2364297329, 2149042854, 936429917, 3933240768, 141696257, 692120725, 3788735964, 1667790089, 3884711494, 2060776428, 1479545234, 782640238, 2859370070, 3072100323, 2767750036, 2983861783, 3100099128, 1757388147, 3168543996, 24000335, 4066215447, 3831650333, 4055816907, 2456020701, 4023852909, 3077863331, 2143688255, 1940752790, 3294975979, 2176202940, 3116826317, 3634468922, 2241849851, 1373437298, 1385114596, 3869497904, 3628877509, 2202249818, 1302740067, 2457879911, 3439888136, 702564785, 3730431312, 4050614679, 1960626346, 2696386061, 889778065, 2835283811, 1358590065, 344707384, 3219232677, 760814139, 876906046, 2142599298, 2996143820, 319546214, 3222498179, 4280379911, 1257768785, 3532800, 1158792385, 2561451094, 2111109561, 3565526035, 4262796228, 2145990216, 4107465049, 1914059076, 2834290485, 2963356318, 4062692783, 4073842245, 3912742146, 3246068612, 267984509, 905272874, 3726996458, 2939031767, 4117207155, 992185844, 597488089, 50328282, 1330499401, 2517169292, 2878574933, 1277829906, 461090663, 2091122006, 490470977, 312080289, 249423471, 3812578371, 1633875838, 2576341950, 794642269, 507379248, 2165153434, 2629939488, 78314284, 1128282084, 2715512394, 2503525257, 1320854273, 3150841320, 1965499728, 1177417789, 477007395, 2983756759, 2023628591, 948859612, 1923127464, 2670535842, 197176972, 2659181839, 1997044786, 1627738430, 3494933600, 2213924516, 3290022407, 4172374068, 3699683795, 1140204822, 1852146478, 2469233305, 2998203842, 3996047688, 1470948670, 2976797339, 1669749024, 3333274410, 1071425707, 985986892, 1474273286, 1915492334, 1187379180, 599748023, 1022400337, 4126109168, 3023985680, 595436944, 3293512425, 1030246888, 2249662283, 2890395679, 2233335025, 3901202904, 4004459471, 440256500, 87174520, 491990263, 264371485, 3776295113, 2340595301, 3396933862, 2085344960, 3214629895, 3731343373, 3493754687, 2943077172, 1831073024, 120760285, 3893508952, 2304436675, 2352451710, 1128056037, 497226762, 3572879745, 3927336513, 2241839331, 345822823, 2431241836, 156001753, 2330675721, 1462204532, 3810513426, 742355857, 3020106128, 618309151, 2887136737, 335425251, 1975965756, 414398787, 2471556519, 1830422027, 2543324801, 1165488494, 2353152252, 1094554430, 1456462557, 2220732006, 1787368185, 1820973133, 2719121909, 367047991, 156142150, 3567176593, 3968732451, 38830719, 2814495429, 3907380431, 3434157281, 1803458603, 3929973438, 3925043867, 1089657038, 1720499215, 3354035, 3005462506, 1649004616, 3448156917, 3746837022, 132116409, 1443188086, 2087365156, 1408065484, 2743640436, 1419170528, 4009454849, 63219556, 1737981450, 2185805154, 3277963952, 731962495, 4037631200, 772552527, 807750854, 1165814864, 1475837793, 2650574456, 3375897130, 196660637, 3085358891, 1546514282, 3679846765, 2406057203, 999505396, 3877296864, 1826366670, 3963026876, 2247579172, 3758641691, 2330544916, 2846326404, 3054011313, 2594442330, 3291790971, 2867054492, 2765374134, 3510173832, 3177243601, 2803239024, 4011888005, 2153096676, 659991739, 4001200223, 3690861017, 1134745883, 4042276145, 1807536894, 1629592962, 2730551234, 4212976786, 1813272404, 3816202396, 2460459776, 737774096, 170480179, 3776516158, 1764288569, 4111118665, 75633813, 2271050367, 1920257238, 1888036031, 1796547317, 1009278211, 558752340, 2563618875, 2782868272, 2145680185, 866559198, 1699281057, 2186417342, 3212296998, 4151302500, 2849359996, 2420967528, 1614900906, 3877438933, 287398935, 1272366172, 3344372448, 3095178266, 1851934359, 3258063537, 3750468040, 2361876569, 750685264, 3157030566, 2587791184, 1428824353, 1226418822, 2514465460, 1198010496, 993098702, 2438029273, 2163944028, 2879347559, 1158772227, 4153133901, 2902520771, 3709796139, 573169128, 2750549673, 4269970640, 877519924, 2820374839, 382858872, 2032581462, 1084129919, 1735238680, 3366134727, 3090049367, 1573727876, 846854181, 3964381706, 1604061178, 749033870, 2166788151, 1526670048, 1128516557, 311515621, 1320396052, 2315113164, 1029287009, 1876283125, 263292125, 1893058420, 139317897, 115590380, 2650507240, 3615027186, 3819254937, 874742426, 2622465069, 3536193230, 2753250462, 3236350196, 3964935356, 762085866, 575705425, 3700966195, 1294434356, 2269411533, 3510166539, 1969234272, 580287467, 1471230887, 4207425546, 170132173, 1737531978, 55619106, 1246722314, 3241392905, 3931095976, 2771019445, 3778391410, 2652551836, 1574965661, 1920593353, 135199732, 2607369048, 327771412, 1423498481, 3880108919, 1884912078, 1984510336, 2649914486, 3920653370, 2130262540, 2559584956, 3478256462, 3304517865, 752411150, 3519253871, 983095638, 601835540, 2608469434, 1557499190, 180030128, 1565016264, 1902459537, 1456871609, 1203596468, 3146918496, 645853564, 1142695244, 460770805, 2489250409, 2820370261, 3159284564, 3806345925, 3192084920, 478037011, 2811428396, 2208096868, 3496023419, 3309747524, 2344556624, 3973268582, 4025101213, 3046419949, 1507879407, 2992471215, 788952634, 1332702432, 2633888285, 2976438832, 3015526804, 3831731425, 2045368744, 3182103185, 1145938687, 105688769, 3796783802, 3238042863, 3381529571, 2332827017, 3527382693, 3875359221, 2872225648, 2915440151, 4120676860, 1067925016, 2728874188, 649907519, 2341575974, 3949137355, 369042001, 2628104245, 207612096, 2537293187, 2974202358, 2397527211, 2269651597, 2469073895, 1863193592, 4155506665, 1293613226, 1825499498, 208109084, 3897804187, 249988621, 1632598492, 1903785143, 21336585, 773427068, 1134898495, 3758341614, 2766298591, 922309288, 3752654947, 3365531445, 1729890217, 1739284051, 2396030860, 4134520602, 1981767403, 1151505291, 3854678870, 3151851118, 1564120278, 1805627354, 2141761653, 3094225047, 615397868, 1152934506, 2105387279, 3452503218, 3219440157, 4220122622, 752456014, 2923389746, 319210946, 1743778875, 478432770, 2303867661, 3392536148, 278), None)
write weights?
events: me was killed by stupid, 
  ----
(3, (3521786668, 3266780881, 2047522244, 2000279390, 3202230081, 2531839929, 2463757465, 2248345472, 1704865485, 4065830582, 882821131, 1647449310, 1548536865, 2586946223, 3118631661, 928484755, 2137302746, 997371045, 2627700912, 1376232276, 1487065025, 3241507635, 1387942401, 1675042320, 3226683816, 1644964873, 152949432, 4099870867, 754508626, 3505410880, 1287615962, 132316288, 2209353818, 2971872278, 428218279, 2718050516, 2000110718, 1967466825, 2303138502, 3381782835, 142920439, 4202193782, 3848734844, 663699181, 220371039, 601108789, 2110681274, 1933207640, 1175828210, 1141798358, 2622343900, 2386310263, 620076877, 535944162, 2097382839, 3697865541, 3906174909, 735847795, 2730168216, 2990546190, 1742303973, 487762473, 778809264, 3922310346, 1797798462, 864093386, 1305840556, 2986584902, 1357558676, 2334236124, 3986945903, 268225674, 1792955608, 1914236723, 4221904727, 4107532761, 453090679, 1596375589, 1697806792, 3261887302, 608398251, 1565807809, 3866485346, 2868650758, 3871461766, 408924894, 4198772793, 2227720612, 3380930651, 3620949006, 981038315, 1497897830, 968887932, 737162886, 301698097, 983462972, 391713884, 3255584756, 3290920053, 4096295262, 1631936337, 1950177045, 2661040362, 207385507, 2438883269, 4255198892, 1898737823, 3075220800, 3063894189, 3902328728, 640499495, 3850842314, 818332041, 4264035476, 3596662849, 2241969420, 1115958214, 3627993918, 3574960885, 1824544407, 1397474059, 1270691271, 2902091732, 651961064, 3588971192, 1179364505, 589665117, 2435132614, 128081902, 412345072, 697399113, 1485376246, 3187376210, 3111384030, 363053539, 1437961404, 2364297329, 2149042854, 936429917, 3933240768, 141696257, 692120725, 3788735964, 1667790089, 3884711494, 2060776428, 1479545234, 782640238, 2859370070, 3072100323, 2767750036, 2983861783, 3100099128, 1757388147, 3168543996, 24000335, 4066215447, 3831650333, 4055816907, 2456020701, 4023852909, 3077863331, 2143688255, 1940752790, 3294975979, 2176202940, 3116826317, 3634468922, 2241849851, 1373437298, 1385114596, 3869497904, 3628877509, 2202249818, 1302740067, 2457879911, 3439888136, 702564785, 3730431312, 4050614679, 1960626346, 2696386061, 889778065, 2835283811, 1358590065, 344707384, 3219232677, 760814139, 876906046, 2142599298, 2996143820, 319546214, 3222498179, 4280379911, 1257768785, 3532800, 1158792385, 2561451094, 2111109561, 3565526035, 4262796228, 2145990216, 4107465049, 1914059076, 2834290485, 2963356318, 4062692783, 4073842245, 3912742146, 3246068612, 267984509, 905272874, 3726996458, 2939031767, 4117207155, 992185844, 597488089, 50328282, 1330499401, 2517169292, 2878574933, 1277829906, 461090663, 2091122006, 490470977, 312080289, 249423471, 3812578371, 1633875838, 2576341950, 794642269, 507379248, 2165153434, 2629939488, 78314284, 1128282084, 2715512394, 2503525257, 1320854273, 3150841320, 1965499728, 1177417789, 477007395, 2983756759, 2023628591, 948859612, 1923127464, 2670535842, 197176972, 2659181839, 1997044786, 1627738430, 3494933600, 2213924516, 3290022407, 4172374068, 3699683795, 1140204822, 1852146478, 2469233305, 2998203842, 3996047688, 1470948670, 2976797339, 1669749024, 3333274410, 1071425707, 985986892, 1474273286, 1915492334, 1187379180, 599748023, 1022400337, 4126109168, 3023985680, 595436944, 3293512425, 1030246888, 2249662283, 2890395679, 2233335025, 3901202904, 4004459471, 440256500, 87174520, 491990263, 264371485, 3776295113, 2340595301, 3396933862, 2085344960, 3214629895, 3731343373, 3493754687, 2943077172, 1831073024, 120760285, 3893508952, 2304436675, 2352451710, 1128056037, 497226762, 3572879745, 3927336513, 2241839331, 345822823, 2431241836, 156001753, 2330675721, 1462204532, 3810513426, 742355857, 3020106128, 618309151, 2887136737, 335425251, 1975965756, 414398787, 2471556519, 1830422027, 2543324801, 1165488494, 2353152252, 1094554430, 1456462557, 2220732006, 1787368185, 1820973133, 2719121909, 367047991, 156142150, 3567176593, 3968732451, 38830719, 2814495429, 3907380431, 3434157281, 1803458603, 3929973438, 3925043867, 1089657038, 1720499215, 3354035, 3005462506, 1649004616, 3448156917, 3746837022, 132116409, 1443188086, 2087365156, 1408065484, 2743640436, 1419170528, 4009454849, 63219556, 1737981450, 2185805154, 3277963952, 731962495, 4037631200, 772552527, 807750854, 1165814864, 1475837793, 2650574456, 3375897130, 196660637, 3085358891, 1546514282, 3679846765, 2406057203, 999505396, 3877296864, 1826366670, 3963026876, 2247579172, 3758641691, 2330544916, 2846326404, 3054011313, 2594442330, 3291790971, 2867054492, 2765374134, 3510173832, 3177243601, 2803239024, 4011888005, 2153096676, 659991739, 4001200223, 3690861017, 1134745883, 4042276145, 1807536894, 1629592962, 2730551234, 4212976786, 1813272404, 3816202396, 2460459776, 737774096, 170480179, 3776516158, 1764288569, 4111118665, 75633813, 2271050367, 1920257238, 1888036031, 1796547317, 1009278211, 558752340, 2563618875, 2782868272, 2145680185, 866559198, 1699281057, 2186417342, 3212296998, 4151302500, 2849359996, 2420967528, 1614900906, 3877438933, 287398935, 1272366172, 3344372448, 3095178266, 1851934359, 3258063537, 3750468040, 2361876569, 750685264, 3157030566, 2587791184, 1428824353, 1226418822, 2514465460, 1198010496, 993098702, 2438029273, 2163944028, 2879347559, 1158772227, 4153133901, 2902520771, 3709796139, 573169128, 2750549673, 4269970640, 877519924, 2820374839, 382858872, 2032581462, 1084129919, 1735238680, 3366134727, 3090049367, 1573727876, 846854181, 3964381706, 1604061178, 749033870, 2166788151, 1526670048, 1128516557, 311515621, 1320396052, 2315113164, 1029287009, 1876283125, 263292125, 1893058420, 139317897, 115590380, 2650507240, 3615027186, 3819254937, 874742426, 2622465069, 3536193230, 2753250462, 3236350196, 3964935356, 762085866, 575705425, 3700966195, 1294434356, 2269411533, 3510166539, 1969234272, 580287467, 1471230887, 4207425546, 170132173, 1737531978, 55619106, 1246722314, 3241392905, 3931095976, 2771019445, 3778391410, 2652551836, 1574965661, 1920593353, 135199732, 2607369048, 327771412, 1423498481, 3880108919, 1884912078, 1984510336, 2649914486, 3920653370, 2130262540, 2559584956, 3478256462, 3304517865, 752411150, 3519253871, 983095638, 601835540, 2608469434, 1557499190, 180030128, 1565016264, 1902459537, 1456871609, 1203596468, 3146918496, 645853564, 1142695244, 460770805, 2489250409, 2820370261, 3159284564, 3806345925, 3192084920, 478037011, 2811428396, 2208096868, 3496023419, 3309747524, 2344556624, 3973268582, 4025101213, 3046419949, 1507879407, 2992471215, 788952634, 1332702432, 2633888285, 2976438832, 3015526804, 3831731425, 2045368744, 3182103185, 1145938687, 105688769, 3796783802, 3238042863, 3381529571, 2332827017, 3527382693, 3875359221, 2872225648, 2915440151, 4120676860, 1067925016, 2728874188, 649907519, 2341575974, 3949137355, 369042001, 2628104245, 207612096, 2537293187, 2974202358, 2397527211, 2269651597, 2469073895, 1863193592, 4155506665, 1293613226, 1825499498, 208109084, 3897804187, 249988621, 1632598492, 1903785143, 21336585, 773427068, 1134898495, 3758341614, 2766298591, 922309288, 3752654947, 3365531445, 1729890217, 1739284051, 2396030860, 4134520602, 1981767403, 1151505291, 3854678870, 3151851118, 1564120278, 1805627354, 2141761653, 3094225047, 615397868, 1152934506, 2105387279, 3452503218, 3219440157, 4220122622, 752456014, 2923389746, 319210946, 1743778875, 478432770, 2303867661, 3392536148, 541), None)
write weights?
events: 
  ----
(3, (55563045, 286330294, 3639233331, 348127359, 4186266899, 3662485664, 2719519742, 2196721536, 3424739858, 3351625807, 3057938448, 3311016473, 3835248951, 2934757212, 4270533397, 520073529, 477912758, 2878404456, 384281235, 2264888289, 3705337319, 1913097569, 2392607790, 3611721136, 1104899751, 2495865140, 3278263868, 2975954044, 962164151, 763985585, 3299241120, 3114574903, 921948316, 402235837, 3465186722, 4150051430, 2400495659, 3096443845, 1744751382, 2288055429, 1948621629, 3882628746, 2376539945, 2762508094, 431224732, 3189510657, 2449633099, 1713089914, 3582783910, 2737182381, 50877903, 3915096721, 2886394712, 1493952212, 2205232457, 1165659702, 3661059102, 1752906906, 431918328, 2374610357, 1596114444, 2937831055, 1764357345, 1206773050, 4119537775, 2037826092, 899976237, 3914582525, 1601170446, 2895806629, 1433354144, 2078052216, 704189834, 2575535893, 2360640198, 3678010041, 3327006393, 987033197, 668335439, 1456636642, 1624929613, 3500131752, 1633522457, 4012854510, 2666127265, 3271773, 2189615142, 295622734, 1183131629, 3865353211, 4030484096, 1372030730, 2461819790, 1087214284, 1747917694, 691728837, 1991708765, 30618351, 1882210914, 2386214205, 2688988535, 1157716351, 504705543, 2078818453, 3690656227, 11216354, 2243733564, 2678524180, 104172037, 3255882936, 2846544701, 3538072847, 1808588475, 360525704, 847882056, 386608227, 2985105897, 439489951, 2442240408, 675118054, 1938280818, 3532374787, 2142696314, 4214628403, 3233136581, 2873438565, 2481488857, 520397505, 116587464, 3498593203, 1562492906, 1210833040, 453285211, 1749776974, 212088610, 3680681387, 1534929062, 1455302168, 2636337589, 1635738891, 1867054160, 2393545558, 4106407496, 2488729871, 4277574546, 4235795890, 3524636531, 2659736443, 777369416, 3180751447, 1953567289, 92506355, 1594491593, 828924996, 2530264984, 1021018569, 1515276001, 1382716462, 878368592, 2534074049, 2132378015, 2728794431, 1067084298, 1500793232, 2178646193, 207995994, 3881619860, 167301767, 2383624012, 2188720770, 2660760335, 11672129, 2114382645, 1568472610, 3069468499, 3977633442, 647731660, 986959097, 2098904097, 1982958741, 510623322, 1925873377, 59806661, 1983752810, 2574187387, 3925240053, 940294699, 1463335861, 1393841451, 355319162, 2715169832, 3085402899, 2279046144, 2366490560, 23029257, 2509888963, 1341357844, 132215277, 396894985, 1240719178, 2690147143, 1811425094, 504830731, 3939763478, 3598719683, 376739090, 2524912918, 809060618, 2239509140, 1697206671, 1203780547, 1150096943, 2973173953, 1540709489, 2034237206, 3430853209, 2080526434, 1936151497, 3034626139, 927501707, 1254916295, 982123614, 760691561, 4034575300, 2361394445, 389314789, 1654842538, 1946069146, 500621417, 374102082, 467599207, 4177760862, 2486026288, 3763203688, 2739885170, 3704411447, 340857172, 1209110863, 3636271341, 2651509663, 351443869, 1773460699, 2669363213, 4181451262, 3084373510, 800581319, 2305417648, 2570756769, 3828404025, 4112020023, 3888436527, 1777554583, 3577284198, 945948640, 3443115110, 3457392001, 1282567226, 4086607159, 691721636, 1873390205, 1626262809, 2774335293, 1994611700, 4275537083, 2614699600, 2702716828, 2499972899, 1607093054, 3732553085, 2932204767, 746553658, 2663582955, 2230035705, 3357360451, 933593010, 1856225293, 4254219865, 2567662261, 644934209, 2005708287, 759707192, 1831732337, 140799436, 3635298978, 4292483646, 2270610089, 604751118, 2213225953, 3391566588, 386670465, 3240688614, 61897910, 2288077164, 1645308343, 2680304509, 3321761599, 2559810825, 2295004062, 1036470087, 3513763623, 2538734864, 1069996761, 926579014, 495535639, 3918673281, 799087225, 2340159697, 4238827670, 3138156946, 1355971088, 540558841, 2229816169, 3411283853, 226576905, 3244916704, 2087078899, 1932900229, 1620870284, 3192009936, 7918609, 578185851, 1846426368, 1235499098, 3302510060, 66971100, 2625403841, 561439172, 675759442, 2532946747, 447903524, 3366950274, 884295597, 3633042434, 257228161, 1927105452, 4184191146, 782706802, 2629141090, 1058255005, 196457180, 3207840080, 2878898510, 245036950, 3234460109, 2784623674, 4265326743, 4074388709, 1485141961, 3971913233, 1447058588, 3941757065, 2868827829, 87045946, 3523924075, 751771076, 131507577, 2973281003, 2449039626, 1887401696, 3574218275, 1884937261, 773472522, 1771156164, 1434677146, 841100045, 1106741156, 3817127489, 22940645, 973679423, 712948974, 3382616053, 3447453410, 2316767189, 3826176429, 3698585705, 3344510618, 4175613917, 547532155, 3348068852, 307758308, 3397028774, 3282117718, 1857134738, 852346533, 2513589529, 1741804392, 2039615708, 1060328301, 1745223613, 2443994874, 2911105443, 2030197987, 2903861789, 2458040555, 963124294, 2675131565, 4294659275, 3902656677, 822692367, 928332469, 142621482, 719865493, 3717813949, 3406257423, 2573083778, 2790459060, 3969352053, 1733630001, 3548798049, 2937238112, 4045485108, 2311588433, 2090337335, 1793350579, 2982295286, 1254557508, 3196154357, 2701082231, 3898368640, 4234186930, 3655803902, 1232724541, 3854133910, 3849669921, 3598282553, 843268391, 1784174138, 4234556746, 2244064466, 2785453708, 2232535538, 166402608, 1076613946, 2288592453, 2099646114, 1994494683, 1101366476, 1294983833, 658050671, 2897196326, 3396682562, 960653880, 12171061, 2273467324, 3517580976, 2070442341, 3234808513, 467168819, 2994451413, 1377202433, 2858174942, 29717833, 1549566937, 1580316929, 3401144698, 778056293, 2870311294, 3737221907, 2548368668, 337218813, 3597155181, 3431028623, 3399383536, 2378885520, 627966015, 1611943380, 239783858, 866863383, 1833579965, 1488922338, 1473885787, 688372919, 400360829, 340244523, 2588623063, 3939306701, 2661549518, 253689788, 870487514, 1108763823, 1359021191, 2671011369, 2925591035, 978870884, 2770529730, 2702847443, 3639425851, 108858627, 1073116036, 2272762158, 2221380619, 328903546, 331875984, 2825294630, 2211510919, 3987893336, 2943202254, 156777919, 659710384, 4056696109, 58770118, 1195354379, 565091651, 174753352, 960441486, 578262971, 2050492499, 1686930610, 3729447638, 2731424936, 2692939333, 3305015038, 2310012050, 1356067603, 4237801703, 3329173410, 1889853990, 979055437, 1440484785, 965230340, 1063060764, 2385352567, 3359835618, 4143537042, 2375515846, 325281571, 1893067440, 624015763, 471362691, 720596086, 1320566441, 3416008487, 3138571356, 408668474, 832727011, 3844805688, 3098204077, 2132404517, 1407179199, 3634196635, 1280260923, 810632578, 516232529, 921320365, 385164991, 1354731969, 3283759672, 3616468563, 3995612552, 505873223, 3815766940, 2492181517, 3301447385, 2024293646, 3279831037, 3926745071, 2641314483, 864154658, 2929434642, 3920428383, 4141613865, 2400386690, 636161713, 3736097791, 1992529479, 1787488037, 3294497032, 3321726382, 4098563650, 533290992, 178202509, 2687578793, 310546093, 556604690, 3487506188, 2861654641, 3302420098, 2991664242, 1954924607, 3751581347, 43510087, 1531450424, 2768890450, 3619018430, 2812155327, 1984743918, 2016111665, 2921476084, 515767780, 3357915200, 3425244737, 623832243, 4180517348, 3548733622, 3391591893, 1635091051, 2627760128, 886757552, 670909929, 550113315, 3815150187, 2806256612, 626929968, 1136342727, 306344144, 2590101187, 2093305487, 4290075723, 1702743219, 3951951878, 1620761171, 3079562284, 3228022576, 1601606277, 4190732988, 364971330, 3351293533, 3130802234, 813776386, 132784351, 2629869546, 2764681503, 4201233287, 659821958, 14), None)
write weights?
events: me found the exit, 
  ----
(3, (55563045, 286330294, 3639233331, 348127359, 4186266899, 3662485664, 2719519742, 2196721536, 3424739858, 3351625807, 3057938448, 3311016473, 3835248951, 2934757212, 4270533397, 520073529, 477912758, 2878404456, 384281235, 2264888289, 3705337319, 1913097569, 2392607790, 3611721136, 1104899751, 2495865140, 3278263868, 2975954044, 962164151, 763985585, 3299241120, 3114574903, 921948316, 402235837, 3465186722, 4150051430, 2400495659, 3096443845, 1744751382, 2288055429, 1948621629, 3882628746, 2376539945, 2762508094, 431224732, 3189510657, 2449633099, 1713089914, 3582783910, 2737182381, 50877903, 3915096721, 2886394712, 1493952212, 2205232457, 1165659702, 3661059102, 1752906906, 431918328, 2374610357, 1596114444, 2937831055, 1764357345, 1206773050, 4119537775, 2037826092, 899976237, 3914582525, 1601170446, 2895806629, 1433354144, 2078052216, 704189834, 2575535893, 2360640198, 3678010041, 3327006393, 987033197, 668335439, 1456636642, 1624929613, 3500131752, 1633522457, 4012854510, 2666127265, 3271773, 2189615142, 295622734, 1183131629, 3865353211, 4030484096, 1372030730, 2461819790, 1087214284, 1747917694, 691728837, 1991708765, 30618351, 1882210914, 2386214205, 2688988535, 1157716351, 504705543, 2078818453, 3690656227, 11216354, 2243733564, 2678524180, 104172037, 3255882936, 2846544701, 3538072847, 1808588475, 360525704, 847882056, 386608227, 2985105897, 439489951, 2442240408, 675118054, 1938280818, 3532374787, 2142696314, 4214628403, 3233136581, 2873438565, 2481488857, 520397505, 116587464, 3498593203, 1562492906, 1210833040, 453285211, 1749776974, 212088610, 3680681387, 1534929062, 1455302168, 2636337589, 1635738891, 1867054160, 2393545558, 4106407496, 2488729871, 4277574546, 4235795890, 3524636531, 2659736443, 777369416, 3180751447, 1953567289, 92506355, 1594491593, 828924996, 2530264984, 1021018569, 1515276001, 1382716462, 878368592, 2534074049, 2132378015, 2728794431, 1067084298, 1500793232, 2178646193, 207995994, 3881619860, 167301767, 2383624012, 2188720770, 2660760335, 11672129, 2114382645, 1568472610, 3069468499, 3977633442, 647731660, 986959097, 2098904097, 1982958741, 510623322, 1925873377, 59806661, 1983752810, 2574187387, 3925240053, 940294699, 1463335861, 1393841451, 355319162, 2715169832, 3085402899, 2279046144, 2366490560, 23029257, 2509888963, 1341357844, 132215277, 396894985, 1240719178, 2690147143, 1811425094, 504830731, 3939763478, 3598719683, 376739090, 2524912918, 809060618, 2239509140, 1697206671, 1203780547, 1150096943, 2973173953, 1540709489, 2034237206, 3430853209, 2080526434, 1936151497, 3034626139, 927501707, 1254916295, 982123614, 760691561, 4034575300, 2361394445, 389314789, 1654842538, 1946069146, 500621417, 374102082, 467599207, 4177760862, 2486026288, 3763203688, 2739885170, 3704411447, 340857172, 1209110863, 3636271341, 2651509663, 351443869, 1773460699, 2669363213, 4181451262, 3084373510, 800581319, 2305417648, 2570756769, 3828404025, 4112020023, 3888436527, 1777554583, 3577284198, 945948640, 3443115110, 3457392001, 1282567226, 4086607159, 691721636, 1873390205, 1626262809, 2774335293, 1994611700, 4275537083, 2614699600, 2702716828, 2499972899, 1607093054, 3732553085, 2932204767, 746553658, 2663582955, 2230035705, 3357360451, 933593010, 1856225293, 4254219865, 2567662261, 644934209, 2005708287, 759707192, 1831732337, 140799436, 3635298978, 4292483646, 2270610089, 604751118, 2213225953, 3391566588, 386670465, 3240688614, 61897910, 2288077164, 1645308343, 2680304509, 3321761599, 2559810825, 2295004062, 1036470087, 3513763623, 2538734864, 1069996761, 926579014, 495535639, 3918673281, 799087225, 2340159697, 4238827670, 3138156946, 1355971088, 540558841, 2229816169, 3411283853, 226576905, 3244916704, 2087078899, 1932900229, 1620870284, 3192009936, 7918609, 578185851, 1846426368, 1235499098, 3302510060, 66971100, 2625403841, 561439172, 675759442, 2532946747, 447903524, 3366950274, 884295597, 3633042434, 257228161, 1927105452, 4184191146, 782706802, 2629141090, 1058255005, 196457180, 3207840080, 2878898510, 245036950, 3234460109, 2784623674, 4265326743, 4074388709, 1485141961, 3971913233, 1447058588, 3941757065, 2868827829, 87045946, 3523924075, 751771076, 131507577, 2973281003, 2449039626, 1887401696, 3574218275, 1884937261, 773472522, 1771156164, 1434677146, 841100045, 1106741156, 3817127489, 22940645, 973679423, 712948974, 3382616053, 3447453410, 2316767189, 3826176429, 3698585705, 3344510618, 4175613917, 547532155, 3348068852, 307758308, 3397028774, 3282117718, 1857134738, 852346533, 2513589529, 1741804392, 2039615708, 1060328301, 1745223613, 2443994874, 2911105443, 2030197987, 2903861789, 2458040555, 963124294, 2675131565, 4294659275, 3902656677, 822692367, 928332469, 142621482, 719865493, 3717813949, 3406257423, 2573083778, 2790459060, 3969352053, 1733630001, 3548798049, 2937238112, 4045485108, 2311588433, 2090337335, 1793350579, 2982295286, 1254557508, 3196154357, 2701082231, 3898368640, 4234186930, 3655803902, 1232724541, 3854133910, 3849669921, 3598282553, 843268391, 1784174138, 4234556746, 2244064466, 2785453708, 2232535538, 166402608, 1076613946, 2288592453, 2099646114, 1994494683, 1101366476, 1294983833, 658050671, 2897196326, 3396682562, 960653880, 12171061, 2273467324, 3517580976, 2070442341, 3234808513, 467168819, 2994451413, 1377202433, 2858174942, 29717833, 1549566937, 1580316929, 3401144698, 778056293, 2870311294, 3737221907, 2548368668, 337218813, 3597155181, 3431028623, 3399383536, 2378885520, 627966015, 1611943380, 239783858, 866863383, 1833579965, 1488922338, 1473885787, 688372919, 400360829, 340244523, 2588623063, 3939306701, 2661549518, 253689788, 870487514, 1108763823, 1359021191, 2671011369, 2925591035, 978870884, 2770529730, 2702847443, 3639425851, 108858627, 1073116036, 2272762158, 2221380619, 328903546, 331875984, 2825294630, 2211510919, 3987893336, 2943202254, 156777919, 659710384, 4056696109, 58770118, 1195354379, 565091651, 174753352, 960441486, 578262971, 2050492499, 1686930610, 3729447638, 2731424936, 2692939333, 3305015038, 2310012050, 1356067603, 4237801703, 3329173410, 1889853990, 979055437, 1440484785, 965230340, 1063060764, 2385352567, 3359835618, 4143537042, 2375515846, 325281571, 1893067440, 624015763, 471362691, 720596086, 1320566441, 3416008487, 3138571356, 408668474, 832727011, 3844805688, 3098204077, 2132404517, 1407179199, 3634196635, 1280260923, 810632578, 516232529, 921320365, 385164991, 1354731969, 3283759672, 3616468563, 3995612552, 505873223, 3815766940, 2492181517, 3301447385, 2024293646, 3279831037, 3926745071, 2641314483, 864154658, 2929434642, 3920428383, 4141613865, 2400386690, 636161713, 3736097791, 1992529479, 1787488037, 3294497032, 3321726382, 4098563650, 533290992, 178202509, 2687578793, 310546093, 556604690, 3487506188, 2861654641, 3302420098, 2991664242, 1954924607, 3751581347, 43510087, 1531450424, 2768890450, 3619018430, 2812155327, 1984743918, 2016111665, 2921476084, 515767780, 3357915200, 3425244737, 623832243, 4180517348, 3548733622, 3391591893, 1635091051, 2627760128, 886757552, 670909929, 550113315, 3815150187, 2806256612, 626929968, 1136342727, 306344144, 2590101187, 2093305487, 4290075723, 1702743219, 3951951878, 1620761171, 3079562284, 3228022576, 1601606277, 4190732988, 364971330, 3351293533, 3130802234, 813776386, 132784351, 2629869546, 2764681503, 4201233287, 659821958, 318), None)
write weights?
events: 
  ----
(3, (55563045, 286330294, 3639233331, 348127359, 4186266899, 3662485664, 2719519742, 2196721536, 3424739858, 3351625807, 3057938448, 3311016473, 3835248951, 2934757212, 4270533397, 520073529, 477912758, 2878404456, 384281235, 2264888289, 3705337319, 1913097569, 2392607790, 3611721136, 1104899751, 2495865140, 3278263868, 2975954044, 962164151, 763985585, 3299241120, 3114574903, 921948316, 402235837, 3465186722, 4150051430, 2400495659, 3096443845, 1744751382, 2288055429, 1948621629, 3882628746, 2376539945, 2762508094, 431224732, 3189510657, 2449633099, 1713089914, 3582783910, 2737182381, 50877903, 3915096721, 2886394712, 1493952212, 2205232457, 1165659702, 3661059102, 1752906906, 431918328, 2374610357, 1596114444, 2937831055, 1764357345, 1206773050, 4119537775, 2037826092, 899976237, 3914582525, 1601170446, 2895806629, 1433354144, 2078052216, 704189834, 2575535893, 2360640198, 3678010041, 3327006393, 987033197, 668335439, 1456636642, 1624929613, 3500131752, 1633522457, 4012854510, 2666127265, 3271773, 2189615142, 295622734, 1183131629, 3865353211, 4030484096, 1372030730, 2461819790, 1087214284, 1747917694, 691728837, 1991708765, 30618351, 1882210914, 2386214205, 2688988535, 1157716351, 504705543, 2078818453, 3690656227, 11216354, 2243733564, 2678524180, 104172037, 3255882936, 2846544701, 3538072847, 1808588475, 360525704, 847882056, 386608227, 2985105897, 439489951, 2442240408, 675118054, 1938280818, 3532374787, 2142696314, 4214628403, 3233136581, 2873438565, 2481488857, 520397505, 116587464, 3498593203, 1562492906, 1210833040, 453285211, 1749776974, 212088610, 3680681387, 1534929062, 1455302168, 2636337589, 1635738891, 1867054160, 2393545558, 4106407496, 2488729871, 4277574546, 4235795890, 3524636531, 2659736443, 777369416, 3180751447, 1953567289, 92506355, 1594491593, 828924996, 2530264984, 1021018569, 1515276001, 1382716462, 878368592, 2534074049, 2132378015, 2728794431, 1067084298, 1500793232, 2178646193, 207995994, 3881619860, 167301767, 2383624012, 2188720770, 2660760335, 11672129, 2114382645, 1568472610, 3069468499, 3977633442, 647731660, 986959097, 2098904097, 1982958741, 510623322, 1925873377, 59806661, 1983752810, 2574187387, 3925240053, 940294699, 1463335861, 1393841451, 355319162, 2715169832, 3085402899, 2279046144, 2366490560, 23029257, 2509888963, 1341357844, 132215277, 396894985, 1240719178, 2690147143, 1811425094, 504830731, 3939763478, 3598719683, 376739090, 2524912918, 809060618, 2239509140, 1697206671, 1203780547, 1150096943, 2973173953, 1540709489, 2034237206, 3430853209, 2080526434, 1936151497, 3034626139, 927501707, 1254916295, 982123614, 760691561, 4034575300, 2361394445, 389314789, 1654842538, 1946069146, 500621417, 374102082, 467599207, 4177760862, 2486026288, 3763203688, 2739885170, 3704411447, 340857172, 1209110863, 3636271341, 2651509663, 351443869, 1773460699, 2669363213, 4181451262, 3084373510, 800581319, 2305417648, 2570756769, 3828404025, 4112020023, 3888436527, 1777554583, 3577284198, 945948640, 3443115110, 3457392001, 1282567226, 4086607159, 691721636, 1873390205, 1626262809, 2774335293, 1994611700, 4275537083, 2614699600, 2702716828, 2499972899, 1607093054, 3732553085, 2932204767, 746553658, 2663582955, 2230035705, 3357360451, 933593010, 1856225293, 4254219865, 2567662261, 644934209, 2005708287, 759707192, 1831732337, 140799436, 3635298978, 4292483646, 2270610089, 604751118, 2213225953, 3391566588, 386670465, 3240688614, 61897910, 2288077164, 1645308343, 2680304509, 3321761599, 2559810825, 2295004062, 1036470087, 3513763623, 2538734864, 1069996761, 926579014, 495535639, 3918673281, 799087225, 2340159697, 4238827670, 3138156946, 1355971088, 540558841, 2229816169, 3411283853, 226576905, 3244916704, 2087078899, 1932900229, 1620870284, 3192009936, 7918609, 578185851, 1846426368, 1235499098, 3302510060, 66971100, 2625403841, 561439172, 675759442, 2532946747, 447903524, 3366950274, 884295597, 3633042434, 257228161, 1927105452, 4184191146, 782706802, 2629141090, 1058255005, 196457180, 3207840080, 2878898510, 245036950, 3234460109, 2784623674, 4265326743, 4074388709, 1485141961, 3971913233, 1447058588, 3941757065, 2868827829, 87045946, 3523924075, 751771076, 131507577, 2973281003, 2449039626, 1887401696, 3574218275, 1884937261, 773472522, 1771156164, 1434677146, 841100045, 1106741156, 3817127489, 22940645, 973679423, 712948974, 3382616053, 3447453410, 2316767189, 3826176429, 3698585705, 3344510618, 4175613917, 547532155, 3348068852, 307758308, 3397028774, 3282117718, 1857134738, 852346533, 2513589529, 1741804392, 2039615708, 1060328301, 1745223613, 2443994874, 2911105443, 2030197987, 2903861789, 2458040555, 963124294, 2675131565, 4294659275, 3902656677, 822692367, 928332469, 142621482, 719865493, 3717813949, 3406257423, 2573083778, 2790459060, 3969352053, 1733630001, 3548798049, 2937238112, 4045485108, 2311588433, 2090337335, 1793350579, 2982295286, 1254557508, 3196154357, 2701082231, 3898368640, 4234186930, 3655803902, 1232724541, 3854133910, 3849669921, 3598282553, 843268391, 1784174138, 4234556746, 2244064466, 2785453708, 2232535538, 166402608, 1076613946, 2288592453, 2099646114, 1994494683, 1101366476, 1294983833, 658050671, 2897196326, 3396682562, 960653880, 12171061, 2273467324, 3517580976, 2070442341, 3234808513, 467168819, 2994451413, 1377202433, 2858174942, 29717833, 1549566937, 1580316929, 3401144698, 778056293, 2870311294, 3737221907, 2548368668, 337218813, 3597155181, 3431028623, 3399383536, 2378885520, 627966015, 1611943380, 239783858, 866863383, 1833579965, 1488922338, 1473885787, 688372919, 400360829, 340244523, 2588623063, 3939306701, 2661549518, 253689788, 870487514, 1108763823, 1359021191, 2671011369, 2925591035, 978870884, 2770529730, 2702847443, 3639425851, 108858627, 1073116036, 2272762158, 2221380619, 328903546, 331875984, 2825294630, 2211510919, 3987893336, 2943202254, 156777919, 659710384, 4056696109, 58770118, 1195354379, 565091651, 174753352, 960441486, 578262971, 2050492499, 1686930610, 3729447638, 2731424936, 2692939333, 3305015038, 2310012050, 1356067603, 4237801703, 3329173410, 1889853990, 979055437, 1440484785, 965230340, 1063060764, 2385352567, 3359835618, 4143537042, 2375515846, 325281571, 1893067440, 624015763, 471362691, 720596086, 1320566441, 3416008487, 3138571356, 408668474, 832727011, 3844805688, 3098204077, 2132404517, 1407179199, 3634196635, 1280260923, 810632578, 516232529, 921320365, 385164991, 1354731969, 3283759672, 3616468563, 3995612552, 505873223, 3815766940, 2492181517, 3301447385, 2024293646, 3279831037, 3926745071, 2641314483, 864154658, 2929434642, 3920428383, 4141613865, 2400386690, 636161713, 3736097791, 1992529479, 1787488037, 3294497032, 3321726382, 4098563650, 533290992, 178202509, 2687578793, 310546093, 556604690, 3487506188, 2861654641, 3302420098, 2991664242, 1954924607, 3751581347, 43510087, 1531450424, 2768890450, 3619018430, 2812155327, 1984743918, 2016111665, 2921476084, 515767780, 3357915200, 3425244737, 623832243, 4180517348, 3548733622, 3391591893, 1635091051, 2627760128, 886757552, 670909929, 550113315, 3815150187, 2806256612, 626929968, 1136342727, 306344144, 2590101187, 2093305487, 4290075723, 1702743219, 3951951878, 1620761171, 3079562284, 3228022576, 1601606277, 4190732988, 364971330, 3351293533, 3130802234, 813776386, 132784351, 2629869546, 2764681503, 4201233287, 659821958, 526), None)
write weights?
events: 
  ----
(3, (3759494782, 2222251849, 3829238357, 2907317628, 1204734661, 2358583106, 2322660047, 4283340171, 1555650124, 3082140029, 2633016802, 952257573, 4167358926, 392958305, 1606378002, 1923492716, 2133598215, 1673089888, 3501198955, 1239727065, 1089751064, 4010951831, 2546183786, 537011314, 1125651111, 2215264648, 3183867679, 333276477, 3180285600, 1208705130, 968677262, 3736624284, 888325773, 2723450659, 1917156099, 2661890032, 1294363512, 249129769, 3956889670, 2730490253, 2124020188, 4175573284, 4277925561, 2259466380, 3208958951, 3501207631, 4103048449, 4218191459, 3019098860, 407099641, 3061649316, 3833512569, 1049854571, 854355877, 1668821586, 1900489174, 705439564, 3328581382, 2980861024, 3296991864, 1346638987, 2054770611, 938442336, 1973755781, 2956605081, 1229229881, 543931825, 1255798328, 4015111513, 1694322786, 239406763, 2042019704, 3447083447, 293861176, 3717460276, 3992108798, 3492118466, 279514799, 3248770492, 935432119, 659627368, 3661950089, 1971438296, 2273139592, 1176772824, 2938210792, 1922502211, 526962411, 186700017, 2700287099, 1855901318, 916996675, 3876671560, 2960136628, 2651808583, 2979741281, 830978702, 3150502838, 1940357657, 1715886506, 4073726431, 2974828652, 1429263800, 3077901032, 124402682, 594594141, 1169752770, 3811400019, 58719719, 3085291794, 2499112682, 849610068, 2825956204, 3116772833, 1450418192, 139575481, 2227325187, 4099893291, 2456918609, 1231489695, 2316722707, 705131532, 2635833282, 3322898977, 1116192538, 415233233, 544455213, 2397963042, 2721051173, 507852101, 19158491, 2291308273, 517394769, 1222911288, 2133182765, 3601618959, 855956022, 2788917222, 211555938, 2400102789, 2018288782, 700366491, 197017795, 859076338, 1315818331, 4006048311, 3769018063, 1105198363, 3615233077, 545917947, 1279761141, 1487242291, 110309733, 3892811856, 1408162870, 1894253942, 1369247513, 3646116949, 2021694544, 2079011491, 3151644770, 4048983319, 3306609047, 1866036142, 3374324911, 373646971, 54823523, 1909067233, 732985956, 303907920, 481048657, 1379982087, 829890785, 2297280763, 3602636280, 1104101963, 2773240753, 1750790595, 142677220, 3420541359, 305963997, 3963957506, 3833742230, 2535990309, 3065745565, 1610922904, 1696676795, 387747829, 2094667603, 1757443621, 1826184866, 1565934564, 2393070496, 361633178, 3068834445, 2664701550, 1232955551, 1492857998, 1166831054, 361034108, 1093061395, 2986244275, 362812072, 288239573, 3967703405, 778158011, 463966786, 284977562, 1912461019, 3324896177, 1157326723, 3840866316, 527179489, 1543841240, 146375135, 3194396417, 4291660734, 2058448462, 3614307160, 2075025121, 2816033301, 3206681449, 1071086909, 1135095219, 1985691058, 3409496530, 514539979, 2012649109, 2404578152, 1893352761, 2446060627, 232270557, 4239648886, 3688321270, 136335311, 378658534, 179683589, 698784075, 4006581557, 722805983, 3133067219, 3376050891, 238803859, 617072388, 2909409500, 3557097139, 2624674390, 2883886939, 211209555, 2099868706, 3455270630, 1770295700, 3627762296, 2606306604, 3990625058, 3686168765, 3905521198, 1830927708, 1885616509, 2643267806, 703742050, 154457849, 952780146, 13301840, 1582660839, 944811784, 3445283858, 3366737853, 914912148, 2831431204, 281382438, 1681502532, 766910513, 2942120664, 1429548730, 338847007, 3452886396, 2085472859, 1185948761, 674732407, 2641616194, 1732904116, 1561331847, 1440819795, 482725517, 3819550439, 1551448151, 894930421, 2834821292, 393937811, 880615902, 3020591663, 2705623869, 3061978320, 2972598648, 974177026, 546844077, 3383631319, 3356093492, 2262782783, 3613928075, 3322858903, 2050927914, 2112148957, 3731960652, 1561525515, 1234321404, 2060919201, 2989347201, 4237644027, 469880547, 3129382849, 1894358067, 1378070963, 4166212557, 2880617452, 2428329533, 1908397294, 4020017300, 1864553898, 2272724020, 3135078250, 2482444439, 1886996576, 754865801, 589099771, 1919286019, 1621379229, 4228477950, 1902583673, 1948719585, 724554235, 4258400066, 2094507796, 3751772422, 1412196830, 3116306467, 1383335547, 931060794, 3085519812, 3960106310, 289332187, 2973599872, 3594434334, 306840767, 1913926908, 3157066148, 625056196, 1093098050, 829036377, 175681956, 2073735, 2830249019, 1981035727, 336453953, 599463823, 1454998976, 2031873707, 991902015, 4294086552, 1609106877, 1273827407, 4235063234, 3005054831, 2260778036, 2757163421, 1453923496, 4232085966, 1015144684, 3061432294, 1435078019, 2456747118, 97036862, 395832868, 577989206, 839238404, 3922980249, 1870669327, 294225473, 598635702, 2312571515, 615910527, 4035335931, 3262944586, 2864430561, 1145672766, 4252642250, 382732131, 4185957994, 182423961, 2326850816, 1185028478, 3322710737, 1609598016, 3883605864, 3443879134, 4284161245, 3709873545, 3504535170, 892812660, 76622702, 1635763833, 3175373843, 3923991024, 997421721, 3888276609, 558067048, 2734112050, 3150735410, 2618481036, 1254396370, 1375674969, 3430819486, 2109743296, 1920928855, 4203880310, 2713147841, 418869218, 593890237, 3796945503, 3896136795, 2218133446, 1969621025, 3142152156, 2563908802, 1889552083, 733473753, 63312250, 3808242677, 1462302289, 1440457421, 3429609712, 3009256518, 1697944851, 2994999336, 1362039997, 2041750050, 3463401579, 4072219295, 2052505408, 10752196, 2448288410, 3181884127, 2534967526, 2651711011, 1845682919, 2940918055, 669788960, 1327602486, 720984530, 2588026824, 3246247041, 2099815821, 1006103926, 3117301624, 2597867479, 2259830895, 3661197021, 3738983548, 1318012191, 614419438, 1836020535, 1349823022, 3238687173, 430751649, 3924488940, 2882023563, 353592786, 3848659386, 3168776289, 2840373632, 1066148541, 1194300025, 140266210, 1200269794, 1136971700, 983960572, 3556930571, 3515290396, 1773367524, 231446247, 602199808, 2258258319, 4200132815, 2762218346, 2233078847, 1203447424, 906590624, 177150574, 3824238504, 1225240045, 1471250351, 744744603, 364515726, 3195363729, 1631496819, 1969264676, 57458430, 3319210765, 1819689298, 365581954, 3706376388, 285681211, 3511765819, 4101943641, 3802435759, 443669294, 2992025641, 908925664, 2488911738, 933128492, 1477587140, 315162545, 4214904059, 1449139748, 3500507583, 2472422122, 2275121113, 2832108973, 3203008947, 681340852, 3574580105, 1097625291, 1716753102, 420945561, 4033026412, 223297321, 1080863765, 3547823020, 3295478433, 3240261265, 2214090082, 289347990, 3360406738, 1212328893, 2003831432, 437327030, 2900792035, 264281939, 2412163441, 1242239858, 1849254330, 701437669, 47152573, 3236474065, 3460399496, 2649559644, 4033027824, 1824935446, 2722162009, 2738106041, 3616730426, 1598607484, 3402781730, 2359973813, 733373048, 682091880, 1667942888, 3337691019, 531936777, 996071509, 342013569, 3799838974, 1540778975, 4265198902, 357685438, 3575089427, 2519720551, 1591374883, 763014041, 1596890773, 3255038774, 1652734581, 2613218850, 3909195811, 592194819, 1749188960, 3912426852, 3067698953, 1894869063, 1538277075, 109646952, 1214381264, 2625519552, 37587548, 2650947576, 3907229794, 280492879, 1879034991, 57791549, 2021833193, 3126226118, 3449047494, 2863818397, 368242724, 852613356, 3960787902, 3749683112, 453199008, 2910016468, 1144383446, 1893495502, 2328946872, 3774010865, 4223168945, 4142109145, 2239523404, 1650547965, 292621436, 432245517, 3652953948, 3397936761, 3002756515, 3248417428, 1546683842, 1130906011, 1469165956, 3538973185, 3697261006, 3362571556, 2493312016, 55014004, 2666489373, 3478239202, 175), None)
write weights?
events: 
  ----
(3, (3759494782, 2222251849, 3829238357, 2907317628, 1204734661, 2358583106, 2322660047, 4283340171, 1555650124, 3082140029, 2633016802, 952257573, 4167358926, 392958305, 1606378002, 1923492716, 2133598215, 1673089888, 3501198955, 1239727065, 1089751064, 4010951831, 2546183786, 537011314, 1125651111, 2215264648, 3183867679, 333276477, 3180285600, 1208705130, 968677262, 3736624284, 888325773, 2723450659, 1917156099, 2661890032, 1294363512, 249129769, 3956889670, 2730490253, 2124020188, 4175573284, 4277925561, 2259466380, 3208958951, 3501207631, 4103048449, 4218191459, 3019098860, 407099641, 3061649316, 3833512569, 1049854571, 854355877, 1668821586, 1900489174, 705439564, 3328581382, 2980861024, 3296991864, 1346638987, 2054770611, 938442336, 1973755781, 2956605081, 1229229881, 543931825, 1255798328, 4015111513, 1694322786, 239406763, 2042019704, 3447083447, 293861176, 3717460276, 3992108798, 3492118466, 279514799, 3248770492, 935432119, 659627368, 3661950089, 1971438296, 2273139592, 1176772824, 2938210792, 1922502211, 526962411, 186700017, 2700287099, 1855901318, 916996675, 3876671560, 2960136628, 2651808583, 2979741281, 830978702, 3150502838, 1940357657, 1715886506, 4073726431, 2974828652, 1429263800, 3077901032, 124402682, 594594141, 1169752770, 3811400019, 58719719, 3085291794, 2499112682, 849610068, 2825956204, 3116772833, 1450418192, 139575481, 2227325187, 4099893291, 2456918609, 1231489695, 2316722707, 705131532, 2635833282, 3322898977, 1116192538, 415233233, 544455213, 2397963042, 2721051173, 507852101, 19158491, 2291308273, 517394769, 1222911288, 2133182765, 3601618959, 855956022, 2788917222, 211555938, 2400102789, 2018288782, 700366491, 197017795, 859076338, 1315818331, 4006048311, 3769018063, 1105198363, 3615233077, 545917947, 1279761141, 1487242291, 110309733, 3892811856, 1408162870, 1894253942, 1369247513, 3646116949, 2021694544, 2079011491, 3151644770, 4048983319, 3306609047, 1866036142, 3374324911, 373646971, 54823523, 1909067233, 732985956, 303907920, 481048657, 1379982087, 829890785, 2297280763, 3602636280, 1104101963, 2773240753, 1750790595, 142677220, 3420541359, 305963997, 3963957506, 3833742230, 2535990309, 3065745565, 1610922904, 1696676795, 387747829, 2094667603, 1757443621, 1826184866, 1565934564, 2393070496, 361633178, 3068834445, 2664701550, 1232955551, 1492857998, 1166831054, 361034108, 1093061395, 2986244275, 362812072, 288239573, 3967703405, 778158011, 463966786, 284977562, 1912461019, 3324896177, 1157326723, 3840866316, 527179489, 1543841240, 146375135, 3194396417, 4291660734, 2058448462, 3614307160, 2075025121, 2816033301, 3206681449, 1071086909, 1135095219, 1985691058, 3409496530, 514539979, 2012649109, 2404578152, 1893352761, 2446060627, 232270557, 4239648886, 3688321270, 136335311, 378658534, 179683589, 698784075, 4006581557, 722805983, 3133067219, 3376050891, 238803859, 617072388, 2909409500, 3557097139, 2624674390, 2883886939, 211209555, 2099868706, 3455270630, 1770295700, 3627762296, 2606306604, 3990625058, 3686168765, 3905521198, 1830927708, 1885616509, 2643267806, 703742050, 154457849, 952780146, 13301840, 1582660839, 944811784, 3445283858, 3366737853, 914912148, 2831431204, 281382438, 1681502532, 766910513, 2942120664, 1429548730, 338847007, 3452886396, 2085472859, 1185948761, 674732407, 2641616194, 1732904116, 1561331847, 1440819795, 482725517, 3819550439, 1551448151, 894930421, 2834821292, 393937811, 880615902, 3020591663, 2705623869, 3061978320, 2972598648, 974177026, 546844077, 3383631319, 3356093492, 2262782783, 3613928075, 3322858903, 2050927914, 2112148957, 3731960652, 1561525515, 1234321404, 2060919201, 2989347201, 4237644027, 469880547, 3129382849, 1894358067, 1378070963, 4166212557, 2880617452, 2428329533, 1908397294, 4020017300, 1864553898, 2272724020, 3135078250, 2482444439, 1886996576, 754865801, 589099771, 1919286019, 1621379229, 4228477950, 1902583673, 1948719585, 724554235, 4258400066, 2094507796, 3751772422, 1412196830, 3116306467, 1383335547, 931060794, 3085519812, 3960106310, 289332187, 2973599872, 3594434334, 306840767, 1913926908, 3157066148, 625056196, 1093098050, 829036377, 175681956, 2073735, 2830249019, 1981035727, 336453953, 599463823, 1454998976, 2031873707, 991902015, 4294086552, 1609106877, 1273827407, 4235063234, 3005054831, 2260778036, 2757163421, 1453923496, 4232085966, 1015144684, 3061432294, 1435078019, 2456747118, 97036862, 395832868, 577989206, 839238404, 3922980249, 1870669327, 294225473, 598635702, 2312571515, 615910527, 4035335931, 3262944586, 2864430561, 1145672766, 4252642250, 382732131, 4185957994, 182423961, 2326850816, 1185028478, 3322710737, 1609598016, 3883605864, 3443879134, 4284161245, 3709873545, 3504535170, 892812660, 76622702, 1635763833, 3175373843, 3923991024, 997421721, 3888276609, 558067048, 2734112050, 3150735410, 2618481036, 1254396370, 1375674969, 3430819486, 2109743296, 1920928855, 4203880310, 2713147841, 418869218, 593890237, 3796945503, 3896136795, 2218133446, 1969621025, 3142152156, 2563908802, 1889552083, 733473753, 63312250, 3808242677, 1462302289, 1440457421, 3429609712, 3009256518, 1697944851, 2994999336, 1362039997, 2041750050, 3463401579, 4072219295, 2052505408, 10752196, 2448288410, 3181884127, 2534967526, 2651711011, 1845682919, 2940918055, 669788960, 1327602486, 720984530, 2588026824, 3246247041, 2099815821, 1006103926, 3117301624, 2597867479, 2259830895, 3661197021, 3738983548, 1318012191, 614419438, 1836020535, 1349823022, 3238687173, 430751649, 3924488940, 2882023563, 353592786, 3848659386, 3168776289, 2840373632, 1066148541, 1194300025, 140266210, 1200269794, 1136971700, 983960572, 3556930571, 3515290396, 1773367524, 231446247, 602199808, 2258258319, 4200132815, 2762218346, 2233078847, 1203447424, 906590624, 177150574, 3824238504, 1225240045, 1471250351, 744744603, 364515726, 3195363729, 1631496819, 1969264676, 57458430, 3319210765, 1819689298, 365581954, 3706376388, 285681211, 3511765819, 4101943641, 3802435759, 443669294, 2992025641, 908925664, 2488911738, 933128492, 1477587140, 315162545, 4214904059, 1449139748, 3500507583, 2472422122, 2275121113, 2832108973, 3203008947, 681340852, 3574580105, 1097625291, 1716753102, 420945561, 4033026412, 223297321, 1080863765, 3547823020, 3295478433, 3240261265, 2214090082, 289347990, 3360406738, 1212328893, 2003831432, 437327030, 2900792035, 264281939, 2412163441, 1242239858, 1849254330, 701437669, 47152573, 3236474065, 3460399496, 2649559644, 4033027824, 1824935446, 2722162009, 2738106041, 3616730426, 1598607484, 3402781730, 2359973813, 733373048, 682091880, 1667942888, 3337691019, 531936777, 996071509, 342013569, 3799838974, 1540778975, 4265198902, 357685438, 3575089427, 2519720551, 1591374883, 763014041, 1596890773, 3255038774, 1652734581, 2613218850, 3909195811, 592194819, 1749188960, 3912426852, 3067698953, 1894869063, 1538277075, 109646952, 1214381264, 2625519552, 37587548, 2650947576, 3907229794, 280492879, 1879034991, 57791549, 2021833193, 3126226118, 3449047494, 2863818397, 368242724, 852613356, 3960787902, 3749683112, 453199008, 2910016468, 1144383446, 1893495502, 2328946872, 3774010865, 4223168945, 4142109145, 2239523404, 1650547965, 292621436, 432245517, 3652953948, 3397936761, 3002756515, 3248417428, 1546683842, 1130906011, 1469165956, 3538973185, 3697261006, 3362571556, 2493312016, 55014004, 2666489373, 3478239202, 304), None)
write weights?
events: 
  ----
(3, (3759494782, 2222251849, 3829238357, 2907317628, 1204734661, 2358583106, 2322660047, 4283340171, 1555650124, 3082140029, 2633016802, 952257573, 4167358926, 392958305, 1606378002, 1923492716, 2133598215, 1673089888, 3501198955, 1239727065, 1089751064, 4010951831, 2546183786, 537011314, 1125651111, 2215264648, 3183867679, 333276477, 3180285600, 1208705130, 968677262, 3736624284, 888325773, 2723450659, 1917156099, 2661890032, 1294363512, 249129769, 3956889670, 2730490253, 2124020188, 4175573284, 4277925561, 2259466380, 3208958951, 3501207631, 4103048449, 4218191459, 3019098860, 407099641, 3061649316, 3833512569, 1049854571, 854355877, 1668821586, 1900489174, 705439564, 3328581382, 2980861024, 3296991864, 1346638987, 2054770611, 938442336, 1973755781, 2956605081, 1229229881, 543931825, 1255798328, 4015111513, 1694322786, 239406763, 2042019704, 3447083447, 293861176, 3717460276, 3992108798, 3492118466, 279514799, 3248770492, 935432119, 659627368, 3661950089, 1971438296, 2273139592, 1176772824, 2938210792, 1922502211, 526962411, 186700017, 2700287099, 1855901318, 916996675, 3876671560, 2960136628, 2651808583, 2979741281, 830978702, 3150502838, 1940357657, 1715886506, 4073726431, 2974828652, 1429263800, 3077901032, 124402682, 594594141, 1169752770, 3811400019, 58719719, 3085291794, 2499112682, 849610068, 2825956204, 3116772833, 1450418192, 139575481, 2227325187, 4099893291, 2456918609, 1231489695, 2316722707, 705131532, 2635833282, 3322898977, 1116192538, 415233233, 544455213, 2397963042, 2721051173, 507852101, 19158491, 2291308273, 517394769, 1222911288, 2133182765, 3601618959, 855956022, 2788917222, 211555938, 2400102789, 2018288782, 700366491, 197017795, 859076338, 1315818331, 4006048311, 3769018063, 1105198363, 3615233077, 545917947, 1279761141, 1487242291, 110309733, 3892811856, 1408162870, 1894253942, 1369247513, 3646116949, 2021694544, 2079011491, 3151644770, 4048983319, 3306609047, 1866036142, 3374324911, 373646971, 54823523, 1909067233, 732985956, 303907920, 481048657, 1379982087, 829890785, 2297280763, 3602636280, 1104101963, 2773240753, 1750790595, 142677220, 3420541359, 305963997, 3963957506, 3833742230, 2535990309, 3065745565, 1610922904, 1696676795, 387747829, 2094667603, 1757443621, 1826184866, 1565934564, 2393070496, 361633178, 3068834445, 2664701550, 1232955551, 1492857998, 1166831054, 361034108, 1093061395, 2986244275, 362812072, 288239573, 3967703405, 778158011, 463966786, 284977562, 1912461019, 3324896177, 1157326723, 3840866316, 527179489, 1543841240, 146375135, 3194396417, 4291660734, 2058448462, 3614307160, 2075025121, 2816033301, 3206681449, 1071086909, 1135095219, 1985691058, 3409496530, 514539979, 2012649109, 2404578152, 1893352761, 2446060627, 232270557, 4239648886, 3688321270, 136335311, 378658534, 179683589, 698784075, 4006581557, 722805983, 3133067219, 3376050891, 238803859, 617072388, 2909409500, 3557097139, 2624674390, 2883886939, 211209555, 2099868706, 3455270630, 1770295700, 3627762296, 2606306604, 3990625058, 3686168765, 3905521198, 1830927708, 1885616509, 2643267806, 703742050, 154457849, 952780146, 13301840, 1582660839, 944811784, 3445283858, 3366737853, 914912148, 2831431204, 281382438, 1681502532, 766910513, 2942120664, 1429548730, 338847007, 3452886396, 2085472859, 1185948761, 674732407, 2641616194, 1732904116, 1561331847, 1440819795, 482725517, 3819550439, 1551448151, 894930421, 2834821292, 393937811, 880615902, 3020591663, 2705623869, 3061978320, 2972598648, 974177026, 546844077, 3383631319, 3356093492, 2262782783, 3613928075, 3322858903, 2050927914, 2112148957, 3731960652, 1561525515, 1234321404, 2060919201, 2989347201, 4237644027, 469880547, 3129382849, 1894358067, 1378070963, 4166212557, 2880617452, 2428329533, 1908397294, 4020017300, 1864553898, 2272724020, 3135078250, 2482444439, 1886996576, 754865801, 589099771, 1919286019, 1621379229, 4228477950, 1902583673, 1948719585, 724554235, 4258400066, 2094507796, 3751772422, 1412196830, 3116306467, 1383335547, 931060794, 3085519812, 3960106310, 289332187, 2973599872, 3594434334, 306840767, 1913926908, 3157066148, 625056196, 1093098050, 829036377, 175681956, 2073735, 2830249019, 1981035727, 336453953, 599463823, 1454998976, 2031873707, 991902015, 4294086552, 1609106877, 1273827407, 4235063234, 3005054831, 2260778036, 2757163421, 1453923496, 4232085966, 1015144684, 3061432294, 1435078019, 2456747118, 97036862, 395832868, 577989206, 839238404, 3922980249, 1870669327, 294225473, 598635702, 2312571515, 615910527, 4035335931, 3262944586, 2864430561, 1145672766, 4252642250, 382732131, 4185957994, 182423961, 2326850816, 1185028478, 3322710737, 1609598016, 3883605864, 3443879134, 4284161245, 3709873545, 3504535170, 892812660, 76622702, 1635763833, 3175373843, 3923991024, 997421721, 3888276609, 558067048, 2734112050, 3150735410, 2618481036, 1254396370, 1375674969, 3430819486, 2109743296, 1920928855, 4203880310, 2713147841, 418869218, 593890237, 3796945503, 3896136795, 2218133446, 1969621025, 3142152156, 2563908802, 1889552083, 733473753, 63312250, 3808242677, 1462302289, 1440457421, 3429609712, 3009256518, 1697944851, 2994999336, 1362039997, 2041750050, 3463401579, 4072219295, 2052505408, 10752196, 2448288410, 3181884127, 2534967526, 2651711011, 1845682919, 2940918055, 669788960, 1327602486, 720984530, 2588026824, 3246247041, 2099815821, 1006103926, 3117301624, 2597867479, 2259830895, 3661197021, 3738983548, 1318012191, 614419438, 1836020535, 1349823022, 3238687173, 430751649, 3924488940, 2882023563, 353592786, 3848659386, 3168776289, 2840373632, 1066148541, 1194300025, 140266210, 1200269794, 1136971700, 983960572, 3556930571, 3515290396, 1773367524, 231446247, 602199808, 2258258319, 4200132815, 2762218346, 2233078847, 1203447424, 906590624, 177150574, 3824238504, 1225240045, 1471250351, 744744603, 364515726, 3195363729, 1631496819, 1969264676, 57458430, 3319210765, 1819689298, 365581954, 3706376388, 285681211, 3511765819, 4101943641, 3802435759, 443669294, 2992025641, 908925664, 2488911738, 933128492, 1477587140, 315162545, 4214904059, 1449139748, 3500507583, 2472422122, 2275121113, 2832108973, 3203008947, 681340852, 3574580105, 1097625291, 1716753102, 420945561, 4033026412, 223297321, 1080863765, 3547823020, 3295478433, 3240261265, 2214090082, 289347990, 3360406738, 1212328893, 2003831432, 437327030, 2900792035, 264281939, 2412163441, 1242239858, 1849254330, 701437669, 47152573, 3236474065, 3460399496, 2649559644, 4033027824, 1824935446, 2722162009, 2738106041, 3616730426, 1598607484, 3402781730, 2359973813, 733373048, 682091880, 1667942888, 3337691019, 531936777, 996071509, 342013569, 3799838974, 1540778975, 4265198902, 357685438, 3575089427, 2519720551, 1591374883, 763014041, 1596890773, 3255038774, 1652734581, 2613218850, 3909195811, 592194819, 1749188960, 3912426852, 3067698953, 1894869063, 1538277075, 109646952, 1214381264, 2625519552, 37587548, 2650947576, 3907229794, 280492879, 1879034991, 57791549, 2021833193, 3126226118, 3449047494, 2863818397, 368242724, 852613356, 3960787902, 3749683112, 453199008, 2910016468, 1144383446, 1893495502, 2328946872, 3774010865, 4223168945, 4142109145, 2239523404, 1650547965, 292621436, 432245517, 3652953948, 3397936761, 3002756515, 3248417428, 1546683842, 1130906011, 1469165956, 3538973185, 3697261006, 3362571556, 2493312016, 55014004, 2666489373, 3478239202, 507), None)
write weights?
events: 
  ----
(3, (101905138, 1005880183, 1670524874, 4269735635, 1731545560, 1635029419, 256680938, 1429199295, 1695549664, 1866153881, 1738451967, 2281571541, 1319920099, 1696276699, 1756116975, 1793099330, 1276938608, 3274685373, 124318277, 2177727949, 3061251446, 1753734280, 2991708262, 1354690007, 2251499266, 2995536753, 1806658973, 2249556882, 346420966, 929660958, 748306228, 562886764, 3741974815, 3052515219, 3275696904, 3587090938, 4216361048, 2271788043, 2574801060, 117333708, 4062071033, 348940572, 956359430, 3322857960, 1623016034, 1592312960, 1940260616, 3354657621, 3140206148, 3027525365, 3436968643, 2304830172, 2861031135, 2885566177, 4192098410, 1747891755, 415556341, 3776451912, 4170859243, 2006512373, 2114812379, 3307987788, 3981801986, 2777342077, 2428863604, 3645490217, 3831925465, 3071070674, 2610191069, 904005377, 700988014, 1524005310, 4095626237, 2273661210, 1232436674, 792538520, 3640687978, 1733857084, 2167191728, 688817480, 1613279888, 2873619056, 1779293472, 1859749515, 880022516, 1725529713, 1826891621, 943506381, 208349917, 821313987, 3025528926, 956805706, 3150525298, 2668145809, 2524205120, 1956658140, 140409941, 1588465730, 1377666726, 3573561364, 1539611336, 2941209041, 2009908262, 1451182975, 1415185589, 870033242, 2043631437, 751435637, 4183193638, 1342925915, 3942953603, 571821910, 1370644821, 1554495780, 3308412999, 2309057519, 404574257, 2253415379, 756986927, 257796924, 3533188575, 2789425740, 1155861628, 1239396409, 1079544126, 3361538818, 1629786975, 3506984788, 642331409, 2497029403, 3710736306, 85238747, 3760132157, 1740120792, 833014202, 1220375693, 3679847201, 235708556, 3925864085, 1714898673, 556891505, 2467762157, 2522647048, 4097132032, 3226626174, 3230987613, 4213715951, 1918768660, 118240426, 583430137, 1161391158, 4136068731, 2520983921, 3401793698, 4024889217, 4002342703, 2138263255, 4041873821, 2404076534, 894091609, 2194224060, 1030931359, 1747455966, 2261149405, 3326653795, 2060846352, 4198227440, 3957454852, 476019350, 1112090084, 638009147, 3748222092, 2953103163, 879980649, 1005380300, 3911987058, 1994868252, 3980464721, 2679387403, 3092537425, 3742399973, 3298328258, 2725104266, 2581939778, 1988839844, 3824800210, 251185381, 2774020394, 862630965, 3733927731, 1042078397, 1756258751, 1236721392, 4211036272, 4114375665, 807554390, 2261777626, 926205635, 940810322, 1435436776, 1585976110, 1372802548, 1022162145, 3942808511, 3202620876, 2265129369, 3901546812, 1515072003, 1291702494, 2114546002, 1343627515, 3352277971, 935401953, 1156568940, 1286838566, 3441207420, 3167116723, 2005302382, 2813845044, 3715473489, 342477674, 448575375, 1890607906, 2947642057, 651892381, 1219655207, 1839352951, 29068102, 3666940212, 4068436284, 563764066, 1500298723, 211761616, 3528733906, 1583822540, 4181874877, 3806381027, 3388068282, 1266427493, 3405493973, 2559486305, 3065604857, 2021877184, 1521058078, 807760955, 1230004078, 1295483583, 1765092096, 1444112025, 2494056213, 612148509, 2855175742, 4280338919, 490823692, 1925582611, 1623274993, 1106861744, 2376110933, 793407491, 2347966766, 677606448, 3747219889, 3584808402, 1299357428, 2604723087, 3218421421, 4221617613, 2841276723, 11432462, 1902257173, 4094824778, 4017021605, 1229348332, 423399509, 1424326917, 2647445754, 1398409991, 1988843568, 74684088, 2755539070, 3629857979, 1314843894, 3688272861, 2410591596, 1237614308, 263089695, 4097541328, 1786151309, 396284506, 4151044845, 646388149, 1500475701, 2181615169, 3169954405, 3926175827, 315686100, 2285746485, 1305267316, 2159108350, 111341159, 2106230542, 879373143, 2294806441, 4130923724, 2430157158, 2783291214, 2372773191, 3761695375, 1275456210, 3171256974, 3935468980, 3574099250, 3602912887, 3385145948, 1843764795, 3711776028, 1210821556, 2208015380, 1318508703, 3094524264, 3261469476, 1183280340, 211591148, 2267670478, 3593001440, 4062694392, 2086317189, 1707090743, 1324644018, 3570923529, 3672118109, 1790117652, 1303409872, 1442879438, 1189071770, 2088845544, 2688147385, 4038843550, 971106996, 666327030, 2368758806, 3719078919, 3804115040, 3358646961, 3210377645, 856175869, 1576888286, 4060840190, 671021375, 1104762030, 3503870629, 3439931388, 710912442, 4062892832, 1507683404, 219542001, 827384465, 1504345074, 988668951, 383984188, 3678804512, 261111387, 2285599717, 2553699643, 3308219549, 2192269505, 1477903894, 2138148103, 2284572702, 1704000534, 4244781111, 2192981345, 3412001359, 3927017156, 1801254806, 2867688121, 3423521825, 3572834249, 3880803360, 195042451, 26277442, 1319990307, 2410720650, 3005620472, 2463028098, 2985713171, 3878318647, 3188285577, 3776297868, 1836087646, 3851905634, 2084978900, 355354416, 3381023300, 2369998443, 4210705447, 3050406911, 1316373626, 2247281206, 2991346316, 2646877066, 3158735898, 2648540042, 2992000911, 1202229454, 3474293695, 2838494920, 2197178876, 2324763140, 3339682403, 672294833, 1353997035, 2635710898, 2932866577, 2551266961, 4206471178, 2465497282, 3064426428, 3230577743, 2762163202, 3101971347, 378001214, 763820728, 3399937723, 3597423989, 3032540513, 1416367701, 4143855115, 2739897859, 2399769944, 3442975687, 3880440815, 1821498319, 4056869160, 2882605186, 1881440719, 3224793528, 2957115755, 3135564915, 932385155, 1276715553, 2338910358, 2257644559, 1791499901, 2576334274, 689570424, 2390996417, 871958257, 264248166, 2106683590, 1443308630, 3242718340, 1430880412, 1900368843, 3588168818, 12617180, 107703949, 1324643676, 2804133811, 516987943, 2112568726, 1985831899, 1087361152, 926821612, 4244941004, 2274397951, 2154955836, 2856081852, 1910374934, 740634880, 2624004255, 2327449048, 1300134431, 1861408334, 1222069466, 1262510951, 664915407, 1287597203, 3740745292, 1624093259, 213060492, 3900939019, 2229665097, 329995013, 1445276053, 1285022531, 2432146942, 757397767, 4003632741, 673231867, 4288844284, 343517213, 3037216362, 2106770906, 1087214805, 975060508, 1892973418, 1341206547, 2572534284, 1134786221, 927594551, 2238620359, 745326008, 2959991668, 2664538296, 1229683503, 605935797, 2202907083, 1148325707, 2149164875, 2745675022, 3651711459, 2872833213, 2668334018, 3677155725, 1580320559, 766415326, 3957911484, 2668807475, 3594975643, 259980158, 330971113, 569980339, 499025574, 1979531458, 1595822005, 3214674098, 1412512472, 3478395608, 1902017598, 3083128445, 3628518829, 2176874791, 1883521094, 3683577803, 1091395721, 847147808, 880444098, 1273202005, 3016073166, 4275669633, 3758794134, 1163016989, 4049030403, 3837486288, 6312369, 3225632272, 3020239919, 3467620007, 3289266287, 3974140243, 3113005534, 3612271081, 2735159168, 807080459, 1520927750, 3848445181, 1620061255, 3160534223, 3373770789, 3308878929, 2011280357, 2288174552, 2670017826, 3121819841, 2321719010, 4121433626, 2069229272, 1377386772, 1411502069, 3912309546, 1460900936, 1055486956, 2960464656, 983901856, 333429135, 1967138332, 314363390, 746138368, 2660173324, 4050540820, 2112721444, 53145105, 1884170175, 1454072846, 1318856742, 3350228804, 1974553800, 2535482522, 762484686, 2233297752, 2749712510, 1325065040, 317619716, 1712939377, 3189881281, 170865602, 2961414759, 2484049035, 2839933348, 3531587491, 1848935370, 1134340254, 685392934, 915171322, 2783865094, 3818390066, 153645180, 3678667130, 2741861924, 1332388635, 1388008844, 3510184793, 2301767894, 112586907, 3403506510, 3707826305, 2344138373, 410001990, 1600139576, 2284186494, 456936890, 2639437782, 4141415046, 100), None)
write weights?
events: me found the exit, 
  ----
(3, (101905138, 1005880183, 1670524874, 4269735635, 1731545560, 1635029419, 256680938, 1429199295, 1695549664, 1866153881, 1738451967, 2281571541, 1319920099, 1696276699, 1756116975, 1793099330, 1276938608, 3274685373, 124318277, 2177727949, 3061251446, 1753734280, 2991708262, 1354690007, 2251499266, 2995536753, 1806658973, 2249556882, 346420966, 929660958, 748306228, 562886764, 3741974815, 3052515219, 3275696904, 3587090938, 4216361048, 2271788043, 2574801060, 117333708, 4062071033, 348940572, 956359430, 3322857960, 1623016034, 1592312960, 1940260616, 3354657621, 3140206148, 3027525365, 3436968643, 2304830172, 2861031135, 2885566177, 4192098410, 1747891755, 415556341, 3776451912, 4170859243, 2006512373, 2114812379, 3307987788, 3981801986, 2777342077, 2428863604, 3645490217, 3831925465, 3071070674, 2610191069, 904005377, 700988014, 1524005310, 4095626237, 2273661210, 1232436674, 792538520, 3640687978, 1733857084, 2167191728, 688817480, 1613279888, 2873619056, 1779293472, 1859749515, 880022516, 1725529713, 1826891621, 943506381, 208349917, 821313987, 3025528926, 956805706, 3150525298, 2668145809, 2524205120, 1956658140, 140409941, 1588465730, 1377666726, 3573561364, 1539611336, 2941209041, 2009908262, 1451182975, 1415185589, 870033242, 2043631437, 751435637, 4183193638, 1342925915, 3942953603, 571821910, 1370644821, 1554495780, 3308412999, 2309057519, 404574257, 2253415379, 756986927, 257796924, 3533188575, 2789425740, 1155861628, 1239396409, 1079544126, 3361538818, 1629786975, 3506984788, 642331409, 2497029403, 3710736306, 85238747, 3760132157, 1740120792, 833014202, 1220375693, 3679847201, 235708556, 3925864085, 1714898673, 556891505, 2467762157, 2522647048, 4097132032, 3226626174, 3230987613, 4213715951, 1918768660, 118240426, 583430137, 1161391158, 4136068731, 2520983921, 3401793698, 4024889217, 4002342703, 2138263255, 4041873821, 2404076534, 894091609, 2194224060, 1030931359, 1747455966, 2261149405, 3326653795, 2060846352, 4198227440, 3957454852, 476019350, 1112090084, 638009147, 3748222092, 2953103163, 879980649, 1005380300, 3911987058, 1994868252, 3980464721, 2679387403, 3092537425, 3742399973, 3298328258, 2725104266, 2581939778, 1988839844, 3824800210, 251185381, 2774020394, 862630965, 3733927731, 1042078397, 1756258751, 1236721392, 4211036272, 4114375665, 807554390, 2261777626, 926205635, 940810322, 1435436776, 1585976110, 1372802548, 1022162145, 3942808511, 3202620876, 2265129369, 3901546812, 1515072003, 1291702494, 2114546002, 1343627515, 3352277971, 935401953, 1156568940, 1286838566, 3441207420, 3167116723, 2005302382, 2813845044, 3715473489, 342477674, 448575375, 1890607906, 2947642057, 651892381, 1219655207, 1839352951, 29068102, 3666940212, 4068436284, 563764066, 1500298723, 211761616, 3528733906, 1583822540, 4181874877, 3806381027, 3388068282, 1266427493, 3405493973, 2559486305, 3065604857, 2021877184, 1521058078, 807760955, 1230004078, 1295483583, 1765092096, 1444112025, 2494056213, 612148509, 2855175742, 4280338919, 490823692, 1925582611, 1623274993, 1106861744, 2376110933, 793407491, 2347966766, 677606448, 3747219889, 3584808402, 1299357428, 2604723087, 3218421421, 4221617613, 2841276723, 11432462, 1902257173, 4094824778, 4017021605, 1229348332, 423399509, 1424326917, 2647445754, 1398409991, 1988843568, 74684088, 2755539070, 3629857979, 1314843894, 3688272861, 2410591596, 1237614308, 263089695, 4097541328, 1786151309, 396284506, 4151044845, 646388149, 1500475701, 2181615169, 3169954405, 3926175827, 315686100, 2285746485, 1305267316, 2159108350, 111341159, 2106230542, 879373143, 2294806441, 4130923724, 2430157158, 2783291214, 2372773191, 3761695375, 1275456210, 3171256974, 3935468980, 3574099250, 3602912887, 3385145948, 1843764795, 3711776028, 1210821556, 2208015380, 1318508703, 3094524264, 3261469476, 1183280340, 211591148, 2267670478, 3593001440, 4062694392, 2086317189, 1707090743, 1324644018, 3570923529, 3672118109, 1790117652, 1303409872, 1442879438, 1189071770, 2088845544, 2688147385, 4038843550, 971106996, 666327030, 2368758806, 3719078919, 3804115040, 3358646961, 3210377645, 856175869, 1576888286, 4060840190, 671021375, 1104762030, 3503870629, 3439931388, 710912442, 4062892832, 1507683404, 219542001, 827384465, 1504345074, 988668951, 383984188, 3678804512, 261111387, 2285599717, 2553699643, 3308219549, 2192269505, 1477903894, 2138148103, 2284572702, 1704000534, 4244781111, 2192981345, 3412001359, 3927017156, 1801254806, 2867688121, 3423521825, 3572834249, 3880803360, 195042451, 26277442, 1319990307, 2410720650, 3005620472, 2463028098, 2985713171, 3878318647, 3188285577, 3776297868, 1836087646, 3851905634, 2084978900, 355354416, 3381023300, 2369998443, 4210705447, 3050406911, 1316373626, 2247281206, 2991346316, 2646877066, 3158735898, 2648540042, 2992000911, 1202229454, 3474293695, 2838494920, 2197178876, 2324763140, 3339682403, 672294833, 1353997035, 2635710898, 2932866577, 2551266961, 4206471178, 2465497282, 3064426428, 3230577743, 2762163202, 3101971347, 378001214, 763820728, 3399937723, 3597423989, 3032540513, 1416367701, 4143855115, 2739897859, 2399769944, 3442975687, 3880440815, 1821498319, 4056869160, 2882605186, 1881440719, 3224793528, 2957115755, 3135564915, 932385155, 1276715553, 2338910358, 2257644559, 1791499901, 2576334274, 689570424, 2390996417, 871958257, 264248166, 2106683590, 1443308630, 3242718340, 1430880412, 1900368843, 3588168818, 12617180, 107703949, 1324643676, 2804133811, 516987943, 2112568726, 1985831899, 1087361152, 926821612, 4244941004, 2274397951, 2154955836, 2856081852, 1910374934, 740634880, 2624004255, 2327449048, 1300134431, 1861408334, 1222069466, 1262510951, 664915407, 1287597203, 3740745292, 1624093259, 213060492, 3900939019, 2229665097, 329995013, 1445276053, 1285022531, 2432146942, 757397767, 4003632741, 673231867, 4288844284, 343517213, 3037216362, 2106770906, 1087214805, 975060508, 1892973418, 1341206547, 2572534284, 1134786221, 927594551, 2238620359, 745326008, 2959991668, 2664538296, 1229683503, 605935797, 2202907083, 1148325707, 2149164875, 2745675022, 3651711459, 2872833213, 2668334018, 3677155725, 1580320559, 766415326, 3957911484, 2668807475, 3594975643, 259980158, 330971113, 569980339, 499025574, 1979531458, 1595822005, 3214674098, 1412512472, 3478395608, 1902017598, 3083128445, 3628518829, 2176874791, 1883521094, 3683577803, 1091395721, 847147808, 880444098, 1273202005, 3016073166, 4275669633, 3758794134, 1163016989, 4049030403, 3837486288, 6312369, 3225632272, 3020239919, 3467620007, 3289266287, 3974140243, 3113005534, 3612271081, 2735159168, 807080459, 1520927750, 3848445181, 1620061255, 3160534223, 3373770789, 3308878929, 2011280357, 2288174552, 2670017826, 3121819841, 2321719010, 4121433626, 2069229272, 1377386772, 1411502069, 3912309546, 1460900936, 1055486956, 2960464656, 983901856, 333429135, 1967138332, 314363390, 746138368, 2660173324, 4050540820, 2112721444, 53145105, 1884170175, 1454072846, 1318856742, 3350228804, 1974553800, 2535482522, 762484686, 2233297752, 2749712510, 1325065040, 317619716, 1712939377, 3189881281, 170865602, 2961414759, 2484049035, 2839933348, 3531587491, 1848935370, 1134340254, 685392934, 915171322, 2783865094, 3818390066, 153645180, 3678667130, 2741861924, 1332388635, 1388008844, 3510184793, 2301767894, 112586907, 3403506510, 3707826305, 2344138373, 410001990, 1600139576, 2284186494, 456936890, 2639437782, 4141415046, 432), None)
write weights?
events: me was killed by stupid, 
  ----
(3, (101905138, 1005880183, 1670524874, 4269735635, 1731545560, 1635029419, 256680938, 1429199295, 1695549664, 1866153881, 1738451967, 2281571541, 1319920099, 1696276699, 1756116975, 1793099330, 1276938608, 3274685373, 124318277, 2177727949, 3061251446, 1753734280, 2991708262, 1354690007, 2251499266, 2995536753, 1806658973, 2249556882, 346420966, 929660958, 748306228, 562886764, 3741974815, 3052515219, 3275696904, 3587090938, 4216361048, 2271788043, 2574801060, 117333708, 4062071033, 348940572, 956359430, 3322857960, 1623016034, 1592312960, 1940260616, 3354657621, 3140206148, 3027525365, 3436968643, 2304830172, 2861031135, 2885566177, 4192098410, 1747891755, 415556341, 3776451912, 4170859243, 2006512373, 2114812379, 3307987788, 3981801986, 2777342077, 2428863604, 3645490217, 3831925465, 3071070674, 2610191069, 904005377, 700988014, 1524005310, 4095626237, 2273661210, 1232436674, 792538520, 3640687978, 1733857084, 2167191728, 688817480, 1613279888, 2873619056, 1779293472, 1859749515, 880022516, 1725529713, 1826891621, 943506381, 208349917, 821313987, 3025528926, 956805706, 3150525298, 2668145809, 2524205120, 1956658140, 140409941, 1588465730, 1377666726, 3573561364, 1539611336, 2941209041, 2009908262, 1451182975, 1415185589, 870033242, 2043631437, 751435637, 4183193638, 1342925915, 3942953603, 571821910, 1370644821, 1554495780, 3308412999, 2309057519, 404574257, 2253415379, 756986927, 257796924, 3533188575, 2789425740, 1155861628, 1239396409, 1079544126, 3361538818, 1629786975, 3506984788, 642331409, 2497029403, 3710736306, 85238747, 3760132157, 1740120792, 833014202, 1220375693, 3679847201, 235708556, 3925864085, 1714898673, 556891505, 2467762157, 2522647048, 4097132032, 3226626174, 3230987613, 4213715951, 1918768660, 118240426, 583430137, 1161391158, 4136068731, 2520983921, 3401793698, 4024889217, 4002342703, 2138263255, 4041873821, 2404076534, 894091609, 2194224060, 1030931359, 1747455966, 2261149405, 3326653795, 2060846352, 4198227440, 3957454852, 476019350, 1112090084, 638009147, 3748222092, 2953103163, 879980649, 1005380300, 3911987058, 1994868252, 3980464721, 2679387403, 3092537425, 3742399973, 3298328258, 2725104266, 2581939778, 1988839844, 3824800210, 251185381, 2774020394, 862630965, 3733927731, 1042078397, 1756258751, 1236721392, 4211036272, 4114375665, 807554390, 2261777626, 926205635, 940810322, 1435436776, 1585976110, 1372802548, 1022162145, 3942808511, 3202620876, 2265129369, 3901546812, 1515072003, 1291702494, 2114546002, 1343627515, 3352277971, 935401953, 1156568940, 1286838566, 3441207420, 3167116723, 2005302382, 2813845044, 3715473489, 342477674, 448575375, 1890607906, 2947642057, 651892381, 1219655207, 1839352951, 29068102, 3666940212, 4068436284, 563764066, 1500298723, 211761616, 3528733906, 1583822540, 4181874877, 3806381027, 3388068282, 1266427493, 3405493973, 2559486305, 3065604857, 2021877184, 1521058078, 807760955, 1230004078, 1295483583, 1765092096, 1444112025, 2494056213, 612148509, 2855175742, 4280338919, 490823692, 1925582611, 1623274993, 1106861744, 2376110933, 793407491, 2347966766, 677606448, 3747219889, 3584808402, 1299357428, 2604723087, 3218421421, 4221617613, 2841276723, 11432462, 1902257173, 4094824778, 4017021605, 1229348332, 423399509, 1424326917, 2647445754, 1398409991, 1988843568, 74684088, 2755539070, 3629857979, 1314843894, 3688272861, 2410591596, 1237614308, 263089695, 4097541328, 1786151309, 396284506, 4151044845, 646388149, 1500475701, 2181615169, 3169954405, 3926175827, 315686100, 2285746485, 1305267316, 2159108350, 111341159, 2106230542, 879373143, 2294806441, 4130923724, 2430157158, 2783291214, 2372773191, 3761695375, 1275456210, 3171256974, 3935468980, 3574099250, 3602912887, 3385145948, 1843764795, 3711776028, 1210821556, 2208015380, 1318508703, 3094524264, 3261469476, 1183280340, 211591148, 2267670478, 3593001440, 4062694392, 2086317189, 1707090743, 1324644018, 3570923529, 3672118109, 1790117652, 1303409872, 1442879438, 1189071770, 2088845544, 2688147385, 4038843550, 971106996, 666327030, 2368758806, 3719078919, 3804115040, 3358646961, 3210377645, 856175869, 1576888286, 4060840190, 671021375, 1104762030, 3503870629, 3439931388, 710912442, 4062892832, 1507683404, 219542001, 827384465, 1504345074, 988668951, 383984188, 3678804512, 261111387, 2285599717, 2553699643, 3308219549, 2192269505, 1477903894, 2138148103, 2284572702, 1704000534, 4244781111, 2192981345, 3412001359, 3927017156, 1801254806, 2867688121, 3423521825, 3572834249, 3880803360, 195042451, 26277442, 1319990307, 2410720650, 3005620472, 2463028098, 2985713171, 3878318647, 3188285577, 3776297868, 1836087646, 3851905634, 2084978900, 355354416, 3381023300, 2369998443, 4210705447, 3050406911, 1316373626, 2247281206, 2991346316, 2646877066, 3158735898, 2648540042, 2992000911, 1202229454, 3474293695, 2838494920, 2197178876, 2324763140, 3339682403, 672294833, 1353997035, 2635710898, 2932866577, 2551266961, 4206471178, 2465497282, 3064426428, 3230577743, 2762163202, 3101971347, 378001214, 763820728, 3399937723, 3597423989, 3032540513, 1416367701, 4143855115, 2739897859, 2399769944, 3442975687, 3880440815, 1821498319, 4056869160, 2882605186, 1881440719, 3224793528, 2957115755, 3135564915, 932385155, 1276715553, 2338910358, 2257644559, 1791499901, 2576334274, 689570424, 2390996417, 871958257, 264248166, 2106683590, 1443308630, 3242718340, 1430880412, 1900368843, 3588168818, 12617180, 107703949, 1324643676, 2804133811, 516987943, 2112568726, 1985831899, 1087361152, 926821612, 4244941004, 2274397951, 2154955836, 2856081852, 1910374934, 740634880, 2624004255, 2327449048, 1300134431, 1861408334, 1222069466, 1262510951, 664915407, 1287597203, 3740745292, 1624093259, 213060492, 3900939019, 2229665097, 329995013, 1445276053, 1285022531, 2432146942, 757397767, 4003632741, 673231867, 4288844284, 343517213, 3037216362, 2106770906, 1087214805, 975060508, 1892973418, 1341206547, 2572534284, 1134786221, 927594551, 2238620359, 745326008, 2959991668, 2664538296, 1229683503, 605935797, 2202907083, 1148325707, 2149164875, 2745675022, 3651711459, 2872833213, 2668334018, 3677155725, 1580320559, 766415326, 3957911484, 2668807475, 3594975643, 259980158, 330971113, 569980339, 499025574, 1979531458, 1595822005, 3214674098, 1412512472, 3478395608, 1902017598, 3083128445, 3628518829, 2176874791, 1883521094, 3683577803, 1091395721, 847147808, 880444098, 1273202005, 3016073166, 4275669633, 3758794134, 1163016989, 4049030403, 3837486288, 6312369, 3225632272, 3020239919, 3467620007, 3289266287, 3974140243, 3113005534, 3612271081, 2735159168, 807080459, 1520927750, 3848445181, 1620061255, 3160534223, 3373770789, 3308878929, 2011280357, 2288174552, 2670017826, 3121819841, 2321719010, 4121433626, 2069229272, 1377386772, 1411502069, 3912309546, 1460900936, 1055486956, 2960464656, 983901856, 333429135, 1967138332, 314363390, 746138368, 2660173324, 4050540820, 2112721444, 53145105, 1884170175, 1454072846, 1318856742, 3350228804, 1974553800, 2535482522, 762484686, 2233297752, 2749712510, 1325065040, 317619716, 1712939377, 3189881281, 170865602, 2961414759, 2484049035, 2839933348, 3531587491, 1848935370, 1134340254, 685392934, 915171322, 2783865094, 3818390066, 153645180, 3678667130, 2741861924, 1332388635, 1388008844, 3510184793, 2301767894, 112586907, 3403506510, 3707826305, 2344138373, 410001990, 1600139576, 2284186494, 456936890, 2639437782, 4141415046, 597), None)
write weights?
events: me found the exit, 
  ----
(3, (3397694750, 3023822291, 343645498, 3999172454, 368346128, 2591806079, 29954959, 1965069502, 1635822764, 65543144, 402783049, 1959760426, 1821024977, 2236402841, 1707350474, 3138880778, 374379280, 1118697324, 1666688563, 3385851513, 3269755384, 3651557500, 1442087478, 3153969170, 3603514969, 3243900073, 3383504754, 2621353478, 2943624558, 1109463503, 3862448701, 365049427, 1291448910, 2896705091, 2376959762, 288986083, 728893426, 3882695888, 861646505, 1613882651, 4196677093, 2791611888, 345273719, 1011319568, 2753336022, 3208900491, 3493506824, 3290063584, 3928530397, 1910962303, 2001302431, 3280684246, 2976309097, 719849571, 743972686, 3223535929, 1103714671, 815435224, 3791932537, 2690998975, 1818330362, 3515421362, 3575471302, 898236332, 2213622032, 2884904243, 1824015365, 700855677, 1147747744, 2492864779, 2270651747, 3537475383, 1877449101, 4175273598, 2636421908, 1644053674, 492736976, 1212223618, 533144003, 397776007, 1495061931, 2884751580, 3467231697, 378077814, 1122473196, 731864612, 2529002044, 3373796388, 3454366589, 2329766353, 1906778146, 4081455068, 4272706924, 3029907932, 1848227315, 674214047, 1388695035, 1774409606, 278798870, 490092046, 3244172324, 3803422751, 4053033933, 2221689522, 2625859946, 2307120833, 1057074193, 2725944491, 3091627485, 2291609899, 3527874144, 4121136958, 2924116953, 406203890, 74495179, 2117987450, 86706932, 346757957, 1503597233, 2649372654, 3100200602, 4250944269, 1805750616, 793952225, 932492904, 3361983683, 893037836, 3218172309, 3430690279, 3507135339, 2410929130, 1716724249, 42102098, 2937563808, 1695598388, 895731816, 927076352, 1987684446, 2870899502, 3152969031, 2767828459, 13484113, 3386850510, 2666577598, 424177639, 2714669621, 2289583625, 3879566981, 2282477202, 3806300171, 374224845, 478579392, 2708445246, 35345996, 1472426646, 838858333, 41585553, 2008987632, 2567591029, 3825599779, 2804022615, 2289429280, 1400646548, 1058379327, 176861549, 3045010208, 3939877152, 4097609098, 2873494544, 2141403480, 1424049310, 2467533398, 2534459166, 4106709580, 1669694449, 1167773922, 534586087, 3967257850, 3606919544, 2210441265, 1894838943, 2102382149, 3531449645, 2318138822, 1276213965, 3713940156, 1658994474, 2518060747, 4174578528, 28750533, 3639528648, 3019574242, 269303798, 1720445567, 4227100373, 1302142269, 3497831866, 2047914328, 2498116277, 627784277, 2557099165, 326196772, 97287332, 2366484805, 3032327129, 937089024, 3707101688, 284331925, 2599083439, 1385931408, 3016169802, 430718293, 2166003090, 1764978568, 1949630898, 374519135, 4075884257, 359538561, 1030685625, 2536772916, 535715229, 539497431, 3517986947, 1111544047, 2792212086, 847972658, 4127538981, 3888921988, 3439618381, 1152823435, 1541433672, 331028728, 3008481302, 1861912809, 3498641471, 2314763650, 1729164085, 3837221028, 3367696799, 3116713662, 1192806714, 428190506, 2520991109, 2538248658, 1711659227, 3703887795, 4250233849, 1894089323, 1257949993, 2663538791, 2934604557, 810652277, 2415479983, 1774688292, 894862369, 2408090166, 3724142778, 680903395, 272344772, 415778902, 437092932, 3883429371, 2004933785, 3218785002, 563025753, 3615718544, 2912185693, 3128102114, 131940133, 782073298, 3539485341, 3233791008, 718608254, 1665195861, 3405515421, 445458561, 1252217959, 1970321603, 3516161257, 1145303531, 1304919576, 2562451071, 2280921999, 623601181, 2923760136, 3625553425, 1280742054, 1739517399, 1932810011, 525754563, 2151086057, 469624559, 1820606686, 2159193331, 1622035223, 3648999909, 4067458865, 2265961756, 142627035, 1361238538, 2078292746, 5230623, 451032780, 1429352803, 447988517, 3229172671, 4272312607, 1058939074, 3044218267, 3152084747, 2081240303, 2962173704, 1333641994, 2034761214, 3884357290, 2851120807, 2333129691, 2414148786, 4018100072, 2678021374, 3621457846, 1751644677, 733692792, 970039563, 282112634, 4156277899, 3068041034, 3861127037, 1372646596, 99408572, 4046833976, 3126545154, 2726532390, 476989916, 2621062367, 827466462, 4039827300, 2394415930, 3866633413, 2832353746, 4025012014, 1966058747, 2200776189, 3280897789, 3559371236, 2002887006, 2767189905, 1916699354, 3716999514, 3670362325, 1238771743, 1656447669, 4051084627, 1507072810, 542319026, 1306324080, 4259290770, 198023486, 1830990599, 790716482, 1909917010, 4161128985, 3765458474, 3437041297, 2921638113, 3340103717, 492702491, 2699845092, 1912979034, 1851166730, 1185091793, 3857669663, 3569766743, 4258676162, 1799583494, 1996750941, 296597296, 1709578717, 3227399254, 2712134431, 3158662274, 1343956051, 1751967265, 1260249680, 3058509862, 1939332529, 571082168, 3618316433, 4274902927, 1639423653, 1094104661, 1938165, 2445017602, 897373898, 273227590, 1755741488, 412621669, 1444422021, 3392518928, 3656570587, 2867090497, 762004020, 2243512314, 2080991872, 1391853050, 2188035612, 3267071183, 901282717, 2277556139, 528229930, 997810284, 1117624852, 322008427, 3085045949, 3947518670, 2980659969, 1524958491, 564209200, 3786058211, 3581388512, 768082400, 3979809673, 4056341183, 574765023, 3111678775, 1742245184, 2266796431, 1355108163, 1425380488, 4200537496, 1738565741, 1543372513, 255700116, 2300406201, 4058546093, 3136415091, 2477921018, 2008932268, 3681355083, 1042199645, 1820792771, 2926954346, 4198369982, 4265005056, 1105403581, 2737203590, 1472210579, 403591214, 518040500, 4206078632, 1659054765, 3435726392, 2468417544, 3706368284, 2813099882, 1463381716, 1674349093, 3514371662, 3319522868, 2376357597, 3437005275, 4042186879, 2456251380, 1502783315, 1048030980, 2290350977, 3973802592, 1073203249, 261567402, 24667413, 3524763454, 2578601227, 3955080340, 3644771732, 3427599111, 3223493905, 563431153, 2173770795, 3644849039, 2309015913, 3297699198, 3995912794, 1599443819, 1877200047, 2547418013, 406874171, 3612509194, 3025435049, 710968537, 1213305959, 1827579451, 990578796, 2840206973, 351934440, 2809926636, 1068958352, 2423084292, 3729957787, 946255785, 2826525626, 4177477353, 2630510657, 45865275, 97223739, 2296231307, 1519517804, 3706558929, 3069626722, 29328645, 3592932616, 3505884723, 1657815177, 2543602672, 3100138175, 2445196959, 1709383668, 715265821, 1454843311, 3923127037, 725302625, 275187672, 3915014417, 3617591990, 3364806480, 831013401, 391009410, 993675110, 1548367462, 2028006912, 2550718765, 2686052202, 3277541225, 3092997020, 1248433701, 3331334233, 2890673163, 2715663978, 3237234330, 2842550511, 2837034645, 155365173, 472333307, 139702521, 4182575539, 1457284277, 3479095392, 1553298998, 696543290, 2473088749, 3301161742, 1696070116, 3800003153, 2788712267, 2010885776, 3413630334, 4201189989, 3970726976, 1980600192, 1205350351, 1494719441, 4271251697, 2550881843, 2126560335, 885782491, 3414600779, 2628530120, 3581460158, 3336859556, 3325557726, 3082133608, 2819050713, 3411216402, 1868246230, 4189938881, 3805933250, 3878484564, 3550162474, 1609219487, 1845289395, 2311162329, 656593464, 3100567141, 3975368560, 3599379605, 746818861, 1325040805, 1442432550, 2051487519, 2931589630, 3808355206, 2637148846, 3378108745, 3462582055, 3076131708, 653537755, 923936699, 4011847142, 2511104587, 2974656205, 619789913, 2328656935, 1250763593, 1667834446, 183207117, 1997614430, 2979149135, 3845380897, 2447858751, 28154689, 2530281331, 1648380054, 131665237, 923715034, 4166536490, 4073034038, 155524880, 3177411896, 219064182, 799902313, 2511271869, 2028138519, 518017197, 332005491, 2111455722, 353), None)
write weights?
events: 
  ----
(3, (3397694750, 3023822291, 343645498, 3999172454, 368346128, 2591806079, 29954959, 1965069502, 1635822764, 65543144, 402783049, 1959760426, 1821024977, 2236402841, 1707350474, 3138880778, 374379280, 1118697324, 1666688563, 3385851513, 3269755384, 3651557500, 1442087478, 3153969170, 3603514969, 3243900073, 3383504754, 2621353478, 2943624558, 1109463503, 3862448701, 365049427, 1291448910, 2896705091, 2376959762, 288986083, 728893426, 3882695888, 861646505, 1613882651, 4196677093, 2791611888, 345273719, 1011319568, 2753336022, 3208900491, 3493506824, 3290063584, 3928530397, 1910962303, 2001302431, 3280684246, 2976309097, 719849571, 743972686, 3223535929, 1103714671, 815435224, 3791932537, 2690998975, 1818330362, 3515421362, 3575471302, 898236332, 2213622032, 2884904243, 1824015365, 700855677, 1147747744, 2492864779, 2270651747, 3537475383, 1877449101, 4175273598, 2636421908, 1644053674, 492736976, 1212223618, 533144003, 397776007, 1495061931, 2884751580, 3467231697, 378077814, 1122473196, 731864612, 2529002044, 3373796388, 3454366589, 2329766353, 1906778146, 4081455068, 4272706924, 3029907932, 1848227315, 674214047, 1388695035, 1774409606, 278798870, 490092046, 3244172324, 3803422751, 4053033933, 2221689522, 2625859946, 2307120833, 1057074193, 2725944491, 3091627485, 2291609899, 3527874144, 4121136958, 2924116953, 406203890, 74495179, 2117987450, 86706932, 346757957, 1503597233, 2649372654, 3100200602, 4250944269, 1805750616, 793952225, 932492904, 3361983683, 893037836, 3218172309, 3430690279, 3507135339, 2410929130, 1716724249, 42102098, 2937563808, 1695598388, 895731816, 927076352, 1987684446, 2870899502, 3152969031, 2767828459, 13484113, 3386850510, 2666577598, 424177639, 2714669621, 2289583625, 3879566981, 2282477202, 3806300171, 374224845, 478579392, 2708445246, 35345996, 1472426646, 838858333, 41585553, 2008987632, 2567591029, 3825599779, 2804022615, 2289429280, 1400646548, 1058379327, 176861549, 3045010208, 3939877152, 4097609098, 2873494544, 2141403480, 1424049310, 2467533398, 2534459166, 4106709580, 1669694449, 1167773922, 534586087, 3967257850, 3606919544, 2210441265, 1894838943, 2102382149, 3531449645, 2318138822, 1276213965, 3713940156, 1658994474, 2518060747, 4174578528, 28750533, 3639528648, 3019574242, 269303798, 1720445567, 4227100373, 1302142269, 3497831866, 2047914328, 2498116277, 627784277, 2557099165, 326196772, 97287332, 2366484805, 3032327129, 937089024, 3707101688, 284331925, 2599083439, 1385931408, 3016169802, 430718293, 2166003090, 1764978568, 1949630898, 374519135, 4075884257, 359538561, 1030685625, 2536772916, 535715229, 539497431, 3517986947, 1111544047, 2792212086, 847972658, 4127538981, 3888921988, 3439618381, 1152823435, 1541433672, 331028728, 3008481302, 1861912809, 3498641471, 2314763650, 1729164085, 3837221028, 3367696799, 3116713662, 1192806714, 428190506, 2520991109, 2538248658, 1711659227, 3703887795, 4250233849, 1894089323, 1257949993, 2663538791, 2934604557, 810652277, 2415479983, 1774688292, 894862369, 2408090166, 3724142778, 680903395, 272344772, 415778902, 437092932, 3883429371, 2004933785, 3218785002, 563025753, 3615718544, 2912185693, 3128102114, 131940133, 782073298, 3539485341, 3233791008, 718608254, 1665195861, 3405515421, 445458561, 1252217959, 1970321603, 3516161257, 1145303531, 1304919576, 2562451071, 2280921999, 623601181, 2923760136, 3625553425, 1280742054, 1739517399, 1932810011, 525754563, 2151086057, 469624559, 1820606686, 2159193331, 1622035223, 3648999909, 4067458865, 2265961756, 142627035, 1361238538, 2078292746, 5230623, 451032780, 1429352803, 447988517, 3229172671, 4272312607, 1058939074, 3044218267, 3152084747, 2081240303, 2962173704, 1333641994, 2034761214, 3884357290, 2851120807, 2333129691, 2414148786, 4018100072, 2678021374, 3621457846, 1751644677, 733692792, 970039563, 282112634, 4156277899, 3068041034, 3861127037, 1372646596, 99408572, 4046833976, 3126545154, 2726532390, 476989916, 2621062367, 827466462, 4039827300, 2394415930, 3866633413, 2832353746, 4025012014, 1966058747, 2200776189, 3280897789, 3559371236, 2002887006, 2767189905, 1916699354, 3716999514, 3670362325, 1238771743, 1656447669, 4051084627, 1507072810, 542319026, 1306324080, 4259290770, 198023486, 1830990599, 790716482, 1909917010, 4161128985, 3765458474, 3437041297, 2921638113, 3340103717, 492702491, 2699845092, 1912979034, 1851166730, 1185091793, 3857669663, 3569766743, 4258676162, 1799583494, 1996750941, 296597296, 1709578717, 3227399254, 2712134431, 3158662274, 1343956051, 1751967265, 1260249680, 3058509862, 1939332529, 571082168, 3618316433, 4274902927, 1639423653, 1094104661, 1938165, 2445017602, 897373898, 273227590, 1755741488, 412621669, 1444422021, 3392518928, 3656570587, 2867090497, 762004020, 2243512314, 2080991872, 1391853050, 2188035612, 3267071183, 901282717, 2277556139, 528229930, 997810284, 1117624852, 322008427, 3085045949, 3947518670, 2980659969, 1524958491, 564209200, 3786058211, 3581388512, 768082400, 3979809673, 4056341183, 574765023, 3111678775, 1742245184, 2266796431, 1355108163, 1425380488, 4200537496, 1738565741, 1543372513, 255700116, 2300406201, 4058546093, 3136415091, 2477921018, 2008932268, 3681355083, 1042199645, 1820792771, 2926954346, 4198369982, 4265005056, 1105403581, 2737203590, 1472210579, 403591214, 518040500, 4206078632, 1659054765, 3435726392, 2468417544, 3706368284, 2813099882, 1463381716, 1674349093, 3514371662, 3319522868, 2376357597, 3437005275, 4042186879, 2456251380, 1502783315, 1048030980, 2290350977, 3973802592, 1073203249, 261567402, 24667413, 3524763454, 2578601227, 3955080340, 3644771732, 3427599111, 3223493905, 563431153, 2173770795, 3644849039, 2309015913, 3297699198, 3995912794, 1599443819, 1877200047, 2547418013, 406874171, 3612509194, 3025435049, 710968537, 1213305959, 1827579451, 990578796, 2840206973, 351934440, 2809926636, 1068958352, 2423084292, 3729957787, 946255785, 2826525626, 4177477353, 2630510657, 45865275, 97223739, 2296231307, 1519517804, 3706558929, 3069626722, 29328645, 3592932616, 3505884723, 1657815177, 2543602672, 3100138175, 2445196959, 1709383668, 715265821, 1454843311, 3923127037, 725302625, 275187672, 3915014417, 3617591990, 3364806480, 831013401, 391009410, 993675110, 1548367462, 2028006912, 2550718765, 2686052202, 3277541225, 3092997020, 1248433701, 3331334233, 2890673163, 2715663978, 3237234330, 2842550511, 2837034645, 155365173, 472333307, 139702521, 4182575539, 1457284277, 3479095392, 1553298998, 696543290, 2473088749, 3301161742, 1696070116, 3800003153, 2788712267, 2010885776, 3413630334, 4201189989, 3970726976, 1980600192, 1205350351, 1494719441, 4271251697, 2550881843, 2126560335, 885782491, 3414600779, 2628530120, 3581460158, 3336859556, 3325557726, 3082133608, 2819050713, 3411216402, 1868246230, 4189938881, 3805933250, 3878484564, 3550162474, 1609219487, 1845289395, 2311162329, 656593464, 3100567141, 3975368560, 3599379605, 746818861, 1325040805, 1442432550, 2051487519, 2931589630, 3808355206, 2637148846, 3378108745, 3462582055, 3076131708, 653537755, 923936699, 4011847142, 2511104587, 2974656205, 619789913, 2328656935, 1250763593, 1667834446, 183207117, 1997614430, 2979149135, 3845380897, 2447858751, 28154689, 2530281331, 1648380054, 131665237, 923715034, 4166536490, 4073034038, 155524880, 3177411896, 219064182, 799902313, 2511271869, 2028138519, 518017197, 332005491, 2111455722, 498), None)
write weights?
events: me found the exit, 
  ----
(3, (2500689843, 2148038029, 4007499112, 3760068169, 3109952468, 1549106914, 1184440543, 1647684524, 2208222184, 1471398324, 266318472, 680353308, 2228416697, 1234922633, 1595299985, 1478048995, 2528439051, 1139357960, 205917410, 999769575, 1299319310, 2337335544, 3364439785, 3752071699, 345201922, 2500906246, 1818058972, 4005716352, 2680206712, 755500110, 2200757429, 1921609135, 1963177574, 561425380, 2322171855, 444903277, 3131832273, 827136038, 333555489, 933804247, 613388628, 137334575, 540898773, 2122931880, 1759281264, 2451791162, 2621170032, 2919227532, 1121822054, 4117507971, 969667141, 3747312863, 919543366, 1959732490, 1976571515, 1791822944, 3299342320, 262597001, 2651025236, 368855128, 4189947671, 2941601879, 3613436171, 3441693011, 1008484921, 2100558121, 3564703026, 474165716, 465586139, 913860622, 3482563445, 3781971891, 1024895530, 2626015924, 3914168158, 3843224700, 4246619605, 1520837433, 1391519629, 2484313339, 2489971781, 660843448, 3269740626, 3858575112, 4225983816, 1410028149, 191875773, 1747749628, 3290852364, 2944472091, 2381807175, 1429646959, 303941769, 2196950045, 3054788860, 421546079, 538688555, 2939355879, 824973719, 2965522198, 906216267, 3651417744, 3931078371, 3065939548, 1090729982, 3291725804, 2382265009, 1307982778, 2278631462, 3050181345, 3425111805, 3482454070, 2587679729, 1271358601, 1573828276, 2500447882, 731211714, 611944216, 1796604931, 1992732752, 2970596598, 2617696849, 2778387022, 195910892, 1415788463, 2369602608, 1315887941, 3468616757, 3871585768, 2095295123, 3060471733, 2040649897, 2407740541, 3532752112, 3656035165, 2751097756, 1901412874, 3542030798, 1756602999, 1789514816, 429528685, 2374139528, 3865176522, 3706595353, 2512962110, 3580306210, 333121070, 316248060, 658095290, 2394610959, 667364698, 2212469490, 2244874280, 1324761263, 1669872032, 1041082972, 1275393384, 1593460635, 291676203, 640954932, 842496528, 778451461, 3751141393, 1658570904, 2192886691, 195714271, 1322627358, 2653268547, 3816665956, 4278721777, 3480069775, 2378143825, 3453359438, 1087192574, 3919470691, 4189916538, 3481707196, 2309452414, 1069817491, 854321082, 4165331554, 3721036794, 3436476218, 3626164097, 2523003707, 2642563301, 1149885231, 1357515933, 2536074520, 2039390274, 599438062, 3870957061, 1219733094, 970798363, 916449032, 3864828410, 3394393040, 3046087774, 4239329870, 2049065847, 3692348761, 3014367391, 3145684516, 1234836756, 291524425, 1293144754, 3684332504, 3815568214, 3638551559, 4241512324, 1144648266, 18928008, 3796414647, 1482344527, 2516117285, 2541679221, 736621109, 1970970677, 48174474, 1805445929, 2215779906, 2659002103, 1837510421, 1809060652, 1202050100, 2982162238, 238837544, 1787296714, 2069601559, 3274547660, 3921910325, 2700541919, 2988477001, 4157936671, 650745197, 1763574445, 1709731302, 4069162648, 1953496387, 3881735204, 1163507996, 3443477132, 331116554, 2092873657, 4102283790, 3957590465, 3672978445, 4043824965, 490301460, 116701104, 511994870, 2322025354, 3790799124, 4026438163, 3909493915, 4047257893, 3762968032, 2335258583, 2129480068, 2013624132, 2344758726, 1755404636, 90820120, 1935985826, 445425262, 3693289808, 1787903654, 4268342809, 526463430, 2420761668, 517374136, 1035340751, 982221391, 541938913, 2041693203, 4270112650, 1457308477, 2282319086, 611466485, 271360330, 3784992490, 2938284899, 2706378673, 3548738292, 4204961374, 4163380743, 3206778476, 1496259653, 972474601, 1316184608, 433214203, 173957718, 3831635855, 1025939558, 2851351033, 4226861212, 1979679360, 316353479, 3388809910, 15120303, 95062628, 3829165112, 1451449362, 1766790296, 3818009145, 3031138269, 3416034458, 400084567, 3818611938, 636117754, 4256872588, 2623374541, 1755884682, 950829544, 2782685552, 413565246, 3899877954, 4199077363, 452526096, 2045792082, 1875476928, 2747908416, 2629838853, 678683926, 233197693, 1782796850, 1524168823, 1592505641, 3679607758, 3537214079, 3952288733, 272825709, 2315557634, 451662849, 358558421, 3216263060, 4069909372, 638823488, 2616929503, 3989355622, 2824340011, 3310391445, 1841708331, 1099349808, 1607030711, 3764997908, 265941309, 2680799323, 1751971556, 1484355230, 2750963049, 4124104153, 3788982693, 1581730716, 3897594381, 3626793633, 956655116, 435355369, 1848731784, 3077093076, 2006700323, 2849144904, 1553747979, 3209668261, 698175747, 3205764901, 2061499058, 1620625728, 3131651725, 1547227517, 1997617097, 1721981514, 2878094787, 1719319981, 2958245645, 804218658, 625041726, 132659057, 1241832354, 3689725545, 3220398681, 3468098159, 461593460, 1461870971, 3191413148, 6791927, 2498302627, 3562610952, 3350545800, 1711672292, 4225610045, 2322254498, 1360279482, 1190215357, 2859898075, 1983450633, 1292680428, 3933698823, 2018395107, 28086193, 377003236, 3947021214, 2277095482, 3875298369, 2291274096, 3348195371, 4047465131, 1655506280, 2457112815, 3513304844, 4184609419, 116519249, 528214116, 825030216, 2436242882, 1666408266, 1767781210, 2322028224, 2348928373, 509060758, 2521697280, 3614718600, 779432650, 1340529300, 3328432894, 1714025046, 2336773129, 4134407965, 2391021139, 1369952973, 4251734715, 385784067, 3499480753, 979827921, 656191792, 2433150330, 2265888850, 4035428400, 3341237113, 1292077961, 1331702778, 3907510906, 3898972789, 3525234100, 1693029622, 4030182940, 1738261310, 2338474904, 2737107875, 2248084124, 1303416880, 238378032, 3753211824, 1575641245, 18566304, 3551881434, 3952158443, 2335074607, 2133615726, 1296465531, 380294399, 1878663319, 2631918043, 2060696164, 1875063687, 33704051, 565035235, 1116872905, 1418447065, 985120661, 2842635747, 2170371140, 2273013515, 633537873, 136192274, 3573250995, 2671020410, 3943900910, 1472176097, 2209641387, 2565404478, 530865649, 1606752173, 1923720433, 1578742549, 1430522753, 3139959631, 1207623541, 3582010288, 2853580250, 1860257940, 2535528847, 2522753700, 2033137488, 2712813393, 391617348, 1718093142, 3689769907, 696952338, 3757878756, 4146122782, 2716112977, 1701432648, 3418007847, 3846204632, 2467053762, 1264043515, 944575671, 2217823719, 1344501879, 1004921455, 4050434982, 1027914631, 1861509628, 736007103, 3048174520, 4229972008, 3023173466, 3335212089, 3964771427, 2424510513, 3257147554, 2679613236, 3023246163, 427557254, 3563061509, 784575644, 970653028, 1899015281, 110079911, 2448032755, 3216999415, 1217856528, 1910254697, 3640027277, 3010837463, 1167081911, 805632036, 1373237080, 3036761039, 2948050122, 956105171, 3171464504, 437643463, 3722949059, 1957935883, 1832024911, 4285864553, 3249020103, 3997947127, 2152000737, 3354578695, 296650106, 2137200328, 3134688452, 2902746606, 2849201599, 1366787301, 2780921946, 742865829, 3488009159, 4080518189, 1020857510, 1314784646, 1749400484, 4047991680, 2394590132, 3410231236, 2659860641, 2697800600, 607075129, 677691868, 1170165163, 2125792860, 3965697393, 27353585, 2927925390, 202284399, 1748541930, 2990940345, 3676866673, 2653500853, 711056436, 4132180037, 2810645604, 1154321307, 323198340, 1623560668, 3635278219, 302745948, 1122761438, 3617883727, 3837334171, 2964148864, 3793316418, 2368127102, 2414236807, 3065992304, 2916316601, 937603855, 2587139286, 2179444266, 3012695451, 516552593, 2250874121, 2710931181, 169320617, 1714233126, 1557580041, 1789099839, 3452327694, 2780724081, 1011582050, 3985365560, 2432413312, 3640983316, 545347679, 1963181270, 431292835, 3027107694, 3498681908, 983245885, 1221865212, 3733107690, 259), None)
write weights?
events: 
  ----
(3, (2500689843, 2148038029, 4007499112, 3760068169, 3109952468, 1549106914, 1184440543, 1647684524, 2208222184, 1471398324, 266318472, 680353308, 2228416697, 1234922633, 1595299985, 1478048995, 2528439051, 1139357960, 205917410, 999769575, 1299319310, 2337335544, 3364439785, 3752071699, 345201922, 2500906246, 1818058972, 4005716352, 2680206712, 755500110, 2200757429, 1921609135, 1963177574, 561425380, 2322171855, 444903277, 3131832273, 827136038, 333555489, 933804247, 613388628, 137334575, 540898773, 2122931880, 1759281264, 2451791162, 2621170032, 2919227532, 1121822054, 4117507971, 969667141, 3747312863, 919543366, 1959732490, 1976571515, 1791822944, 3299342320, 262597001, 2651025236, 368855128, 4189947671, 2941601879, 3613436171, 3441693011, 1008484921, 2100558121, 3564703026, 474165716, 465586139, 913860622, 3482563445, 3781971891, 1024895530, 2626015924, 3914168158, 3843224700, 4246619605, 1520837433, 1391519629, 2484313339, 2489971781, 660843448, 3269740626, 3858575112, 4225983816, 1410028149, 191875773, 1747749628, 3290852364, 2944472091, 2381807175, 1429646959, 303941769, 2196950045, 3054788860, 421546079, 538688555, 2939355879, 824973719, 2965522198, 906216267, 3651417744, 3931078371, 3065939548, 1090729982, 3291725804, 2382265009, 1307982778, 2278631462, 3050181345, 3425111805, 3482454070, 2587679729, 1271358601, 1573828276, 2500447882, 731211714, 611944216, 1796604931, 1992732752, 2970596598, 2617696849, 2778387022, 195910892, 1415788463, 2369602608, 1315887941, 3468616757, 3871585768, 2095295123, 3060471733, 2040649897, 2407740541, 3532752112, 3656035165, 2751097756, 1901412874, 3542030798, 1756602999, 1789514816, 429528685, 2374139528, 3865176522, 3706595353, 2512962110, 3580306210, 333121070, 316248060, 658095290, 2394610959, 667364698, 2212469490, 2244874280, 1324761263, 1669872032, 1041082972, 1275393384, 1593460635, 291676203, 640954932, 842496528, 778451461, 3751141393, 1658570904, 2192886691, 195714271, 1322627358, 2653268547, 3816665956, 4278721777, 3480069775, 2378143825, 3453359438, 1087192574, 3919470691, 4189916538, 3481707196, 2309452414, 1069817491, 854321082, 4165331554, 3721036794, 3436476218, 3626164097, 2523003707, 2642563301, 1149885231, 1357515933, 2536074520, 2039390274, 599438062, 3870957061, 1219733094, 970798363, 916449032, 3864828410, 3394393040, 3046087774, 4239329870, 2049065847, 3692348761, 3014367391, 3145684516, 1234836756, 291524425, 1293144754, 3684332504, 3815568214, 3638551559, 4241512324, 1144648266, 18928008, 3796414647, 1482344527, 2516117285, 2541679221, 736621109, 1970970677, 48174474, 1805445929, 2215779906, 2659002103, 1837510421, 1809060652, 1202050100, 2982162238, 238837544, 1787296714, 2069601559, 3274547660, 3921910325, 2700541919, 2988477001, 4157936671, 650745197, 1763574445, 1709731302, 4069162648, 1953496387, 3881735204, 1163507996, 3443477132, 331116554, 2092873657, 4102283790, 3957590465, 3672978445, 4043824965, 490301460, 116701104, 511994870, 2322025354, 3790799124, 4026438163, 3909493915, 4047257893, 3762968032, 2335258583, 2129480068, 2013624132, 2344758726, 1755404636, 90820120, 1935985826, 445425262, 3693289808, 1787903654, 4268342809, 526463430, 2420761668, 517374136, 1035340751, 982221391, 541938913, 2041693203, 4270112650, 1457308477, 2282319086, 611466485, 271360330, 3784992490, 2938284899, 2706378673, 3548738292, 4204961374, 4163380743, 3206778476, 1496259653, 972474601, 1316184608, 433214203, 173957718, 3831635855, 1025939558, 2851351033, 4226861212, 1979679360, 316353479, 3388809910, 15120303, 95062628, 3829165112, 1451449362, 1766790296, 3818009145, 3031138269, 3416034458, 400084567, 3818611938, 636117754, 4256872588, 2623374541, 1755884682, 950829544, 2782685552, 413565246, 3899877954, 4199077363, 452526096, 2045792082, 1875476928, 2747908416, 2629838853, 678683926, 233197693, 1782796850, 1524168823, 1592505641, 3679607758, 3537214079, 3952288733, 272825709, 2315557634, 451662849, 358558421, 3216263060, 4069909372, 638823488, 2616929503, 3989355622, 2824340011, 3310391445, 1841708331, 1099349808, 1607030711, 3764997908, 265941309, 2680799323, 1751971556, 1484355230, 2750963049, 4124104153, 3788982693, 1581730716, 3897594381, 3626793633, 956655116, 435355369, 1848731784, 3077093076, 2006700323, 2849144904, 1553747979, 3209668261, 698175747, 3205764901, 2061499058, 1620625728, 3131651725, 1547227517, 1997617097, 1721981514, 2878094787, 1719319981, 2958245645, 804218658, 625041726, 132659057, 1241832354, 3689725545, 3220398681, 3468098159, 461593460, 1461870971, 3191413148, 6791927, 2498302627, 3562610952, 3350545800, 1711672292, 4225610045, 2322254498, 1360279482, 1190215357, 2859898075, 1983450633, 1292680428, 3933698823, 2018395107, 28086193, 377003236, 3947021214, 2277095482, 3875298369, 2291274096, 3348195371, 4047465131, 1655506280, 2457112815, 3513304844, 4184609419, 116519249, 528214116, 825030216, 2436242882, 1666408266, 1767781210, 2322028224, 2348928373, 509060758, 2521697280, 3614718600, 779432650, 1340529300, 3328432894, 1714025046, 2336773129, 4134407965, 2391021139, 1369952973, 4251734715, 385784067, 3499480753, 979827921, 656191792, 2433150330, 2265888850, 4035428400, 3341237113, 1292077961, 1331702778, 3907510906, 3898972789, 3525234100, 1693029622, 4030182940, 1738261310, 2338474904, 2737107875, 2248084124, 1303416880, 238378032, 3753211824, 1575641245, 18566304, 3551881434, 3952158443, 2335074607, 2133615726, 1296465531, 380294399, 1878663319, 2631918043, 2060696164, 1875063687, 33704051, 565035235, 1116872905, 1418447065, 985120661, 2842635747, 2170371140, 2273013515, 633537873, 136192274, 3573250995, 2671020410, 3943900910, 1472176097, 2209641387, 2565404478, 530865649, 1606752173, 1923720433, 1578742549, 1430522753, 3139959631, 1207623541, 3582010288, 2853580250, 1860257940, 2535528847, 2522753700, 2033137488, 2712813393, 391617348, 1718093142, 3689769907, 696952338, 3757878756, 4146122782, 2716112977, 1701432648, 3418007847, 3846204632, 2467053762, 1264043515, 944575671, 2217823719, 1344501879, 1004921455, 4050434982, 1027914631, 1861509628, 736007103, 3048174520, 4229972008, 3023173466, 3335212089, 3964771427, 2424510513, 3257147554, 2679613236, 3023246163, 427557254, 3563061509, 784575644, 970653028, 1899015281, 110079911, 2448032755, 3216999415, 1217856528, 1910254697, 3640027277, 3010837463, 1167081911, 805632036, 1373237080, 3036761039, 2948050122, 956105171, 3171464504, 437643463, 3722949059, 1957935883, 1832024911, 4285864553, 3249020103, 3997947127, 2152000737, 3354578695, 296650106, 2137200328, 3134688452, 2902746606, 2849201599, 1366787301, 2780921946, 742865829, 3488009159, 4080518189, 1020857510, 1314784646, 1749400484, 4047991680, 2394590132, 3410231236, 2659860641, 2697800600, 607075129, 677691868, 1170165163, 2125792860, 3965697393, 27353585, 2927925390, 202284399, 1748541930, 2990940345, 3676866673, 2653500853, 711056436, 4132180037, 2810645604, 1154321307, 323198340, 1623560668, 3635278219, 302745948, 1122761438, 3617883727, 3837334171, 2964148864, 3793316418, 2368127102, 2414236807, 3065992304, 2916316601, 937603855, 2587139286, 2179444266, 3012695451, 516552593, 2250874121, 2710931181, 169320617, 1714233126, 1557580041, 1789099839, 3452327694, 2780724081, 1011582050, 3985365560, 2432413312, 3640983316, 545347679, 1963181270, 431292835, 3027107694, 3498681908, 983245885, 1221865212, 3733107690, 394), None)
write weights?
events: 
  ----
(3, (2500689843, 2148038029, 4007499112, 3760068169, 3109952468, 1549106914, 1184440543, 1647684524, 2208222184, 1471398324, 266318472, 680353308, 2228416697, 1234922633, 1595299985, 1478048995, 2528439051, 1139357960, 205917410, 999769575, 1299319310, 2337335544, 3364439785, 3752071699, 345201922, 2500906246, 1818058972, 4005716352, 2680206712, 755500110, 2200757429, 1921609135, 1963177574, 561425380, 2322171855, 444903277, 3131832273, 827136038, 333555489, 933804247, 613388628, 137334575, 540898773, 2122931880, 1759281264, 2451791162, 2621170032, 2919227532, 1121822054, 4117507971, 969667141, 3747312863, 919543366, 1959732490, 1976571515, 1791822944, 3299342320, 262597001, 2651025236, 368855128, 4189947671, 2941601879, 3613436171, 3441693011, 1008484921, 2100558121, 3564703026, 474165716, 465586139, 913860622, 3482563445, 3781971891, 1024895530, 2626015924, 3914168158, 3843224700, 4246619605, 1520837433, 1391519629, 2484313339, 2489971781, 660843448, 3269740626, 3858575112, 4225983816, 1410028149, 191875773, 1747749628, 3290852364, 2944472091, 2381807175, 1429646959, 303941769, 2196950045, 3054788860, 421546079, 538688555, 2939355879, 824973719, 2965522198, 906216267, 3651417744, 3931078371, 3065939548, 1090729982, 3291725804, 2382265009, 1307982778, 2278631462, 3050181345, 3425111805, 3482454070, 2587679729, 1271358601, 1573828276, 2500447882, 731211714, 611944216, 1796604931, 1992732752, 2970596598, 2617696849, 2778387022, 195910892, 1415788463, 2369602608, 1315887941, 3468616757, 3871585768, 2095295123, 3060471733, 2040649897, 2407740541, 3532752112, 3656035165, 2751097756, 1901412874, 3542030798, 1756602999, 1789514816, 429528685, 2374139528, 3865176522, 3706595353, 2512962110, 3580306210, 333121070, 316248060, 658095290, 2394610959, 667364698, 2212469490, 2244874280, 1324761263, 1669872032, 1041082972, 1275393384, 1593460635, 291676203, 640954932, 842496528, 778451461, 3751141393, 1658570904, 2192886691, 195714271, 1322627358, 2653268547, 3816665956, 4278721777, 3480069775, 2378143825, 3453359438, 1087192574, 3919470691, 4189916538, 3481707196, 2309452414, 1069817491, 854321082, 4165331554, 3721036794, 3436476218, 3626164097, 2523003707, 2642563301, 1149885231, 1357515933, 2536074520, 2039390274, 599438062, 3870957061, 1219733094, 970798363, 916449032, 3864828410, 3394393040, 3046087774, 4239329870, 2049065847, 3692348761, 3014367391, 3145684516, 1234836756, 291524425, 1293144754, 3684332504, 3815568214, 3638551559, 4241512324, 1144648266, 18928008, 3796414647, 1482344527, 2516117285, 2541679221, 736621109, 1970970677, 48174474, 1805445929, 2215779906, 2659002103, 1837510421, 1809060652, 1202050100, 2982162238, 238837544, 1787296714, 2069601559, 3274547660, 3921910325, 2700541919, 2988477001, 4157936671, 650745197, 1763574445, 1709731302, 4069162648, 1953496387, 3881735204, 1163507996, 3443477132, 331116554, 2092873657, 4102283790, 3957590465, 3672978445, 4043824965, 490301460, 116701104, 511994870, 2322025354, 3790799124, 4026438163, 3909493915, 4047257893, 3762968032, 2335258583, 2129480068, 2013624132, 2344758726, 1755404636, 90820120, 1935985826, 445425262, 3693289808, 1787903654, 4268342809, 526463430, 2420761668, 517374136, 1035340751, 982221391, 541938913, 2041693203, 4270112650, 1457308477, 2282319086, 611466485, 271360330, 3784992490, 2938284899, 2706378673, 3548738292, 4204961374, 4163380743, 3206778476, 1496259653, 972474601, 1316184608, 433214203, 173957718, 3831635855, 1025939558, 2851351033, 4226861212, 1979679360, 316353479, 3388809910, 15120303, 95062628, 3829165112, 1451449362, 1766790296, 3818009145, 3031138269, 3416034458, 400084567, 3818611938, 636117754, 4256872588, 2623374541, 1755884682, 950829544, 2782685552, 413565246, 3899877954, 4199077363, 452526096, 2045792082, 1875476928, 2747908416, 2629838853, 678683926, 233197693, 1782796850, 1524168823, 1592505641, 3679607758, 3537214079, 3952288733, 272825709, 2315557634, 451662849, 358558421, 3216263060, 4069909372, 638823488, 2616929503, 3989355622, 2824340011, 3310391445, 1841708331, 1099349808, 1607030711, 3764997908, 265941309, 2680799323, 1751971556, 1484355230, 2750963049, 4124104153, 3788982693, 1581730716, 3897594381, 3626793633, 956655116, 435355369, 1848731784, 3077093076, 2006700323, 2849144904, 1553747979, 3209668261, 698175747, 3205764901, 2061499058, 1620625728, 3131651725, 1547227517, 1997617097, 1721981514, 2878094787, 1719319981, 2958245645, 804218658, 625041726, 132659057, 1241832354, 3689725545, 3220398681, 3468098159, 461593460, 1461870971, 3191413148, 6791927, 2498302627, 3562610952, 3350545800, 1711672292, 4225610045, 2322254498, 1360279482, 1190215357, 2859898075, 1983450633, 1292680428, 3933698823, 2018395107, 28086193, 377003236, 3947021214, 2277095482, 3875298369, 2291274096, 3348195371, 4047465131, 1655506280, 2457112815, 3513304844, 4184609419, 116519249, 528214116, 825030216, 2436242882, 1666408266, 1767781210, 2322028224, 2348928373, 509060758, 2521697280, 3614718600, 779432650, 1340529300, 3328432894, 1714025046, 2336773129, 4134407965, 2391021139, 1369952973, 4251734715, 385784067, 3499480753, 979827921, 656191792, 2433150330, 2265888850, 4035428400, 3341237113, 1292077961, 1331702778, 3907510906, 3898972789, 3525234100, 1693029622, 4030182940, 1738261310, 2338474904, 2737107875, 2248084124, 1303416880, 238378032, 3753211824, 1575641245, 18566304, 3551881434, 3952158443, 2335074607, 2133615726, 1296465531, 380294399, 1878663319, 2631918043, 2060696164, 1875063687, 33704051, 565035235, 1116872905, 1418447065, 985120661, 2842635747, 2170371140, 2273013515, 633537873, 136192274, 3573250995, 2671020410, 3943900910, 1472176097, 2209641387, 2565404478, 530865649, 1606752173, 1923720433, 1578742549, 1430522753, 3139959631, 1207623541, 3582010288, 2853580250, 1860257940, 2535528847, 2522753700, 2033137488, 2712813393, 391617348, 1718093142, 3689769907, 696952338, 3757878756, 4146122782, 2716112977, 1701432648, 3418007847, 3846204632, 2467053762, 1264043515, 944575671, 2217823719, 1344501879, 1004921455, 4050434982, 1027914631, 1861509628, 736007103, 3048174520, 4229972008, 3023173466, 3335212089, 3964771427, 2424510513, 3257147554, 2679613236, 3023246163, 427557254, 3563061509, 784575644, 970653028, 1899015281, 110079911, 2448032755, 3216999415, 1217856528, 1910254697, 3640027277, 3010837463, 1167081911, 805632036, 1373237080, 3036761039, 2948050122, 956105171, 3171464504, 437643463, 3722949059, 1957935883, 1832024911, 4285864553, 3249020103, 3997947127, 2152000737, 3354578695, 296650106, 2137200328, 3134688452, 2902746606, 2849201599, 1366787301, 2780921946, 742865829, 3488009159, 4080518189, 1020857510, 1314784646, 1749400484, 4047991680, 2394590132, 3410231236, 2659860641, 2697800600, 607075129, 677691868, 1170165163, 2125792860, 3965697393, 27353585, 2927925390, 202284399, 1748541930, 2990940345, 3676866673, 2653500853, 711056436, 4132180037, 2810645604, 1154321307, 323198340, 1623560668, 3635278219, 302745948, 1122761438, 3617883727, 3837334171, 2964148864, 3793316418, 2368127102, 2414236807, 3065992304, 2916316601, 937603855, 2587139286, 2179444266, 3012695451, 516552593, 2250874121, 2710931181, 169320617, 1714233126, 1557580041, 1789099839, 3452327694, 2780724081, 1011582050, 3985365560, 2432413312, 3640983316, 545347679, 1963181270, 431292835, 3027107694, 3498681908, 983245885, 1221865212, 3733107690, 552), None)
write weights?
events: me found the exit, 
  ----
(3, (863760670, 253790551, 3903534154, 1255641358, 2238217455, 1040029834, 3622209943, 2304603268, 2890434801, 4140872687, 1995156070, 152393836, 749584791, 1341099548, 3019235327, 2368286014, 1356360396, 2534742963, 3884993894, 1340552797, 2412716732, 1900928734, 3901562688, 3691487873, 3724303371, 1482392228, 2022173268, 2307096642, 816705649, 332830348, 371329301, 3020279136, 1092388671, 1632641411, 3266608746, 1422433670, 1656778946, 3085226623, 333054414, 2504618232, 1838724984, 1311846732, 1917265117, 2064542658, 3791015143, 2792909517, 2229353970, 92751429, 1401491714, 2725677763, 1036468520, 4165172352, 3214448665, 3998231506, 995351040, 4259744840, 2201068678, 236649226, 2571848950, 1313297855, 1166835163, 2375319604, 3000813069, 3517728060, 3362483420, 3068356418, 888283790, 4213940405, 423525492, 2674698630, 2871834575, 167812556, 888493775, 3720975948, 4090775162, 1627192638, 3516441618, 3094274571, 1207567633, 1275642759, 3097686834, 1993194440, 4048217135, 3843638682, 3970515988, 3279569452, 1186980239, 2081064211, 2609656147, 1691677875, 3026794653, 1166505771, 845675275, 904624362, 1119456639, 526074990, 4156425980, 1613529925, 255244495, 2757841964, 4148130043, 3315968444, 2225336010, 2543930337, 2214414247, 3130933455, 2906764538, 3869833419, 1357117805, 3024941658, 1602490540, 1344770240, 2898819820, 352500021, 4226309347, 1754138726, 2093523568, 2271027553, 2395745168, 3836189267, 1664759469, 2483430686, 2844209685, 599405369, 3300557498, 1636334153, 174379414, 1780341618, 857302163, 2902366105, 3691160047, 4026107536, 1875340767, 1679287938, 3997349433, 809346325, 1481875598, 900139369, 2250330615, 3495295582, 918931296, 585702333, 1115615004, 3847474645, 1380880450, 4108662319, 326709049, 3464195998, 3940967763, 1053945314, 4271560464, 2202997971, 272123007, 2978017329, 3639876137, 934084558, 3373696474, 728656910, 3189669108, 2965954743, 3746310456, 319013005, 1563090921, 1471422153, 803887773, 464770089, 3628359800, 435905046, 399232295, 1879369772, 345277235, 4167125510, 3232478567, 2313731031, 1421494113, 578559221, 979812195, 716505831, 416584236, 2460380607, 1659624594, 240294519, 1197473702, 152094003, 1239461144, 3509420412, 1194436308, 2886974184, 940235706, 43959539, 3398446593, 3170116280, 2548933390, 1503922522, 3834301106, 2173713267, 3932855471, 2622418789, 1765757210, 954500852, 1986144480, 4033666731, 1395637637, 193727405, 2809022323, 2657037431, 1870630458, 1934548949, 3757944111, 1745574284, 1723693026, 4110033293, 2676403143, 1580373059, 1997124244, 4038118823, 1312701181, 2442404933, 1975663199, 579360638, 2738218866, 4135495414, 2173171448, 4082846766, 578499490, 264896872, 3955314191, 2547945290, 783702449, 88230287, 2208587326, 1165003028, 3743392346, 495645694, 618317069, 2663169538, 3482684579, 2513757208, 985272958, 1308695833, 1768958810, 4197181434, 712951357, 1788451787, 2079305612, 334391231, 2926340384, 3243480758, 1916241158, 3889113787, 3644065604, 2902842497, 3064757106, 2500610246, 1746210831, 1082710657, 3477519800, 1767157207, 2282190530, 1157468636, 352357677, 3221264742, 1836776407, 1871062005, 2582987479, 1720884893, 863313707, 573058971, 1175831406, 1026319489, 4242398970, 1706769695, 794194018, 556887844, 985995648, 2716844099, 2792504500, 4143378317, 4032113701, 2404756332, 550096572, 4076039431, 2485400882, 4267764649, 3943061718, 3336211392, 3151522626, 3229591920, 2863477028, 658333615, 3565384727, 1666372548, 3899665265, 3103819437, 2262025467, 1673641268, 252284090, 2412914324, 3548083908, 908071933, 4023885904, 2559961203, 1415280498, 2035879377, 2067000634, 573850460, 2666271859, 2305769795, 607685301, 3482826857, 843003683, 2566722129, 3744203480, 1414649143, 811189644, 2947908722, 2163748501, 4178950293, 2038386818, 92486635, 605001802, 2513512866, 1264760549, 1749392925, 1426926172, 3142743083, 303840871, 3667287324, 902288476, 1751306235, 1183352200, 2264861222, 1860377104, 1055297871, 4185053953, 698943699, 3880068218, 3413194268, 650366707, 1642908454, 4003611040, 335803049, 1213028350, 3391404404, 3077146347, 1344824273, 1917569697, 386682335, 3090849361, 561228926, 3227183370, 760846007, 246144903, 2806261839, 2667796221, 1872484245, 957306930, 3944355243, 4098743802, 2365732241, 1895736998, 419704547, 3063072408, 2509617360, 3005592100, 4216237230, 3759775486, 2996432121, 3590177756, 3774792743, 3590480112, 3732946556, 517003302, 2455240800, 2576145423, 4165391820, 2754430597, 3684219585, 934411064, 3603514764, 1339243993, 2503325587, 2234875820, 3590981908, 4065660330, 761415034, 3672404019, 3163982844, 1610663295, 4190943144, 310475672, 1197490496, 2713975720, 1417124554, 4226766285, 827167569, 3694650736, 4055568925, 1639955713, 3415735061, 3158956568, 392600444, 3356131850, 2117056475, 3497330221, 4181956518, 3824217867, 4074316858, 1726413297, 2732672572, 3546320196, 1180522794, 3384539736, 1336584245, 3719959885, 212189719, 128806803, 362313828, 4091539955, 2630526222, 840832030, 3014677463, 2791527993, 3378213328, 4015658574, 4120103873, 3671798181, 2821231382, 28804882, 4103152647, 3657168883, 371989748, 1516561088, 2096223906, 2077075816, 2625302790, 273201556, 2619759233, 192107670, 3090595386, 1782670718, 2587086705, 2579475325, 1011544198, 2844786507, 101702592, 658076338, 1806642812, 3028362168, 3881811680, 4097958454, 228690042, 4164387321, 3947685983, 3187948327, 3262544411, 3655192007, 4231162889, 4208658166, 1296201978, 3011466090, 3015542079, 3822412592, 1635558847, 232616190, 3009692368, 4131437986, 3661463529, 2121828591, 2814500883, 708249065, 2707073238, 3624359368, 2858645929, 1915132848, 1034797499, 2454108620, 736327787, 903304587, 4208460013, 1138153185, 3741264646, 3772037158, 2034423021, 3674085576, 211565498, 3188215481, 1069554933, 2500562827, 436887453, 4246609901, 3537524613, 436536629, 3131355228, 1770250809, 1965146565, 2312266119, 2820181491, 1246063597, 1422268525, 3905655763, 1215430436, 490349583, 3570535128, 3211841516, 217480711, 175870440, 3151616144, 65692131, 283014362, 3335960186, 749516234, 4053842750, 926913090, 3668447404, 3569160496, 2099618818, 787374804, 2356325674, 960042934, 3625096956, 3372750689, 2698019906, 1136102521, 1022006985, 2216337546, 718105935, 1313294007, 47878015, 3316041300, 3213786357, 527986482, 2211636663, 731877610, 1239231607, 3757578929, 3616916603, 450085007, 460654441, 2297943229, 2435310849, 786276112, 2075640014, 922961579, 440718799, 3605978618, 2737899008, 3721602806, 2080142086, 2454220874, 2461288769, 500852961, 2229534543, 259520517, 2350149611, 4163291740, 2580659542, 1416119717, 1238640427, 3491286828, 3732259718, 2803785042, 243665424, 3546806696, 4090662876, 1637780265, 72168644, 955240751, 1147496293, 2203220669, 3726039450, 213815521, 1869799679, 3714884806, 3470020088, 2943930902, 4269560342, 4098275839, 2909943348, 4197919584, 1901593162, 3392387303, 3451219816, 1791811072, 276062393, 4260107064, 3177250175, 3315658428, 1342302797, 2548513783, 659508008, 1483836342, 2736260590, 2434083807, 4094332102, 184965440, 3147918879, 434334451, 477746980, 332043853, 3534477173, 1498244637, 774545115, 1043413214, 307939688, 3954351027, 3856648735, 4172343682, 963426515, 2748732459, 501056627, 2893074331, 463972454, 2459543411, 3491034230, 2840123791, 3276625347, 2270382998, 1565966071, 3381078194, 2419243019, 3750052531, 504154788, 2240421375, 244), None)
write weights?
events: 
  ----
(3, (863760670, 253790551, 3903534154, 1255641358, 2238217455, 1040029834, 3622209943, 2304603268, 2890434801, 4140872687, 1995156070, 152393836, 749584791, 1341099548, 3019235327, 2368286014, 1356360396, 2534742963, 3884993894, 1340552797, 2412716732, 1900928734, 3901562688, 3691487873, 3724303371, 1482392228, 2022173268, 2307096642, 816705649, 332830348, 371329301, 3020279136, 1092388671, 1632641411, 3266608746, 1422433670, 1656778946, 3085226623, 333054414, 2504618232, 1838724984, 1311846732, 1917265117, 2064542658, 3791015143, 2792909517, 2229353970, 92751429, 1401491714, 2725677763, 1036468520, 4165172352, 3214448665, 3998231506, 995351040, 4259744840, 2201068678, 236649226, 2571848950, 1313297855, 1166835163, 2375319604, 3000813069, 3517728060, 3362483420, 3068356418, 888283790, 4213940405, 423525492, 2674698630, 2871834575, 167812556, 888493775, 3720975948, 4090775162, 1627192638, 3516441618, 3094274571, 1207567633, 1275642759, 3097686834, 1993194440, 4048217135, 3843638682, 3970515988, 3279569452, 1186980239, 2081064211, 2609656147, 1691677875, 3026794653, 1166505771, 845675275, 904624362, 1119456639, 526074990, 4156425980, 1613529925, 255244495, 2757841964, 4148130043, 3315968444, 2225336010, 2543930337, 2214414247, 3130933455, 2906764538, 3869833419, 1357117805, 3024941658, 1602490540, 1344770240, 2898819820, 352500021, 4226309347, 1754138726, 2093523568, 2271027553, 2395745168, 3836189267, 1664759469, 2483430686, 2844209685, 599405369, 3300557498, 1636334153, 174379414, 1780341618, 857302163, 2902366105, 3691160047, 4026107536, 1875340767, 1679287938, 3997349433, 809346325, 1481875598, 900139369, 2250330615, 3495295582, 918931296, 585702333, 1115615004, 3847474645, 1380880450, 4108662319, 326709049, 3464195998, 3940967763, 1053945314, 4271560464, 2202997971, 272123007, 2978017329, 3639876137, 934084558, 3373696474, 728656910, 3189669108, 2965954743, 3746310456, 319013005, 1563090921, 1471422153, 803887773, 464770089, 3628359800, 435905046, 399232295, 1879369772, 345277235, 4167125510, 3232478567, 2313731031, 1421494113, 578559221, 979812195, 716505831, 416584236, 2460380607, 1659624594, 240294519, 1197473702, 152094003, 1239461144, 3509420412, 1194436308, 2886974184, 940235706, 43959539, 3398446593, 3170116280, 2548933390, 1503922522, 3834301106, 2173713267, 3932855471, 2622418789, 1765757210, 954500852, 1986144480, 4033666731, 1395637637, 193727405, 2809022323, 2657037431, 1870630458, 1934548949, 3757944111, 1745574284, 1723693026, 4110033293, 2676403143, 1580373059, 1997124244, 4038118823, 1312701181, 2442404933, 1975663199, 579360638, 2738218866, 4135495414, 2173171448, 4082846766, 578499490, 264896872, 3955314191, 2547945290, 783702449, 88230287, 2208587326, 1165003028, 3743392346, 495645694, 618317069, 2663169538, 3482684579, 2513757208, 985272958, 1308695833, 1768958810, 4197181434, 712951357, 1788451787, 2079305612, 334391231, 2926340384, 3243480758, 1916241158, 3889113787, 3644065604, 2902842497, 3064757106, 2500610246, 1746210831, 1082710657, 3477519800, 1767157207, 2282190530, 1157468636, 352357677, 3221264742, 1836776407, 1871062005, 2582987479, 1720884893, 863313707, 573058971, 1175831406, 1026319489, 4242398970, 1706769695, 794194018, 556887844, 985995648, 2716844099, 2792504500, 4143378317, 4032113701, 2404756332, 550096572, 4076039431, 2485400882, 4267764649, 3943061718, 3336211392, 3151522626, 3229591920, 2863477028, 658333615, 3565384727, 1666372548, 3899665265, 3103819437, 2262025467, 1673641268, 252284090, 2412914324, 3548083908, 908071933, 4023885904, 2559961203, 1415280498, 2035879377, 2067000634, 573850460, 2666271859, 2305769795, 607685301, 3482826857, 843003683, 2566722129, 3744203480, 1414649143, 811189644, 2947908722, 2163748501, 4178950293, 2038386818, 92486635, 605001802, 2513512866, 1264760549, 1749392925, 1426926172, 3142743083, 303840871, 3667287324, 902288476, 1751306235, 1183352200, 2264861222, 1860377104, 1055297871, 4185053953, 698943699, 3880068218, 3413194268, 650366707, 1642908454, 4003611040, 335803049, 1213028350, 3391404404, 3077146347, 1344824273, 1917569697, 386682335, 3090849361, 561228926, 3227183370, 760846007, 246144903, 2806261839, 2667796221, 1872484245, 957306930, 3944355243, 4098743802, 2365732241, 1895736998, 419704547, 3063072408, 2509617360, 3005592100, 4216237230, 3759775486, 2996432121, 3590177756, 3774792743, 3590480112, 3732946556, 517003302, 2455240800, 2576145423, 4165391820, 2754430597, 3684219585, 934411064, 3603514764, 1339243993, 2503325587, 2234875820, 3590981908, 4065660330, 761415034, 3672404019, 3163982844, 1610663295, 4190943144, 310475672, 1197490496, 2713975720, 1417124554, 4226766285, 827167569, 3694650736, 4055568925, 1639955713, 3415735061, 3158956568, 392600444, 3356131850, 2117056475, 3497330221, 4181956518, 3824217867, 4074316858, 1726413297, 2732672572, 3546320196, 1180522794, 3384539736, 1336584245, 3719959885, 212189719, 128806803, 362313828, 4091539955, 2630526222, 840832030, 3014677463, 2791527993, 3378213328, 4015658574, 4120103873, 3671798181, 2821231382, 28804882, 4103152647, 3657168883, 371989748, 1516561088, 2096223906, 2077075816, 2625302790, 273201556, 2619759233, 192107670, 3090595386, 1782670718, 2587086705, 2579475325, 1011544198, 2844786507, 101702592, 658076338, 1806642812, 3028362168, 3881811680, 4097958454, 228690042, 4164387321, 3947685983, 3187948327, 3262544411, 3655192007, 4231162889, 4208658166, 1296201978, 3011466090, 3015542079, 3822412592, 1635558847, 232616190, 3009692368, 4131437986, 3661463529, 2121828591, 2814500883, 708249065, 2707073238, 3624359368, 2858645929, 1915132848, 1034797499, 2454108620, 736327787, 903304587, 4208460013, 1138153185, 3741264646, 3772037158, 2034423021, 3674085576, 211565498, 3188215481, 1069554933, 2500562827, 436887453, 4246609901, 3537524613, 436536629, 3131355228, 1770250809, 1965146565, 2312266119, 2820181491, 1246063597, 1422268525, 3905655763, 1215430436, 490349583, 3570535128, 3211841516, 217480711, 175870440, 3151616144, 65692131, 283014362, 3335960186, 749516234, 4053842750, 926913090, 3668447404, 3569160496, 2099618818, 787374804, 2356325674, 960042934, 3625096956, 3372750689, 2698019906, 1136102521, 1022006985, 2216337546, 718105935, 1313294007, 47878015, 3316041300, 3213786357, 527986482, 2211636663, 731877610, 1239231607, 3757578929, 3616916603, 450085007, 460654441, 2297943229, 2435310849, 786276112, 2075640014, 922961579, 440718799, 3605978618, 2737899008, 3721602806, 2080142086, 2454220874, 2461288769, 500852961, 2229534543, 259520517, 2350149611, 4163291740, 2580659542, 1416119717, 1238640427, 3491286828, 3732259718, 2803785042, 243665424, 3546806696, 4090662876, 1637780265, 72168644, 955240751, 1147496293, 2203220669, 3726039450, 213815521, 1869799679, 3714884806, 3470020088, 2943930902, 4269560342, 4098275839, 2909943348, 4197919584, 1901593162, 3392387303, 3451219816, 1791811072, 276062393, 4260107064, 3177250175, 3315658428, 1342302797, 2548513783, 659508008, 1483836342, 2736260590, 2434083807, 4094332102, 184965440, 3147918879, 434334451, 477746980, 332043853, 3534477173, 1498244637, 774545115, 1043413214, 307939688, 3954351027, 3856648735, 4172343682, 963426515, 2748732459, 501056627, 2893074331, 463972454, 2459543411, 3491034230, 2840123791, 3276625347, 2270382998, 1565966071, 3381078194, 2419243019, 3750052531, 504154788, 2240421375, 449), None)
write weights?
events: me was killed by stupid, 
  ----
(3, (863760670, 253790551, 3903534154, 1255641358, 2238217455, 1040029834, 3622209943, 2304603268, 2890434801, 4140872687, 1995156070, 152393836, 749584791, 1341099548, 3019235327, 2368286014, 1356360396, 2534742963, 3884993894, 1340552797, 2412716732, 1900928734, 3901562688, 3691487873, 3724303371, 1482392228, 2022173268, 2307096642, 816705649, 332830348, 371329301, 3020279136, 1092388671, 1632641411, 3266608746, 1422433670, 1656778946, 3085226623, 333054414, 2504618232, 1838724984, 1311846732, 1917265117, 2064542658, 3791015143, 2792909517, 2229353970, 92751429, 1401491714, 2725677763, 1036468520, 4165172352, 3214448665, 3998231506, 995351040, 4259744840, 2201068678, 236649226, 2571848950, 1313297855, 1166835163, 2375319604, 3000813069, 3517728060, 3362483420, 3068356418, 888283790, 4213940405, 423525492, 2674698630, 2871834575, 167812556, 888493775, 3720975948, 4090775162, 1627192638, 3516441618, 3094274571, 1207567633, 1275642759, 3097686834, 1993194440, 4048217135, 3843638682, 3970515988, 3279569452, 1186980239, 2081064211, 2609656147, 1691677875, 3026794653, 1166505771, 845675275, 904624362, 1119456639, 526074990, 4156425980, 1613529925, 255244495, 2757841964, 4148130043, 3315968444, 2225336010, 2543930337, 2214414247, 3130933455, 2906764538, 3869833419, 1357117805, 3024941658, 1602490540, 1344770240, 2898819820, 352500021, 4226309347, 1754138726, 2093523568, 2271027553, 2395745168, 3836189267, 1664759469, 2483430686, 2844209685, 599405369, 3300557498, 1636334153, 174379414, 1780341618, 857302163, 2902366105, 3691160047, 4026107536, 1875340767, 1679287938, 3997349433, 809346325, 1481875598, 900139369, 2250330615, 3495295582, 918931296, 585702333, 1115615004, 3847474645, 1380880450, 4108662319, 326709049, 3464195998, 3940967763, 1053945314, 4271560464, 2202997971, 272123007, 2978017329, 3639876137, 934084558, 3373696474, 728656910, 3189669108, 2965954743, 3746310456, 319013005, 1563090921, 1471422153, 803887773, 464770089, 3628359800, 435905046, 399232295, 1879369772, 345277235, 4167125510, 3232478567, 2313731031, 1421494113, 578559221, 979812195, 716505831, 416584236, 2460380607, 1659624594, 240294519, 1197473702, 152094003, 1239461144, 3509420412, 1194436308, 2886974184, 940235706, 43959539, 3398446593, 3170116280, 2548933390, 1503922522, 3834301106, 2173713267, 3932855471, 2622418789, 1765757210, 954500852, 1986144480, 4033666731, 1395637637, 193727405, 2809022323, 2657037431, 1870630458, 1934548949, 3757944111, 1745574284, 1723693026, 4110033293, 2676403143, 1580373059, 1997124244, 4038118823, 1312701181, 2442404933, 1975663199, 579360638, 2738218866, 4135495414, 2173171448, 4082846766, 578499490, 264896872, 3955314191, 2547945290, 783702449, 88230287, 2208587326, 1165003028, 3743392346, 495645694, 618317069, 2663169538, 3482684579, 2513757208, 985272958, 1308695833, 1768958810, 4197181434, 712951357, 1788451787, 2079305612, 334391231, 2926340384, 3243480758, 1916241158, 3889113787, 3644065604, 2902842497, 3064757106, 2500610246, 1746210831, 1082710657, 3477519800, 1767157207, 2282190530, 1157468636, 352357677, 3221264742, 1836776407, 1871062005, 2582987479, 1720884893, 863313707, 573058971, 1175831406, 1026319489, 4242398970, 1706769695, 794194018, 556887844, 985995648, 2716844099, 2792504500, 4143378317, 4032113701, 2404756332, 550096572, 4076039431, 2485400882, 4267764649, 3943061718, 3336211392, 3151522626, 3229591920, 2863477028, 658333615, 3565384727, 1666372548, 3899665265, 3103819437, 2262025467, 1673641268, 252284090, 2412914324, 3548083908, 908071933, 4023885904, 2559961203, 1415280498, 2035879377, 2067000634, 573850460, 2666271859, 2305769795, 607685301, 3482826857, 843003683, 2566722129, 3744203480, 1414649143, 811189644, 2947908722, 2163748501, 4178950293, 2038386818, 92486635, 605001802, 2513512866, 1264760549, 1749392925, 1426926172, 3142743083, 303840871, 3667287324, 902288476, 1751306235, 1183352200, 2264861222, 1860377104, 1055297871, 4185053953, 698943699, 3880068218, 3413194268, 650366707, 1642908454, 4003611040, 335803049, 1213028350, 3391404404, 3077146347, 1344824273, 1917569697, 386682335, 3090849361, 561228926, 3227183370, 760846007, 246144903, 2806261839, 2667796221, 1872484245, 957306930, 3944355243, 4098743802, 2365732241, 1895736998, 419704547, 3063072408, 2509617360, 3005592100, 4216237230, 3759775486, 2996432121, 3590177756, 3774792743, 3590480112, 3732946556, 517003302, 2455240800, 2576145423, 4165391820, 2754430597, 3684219585, 934411064, 3603514764, 1339243993, 2503325587, 2234875820, 3590981908, 4065660330, 761415034, 3672404019, 3163982844, 1610663295, 4190943144, 310475672, 1197490496, 2713975720, 1417124554, 4226766285, 827167569, 3694650736, 4055568925, 1639955713, 3415735061, 3158956568, 392600444, 3356131850, 2117056475, 3497330221, 4181956518, 3824217867, 4074316858, 1726413297, 2732672572, 3546320196, 1180522794, 3384539736, 1336584245, 3719959885, 212189719, 128806803, 362313828, 4091539955, 2630526222, 840832030, 3014677463, 2791527993, 3378213328, 4015658574, 4120103873, 3671798181, 2821231382, 28804882, 4103152647, 3657168883, 371989748, 1516561088, 2096223906, 2077075816, 2625302790, 273201556, 2619759233, 192107670, 3090595386, 1782670718, 2587086705, 2579475325, 1011544198, 2844786507, 101702592, 658076338, 1806642812, 3028362168, 3881811680, 4097958454, 228690042, 4164387321, 3947685983, 3187948327, 3262544411, 3655192007, 4231162889, 4208658166, 1296201978, 3011466090, 3015542079, 3822412592, 1635558847, 232616190, 3009692368, 4131437986, 3661463529, 2121828591, 2814500883, 708249065, 2707073238, 3624359368, 2858645929, 1915132848, 1034797499, 2454108620, 736327787, 903304587, 4208460013, 1138153185, 3741264646, 3772037158, 2034423021, 3674085576, 211565498, 3188215481, 1069554933, 2500562827, 436887453, 4246609901, 3537524613, 436536629, 3131355228, 1770250809, 1965146565, 2312266119, 2820181491, 1246063597, 1422268525, 3905655763, 1215430436, 490349583, 3570535128, 3211841516, 217480711, 175870440, 3151616144, 65692131, 283014362, 3335960186, 749516234, 4053842750, 926913090, 3668447404, 3569160496, 2099618818, 787374804, 2356325674, 960042934, 3625096956, 3372750689, 2698019906, 1136102521, 1022006985, 2216337546, 718105935, 1313294007, 47878015, 3316041300, 3213786357, 527986482, 2211636663, 731877610, 1239231607, 3757578929, 3616916603, 450085007, 460654441, 2297943229, 2435310849, 786276112, 2075640014, 922961579, 440718799, 3605978618, 2737899008, 3721602806, 2080142086, 2454220874, 2461288769, 500852961, 2229534543, 259520517, 2350149611, 4163291740, 2580659542, 1416119717, 1238640427, 3491286828, 3732259718, 2803785042, 243665424, 3546806696, 4090662876, 1637780265, 72168644, 955240751, 1147496293, 2203220669, 3726039450, 213815521, 1869799679, 3714884806, 3470020088, 2943930902, 4269560342, 4098275839, 2909943348, 4197919584, 1901593162, 3392387303, 3451219816, 1791811072, 276062393, 4260107064, 3177250175, 3315658428, 1342302797, 2548513783, 659508008, 1483836342, 2736260590, 2434083807, 4094332102, 184965440, 3147918879, 434334451, 477746980, 332043853, 3534477173, 1498244637, 774545115, 1043413214, 307939688, 3954351027, 3856648735, 4172343682, 963426515, 2748732459, 501056627, 2893074331, 463972454, 2459543411, 3491034230, 2840123791, 3276625347, 2270382998, 1565966071, 3381078194, 2419243019, 3750052531, 504154788, 2240421375, 608), None)
write weights?
events: me found the exit, 
  ----
(3, (1864623721, 1441408804, 2935763858, 670389424, 1234720569, 2062644766, 981536153, 525988490, 455310990, 2558868024, 4132669452, 3921193445, 2232844594, 1402131044, 13225909, 2715275070, 3710424371, 2926719998, 4066306534, 4914893, 1832818443, 3348725331, 1807860881, 3320351428, 3751645829, 2585830163, 3449467377, 772038313, 4235755655, 1220707824, 2989127078, 4163990610, 1563526169, 4171352262, 2085114423, 1795480225, 4262137666, 841001359, 2531150202, 1719984680, 3141452327, 2874701351, 2243005403, 3283284946, 1342655176, 3687789956, 3884049275, 2152429514, 2386308734, 2044383782, 1468960828, 1917181803, 2423761673, 2850557750, 861064798, 3115275194, 2889979354, 2996936028, 1012752411, 1645429749, 4210568211, 985519407, 630479460, 3612009732, 3905697438, 3115086455, 3319907642, 1094864580, 3167884819, 987649690, 2671587599, 4245328727, 2300914485, 1407002324, 3508852297, 4039837633, 1868347507, 2295540199, 2191593639, 2383921237, 1350935951, 2491062083, 2287247904, 897742059, 3208776208, 444856382, 3729729211, 1311813822, 3892244796, 1026843176, 3289061311, 355517137, 16770024, 1162504589, 3715626418, 567936587, 1404715297, 4145024641, 1729194963, 1799711013, 3402258733, 135568520, 2250116418, 809337055, 2352377756, 1268448882, 1049544290, 1309246341, 382732074, 1706662334, 2479493360, 361651349, 3277297823, 1646930132, 1491841529, 3485788678, 2912530989, 2647524708, 1072065734, 2511343499, 619540571, 1102677247, 4058824437, 4199536545, 549755546, 2783112329, 1991860672, 3161363551, 191716249, 3720645991, 968590847, 3962669391, 4155323669, 296195894, 3731754343, 2952476144, 2823070849, 3552916563, 3084052382, 2365007819, 2461007246, 977957095, 592872072, 4160793888, 2376578264, 2869159821, 272560484, 4131346361, 2307271435, 2625400200, 92019776, 2867388902, 327202957, 1741091978, 1175197446, 2691218850, 1522585090, 2468041105, 961153752, 4135037386, 2229343548, 4266260480, 1657434263, 1351114263, 869205913, 581188140, 2677688483, 1631574416, 1503461183, 2534393218, 81753132, 3174567177, 1588500361, 759384821, 2223517252, 3947433873, 1363055978, 3267233006, 1059279894, 2399779935, 1785152539, 2396899815, 1740110118, 1437095110, 3802495065, 2922232834, 2093286260, 1282477412, 1705755038, 18897568, 2614820832, 469187530, 4214570842, 352988785, 2175870672, 1327889254, 1178266802, 2157257803, 393484858, 2156952175, 3101537657, 3974543673, 2399413060, 1477723155, 2406105337, 1502960070, 2661214187, 2762780448, 2679584629, 3598807534, 1539656091, 4020723183, 1439149781, 643390777, 220207511, 3853518279, 56296846, 872241542, 3087856176, 3537348218, 4234942701, 496321931, 2955579045, 3238994394, 3630187015, 3001343356, 3462748762, 2708503150, 3460543292, 2939034765, 1162678330, 1712817684, 875827169, 2984566720, 268938635, 3856730112, 3530508340, 2869854515, 1471190966, 2981008543, 1854349721, 3439205492, 227783172, 3772728053, 1049473278, 3848854902, 1625503126, 337991048, 1836473297, 123455283, 174249051, 2227941180, 3500574576, 546867497, 2538111798, 3688619611, 2774557636, 3056193223, 2588916924, 3468259920, 3634463861, 2482872067, 3318709124, 1811488502, 3630257694, 376206896, 4002956602, 2553553808, 751236280, 3151979686, 677895554, 1202483961, 3411509782, 4209209275, 162801460, 3708104740, 2611549503, 3064772337, 904858333, 3222490199, 161024362, 2034291911, 1603770033, 3653417393, 3519862972, 1639011770, 36476749, 2947462273, 4029401639, 2531086512, 2799930598, 1174180857, 2082767358, 528521112, 815960158, 3143028814, 1027032528, 4135619181, 1058155126, 3201235741, 2258592306, 3137957360, 1433350646, 1388662510, 2580088905, 350202433, 1403572267, 2609991690, 716831656, 1212385646, 2700365084, 3503557500, 3919815290, 3328427133, 1508536967, 1049253545, 3635809981, 3098853374, 2398744571, 318255053, 1336081756, 567156255, 2364570010, 2034029583, 1941013579, 3071788095, 1175340971, 2418651907, 2771209130, 2774159238, 859964876, 4215792276, 3454076426, 2604604221, 2211821363, 628266263, 66224, 1503872854, 628635910, 4094081103, 2971885919, 2093816326, 3939940028, 1864745351, 1825735763, 2680895817, 121543099, 2717421484, 285233856, 3519138416, 904637477, 3197748614, 793266289, 2687531617, 1386991434, 401274752, 1900099437, 1134390018, 867705688, 2412930630, 2217554072, 3307695659, 3845253528, 4057365907, 2925683204, 3353225441, 1286824296, 4166065248, 3544031787, 1213706992, 2537599518, 3268401355, 2721048509, 3320852412, 2317106527, 1117272214, 1756921911, 1587864028, 2173453088, 3982595774, 4099186588, 76982480, 3412965672, 602556631, 3316282156, 2368766494, 2822564916, 1844037468, 3266290644, 730516827, 1933082295, 590281293, 1218443081, 996496026, 2693898471, 2005339527, 1994062931, 3976731251, 33243228, 9075333, 1727006539, 2693623617, 223765667, 3758925475, 3189755709, 3620967244, 4133826114, 2149353532, 2678942457, 235388804, 914815059, 3329787253, 1357928647, 3406870797, 2469092528, 4285908616, 200042130, 993900486, 1435658573, 2721723733, 2514138949, 1267219731, 730350478, 832038805, 1666478452, 3809554999, 3565433828, 4161173232, 1336318949, 2062641250, 318917225, 2723688857, 1743630999, 2742563679, 2861684643, 3616762815, 1100672113, 511501264, 4089185010, 552017002, 2991065694, 3640098038, 3147136388, 2392083188, 1895478374, 2878360425, 3875549508, 3861678385, 1849334523, 3389685694, 2279597543, 2104701476, 1581914508, 141555478, 1497626556, 1000727808, 1212127830, 941658945, 11975273, 764126804, 1899146624, 1642929171, 207088128, 3565285451, 2998706267, 747686247, 1169726388, 2293486897, 1175870626, 3246424111, 4034008734, 1385044506, 693227901, 435189838, 2482701706, 1683294007, 3416443865, 2306985537, 548347797, 675634399, 266804394, 3877822245, 1047659762, 2283761568, 4033336090, 474164031, 139578613, 1261237103, 1206910994, 1648936109, 2610726379, 208364635, 188624414, 55641337, 1001157549, 2972152996, 1994101376, 3561871531, 4106735120, 1715141408, 2665189417, 2652997100, 4151063880, 3289477833, 1776236845, 819118633, 3724517407, 3513026884, 1898966698, 2096942476, 2408899412, 3910960419, 976133275, 796434203, 3320855577, 2394495014, 2175427034, 2698697331, 425728034, 1345178240, 3792448759, 1623904895, 1132832429, 3125460587, 4102937128, 4085001230, 15067289, 519738706, 2581204698, 2476785491, 494500215, 19450445, 1091592756, 3998152399, 761654669, 3631982922, 2619529718, 877035127, 1302811133, 943251493, 2433551349, 1680970464, 3154330915, 1285346437, 2479083779, 3747704059, 2081537206, 844940511, 686433850, 1554181605, 2933477536, 3905473331, 1772390626, 3641491585, 3963278893, 3922040065, 1449581963, 2392893062, 3544941826, 2732320713, 3366991252, 3298210363, 214002115, 2045265246, 2959389213, 660513636, 1903812615, 169435698, 3832321927, 2245909105, 2960275752, 3261285619, 2977786666, 1616166727, 4131710631, 1849588683, 854206032, 1666365247, 3280097334, 1474578772, 471930573, 879851774, 1653381248, 3765680110, 2104189598, 4093701432, 3976335640, 1965389153, 1474052879, 3063303180, 3723409480, 3220070643, 375131601, 917907211, 3184668864, 1474668027, 2645473110, 2575063436, 1377968946, 309509336, 811478125, 67224301, 1568711929, 1637213315, 4067761370, 1785403120, 2436489855, 837448490, 2356490778, 478923726, 2900008901, 2289674015, 494199160, 3224802831, 2688883524, 973191658, 1747150992, 2224787731, 133000724, 2576227219, 3450815260, 4019701173, 3964318631, 2554576824, 295), None)
write weights?
events: me found the exit, 
  ----
(3, (1864623721, 1441408804, 2935763858, 670389424, 1234720569, 2062644766, 981536153, 525988490, 455310990, 2558868024, 4132669452, 3921193445, 2232844594, 1402131044, 13225909, 2715275070, 3710424371, 2926719998, 4066306534, 4914893, 1832818443, 3348725331, 1807860881, 3320351428, 3751645829, 2585830163, 3449467377, 772038313, 4235755655, 1220707824, 2989127078, 4163990610, 1563526169, 4171352262, 2085114423, 1795480225, 4262137666, 841001359, 2531150202, 1719984680, 3141452327, 2874701351, 2243005403, 3283284946, 1342655176, 3687789956, 3884049275, 2152429514, 2386308734, 2044383782, 1468960828, 1917181803, 2423761673, 2850557750, 861064798, 3115275194, 2889979354, 2996936028, 1012752411, 1645429749, 4210568211, 985519407, 630479460, 3612009732, 3905697438, 3115086455, 3319907642, 1094864580, 3167884819, 987649690, 2671587599, 4245328727, 2300914485, 1407002324, 3508852297, 4039837633, 1868347507, 2295540199, 2191593639, 2383921237, 1350935951, 2491062083, 2287247904, 897742059, 3208776208, 444856382, 3729729211, 1311813822, 3892244796, 1026843176, 3289061311, 355517137, 16770024, 1162504589, 3715626418, 567936587, 1404715297, 4145024641, 1729194963, 1799711013, 3402258733, 135568520, 2250116418, 809337055, 2352377756, 1268448882, 1049544290, 1309246341, 382732074, 1706662334, 2479493360, 361651349, 3277297823, 1646930132, 1491841529, 3485788678, 2912530989, 2647524708, 1072065734, 2511343499, 619540571, 1102677247, 4058824437, 4199536545, 549755546, 2783112329, 1991860672, 3161363551, 191716249, 3720645991, 968590847, 3962669391, 4155323669, 296195894, 3731754343, 2952476144, 2823070849, 3552916563, 3084052382, 2365007819, 2461007246, 977957095, 592872072, 4160793888, 2376578264, 2869159821, 272560484, 4131346361, 2307271435, 2625400200, 92019776, 2867388902, 327202957, 1741091978, 1175197446, 2691218850, 1522585090, 2468041105, 961153752, 4135037386, 2229343548, 4266260480, 1657434263, 1351114263, 869205913, 581188140, 2677688483, 1631574416, 1503461183, 2534393218, 81753132, 3174567177, 1588500361, 759384821, 2223517252, 3947433873, 1363055978, 3267233006, 1059279894, 2399779935, 1785152539, 2396899815, 1740110118, 1437095110, 3802495065, 2922232834, 2093286260, 1282477412, 1705755038, 18897568, 2614820832, 469187530, 4214570842, 352988785, 2175870672, 1327889254, 1178266802, 2157257803, 393484858, 2156952175, 3101537657, 3974543673, 2399413060, 1477723155, 2406105337, 1502960070, 2661214187, 2762780448, 2679584629, 3598807534, 1539656091, 4020723183, 1439149781, 643390777, 220207511, 3853518279, 56296846, 872241542, 3087856176, 3537348218, 4234942701, 496321931, 2955579045, 3238994394, 3630187015, 3001343356, 3462748762, 2708503150, 3460543292, 2939034765, 1162678330, 1712817684, 875827169, 2984566720, 268938635, 3856730112, 3530508340, 2869854515, 1471190966, 2981008543, 1854349721, 3439205492, 227783172, 3772728053, 1049473278, 3848854902, 1625503126, 337991048, 1836473297, 123455283, 174249051, 2227941180, 3500574576, 546867497, 2538111798, 3688619611, 2774557636, 3056193223, 2588916924, 3468259920, 3634463861, 2482872067, 3318709124, 1811488502, 3630257694, 376206896, 4002956602, 2553553808, 751236280, 3151979686, 677895554, 1202483961, 3411509782, 4209209275, 162801460, 3708104740, 2611549503, 3064772337, 904858333, 3222490199, 161024362, 2034291911, 1603770033, 3653417393, 3519862972, 1639011770, 36476749, 2947462273, 4029401639, 2531086512, 2799930598, 1174180857, 2082767358, 528521112, 815960158, 3143028814, 1027032528, 4135619181, 1058155126, 3201235741, 2258592306, 3137957360, 1433350646, 1388662510, 2580088905, 350202433, 1403572267, 2609991690, 716831656, 1212385646, 2700365084, 3503557500, 3919815290, 3328427133, 1508536967, 1049253545, 3635809981, 3098853374, 2398744571, 318255053, 1336081756, 567156255, 2364570010, 2034029583, 1941013579, 3071788095, 1175340971, 2418651907, 2771209130, 2774159238, 859964876, 4215792276, 3454076426, 2604604221, 2211821363, 628266263, 66224, 1503872854, 628635910, 4094081103, 2971885919, 2093816326, 3939940028, 1864745351, 1825735763, 2680895817, 121543099, 2717421484, 285233856, 3519138416, 904637477, 3197748614, 793266289, 2687531617, 1386991434, 401274752, 1900099437, 1134390018, 867705688, 2412930630, 2217554072, 3307695659, 3845253528, 4057365907, 2925683204, 3353225441, 1286824296, 4166065248, 3544031787, 1213706992, 2537599518, 3268401355, 2721048509, 3320852412, 2317106527, 1117272214, 1756921911, 1587864028, 2173453088, 3982595774, 4099186588, 76982480, 3412965672, 602556631, 3316282156, 2368766494, 2822564916, 1844037468, 3266290644, 730516827, 1933082295, 590281293, 1218443081, 996496026, 2693898471, 2005339527, 1994062931, 3976731251, 33243228, 9075333, 1727006539, 2693623617, 223765667, 3758925475, 3189755709, 3620967244, 4133826114, 2149353532, 2678942457, 235388804, 914815059, 3329787253, 1357928647, 3406870797, 2469092528, 4285908616, 200042130, 993900486, 1435658573, 2721723733, 2514138949, 1267219731, 730350478, 832038805, 1666478452, 3809554999, 3565433828, 4161173232, 1336318949, 2062641250, 318917225, 2723688857, 1743630999, 2742563679, 2861684643, 3616762815, 1100672113, 511501264, 4089185010, 552017002, 2991065694, 3640098038, 3147136388, 2392083188, 1895478374, 2878360425, 3875549508, 3861678385, 1849334523, 3389685694, 2279597543, 2104701476, 1581914508, 141555478, 1497626556, 1000727808, 1212127830, 941658945, 11975273, 764126804, 1899146624, 1642929171, 207088128, 3565285451, 2998706267, 747686247, 1169726388, 2293486897, 1175870626, 3246424111, 4034008734, 1385044506, 693227901, 435189838, 2482701706, 1683294007, 3416443865, 2306985537, 548347797, 675634399, 266804394, 3877822245, 1047659762, 2283761568, 4033336090, 474164031, 139578613, 1261237103, 1206910994, 1648936109, 2610726379, 208364635, 188624414, 55641337, 1001157549, 2972152996, 1994101376, 3561871531, 4106735120, 1715141408, 2665189417, 2652997100, 4151063880, 3289477833, 1776236845, 819118633, 3724517407, 3513026884, 1898966698, 2096942476, 2408899412, 3910960419, 976133275, 796434203, 3320855577, 2394495014, 2175427034, 2698697331, 425728034, 1345178240, 3792448759, 1623904895, 1132832429, 3125460587, 4102937128, 4085001230, 15067289, 519738706, 2581204698, 2476785491, 494500215, 19450445, 1091592756, 3998152399, 761654669, 3631982922, 2619529718, 877035127, 1302811133, 943251493, 2433551349, 1680970464, 3154330915, 1285346437, 2479083779, 3747704059, 2081537206, 844940511, 686433850, 1554181605, 2933477536, 3905473331, 1772390626, 3641491585, 3963278893, 3922040065, 1449581963, 2392893062, 3544941826, 2732320713, 3366991252, 3298210363, 214002115, 2045265246, 2959389213, 660513636, 1903812615, 169435698, 3832321927, 2245909105, 2960275752, 3261285619, 2977786666, 1616166727, 4131710631, 1849588683, 854206032, 1666365247, 3280097334, 1474578772, 471930573, 879851774, 1653381248, 3765680110, 2104189598, 4093701432, 3976335640, 1965389153, 1474052879, 3063303180, 3723409480, 3220070643, 375131601, 917907211, 3184668864, 1474668027, 2645473110, 2575063436, 1377968946, 309509336, 811478125, 67224301, 1568711929, 1637213315, 4067761370, 1785403120, 2436489855, 837448490, 2356490778, 478923726, 2900008901, 2289674015, 494199160, 3224802831, 2688883524, 973191658, 1747150992, 2224787731, 133000724, 2576227219, 3450815260, 4019701173, 3964318631, 2554576824, 599), None)
write weights?
events: me found the exit, 
  ----
(3, (3355249121, 377837973, 1399902429, 3677658120, 2650133582, 2300465840, 4020264934, 3012456570, 3683716688, 2370628164, 1841851409, 3710265952, 1741608630, 2951393110, 3599983338, 2808914561, 2619973874, 3926140995, 643303729, 2759564744, 2180626480, 3111795674, 2161012791, 1662832344, 2677070917, 3561860009, 4288509982, 3294659048, 2272293071, 3448834359, 2216611033, 3090606390, 1184992257, 4096709549, 248704022, 1491612982, 1667290951, 2717840158, 2765167275, 3305979325, 3537397788, 678197184, 1094608259, 3662393146, 4111525428, 1365064934, 3467768081, 937730905, 3615302266, 3435624794, 1174853211, 4278845344, 2667477029, 3732308680, 1638177785, 141218657, 1363098040, 2657482606, 2477061157, 3964353664, 4235643145, 310155099, 103732438, 89437903, 2754844151, 1856440477, 3022051113, 903682957, 1912594986, 3543053292, 1866345541, 2609674727, 2825786181, 1105775973, 3018008869, 3354869147, 2224118882, 1268989190, 3126220738, 988326337, 448017727, 1686457989, 3951875701, 273029538, 2858623802, 2287806320, 4010227711, 3281562500, 1121524267, 3009214453, 2562466520, 1200615910, 3655680180, 3039264562, 3314472865, 3152789073, 2714874726, 3509352091, 495808745, 3400928969, 2420610799, 4157130929, 2804714384, 2562762727, 4226611925, 3895154297, 2048721876, 1656175288, 34475766, 3558516839, 44767185, 3381432890, 233429478, 988384119, 3472814112, 4125816146, 1637850537, 2583890554, 493465404, 1255434536, 420391123, 3097425799, 3020067215, 2993578426, 3945993444, 953751117, 1031095451, 674481979, 1150736994, 3308296889, 2984960298, 2063869071, 3681776840, 2873544475, 1456820405, 2352644267, 514120761, 1988927042, 118000240, 3581224753, 4033607387, 1544294585, 70825653, 3621704089, 2830684665, 4095491473, 4002140038, 1309176921, 2438945343, 1051701910, 656978988, 4163029667, 1866569632, 2380225315, 4177303010, 80015331, 1233770646, 2963264321, 3539878372, 337008405, 4051982982, 992349590, 328693789, 1214187143, 3586436909, 2584018253, 158837142, 94535005, 752435621, 857102865, 2374882409, 305360028, 175427540, 2989895178, 785347556, 3655475615, 1091288368, 2849328300, 4038202683, 3738252418, 4248101651, 2958666917, 2100323127, 3027966526, 1667737343, 485366074, 3326816604, 1337885265, 4103127144, 3773787880, 954132612, 1783028898, 1696328683, 3711314720, 3632045376, 893483912, 2952005105, 4134026717, 3466930195, 1489558837, 1980216783, 362820240, 3882888718, 2934160590, 1758162446, 3418843091, 868463379, 614873023, 19639815, 1708389997, 2670816514, 2141083055, 2528105869, 859972561, 598283555, 1557750719, 3653778124, 3158532700, 1399483095, 2401096761, 1398375177, 2263914905, 4178152318, 949473984, 3068504843, 2339905162, 3371926159, 2698825855, 3625641740, 836131008, 3896467202, 518480737, 2448178512, 1051408892, 2172580986, 2997267018, 1103305218, 101722058, 1559875824, 2307258021, 2308284780, 2421865448, 235647780, 3278862477, 3635431160, 1445565434, 2926130956, 776611079, 601843868, 485993157, 1635326278, 4156792829, 487153634, 4097390981, 814079514, 3586146605, 260923019, 3375960711, 3748286494, 3019505380, 618179827, 1815433684, 756333133, 1330674760, 3939026950, 2476554294, 2299997301, 2226852416, 897828243, 353209154, 1620387481, 3501926207, 3039050724, 2322326155, 426130251, 60889146, 244945661, 2247746538, 1174989140, 3660774544, 2078169204, 3613909118, 3179495270, 970544614, 4005387699, 196743004, 1653921311, 493591749, 1494368003, 1432294053, 4272050156, 2585908488, 1634157393, 2893127430, 678851498, 795099330, 1902528005, 817314174, 501462198, 3944850012, 476871581, 3646206430, 4002781932, 293431449, 2563004665, 176852744, 924844484, 1340655851, 1084525106, 4227264763, 2016156700, 3736269319, 1919186321, 452640355, 1171599375, 4153060778, 4010190858, 1187538426, 2549831391, 4264836634, 1019789538, 3287739244, 1585276041, 16892316, 1403987035, 3884114915, 1537894295, 3268490042, 2774921074, 4270688630, 2774750893, 2635889104, 1018981176, 2734647442, 2835792108, 34508718, 4174056396, 269945682, 1787264706, 3429947798, 1150223988, 4220889982, 460367182, 3472781151, 216933889, 3355333438, 1512582910, 1368293811, 2424181439, 2013263682, 2904720249, 631209987, 2982779810, 1411425086, 600227067, 3846107403, 3841863480, 2822172806, 2095912876, 2573593732, 1356712145, 609068153, 1842941629, 1234562363, 2355837677, 1632713412, 3915229441, 16619281, 942131649, 261681082, 800165155, 1621594872, 2531535439, 848126454, 793012242, 1007397627, 301843064, 669947324, 2391933436, 359389294, 3482586955, 3712633206, 3426319191, 1801249024, 4127691342, 2262841342, 1659024571, 3503524716, 4159429604, 3003381657, 3233860478, 1753474134, 2276873216, 2151139642, 3882437441, 2394722131, 2627397623, 3446699079, 2340348161, 2684648622, 997730677, 4050448746, 1894564369, 2265770609, 3258746122, 2340454938, 2665443484, 736814768, 4149900135, 4286296001, 240117851, 2450995779, 2691626339, 2413731588, 805593365, 2976314145, 4252087563, 2334092541, 3797120727, 3070099606, 570066294, 3451436167, 3028433053, 2656976203, 1592267801, 2766615009, 617342541, 2296137954, 685278881, 2012855269, 650581213, 2184513434, 1131663011, 4286834717, 3597087423, 4176373984, 1793951621, 2800708731, 804117402, 2408304802, 1597611434, 2120461281, 462636741, 2713018623, 813954871, 552235637, 1694703742, 3175906987, 2750785094, 602851666, 1177439186, 2579539917, 2404377857, 3831134545, 3171820287, 4228196903, 3033440703, 1902949097, 136491083, 2843044752, 2538932010, 2270495098, 32432816, 2174089968, 3377525670, 2116394282, 349482210, 3936259901, 697453344, 1983035499, 2854778240, 1427119769, 1523691485, 2811540937, 3311932995, 2668019119, 3242196282, 2821072467, 2062123341, 452645303, 1587603144, 1874648163, 3520067325, 2008987398, 504379335, 1112147643, 258422668, 119581946, 3290006365, 3117566055, 2423094970, 4015513353, 188549781, 231318908, 2619910162, 1324223699, 2787366856, 452379025, 2745588399, 591479599, 3313180797, 1657807343, 4171305345, 3816734388, 77083169, 4060055940, 2994780210, 55160609, 3910764216, 3125366476, 3563038632, 715301665, 2232348686, 3647240396, 1513558230, 432476142, 2621099843, 2987541501, 2989961288, 3379160565, 1159481062, 2428244003, 2873732904, 186690321, 1225338745, 3298422821, 3831294197, 276921584, 160194216, 958502536, 2296495456, 3092015587, 2762294448, 4170860509, 1674910798, 246802121, 954040095, 3354854461, 1537618634, 3823780020, 1759672083, 3269206593, 147617591, 2146431060, 2960155480, 3925051524, 2115169450, 683529215, 1957637441, 1225903321, 3966571738, 662528042, 1376531324, 3032464478, 792414565, 1465790824, 4192066101, 3435566124, 1434008299, 1491366386, 1505526096, 1986970834, 1056615681, 2045895197, 1136155360, 3409133086, 3380373647, 4021419368, 544470681, 1128905178, 919043577, 1414566804, 786218050, 4160941426, 3214478473, 2299199895, 3747486722, 2363730786, 1315808425, 651272219, 1310203713, 310440123, 3574016764, 2588647031, 2453046810, 174858016, 2063591147, 3795540361, 1057391231, 53367449, 2406116765, 1582140634, 3808598430, 4155814241, 4060607795, 921735786, 1126613884, 1184931002, 1772014740, 398691494, 2844078175, 2559347377, 2513037413, 684149781, 1390091972, 520503324, 1302258171, 3383662150, 2467277969, 1130136682, 3060302416, 3099452146, 1072942118, 851458329, 2379437977, 3287969708, 675712975, 2201386100, 4249639232, 3781293454, 1861524287, 138715725, 3265089679, 1718408152, 300), None)
write weights?
events: me found the exit, 
  ----
(3, (523921490, 1003370928, 2375955114, 1971503954, 3051608114, 121433570, 3737899596, 2952004130, 3441882936, 1899230795, 91878272, 2226985020, 3901683818, 1694914862, 1487526876, 4000982298, 1674853370, 4196455762, 2740665797, 3180161299, 3617747216, 993852947, 3346032634, 3074055051, 1050073484, 3410789522, 4235099583, 2220399777, 1529284005, 4291571966, 3569826937, 3531665534, 3571868396, 1638818518, 2923502849, 3955955167, 4017918354, 487001909, 56641249, 58831755, 4074330011, 2524600708, 2729314111, 632417968, 382547346, 2781023890, 1666154892, 457008650, 1183436504, 2668166028, 2194178427, 1971464843, 1289062454, 2952050417, 83721890, 2815457757, 3949495014, 1842669618, 2317399143, 1409119716, 2707048859, 188078624, 852983848, 474250510, 1762538987, 2197174779, 1114884073, 4054778547, 1471333596, 4198697503, 2119172881, 3836605021, 2412670470, 718361037, 2950901899, 412680684, 3259312970, 3628285346, 1534744976, 1433229178, 57422286, 3592903336, 1390009702, 1267824469, 731008987, 1061477853, 376627908, 3866364429, 3270299038, 1127818976, 1692881929, 3907724039, 3812751358, 1805821365, 732606718, 1540739878, 4233572078, 1273405625, 4072520552, 1997057120, 4162458902, 4029685607, 4129923075, 562425288, 2412591628, 2242875499, 3525649384, 94319962, 1123708264, 1792901893, 663742012, 2951572043, 1043676072, 4079017912, 1347934600, 1825148421, 3563453937, 344180552, 1017985914, 162868213, 928352481, 1899939920, 2422134056, 814075028, 1440230362, 754695610, 2251421779, 1799504456, 2131299750, 3165231200, 4094418536, 607511756, 4119478746, 2055448037, 660183401, 1929353843, 3285977340, 1615944054, 3171403150, 3655349421, 821673150, 3232946511, 1359845543, 2780213040, 567970902, 2139721972, 2179168935, 567770776, 3064222159, 1837545148, 2376337009, 51373713, 3606499735, 2417188395, 4229408516, 1992875831, 905504033, 1178888599, 2220730941, 3240097654, 2438304487, 3317315130, 3854778990, 3931530777, 2724465323, 2051111370, 3794300012, 3436989165, 1269867465, 1454518884, 2796047142, 625578355, 1515368159, 1637925899, 3785962372, 1314480858, 3974646564, 1590212299, 3865287638, 952950100, 1304940015, 2851939821, 1022110980, 2795732193, 486013990, 4129469010, 1687973760, 2826888750, 2048632916, 647008937, 3608688600, 2491664213, 766854921, 3813942077, 82653470, 1844456377, 361242448, 207475173, 3281800239, 3777866052, 1282442738, 1512496019, 1085428417, 3722479448, 610765191, 1428193587, 2744968981, 3410393368, 3035040757, 1107711866, 795413582, 22083208, 2213881181, 1052031006, 265937906, 320328000, 1826719799, 2104414765, 1568421231, 3638754964, 424050791, 2177408255, 3173653742, 3968794213, 1308142856, 1072177431, 2936671032, 1932991444, 1663374800, 3112279339, 2751054397, 3172320922, 1483305244, 3732187249, 4138161927, 2915531321, 1916528046, 721755128, 427250609, 2890148060, 757794010, 531366478, 1455761795, 260839558, 2436111535, 3027215939, 1939917647, 3326985566, 2890898350, 4157401945, 366159018, 1880258173, 1750640783, 2754384562, 934284520, 2246646335, 1113065826, 3144815734, 2340163340, 528647242, 1471466044, 566489336, 3429051387, 3659068817, 1422496558, 3739443204, 1104951979, 823133581, 2633800741, 200025260, 2498022896, 1281304672, 2046709512, 3069455606, 451799575, 3637360505, 2650016377, 3788305873, 1486574787, 825926668, 2219263694, 1513939217, 4215067438, 1161731296, 671739804, 576876471, 3292531545, 349955781, 3096634285, 226928606, 1364498314, 2159355036, 2496591480, 373882428, 3860669138, 4127807233, 3793262240, 1889655114, 3510444915, 1492181783, 108726562, 3635019261, 3375302015, 1462745065, 2634447398, 1089100146, 3952182224, 591295703, 1926533642, 785372008, 4257267337, 3416835532, 2872128051, 2911947292, 3719388376, 3043989915, 542970909, 4128395193, 2549169162, 3173357455, 1247399939, 3718034021, 1532310504, 1283984412, 3777978775, 106969212, 1449145853, 2863194799, 2406931420, 1032895370, 1863045408, 3516075920, 2496668706, 2259043230, 1150841485, 2124408974, 584451756, 315382109, 2312439424, 1551022226, 3471444487, 502237999, 3535669621, 186277422, 930934487, 1371089925, 3095059443, 2791453025, 180433905, 533144651, 4215454794, 1295836683, 1189866533, 249173745, 3235219986, 225843770, 3904036899, 2323469758, 679940750, 82580845, 4054697734, 2294132456, 3476937777, 1558259029, 284804116, 279028177, 9850874, 3051546753, 3346968210, 3755863785, 2514839116, 3013618094, 651108367, 2520862382, 2799311674, 3193614579, 2121399394, 2330789519, 1236929190, 1748264685, 4273371792, 50571888, 57061303, 251341830, 87323240, 1814315199, 3916837568, 3936386837, 87260457, 2242062289, 2652345394, 2713657515, 979017047, 143948051, 311082395, 2633326829, 2835527832, 2048887673, 1967894308, 2665876154, 1494662334, 14148179, 3570902845, 2381711777, 453572550, 2836145048, 1832496652, 4016194691, 1330135762, 3804457462, 916476191, 3586668104, 2983067088, 2778132437, 700788577, 2645279246, 4195849224, 1060715628, 3489449758, 2101872050, 1551945121, 3349454223, 3151463875, 3824461187, 2267478474, 150015958, 3846409525, 2165601917, 4174558910, 3403245680, 3707372693, 3705069065, 4092184034, 1369951893, 3073461608, 1486452968, 3363393944, 2023743875, 110436057, 3966364552, 2559434033, 2602102863, 2596655584, 2913518451, 4094909384, 1878893904, 1598845214, 1220301636, 3493853270, 2654812423, 2036735324, 2472013655, 3570249056, 1753590424, 2487041560, 2689267152, 1480553600, 1054878407, 2846847826, 331608713, 2648582348, 3058706015, 2903344961, 378772605, 1410848109, 320669120, 253853, 2044862794, 3183341220, 1137775427, 4228687637, 626293662, 1051544696, 2283565233, 281422678, 3436209459, 987187375, 4054799571, 3832000121, 1191762923, 184175708, 2254391113, 4264968636, 3562578526, 56600564, 2362414282, 470995511, 3971005261, 3827459092, 2220201126, 884714186, 2287969979, 3624383162, 1338535586, 3480204091, 2414704577, 3751802043, 473911416, 2230794536, 3259723753, 1586793694, 3216364040, 2842880035, 1185981366, 3644010771, 31131866, 3918971715, 2966128018, 119031415, 2433941754, 2305260975, 713987995, 1322275793, 2841346866, 406348082, 797390035, 3448190719, 139399086, 2097768121, 4131443979, 2266908402, 3015308614, 714191446, 1603580355, 3420819847, 974907350, 279993711, 45950582, 3292083897, 3445611471, 2449552327, 3478444158, 2779761219, 2591755767, 3177985900, 4155678042, 2487017897, 2417207276, 4200457622, 1179171173, 368471011, 14669724, 2325242289, 946152881, 2196474875, 3908586079, 812895919, 3909547644, 1612506326, 1835252101, 523680777, 3358160937, 473949779, 2566201744, 2164783643, 714114585, 1542713756, 2629827722, 4259395433, 3087950986, 3180405239, 3270350034, 3681528159, 50998236, 928368210, 1952678424, 732579366, 131809684, 1011570626, 1356138326, 556931044, 538095862, 1840798396, 2126441832, 2079261045, 1701723632, 1505161722, 92069569, 3344729817, 4176434010, 2660425331, 3931512684, 3646645726, 2712249134, 3477821998, 2364559652, 2902002038, 925251302, 270677883, 1367366176, 868737848, 561547483, 4067641790, 3768387004, 4003111348, 3874344748, 4237140148, 2703884294, 3091329021, 2869233919, 1125104425, 1966497751, 1932633638, 1461482240, 2238588545, 4135438980, 1289956814, 775494663, 1655564357, 408088223, 1386601855, 1523422331, 3964464364, 1989618131, 2338146499, 3357051409, 2218269163, 3769743506, 3507477100, 3559415831, 2512296170, 2865538307, 4022536449, 2795474097, 40), None)
write weights?
events: 
  ----
(3, (523921490, 1003370928, 2375955114, 1971503954, 3051608114, 121433570, 3737899596, 2952004130, 3441882936, 1899230795, 91878272, 2226985020, 3901683818, 1694914862, 1487526876, 4000982298, 1674853370, 4196455762, 2740665797, 3180161299, 3617747216, 993852947, 3346032634, 3074055051, 1050073484, 3410789522, 4235099583, 2220399777, 1529284005, 4291571966, 3569826937, 3531665534, 3571868396, 1638818518, 2923502849, 3955955167, 4017918354, 487001909, 56641249, 58831755, 4074330011, 2524600708, 2729314111, 632417968, 382547346, 2781023890, 1666154892, 457008650, 1183436504, 2668166028, 2194178427, 1971464843, 1289062454, 2952050417, 83721890, 2815457757, 3949495014, 1842669618, 2317399143, 1409119716, 2707048859, 188078624, 852983848, 474250510, 1762538987, 2197174779, 1114884073, 4054778547, 1471333596, 4198697503, 2119172881, 3836605021, 2412670470, 718361037, 2950901899, 412680684, 3259312970, 3628285346, 1534744976, 1433229178, 57422286, 3592903336, 1390009702, 1267824469, 731008987, 1061477853, 376627908, 3866364429, 3270299038, 1127818976, 1692881929, 3907724039, 3812751358, 1805821365, 732606718, 1540739878, 4233572078, 1273405625, 4072520552, 1997057120, 4162458902, 4029685607, 4129923075, 562425288, 2412591628, 2242875499, 3525649384, 94319962, 1123708264, 1792901893, 663742012, 2951572043, 1043676072, 4079017912, 1347934600, 1825148421, 3563453937, 344180552, 1017985914, 162868213, 928352481, 1899939920, 2422134056, 814075028, 1440230362, 754695610, 2251421779, 1799504456, 2131299750, 3165231200, 4094418536, 607511756, 4119478746, 2055448037, 660183401, 1929353843, 3285977340, 1615944054, 3171403150, 3655349421, 821673150, 3232946511, 1359845543, 2780213040, 567970902, 2139721972, 2179168935, 567770776, 3064222159, 1837545148, 2376337009, 51373713, 3606499735, 2417188395, 4229408516, 1992875831, 905504033, 1178888599, 2220730941, 3240097654, 2438304487, 3317315130, 3854778990, 3931530777, 2724465323, 2051111370, 3794300012, 3436989165, 1269867465, 1454518884, 2796047142, 625578355, 1515368159, 1637925899, 3785962372, 1314480858, 3974646564, 1590212299, 3865287638, 952950100, 1304940015, 2851939821, 1022110980, 2795732193, 486013990, 4129469010, 1687973760, 2826888750, 2048632916, 647008937, 3608688600, 2491664213, 766854921, 3813942077, 82653470, 1844456377, 361242448, 207475173, 3281800239, 3777866052, 1282442738, 1512496019, 1085428417, 3722479448, 610765191, 1428193587, 2744968981, 3410393368, 3035040757, 1107711866, 795413582, 22083208, 2213881181, 1052031006, 265937906, 320328000, 1826719799, 2104414765, 1568421231, 3638754964, 424050791, 2177408255, 3173653742, 3968794213, 1308142856, 1072177431, 2936671032, 1932991444, 1663374800, 3112279339, 2751054397, 3172320922, 1483305244, 3732187249, 4138161927, 2915531321, 1916528046, 721755128, 427250609, 2890148060, 757794010, 531366478, 1455761795, 260839558, 2436111535, 3027215939, 1939917647, 3326985566, 2890898350, 4157401945, 366159018, 1880258173, 1750640783, 2754384562, 934284520, 2246646335, 1113065826, 3144815734, 2340163340, 528647242, 1471466044, 566489336, 3429051387, 3659068817, 1422496558, 3739443204, 1104951979, 823133581, 2633800741, 200025260, 2498022896, 1281304672, 2046709512, 3069455606, 451799575, 3637360505, 2650016377, 3788305873, 1486574787, 825926668, 2219263694, 1513939217, 4215067438, 1161731296, 671739804, 576876471, 3292531545, 349955781, 3096634285, 226928606, 1364498314, 2159355036, 2496591480, 373882428, 3860669138, 4127807233, 3793262240, 1889655114, 3510444915, 1492181783, 108726562, 3635019261, 3375302015, 1462745065, 2634447398, 1089100146, 3952182224, 591295703, 1926533642, 785372008, 4257267337, 3416835532, 2872128051, 2911947292, 3719388376, 3043989915, 542970909, 4128395193, 2549169162, 3173357455, 1247399939, 3718034021, 1532310504, 1283984412, 3777978775, 106969212, 1449145853, 2863194799, 2406931420, 1032895370, 1863045408, 3516075920, 2496668706, 2259043230, 1150841485, 2124408974, 584451756, 315382109, 2312439424, 1551022226, 3471444487, 502237999, 3535669621, 186277422, 930934487, 1371089925, 3095059443, 2791453025, 180433905, 533144651, 4215454794, 1295836683, 1189866533, 249173745, 3235219986, 225843770, 3904036899, 2323469758, 679940750, 82580845, 4054697734, 2294132456, 3476937777, 1558259029, 284804116, 279028177, 9850874, 3051546753, 3346968210, 3755863785, 2514839116, 3013618094, 651108367, 2520862382, 2799311674, 3193614579, 2121399394, 2330789519, 1236929190, 1748264685, 4273371792, 50571888, 57061303, 251341830, 87323240, 1814315199, 3916837568, 3936386837, 87260457, 2242062289, 2652345394, 2713657515, 979017047, 143948051, 311082395, 2633326829, 2835527832, 2048887673, 1967894308, 2665876154, 1494662334, 14148179, 3570902845, 2381711777, 453572550, 2836145048, 1832496652, 4016194691, 1330135762, 3804457462, 916476191, 3586668104, 2983067088, 2778132437, 700788577, 2645279246, 4195849224, 1060715628, 3489449758, 2101872050, 1551945121, 3349454223, 3151463875, 3824461187, 2267478474, 150015958, 3846409525, 2165601917, 4174558910, 3403245680, 3707372693, 3705069065, 4092184034, 1369951893, 3073461608, 1486452968, 3363393944, 2023743875, 110436057, 3966364552, 2559434033, 2602102863, 2596655584, 2913518451, 4094909384, 1878893904, 1598845214, 1220301636, 3493853270, 2654812423, 2036735324, 2472013655, 3570249056, 1753590424, 2487041560, 2689267152, 1480553600, 1054878407, 2846847826, 331608713, 2648582348, 3058706015, 2903344961, 378772605, 1410848109, 320669120, 253853, 2044862794, 3183341220, 1137775427, 4228687637, 626293662, 1051544696, 2283565233, 281422678, 3436209459, 987187375, 4054799571, 3832000121, 1191762923, 184175708, 2254391113, 4264968636, 3562578526, 56600564, 2362414282, 470995511, 3971005261, 3827459092, 2220201126, 884714186, 2287969979, 3624383162, 1338535586, 3480204091, 2414704577, 3751802043, 473911416, 2230794536, 3259723753, 1586793694, 3216364040, 2842880035, 1185981366, 3644010771, 31131866, 3918971715, 2966128018, 119031415, 2433941754, 2305260975, 713987995, 1322275793, 2841346866, 406348082, 797390035, 3448190719, 139399086, 2097768121, 4131443979, 2266908402, 3015308614, 714191446, 1603580355, 3420819847, 974907350, 279993711, 45950582, 3292083897, 3445611471, 2449552327, 3478444158, 2779761219, 2591755767, 3177985900, 4155678042, 2487017897, 2417207276, 4200457622, 1179171173, 368471011, 14669724, 2325242289, 946152881, 2196474875, 3908586079, 812895919, 3909547644, 1612506326, 1835252101, 523680777, 3358160937, 473949779, 2566201744, 2164783643, 714114585, 1542713756, 2629827722, 4259395433, 3087950986, 3180405239, 3270350034, 3681528159, 50998236, 928368210, 1952678424, 732579366, 131809684, 1011570626, 1356138326, 556931044, 538095862, 1840798396, 2126441832, 2079261045, 1701723632, 1505161722, 92069569, 3344729817, 4176434010, 2660425331, 3931512684, 3646645726, 2712249134, 3477821998, 2364559652, 2902002038, 925251302, 270677883, 1367366176, 868737848, 561547483, 4067641790, 3768387004, 4003111348, 3874344748, 4237140148, 2703884294, 3091329021, 2869233919, 1125104425, 1966497751, 1932633638, 1461482240, 2238588545, 4135438980, 1289956814, 775494663, 1655564357, 408088223, 1386601855, 1523422331, 3964464364, 1989618131, 2338146499, 3357051409, 2218269163, 3769743506, 3507477100, 3559415831, 2512296170, 2865538307, 4022536449, 2795474097, 210), None)
write weights?
events: 
  ----
(3, (523921490, 1003370928, 2375955114, 1971503954, 3051608114, 121433570, 3737899596, 2952004130, 3441882936, 1899230795, 91878272, 2226985020, 3901683818, 1694914862, 1487526876, 4000982298, 1674853370, 4196455762, 2740665797, 3180161299, 3617747216, 993852947, 3346032634, 3074055051, 1050073484, 3410789522, 4235099583, 2220399777, 1529284005, 4291571966, 3569826937, 3531665534, 3571868396, 1638818518, 2923502849, 3955955167, 4017918354, 487001909, 56641249, 58831755, 4074330011, 2524600708, 2729314111, 632417968, 382547346, 2781023890, 1666154892, 457008650, 1183436504, 2668166028, 2194178427, 1971464843, 1289062454, 2952050417, 83721890, 2815457757, 3949495014, 1842669618, 2317399143, 1409119716, 2707048859, 188078624, 852983848, 474250510, 1762538987, 2197174779, 1114884073, 4054778547, 1471333596, 4198697503, 2119172881, 3836605021, 2412670470, 718361037, 2950901899, 412680684, 3259312970, 3628285346, 1534744976, 1433229178, 57422286, 3592903336, 1390009702, 1267824469, 731008987, 1061477853, 376627908, 3866364429, 3270299038, 1127818976, 1692881929, 3907724039, 3812751358, 1805821365, 732606718, 1540739878, 4233572078, 1273405625, 4072520552, 1997057120, 4162458902, 4029685607, 4129923075, 562425288, 2412591628, 2242875499, 3525649384, 94319962, 1123708264, 1792901893, 663742012, 2951572043, 1043676072, 4079017912, 1347934600, 1825148421, 3563453937, 344180552, 1017985914, 162868213, 928352481, 1899939920, 2422134056, 814075028, 1440230362, 754695610, 2251421779, 1799504456, 2131299750, 3165231200, 4094418536, 607511756, 4119478746, 2055448037, 660183401, 1929353843, 3285977340, 1615944054, 3171403150, 3655349421, 821673150, 3232946511, 1359845543, 2780213040, 567970902, 2139721972, 2179168935, 567770776, 3064222159, 1837545148, 2376337009, 51373713, 3606499735, 2417188395, 4229408516, 1992875831, 905504033, 1178888599, 2220730941, 3240097654, 2438304487, 3317315130, 3854778990, 3931530777, 2724465323, 2051111370, 3794300012, 3436989165, 1269867465, 1454518884, 2796047142, 625578355, 1515368159, 1637925899, 3785962372, 1314480858, 3974646564, 1590212299, 3865287638, 952950100, 1304940015, 2851939821, 1022110980, 2795732193, 486013990, 4129469010, 1687973760, 2826888750, 2048632916, 647008937, 3608688600, 2491664213, 766854921, 3813942077, 82653470, 1844456377, 361242448, 207475173, 3281800239, 3777866052, 1282442738, 1512496019, 1085428417, 3722479448, 610765191, 1428193587, 2744968981, 3410393368, 3035040757, 1107711866, 795413582, 22083208, 2213881181, 1052031006, 265937906, 320328000, 1826719799, 2104414765, 1568421231, 3638754964, 424050791, 2177408255, 3173653742, 3968794213, 1308142856, 1072177431, 2936671032, 1932991444, 1663374800, 3112279339, 2751054397, 3172320922, 1483305244, 3732187249, 4138161927, 2915531321, 1916528046, 721755128, 427250609, 2890148060, 757794010, 531366478, 1455761795, 260839558, 2436111535, 3027215939, 1939917647, 3326985566, 2890898350, 4157401945, 366159018, 1880258173, 1750640783, 2754384562, 934284520, 2246646335, 1113065826, 3144815734, 2340163340, 528647242, 1471466044, 566489336, 3429051387, 3659068817, 1422496558, 3739443204, 1104951979, 823133581, 2633800741, 200025260, 2498022896, 1281304672, 2046709512, 3069455606, 451799575, 3637360505, 2650016377, 3788305873, 1486574787, 825926668, 2219263694, 1513939217, 4215067438, 1161731296, 671739804, 576876471, 3292531545, 349955781, 3096634285, 226928606, 1364498314, 2159355036, 2496591480, 373882428, 3860669138, 4127807233, 3793262240, 1889655114, 3510444915, 1492181783, 108726562, 3635019261, 3375302015, 1462745065, 2634447398, 1089100146, 3952182224, 591295703, 1926533642, 785372008, 4257267337, 3416835532, 2872128051, 2911947292, 3719388376, 3043989915, 542970909, 4128395193, 2549169162, 3173357455, 1247399939, 3718034021, 1532310504, 1283984412, 3777978775, 106969212, 1449145853, 2863194799, 2406931420, 1032895370, 1863045408, 3516075920, 2496668706, 2259043230, 1150841485, 2124408974, 584451756, 315382109, 2312439424, 1551022226, 3471444487, 502237999, 3535669621, 186277422, 930934487, 1371089925, 3095059443, 2791453025, 180433905, 533144651, 4215454794, 1295836683, 1189866533, 249173745, 3235219986, 225843770, 3904036899, 2323469758, 679940750, 82580845, 4054697734, 2294132456, 3476937777, 1558259029, 284804116, 279028177, 9850874, 3051546753, 3346968210, 3755863785, 2514839116, 3013618094, 651108367, 2520862382, 2799311674, 3193614579, 2121399394, 2330789519, 1236929190, 1748264685, 4273371792, 50571888, 57061303, 251341830, 87323240, 1814315199, 3916837568, 3936386837, 87260457, 2242062289, 2652345394, 2713657515, 979017047, 143948051, 311082395, 2633326829, 2835527832, 2048887673, 1967894308, 2665876154, 1494662334, 14148179, 3570902845, 2381711777, 453572550, 2836145048, 1832496652, 4016194691, 1330135762, 3804457462, 916476191, 3586668104, 2983067088, 2778132437, 700788577, 2645279246, 4195849224, 1060715628, 3489449758, 2101872050, 1551945121, 3349454223, 3151463875, 3824461187, 2267478474, 150015958, 3846409525, 2165601917, 4174558910, 3403245680, 3707372693, 3705069065, 4092184034, 1369951893, 3073461608, 1486452968, 3363393944, 2023743875, 110436057, 3966364552, 2559434033, 2602102863, 2596655584, 2913518451, 4094909384, 1878893904, 1598845214, 1220301636, 3493853270, 2654812423, 2036735324, 2472013655, 3570249056, 1753590424, 2487041560, 2689267152, 1480553600, 1054878407, 2846847826, 331608713, 2648582348, 3058706015, 2903344961, 378772605, 1410848109, 320669120, 253853, 2044862794, 3183341220, 1137775427, 4228687637, 626293662, 1051544696, 2283565233, 281422678, 3436209459, 987187375, 4054799571, 3832000121, 1191762923, 184175708, 2254391113, 4264968636, 3562578526, 56600564, 2362414282, 470995511, 3971005261, 3827459092, 2220201126, 884714186, 2287969979, 3624383162, 1338535586, 3480204091, 2414704577, 3751802043, 473911416, 2230794536, 3259723753, 1586793694, 3216364040, 2842880035, 1185981366, 3644010771, 31131866, 3918971715, 2966128018, 119031415, 2433941754, 2305260975, 713987995, 1322275793, 2841346866, 406348082, 797390035, 3448190719, 139399086, 2097768121, 4131443979, 2266908402, 3015308614, 714191446, 1603580355, 3420819847, 974907350, 279993711, 45950582, 3292083897, 3445611471, 2449552327, 3478444158, 2779761219, 2591755767, 3177985900, 4155678042, 2487017897, 2417207276, 4200457622, 1179171173, 368471011, 14669724, 2325242289, 946152881, 2196474875, 3908586079, 812895919, 3909547644, 1612506326, 1835252101, 523680777, 3358160937, 473949779, 2566201744, 2164783643, 714114585, 1542713756, 2629827722, 4259395433, 3087950986, 3180405239, 3270350034, 3681528159, 50998236, 928368210, 1952678424, 732579366, 131809684, 1011570626, 1356138326, 556931044, 538095862, 1840798396, 2126441832, 2079261045, 1701723632, 1505161722, 92069569, 3344729817, 4176434010, 2660425331, 3931512684, 3646645726, 2712249134, 3477821998, 2364559652, 2902002038, 925251302, 270677883, 1367366176, 868737848, 561547483, 4067641790, 3768387004, 4003111348, 3874344748, 4237140148, 2703884294, 3091329021, 2869233919, 1125104425, 1966497751, 1932633638, 1461482240, 2238588545, 4135438980, 1289956814, 775494663, 1655564357, 408088223, 1386601855, 1523422331, 3964464364, 1989618131, 2338146499, 3357051409, 2218269163, 3769743506, 3507477100, 3559415831, 2512296170, 2865538307, 4022536449, 2795474097, 517), None)
write weights?
events: 
  ----
(3, (1744344993, 1938077297, 3827788563, 1139232935, 1128895650, 4222766619, 3658221744, 2107346010, 1218275426, 1871009740, 3980183709, 990854887, 2420131169, 452246769, 3807716549, 3223838765, 2558952828, 3781165404, 1516619352, 2445716608, 4222612410, 3963942115, 3218970792, 63676775, 3791839174, 1558711235, 953178892, 1941818311, 924260265, 371762134, 3897822786, 2460059592, 3121502491, 1389509322, 809231417, 2220330283, 2251094480, 797564615, 3226538482, 1746750090, 866307393, 3469389209, 3199278288, 2481670136, 2314827526, 3949072678, 2687922294, 3612851364, 1618598038, 2267054460, 2876634846, 4132781133, 282055328, 991470093, 431448934, 2709122067, 510647937, 136697076, 3384037154, 3516588178, 2071644119, 2965680966, 501337102, 810648294, 774081149, 1430049898, 3075255803, 1070511875, 3073650704, 3861081802, 3535562939, 4200257959, 2410744698, 1928695695, 1763244904, 529521117, 3829263968, 2105214878, 3865497230, 996233288, 3669817735, 2366324938, 4224241822, 2252069742, 16095608, 4111413470, 2120882055, 1646903611, 3981641658, 3077163244, 1103993361, 2508365803, 1754035875, 560919221, 2780122920, 3861652941, 3006500385, 4130434703, 4100530673, 3818061360, 4247777044, 1726700022, 2458491149, 1500647896, 1684712162, 3227548119, 75446555, 4165863335, 2914875783, 4199624797, 1043693672, 1476582307, 2827185958, 3779891563, 2246238278, 4259978742, 3810156694, 107936911, 2991919606, 1327841872, 818965382, 1965427757, 2919379777, 2918339359, 2781096859, 2961309344, 708153575, 4100003668, 609168358, 1790292571, 1353176080, 4277933652, 689355234, 413487020, 1864607128, 2218905149, 3931349324, 2750404011, 38418387, 3426762742, 692222868, 198416666, 1418981117, 1159409096, 1058742246, 325151805, 1754176253, 11604931, 2654671105, 2947120456, 831108587, 3530505410, 3160581711, 1631416203, 709207917, 2680890396, 585082244, 438411226, 1243577762, 2320599088, 4267894679, 2399180382, 1412294489, 1974178941, 3217893431, 3933970281, 4234985077, 3414501225, 1597676330, 956195765, 3430365682, 2288693362, 4178433420, 300322342, 1195245979, 1540128558, 2295465682, 1222560926, 956846938, 3864897490, 2290810088, 2569703515, 1924554229, 3504939104, 3511109189, 2870301214, 3046559801, 2990968324, 112240815, 2272596634, 3832505747, 3757057056, 4179819361, 1907456951, 2391289304, 4172760598, 2142985617, 1448884092, 2524650382, 2595611213, 355589392, 17856066, 2247445331, 2285162293, 3333336977, 4227294579, 851398540, 1175786404, 2541674809, 1532472297, 781281091, 4200581684, 1191752336, 1430858886, 1397128411, 1127520296, 3509121050, 1022091947, 3832149339, 1368647943, 2036155954, 2409288731, 996651002, 4081241710, 741344599, 4165340317, 3741581659, 1449794889, 4132227131, 752040658, 493728746, 796732460, 1300278012, 945230828, 2993717657, 830511797, 2047334960, 2022691226, 757934729, 3335898892, 354598358, 1352597723, 3353472110, 152321012, 576676514, 3132953376, 3001044527, 2911387245, 246034832, 4113828605, 2731158150, 1327905630, 1325286042, 1661492600, 3896636935, 1446712088, 194095597, 2917796292, 3714106861, 2446605317, 1110688438, 2399322395, 1884505916, 3964153927, 16281285, 968342648, 3919444115, 2765370252, 2336014287, 3032709672, 4123317192, 3037089922, 4028106589, 1950889378, 1647957959, 3079368053, 1859013451, 1580264544, 4006112843, 317485511, 3473826394, 606669553, 3286671971, 174795087, 2149340144, 1922890321, 50307887, 4265281246, 4127711401, 894142411, 806031528, 1682239809, 504933236, 2218933394, 3720522844, 3325590336, 2658370159, 1663715805, 254417139, 2358022123, 3349791150, 2491926792, 3977294582, 3938374515, 487467815, 3551399782, 4093041404, 3822497922, 2590812542, 1545617157, 3824138632, 3429216446, 2747749840, 280148459, 2711010601, 611663211, 359161839, 171246612, 1377363187, 2494049917, 2527599448, 3357529820, 3228050371, 447516213, 3036770993, 1179749328, 1875787704, 3130295034, 941818931, 2769056157, 1908119056, 771930355, 2201180184, 4282101890, 3338793952, 3168172753, 1782557740, 987693864, 909871082, 385800954, 917759011, 901076003, 3093770977, 1638704930, 3082476114, 929090768, 2233264703, 3971498657, 3821874903, 2476961124, 1382322373, 532245846, 786711815, 174020078, 3000638025, 2300504872, 797644932, 82074967, 1703062589, 297818721, 1559992536, 2444622687, 1933175880, 3794748230, 850900380, 33624110, 1337588585, 1258106077, 4248166065, 509697499, 483080479, 4118036286, 406965098, 1004771168, 3331652453, 3775131440, 869748432, 1431613624, 2138947435, 2201590535, 549239475, 3003007081, 2562109983, 541433008, 3040546650, 2124702914, 1711867749, 636742108, 349812073, 455486784, 3162289399, 2078856771, 2000229183, 1814122599, 1559701440, 196855654, 3707311830, 4141018720, 2266608943, 2508622803, 2290470864, 4099760858, 2218773281, 3310779697, 1549327698, 1335133276, 1222915404, 4012825985, 2823496864, 2968438181, 4195171140, 2309077165, 1624675627, 2021455702, 3163778819, 2075878059, 3639184556, 3281061404, 2706646777, 1315581294, 3412821423, 1248550886, 272999432, 1009262964, 304394391, 1037200843, 1127705004, 1767409231, 1685897850, 1921055174, 2136412398, 3210366304, 170668774, 690481464, 710520784, 3007465973, 3188780023, 3033749744, 3429580784, 2454121687, 2177754238, 505713707, 2364033358, 2871090686, 1259679747, 3419393492, 1976418469, 1363327513, 1502410823, 1205117268, 1675725082, 1180095463, 2349128145, 3575291479, 105867169, 2589160059, 2863374190, 163187267, 4287915447, 1131396762, 4202147868, 2113860326, 3821134932, 3372515417, 1895912314, 3022288280, 4196718505, 201083524, 2826910117, 1626279739, 1539180091, 1024050334, 666606503, 4202912644, 317242411, 3402179864, 1424691275, 1240550757, 3047876212, 1266902196, 4180626947, 2539312857, 1008157239, 1245608471, 2878194593, 174136361, 1048891772, 807596220, 3441953608, 705598041, 1903121349, 1828435864, 1582533417, 1461883345, 2049587379, 2113664333, 4208775700, 4156510044, 1294686121, 2672967986, 1804786854, 2944930569, 3570613422, 3680461597, 517826573, 1124843317, 1250538254, 361427390, 748718732, 509455467, 3324301917, 1048365767, 1714502600, 1323537334, 1894788200, 1238158089, 1902903324, 2542211883, 3328977691, 1570211853, 3718170161, 2290775415, 1895469950, 579467891, 1042790966, 2658829979, 2379357392, 2092821037, 1797297200, 1025022922, 2366947148, 3604053721, 127613250, 2906702154, 2551184943, 1232759157, 338291955, 2663467843, 910777555, 808767742, 282939941, 1037188398, 3780058988, 2366974669, 3879834084, 2468983675, 2687194435, 3869665587, 1738980033, 1459342616, 2813362942, 1645621575, 1244338968, 3058004586, 1993634089, 366673149, 2874380248, 2521021819, 1912965814, 1156806716, 2655877867, 868128656, 4250103615, 1905610501, 15647268, 602842361, 353598000, 680939458, 501208968, 2835233043, 1906704217, 2171008780, 138394212, 568580698, 3725548633, 3474347562, 135639771, 3905053558, 1674495227, 4171602657, 2138331736, 3732383910, 3653909183, 1211020691, 1117550021, 872294534, 1246970130, 3454153658, 3111507535, 1792679380, 1805367284, 193859907, 1917817584, 955558835, 965462859, 2205355755, 1324637656, 3655564862, 972950430, 3771639329, 2557478996, 4278986870, 3398293168, 2825448783, 778720762, 420227468, 221095387, 2296577614, 668960761, 686615679, 2485904978, 2199746860, 2632401140, 4205777883, 3640073227, 3486320963, 1803481353, 3573242305, 2297714327, 1038507850, 2689577529, 2988315551, 3254563297, 906882521, 24), None)
write weights?
events: 
  ----
(3, (1744344993, 1938077297, 3827788563, 1139232935, 1128895650, 4222766619, 3658221744, 2107346010, 1218275426, 1871009740, 3980183709, 990854887, 2420131169, 452246769, 3807716549, 3223838765, 2558952828, 3781165404, 1516619352, 2445716608, 4222612410, 3963942115, 3218970792, 63676775, 3791839174, 1558711235, 953178892, 1941818311, 924260265, 371762134, 3897822786, 2460059592, 3121502491, 1389509322, 809231417, 2220330283, 2251094480, 797564615, 3226538482, 1746750090, 866307393, 3469389209, 3199278288, 2481670136, 2314827526, 3949072678, 2687922294, 3612851364, 1618598038, 2267054460, 2876634846, 4132781133, 282055328, 991470093, 431448934, 2709122067, 510647937, 136697076, 3384037154, 3516588178, 2071644119, 2965680966, 501337102, 810648294, 774081149, 1430049898, 3075255803, 1070511875, 3073650704, 3861081802, 3535562939, 4200257959, 2410744698, 1928695695, 1763244904, 529521117, 3829263968, 2105214878, 3865497230, 996233288, 3669817735, 2366324938, 4224241822, 2252069742, 16095608, 4111413470, 2120882055, 1646903611, 3981641658, 3077163244, 1103993361, 2508365803, 1754035875, 560919221, 2780122920, 3861652941, 3006500385, 4130434703, 4100530673, 3818061360, 4247777044, 1726700022, 2458491149, 1500647896, 1684712162, 3227548119, 75446555, 4165863335, 2914875783, 4199624797, 1043693672, 1476582307, 2827185958, 3779891563, 2246238278, 4259978742, 3810156694, 107936911, 2991919606, 1327841872, 818965382, 1965427757, 2919379777, 2918339359, 2781096859, 2961309344, 708153575, 4100003668, 609168358, 1790292571, 1353176080, 4277933652, 689355234, 413487020, 1864607128, 2218905149, 3931349324, 2750404011, 38418387, 3426762742, 692222868, 198416666, 1418981117, 1159409096, 1058742246, 325151805, 1754176253, 11604931, 2654671105, 2947120456, 831108587, 3530505410, 3160581711, 1631416203, 709207917, 2680890396, 585082244, 438411226, 1243577762, 2320599088, 4267894679, 2399180382, 1412294489, 1974178941, 3217893431, 3933970281, 4234985077, 3414501225, 1597676330, 956195765, 3430365682, 2288693362, 4178433420, 300322342, 1195245979, 1540128558, 2295465682, 1222560926, 956846938, 3864897490, 2290810088, 2569703515, 1924554229, 3504939104, 3511109189, 2870301214, 3046559801, 2990968324, 112240815, 2272596634, 3832505747, 3757057056, 4179819361, 1907456951, 2391289304, 4172760598, 2142985617, 1448884092, 2524650382, 2595611213, 355589392, 17856066, 2247445331, 2285162293, 3333336977, 4227294579, 851398540, 1175786404, 2541674809, 1532472297, 781281091, 4200581684, 1191752336, 1430858886, 1397128411, 1127520296, 3509121050, 1022091947, 3832149339, 1368647943, 2036155954, 2409288731, 996651002, 4081241710, 741344599, 4165340317, 3741581659, 1449794889, 4132227131, 752040658, 493728746, 796732460, 1300278012, 945230828, 2993717657, 830511797, 2047334960, 2022691226, 757934729, 3335898892, 354598358, 1352597723, 3353472110, 152321012, 576676514, 3132953376, 3001044527, 2911387245, 246034832, 4113828605, 2731158150, 1327905630, 1325286042, 1661492600, 3896636935, 1446712088, 194095597, 2917796292, 3714106861, 2446605317, 1110688438, 2399322395, 1884505916, 3964153927, 16281285, 968342648, 3919444115, 2765370252, 2336014287, 3032709672, 4123317192, 3037089922, 4028106589, 1950889378, 1647957959, 3079368053, 1859013451, 1580264544, 4006112843, 317485511, 3473826394, 606669553, 3286671971, 174795087, 2149340144, 1922890321, 50307887, 4265281246, 4127711401, 894142411, 806031528, 1682239809, 504933236, 2218933394, 3720522844, 3325590336, 2658370159, 1663715805, 254417139, 2358022123, 3349791150, 2491926792, 3977294582, 3938374515, 487467815, 3551399782, 4093041404, 3822497922, 2590812542, 1545617157, 3824138632, 3429216446, 2747749840, 280148459, 2711010601, 611663211, 359161839, 171246612, 1377363187, 2494049917, 2527599448, 3357529820, 3228050371, 447516213, 3036770993, 1179749328, 1875787704, 3130295034, 941818931, 2769056157, 1908119056, 771930355, 2201180184, 4282101890, 3338793952, 3168172753, 1782557740, 987693864, 909871082, 385800954, 917759011, 901076003, 3093770977, 1638704930, 3082476114, 929090768, 2233264703, 3971498657, 3821874903, 2476961124, 1382322373, 532245846, 786711815, 174020078, 3000638025, 2300504872, 797644932, 82074967, 1703062589, 297818721, 1559992536, 2444622687, 1933175880, 3794748230, 850900380, 33624110, 1337588585, 1258106077, 4248166065, 509697499, 483080479, 4118036286, 406965098, 1004771168, 3331652453, 3775131440, 869748432, 1431613624, 2138947435, 2201590535, 549239475, 3003007081, 2562109983, 541433008, 3040546650, 2124702914, 1711867749, 636742108, 349812073, 455486784, 3162289399, 2078856771, 2000229183, 1814122599, 1559701440, 196855654, 3707311830, 4141018720, 2266608943, 2508622803, 2290470864, 4099760858, 2218773281, 3310779697, 1549327698, 1335133276, 1222915404, 4012825985, 2823496864, 2968438181, 4195171140, 2309077165, 1624675627, 2021455702, 3163778819, 2075878059, 3639184556, 3281061404, 2706646777, 1315581294, 3412821423, 1248550886, 272999432, 1009262964, 304394391, 1037200843, 1127705004, 1767409231, 1685897850, 1921055174, 2136412398, 3210366304, 170668774, 690481464, 710520784, 3007465973, 3188780023, 3033749744, 3429580784, 2454121687, 2177754238, 505713707, 2364033358, 2871090686, 1259679747, 3419393492, 1976418469, 1363327513, 1502410823, 1205117268, 1675725082, 1180095463, 2349128145, 3575291479, 105867169, 2589160059, 2863374190, 163187267, 4287915447, 1131396762, 4202147868, 2113860326, 3821134932, 3372515417, 1895912314, 3022288280, 4196718505, 201083524, 2826910117, 1626279739, 1539180091, 1024050334, 666606503, 4202912644, 317242411, 3402179864, 1424691275, 1240550757, 3047876212, 1266902196, 4180626947, 2539312857, 1008157239, 1245608471, 2878194593, 174136361, 1048891772, 807596220, 3441953608, 705598041, 1903121349, 1828435864, 1582533417, 1461883345, 2049587379, 2113664333, 4208775700, 4156510044, 1294686121, 2672967986, 1804786854, 2944930569, 3570613422, 3680461597, 517826573, 1124843317, 1250538254, 361427390, 748718732, 509455467, 3324301917, 1048365767, 1714502600, 1323537334, 1894788200, 1238158089, 1902903324, 2542211883, 3328977691, 1570211853, 3718170161, 2290775415, 1895469950, 579467891, 1042790966, 2658829979, 2379357392, 2092821037, 1797297200, 1025022922, 2366947148, 3604053721, 127613250, 2906702154, 2551184943, 1232759157, 338291955, 2663467843, 910777555, 808767742, 282939941, 1037188398, 3780058988, 2366974669, 3879834084, 2468983675, 2687194435, 3869665587, 1738980033, 1459342616, 2813362942, 1645621575, 1244338968, 3058004586, 1993634089, 366673149, 2874380248, 2521021819, 1912965814, 1156806716, 2655877867, 868128656, 4250103615, 1905610501, 15647268, 602842361, 353598000, 680939458, 501208968, 2835233043, 1906704217, 2171008780, 138394212, 568580698, 3725548633, 3474347562, 135639771, 3905053558, 1674495227, 4171602657, 2138331736, 3732383910, 3653909183, 1211020691, 1117550021, 872294534, 1246970130, 3454153658, 3111507535, 1792679380, 1805367284, 193859907, 1917817584, 955558835, 965462859, 2205355755, 1324637656, 3655564862, 972950430, 3771639329, 2557478996, 4278986870, 3398293168, 2825448783, 778720762, 420227468, 221095387, 2296577614, 668960761, 686615679, 2485904978, 2199746860, 2632401140, 4205777883, 3640073227, 3486320963, 1803481353, 3573242305, 2297714327, 1038507850, 2689577529, 2988315551, 3254563297, 906882521, 187), None)
write weights?
events: me found the exit, 
  ----
(3, (1744344993, 1938077297, 3827788563, 1139232935, 1128895650, 4222766619, 3658221744, 2107346010, 1218275426, 1871009740, 3980183709, 990854887, 2420131169, 452246769, 3807716549, 3223838765, 2558952828, 3781165404, 1516619352, 2445716608, 4222612410, 3963942115, 3218970792, 63676775, 3791839174, 1558711235, 953178892, 1941818311, 924260265, 371762134, 3897822786, 2460059592, 3121502491, 1389509322, 809231417, 2220330283, 2251094480, 797564615, 3226538482, 1746750090, 866307393, 3469389209, 3199278288, 2481670136, 2314827526, 3949072678, 2687922294, 3612851364, 1618598038, 2267054460, 2876634846, 4132781133, 282055328, 991470093, 431448934, 2709122067, 510647937, 136697076, 3384037154, 3516588178, 2071644119, 2965680966, 501337102, 810648294, 774081149, 1430049898, 3075255803, 1070511875, 3073650704, 3861081802, 3535562939, 4200257959, 2410744698, 1928695695, 1763244904, 529521117, 3829263968, 2105214878, 3865497230, 996233288, 3669817735, 2366324938, 4224241822, 2252069742, 16095608, 4111413470, 2120882055, 1646903611, 3981641658, 3077163244, 1103993361, 2508365803, 1754035875, 560919221, 2780122920, 3861652941, 3006500385, 4130434703, 4100530673, 3818061360, 4247777044, 1726700022, 2458491149, 1500647896, 1684712162, 3227548119, 75446555, 4165863335, 2914875783, 4199624797, 1043693672, 1476582307, 2827185958, 3779891563, 2246238278, 4259978742, 3810156694, 107936911, 2991919606, 1327841872, 818965382, 1965427757, 2919379777, 2918339359, 2781096859, 2961309344, 708153575, 4100003668, 609168358, 1790292571, 1353176080, 4277933652, 689355234, 413487020, 1864607128, 2218905149, 3931349324, 2750404011, 38418387, 3426762742, 692222868, 198416666, 1418981117, 1159409096, 1058742246, 325151805, 1754176253, 11604931, 2654671105, 2947120456, 831108587, 3530505410, 3160581711, 1631416203, 709207917, 2680890396, 585082244, 438411226, 1243577762, 2320599088, 4267894679, 2399180382, 1412294489, 1974178941, 3217893431, 3933970281, 4234985077, 3414501225, 1597676330, 956195765, 3430365682, 2288693362, 4178433420, 300322342, 1195245979, 1540128558, 2295465682, 1222560926, 956846938, 3864897490, 2290810088, 2569703515, 1924554229, 3504939104, 3511109189, 2870301214, 3046559801, 2990968324, 112240815, 2272596634, 3832505747, 3757057056, 4179819361, 1907456951, 2391289304, 4172760598, 2142985617, 1448884092, 2524650382, 2595611213, 355589392, 17856066, 2247445331, 2285162293, 3333336977, 4227294579, 851398540, 1175786404, 2541674809, 1532472297, 781281091, 4200581684, 1191752336, 1430858886, 1397128411, 1127520296, 3509121050, 1022091947, 3832149339, 1368647943, 2036155954, 2409288731, 996651002, 4081241710, 741344599, 4165340317, 3741581659, 1449794889, 4132227131, 752040658, 493728746, 796732460, 1300278012, 945230828, 2993717657, 830511797, 2047334960, 2022691226, 757934729, 3335898892, 354598358, 1352597723, 3353472110, 152321012, 576676514, 3132953376, 3001044527, 2911387245, 246034832, 4113828605, 2731158150, 1327905630, 1325286042, 1661492600, 3896636935, 1446712088, 194095597, 2917796292, 3714106861, 2446605317, 1110688438, 2399322395, 1884505916, 3964153927, 16281285, 968342648, 3919444115, 2765370252, 2336014287, 3032709672, 4123317192, 3037089922, 4028106589, 1950889378, 1647957959, 3079368053, 1859013451, 1580264544, 4006112843, 317485511, 3473826394, 606669553, 3286671971, 174795087, 2149340144, 1922890321, 50307887, 4265281246, 4127711401, 894142411, 806031528, 1682239809, 504933236, 2218933394, 3720522844, 3325590336, 2658370159, 1663715805, 254417139, 2358022123, 3349791150, 2491926792, 3977294582, 3938374515, 487467815, 3551399782, 4093041404, 3822497922, 2590812542, 1545617157, 3824138632, 3429216446, 2747749840, 280148459, 2711010601, 611663211, 359161839, 171246612, 1377363187, 2494049917, 2527599448, 3357529820, 3228050371, 447516213, 3036770993, 1179749328, 1875787704, 3130295034, 941818931, 2769056157, 1908119056, 771930355, 2201180184, 4282101890, 3338793952, 3168172753, 1782557740, 987693864, 909871082, 385800954, 917759011, 901076003, 3093770977, 1638704930, 3082476114, 929090768, 2233264703, 3971498657, 3821874903, 2476961124, 1382322373, 532245846, 786711815, 174020078, 3000638025, 2300504872, 797644932, 82074967, 1703062589, 297818721, 1559992536, 2444622687, 1933175880, 3794748230, 850900380, 33624110, 1337588585, 1258106077, 4248166065, 509697499, 483080479, 4118036286, 406965098, 1004771168, 3331652453, 3775131440, 869748432, 1431613624, 2138947435, 2201590535, 549239475, 3003007081, 2562109983, 541433008, 3040546650, 2124702914, 1711867749, 636742108, 349812073, 455486784, 3162289399, 2078856771, 2000229183, 1814122599, 1559701440, 196855654, 3707311830, 4141018720, 2266608943, 2508622803, 2290470864, 4099760858, 2218773281, 3310779697, 1549327698, 1335133276, 1222915404, 4012825985, 2823496864, 2968438181, 4195171140, 2309077165, 1624675627, 2021455702, 3163778819, 2075878059, 3639184556, 3281061404, 2706646777, 1315581294, 3412821423, 1248550886, 272999432, 1009262964, 304394391, 1037200843, 1127705004, 1767409231, 1685897850, 1921055174, 2136412398, 3210366304, 170668774, 690481464, 710520784, 3007465973, 3188780023, 3033749744, 3429580784, 2454121687, 2177754238, 505713707, 2364033358, 2871090686, 1259679747, 3419393492, 1976418469, 1363327513, 1502410823, 1205117268, 1675725082, 1180095463, 2349128145, 3575291479, 105867169, 2589160059, 2863374190, 163187267, 4287915447, 1131396762, 4202147868, 2113860326, 3821134932, 3372515417, 1895912314, 3022288280, 4196718505, 201083524, 2826910117, 1626279739, 1539180091, 1024050334, 666606503, 4202912644, 317242411, 3402179864, 1424691275, 1240550757, 3047876212, 1266902196, 4180626947, 2539312857, 1008157239, 1245608471, 2878194593, 174136361, 1048891772, 807596220, 3441953608, 705598041, 1903121349, 1828435864, 1582533417, 1461883345, 2049587379, 2113664333, 4208775700, 4156510044, 1294686121, 2672967986, 1804786854, 2944930569, 3570613422, 3680461597, 517826573, 1124843317, 1250538254, 361427390, 748718732, 509455467, 3324301917, 1048365767, 1714502600, 1323537334, 1894788200, 1238158089, 1902903324, 2542211883, 3328977691, 1570211853, 3718170161, 2290775415, 1895469950, 579467891, 1042790966, 2658829979, 2379357392, 2092821037, 1797297200, 1025022922, 2366947148, 3604053721, 127613250, 2906702154, 2551184943, 1232759157, 338291955, 2663467843, 910777555, 808767742, 282939941, 1037188398, 3780058988, 2366974669, 3879834084, 2468983675, 2687194435, 3869665587, 1738980033, 1459342616, 2813362942, 1645621575, 1244338968, 3058004586, 1993634089, 366673149, 2874380248, 2521021819, 1912965814, 1156806716, 2655877867, 868128656, 4250103615, 1905610501, 15647268, 602842361, 353598000, 680939458, 501208968, 2835233043, 1906704217, 2171008780, 138394212, 568580698, 3725548633, 3474347562, 135639771, 3905053558, 1674495227, 4171602657, 2138331736, 3732383910, 3653909183, 1211020691, 1117550021, 872294534, 1246970130, 3454153658, 3111507535, 1792679380, 1805367284, 193859907, 1917817584, 955558835, 965462859, 2205355755, 1324637656, 3655564862, 972950430, 3771639329, 2557478996, 4278986870, 3398293168, 2825448783, 778720762, 420227468, 221095387, 2296577614, 668960761, 686615679, 2485904978, 2199746860, 2632401140, 4205777883, 3640073227, 3486320963, 1803481353, 3573242305, 2297714327, 1038507850, 2689577529, 2988315551, 3254563297, 906882521, 547), None)
write weights?
events: 
  ----
(3, (1444414855, 738373753, 1836946271, 2837513601, 1351415048, 3912879993, 3147545372, 2014734691, 2018914234, 3883065821, 732033581, 962836175, 1687956226, 1384061433, 1891301476, 748017557, 147650552, 3517025327, 1935160555, 2772333937, 750505138, 4273662637, 2525449474, 4201310796, 3172461272, 204310926, 2633921608, 2426899356, 918961184, 1998417549, 537413035, 2691915304, 468313251, 4265759277, 611924778, 1228557838, 3890984580, 175187753, 3343707312, 1053375880, 180272867, 2469638552, 3685961515, 3308347389, 1804967096, 3706941813, 3230303148, 992599112, 3361705322, 544685002, 3009451232, 300618007, 3276816525, 1866086569, 3487733041, 1513850446, 3506992173, 580206640, 4070441522, 1310608474, 299389920, 2976154544, 1531412457, 1953416701, 1465948371, 1634665078, 267086599, 1788562290, 3342189309, 175264555, 4024014472, 4020747288, 2157803555, 1865579407, 2881919151, 363162775, 2218711115, 568056684, 2541325628, 3770539095, 259321088, 3360591419, 144607491, 3109388991, 2916961974, 3660249387, 3793889877, 2636398716, 1372977247, 3345657003, 2750091158, 543588550, 2746309596, 1672868945, 2263160225, 2663578854, 3039991369, 2568362132, 204638805, 2219517342, 2227889063, 3714526192, 4092283358, 1504152023, 380673853, 266604796, 2121322513, 3507184657, 2804651972, 361984826, 2692951216, 954285343, 4159919105, 2228593278, 1082770492, 398199683, 2497469742, 1775936659, 777939489, 1761883615, 874292706, 1214612068, 2456162653, 376726307, 3502934567, 3169381330, 414806489, 1811951557, 841543529, 2776757976, 1136910599, 1068222657, 826948636, 3129306496, 1308174616, 1924327908, 1707055936, 1075991833, 1868199566, 1082708281, 2603124686, 2231901042, 314131994, 256957910, 2909420527, 1275126477, 340071411, 1901373883, 3304918495, 1642545001, 3482449746, 2694797625, 3211643394, 731570583, 1844683593, 457492954, 3142958471, 1406914552, 284309733, 1298812108, 3519280724, 2166081989, 3878552285, 413359663, 3750488315, 443384026, 2371841134, 1869844401, 2795054588, 858318537, 1822627835, 1633238350, 3758980608, 3409071947, 2894121115, 207010061, 1166851093, 3263919604, 4231562691, 1280363695, 1029675908, 2208127710, 3503360721, 2396998053, 2348614057, 436855420, 286126737, 2563543373, 809804235, 2708226820, 2719621546, 1558977312, 2332692688, 1826595096, 2010493512, 2493156583, 333099021, 850806412, 1461800722, 74232656, 3647685919, 2718703336, 1037857124, 1647308611, 469707280, 2480042358, 2338481309, 3168638393, 3987688615, 2205001381, 3050117972, 1146871473, 38304316, 612395232, 2726769976, 3027450105, 1037193809, 1942705785, 1040993567, 1473270288, 1245610771, 3578233194, 71776381, 1868496973, 389391630, 930480531, 3291501474, 4097233221, 2053844240, 1674267306, 3198129047, 1984733302, 4111615631, 1001081615, 3118372070, 1163248290, 3677686032, 2755647414, 436819273, 772634089, 3812108619, 1397362259, 1746913903, 434325161, 3439265215, 3005260579, 1794300568, 1810814074, 1562926860, 3353499713, 2650404835, 2590559125, 1034528562, 836124564, 4223271440, 2852542473, 1642621551, 3618674562, 1905389813, 2062550520, 1623949951, 1548785844, 3860260594, 1050620217, 380303637, 1787469862, 1822630990, 3592966619, 3377597580, 2706450127, 2679273404, 2324770761, 2799135652, 1755240592, 3118783021, 640686096, 258952698, 487330586, 3247806763, 3839324576, 2753957134, 1998157023, 2248581686, 3506855381, 3268644295, 1793680250, 1896075061, 4090696555, 1925836938, 1128462269, 3745779074, 1483525481, 1666063423, 1628060969, 159872722, 285520661, 3807364890, 1900292654, 1894337330, 3813251316, 628203275, 3712926164, 4193433073, 1404140807, 135060703, 4001554498, 2438366230, 1111669183, 1062609254, 963204551, 3748092640, 4231980126, 192615681, 1809957918, 1444310550, 3261687671, 3262131873, 334482736, 3006932775, 3907343984, 129638207, 2144973983, 1251740451, 918200270, 4198423932, 1003853193, 2567005411, 1104400737, 1458152417, 2335605462, 3618530673, 388576049, 1887029437, 502278625, 375974310, 3526640082, 150794926, 3147755333, 866013282, 1973556943, 117946544, 3316837779, 1735022610, 2399219719, 845857531, 3050876897, 2253431888, 3706880598, 28587222, 1650256352, 430495112, 1588598907, 3116843301, 2564607010, 680483409, 1710056235, 1056663724, 3892971462, 2923648302, 523759728, 727130352, 879091516, 1134905415, 1021591950, 1092803854, 3515759589, 4244567944, 1018878025, 1395656000, 2245290570, 904577609, 3779780186, 1374759293, 2919751326, 30760483, 2635508407, 1263363893, 1764202552, 940254309, 1983588228, 2884465020, 3097512601, 1264977794, 2714253866, 747240857, 3137211272, 1603516450, 1118280767, 2357780325, 1612245113, 4234118609, 2099237307, 3044382774, 2737110926, 1789815810, 2296753815, 1212256761, 3056041395, 2995964024, 2756680168, 2971467302, 2006425044, 4160042826, 731959996, 3846256602, 3628769125, 3805221552, 1769605588, 1122142419, 2916587379, 1392977196, 1654586339, 641178071, 2521626063, 2082050247, 472934301, 3232022538, 1807254025, 1004080535, 934765272, 166334187, 2146918476, 2324601949, 2210420889, 3042427062, 1991965636, 2848473256, 3948225570, 2605474315, 41416979, 2105723379, 1592341347, 2269218282, 2655957877, 1014235548, 732924291, 3640920797, 3556279468, 2490374149, 1118734339, 4070216234, 2767393183, 3789788678, 3243276943, 1445769363, 3722583442, 3866738627, 4293939183, 4138586560, 901250288, 3581729121, 2285861177, 3304324711, 505368749, 1612175527, 792650407, 3189702484, 408752531, 402358075, 3358170753, 1163145852, 2285790924, 3101635153, 2746589357, 3190680954, 4262694466, 1811108011, 1846478150, 3124050193, 3704125869, 124232934, 1177188531, 2388725473, 3129881682, 1317684982, 2924832758, 2048020012, 2267841753, 4289296847, 2553721068, 3816023079, 1018762196, 370267613, 3978705760, 193505609, 1859360843, 1658944934, 1180665819, 2422169927, 1202323407, 149089013, 2693499998, 3625146385, 3367930056, 1910315938, 4097598854, 3666772321, 1613720759, 2235043664, 3541960183, 3864158667, 3549250682, 3533117761, 3641264419, 2776726623, 3838918828, 3994159487, 2994096200, 3779007029, 1008499655, 389056617, 4056616995, 1301850785, 1232853249, 1312671280, 1249898628, 3515469559, 628795600, 2947529136, 3565801464, 3158816589, 1912225645, 2571697907, 4261157377, 3882998204, 905987418, 69197117, 283235603, 3284306993, 4286114391, 2714858164, 1270956158, 4163010791, 1146735582, 3220651482, 2890557376, 2936094905, 491471958, 3827600417, 2585595084, 1963514505, 1722933664, 501957326, 2983257683, 3279135826, 2049391961, 46060086, 3982619264, 1420055059, 1497647708, 3736680370, 3744157936, 553069756, 2070146216, 3526762432, 1128293389, 1495264436, 2930548778, 894471983, 3864511767, 1143956009, 2982801126, 871782031, 143365052, 861998566, 957869434, 1642672430, 166220660, 1220886981, 2259687265, 2410826625, 1987387337, 2770944716, 811580067, 3145312579, 3702938980, 1446893659, 4047963946, 4226442708, 3330108425, 3085375601, 3714250705, 2566031677, 2260591249, 4059370373, 2339042727, 969337261, 4008016648, 1091097046, 1986565053, 2687236592, 2013598838, 1425858275, 2033427186, 2752245731, 877276076, 2837828949, 1763035014, 1210400149, 499723607, 3514944165, 1687401851, 1344957647, 477646280, 1705086206, 2811577943, 1917474979, 1628045919, 903777401, 1098118315, 3762718396, 1660575203, 1587622586, 2866841336, 3158943809, 1614747454, 3547198534, 556604997, 602734110, 1012593141, 1663256222, 2472051757, 1256974500, 4198835173, 66), None)
write weights?
events: me was killed by stupid, 
  ----
