Starting iterations: 50
(3, (3086936580, 306944534, 2842089366, 3851328967, 1001333815, 3495220779, 448788786, 1895286621, 3778912664, 1322852411, 249399457, 3598402329, 799357925, 3252908970, 3934402986, 167925801, 3158513203, 1406363112, 3826674727, 1822127839, 2654993597, 365429857, 3021483432, 1374531740, 1592611257, 4269053714, 3261333624, 2751326709, 3362669843, 3684189895, 798454047, 2048656243, 2278692378, 4183428072, 2156159847, 4172914016, 1023619016, 2956918620, 2934642894, 2857279091, 340479877, 2994537202, 1830824480, 1331249366, 2022967356, 145897753, 585469066, 1463255006, 118255712, 529377406, 2313879451, 2217175485, 1859721486, 2841937882, 2477160277, 3013332114, 2094596789, 1769864594, 3706149899, 3047905937, 3387873106, 2939796683, 3247333464, 1820956054, 1913041287, 694257525, 3214301270, 2066525789, 3739772252, 643880324, 2879626290, 1717329426, 3953267928, 2028016399, 3092435264, 1039889280, 1812315536, 2949551861, 4166328414, 754349520, 3915447257, 969604914, 3905571471, 2109903551, 2178868864, 812839666, 1844826655, 2674603201, 4060889841, 3982447521, 8217302, 2385774297, 3241039176, 4185720428, 420688039, 2315068451, 3187769255, 4242561293, 3916289002, 2921041700, 3935457672, 273617118, 893539022, 3446178300, 1803158298, 766817857, 4112735441, 261213226, 2514387755, 3442812359, 3187280158, 1585766021, 2334559593, 2525830135, 593680827, 3448357854, 1823846931, 852308836, 3343024295, 3233984282, 2596712436, 4051738054, 575198090, 3734259555, 758344799, 477544471, 2762757839, 1518778340, 749327315, 2991751255, 919920108, 4124163042, 944097589, 2258369926, 1739565284, 3998271623, 3337554376, 1147344608, 512749721, 2028724084, 2259232441, 4181157636, 7677446, 3973173159, 1902217820, 3607571115, 2616401611, 4012355858, 3053587275, 926286784, 522683154, 2284036585, 507920592, 3261971416, 2159592453, 2791874562, 2322860880, 2184055906, 522675070, 4118334300, 3934063405, 209030761, 541379387, 430053301, 2589198056, 553405776, 2678762858, 1242727444, 970493739, 3650408970, 199464895, 74637630, 2800638161, 285784738, 2447465802, 1056519815, 3222207301, 3132959121, 2685173816, 2948020441, 2736263213, 2843730375, 388798009, 1899641101, 2681194015, 346574328, 2485708808, 2443651705, 1272763369, 2017085892, 1505926209, 1839757267, 2846839105, 2876210445, 1583017558, 3279819233, 1700485313, 2593231604, 3645858486, 1627966696, 1062880027, 2264408017, 2839052091, 395045806, 3376975538, 1068156563, 3510826580, 2163202163, 3522121961, 1592749581, 3975334764, 2519702005, 799942472, 829466950, 4153339078, 972077040, 3634417563, 2810122661, 3511851133, 3528481417, 3351767378, 2980458375, 4103499166, 2898200269, 277048245, 2398756611, 932018513, 1548306573, 2485859390, 4001262164, 3803496351, 235790059, 1414123679, 1951950432, 3963286157, 1431719013, 2748999043, 1382617726, 3359876597, 682888069, 2833156079, 1410838869, 1891499046, 3577121284, 1669613041, 3748300169, 1162531327, 3974472440, 1463222623, 2055285285, 1662055925, 1304274874, 1561983778, 955870214, 1803032502, 2056056815, 2853533575, 2788505629, 1456217274, 2633421867, 1330839096, 3257553871, 1738389662, 1796043369, 1944926424, 1893279660, 3531382210, 650497602, 3103556170, 129242502, 347382821, 2798638335, 1505341572, 2265940969, 3758062023, 3753805391, 2485803919, 565538909, 3295858549, 2183840431, 2608007526, 4169488063, 3579592412, 45435360, 3571852784, 2553844923, 2003201147, 1580626476, 3189585205, 2008733532, 469536964, 3833315416, 2587072687, 1484053256, 1008563253, 1281674162, 3452965732, 1132197874, 1990532325, 3064246854, 3597928693, 3573212655, 1312404283, 3625000689, 867831315, 1545993569, 2780064189, 768242667, 4094178900, 1626330836, 2213881875, 530356846, 1852437828, 4268149013, 727980241, 3846790938, 3964221716, 4129123879, 163160564, 3429060076, 3466622225, 120781109, 837520572, 3960043003, 1578614019, 3656754282, 2401009914, 3028345030, 757030661, 3515430913, 3683333993, 2762267770, 4243309982, 1130176756, 1546313021, 2305621616, 1347732333, 3048078889, 1116138414, 3695773492, 3142127902, 3565703851, 487556178, 939036848, 2736140086, 4073240084, 3972876992, 2713240877, 3534765089, 998406947, 2346421174, 4291419135, 82387086, 1391206749, 136822822, 330180945, 2617952608, 673150332, 1227771597, 3638482467, 1199852045, 1670520941, 2851471733, 1387747494, 3596549782, 3607615474, 641708232, 3724635112, 2960405765, 516014055, 2859353329, 3146823676, 4064303575, 1201139038, 1160740692, 272729133, 2512224167, 331129444, 2712401487, 1799033640, 225170932, 3913723966, 4110056716, 3129628736, 3345642587, 193639832, 3686606736, 2929509446, 2121486800, 3744051612, 1956218311, 2572247065, 3404287610, 499677384, 1955750528, 3252840957, 2884418515, 3099643692, 1934342176, 366768257, 4161642835, 1668296979, 2801631355, 672413887, 3437343388, 3441957042, 316628500, 2851235633, 1871843139, 3736617163, 432552021, 1547874651, 2429530152, 4231192790, 3740785593, 2554358685, 2916082937, 2810731530, 1590600809, 3887980014, 322283748, 1597366658, 4191474123, 3150582775, 1324954656, 852569040, 2350207718, 3121393513, 1612152205, 1115482406, 1555272891, 2162072849, 3953792418, 2350322563, 2882810619, 270178664, 2323147115, 1188173695, 1048403999, 3635283322, 462795193, 624264688, 2926758354, 1853769672, 3984967986, 3467899860, 1630889946, 1231736967, 3689114542, 2141965151, 2141109918, 593021939, 3839253964, 3848009797, 3726325567, 1150435058, 2483885457, 795228764, 1350795266, 3931750472, 3886494055, 2769705682, 3047570507, 1746003083, 2806580514, 3851950841, 3301017887, 4019084300, 523913117, 83585298, 3569660459, 3372088342, 2267678588, 919899407, 1923056383, 3680425269, 1735904999, 1491009426, 2897143595, 2781729199, 3281840012, 816192772, 836669279, 2847991495, 4173614955, 938674590, 797346729, 942217734, 2924175920, 1201441491, 3232242494, 3518514170, 1507104648, 3594466513, 4087366939, 711679362, 79462476, 1707170519, 2319891807, 2061639074, 3060049712, 533558912, 59725661, 1866238428, 3139622566, 209657089, 139810297, 1064343680, 3706220359, 2361707996, 3693969744, 4294184923, 4256188943, 1262466884, 1017917553, 2438680560, 1735218625, 574934734, 1221822995, 3151232887, 577656244, 1552611992, 1557584764, 3456864010, 1088735160, 1248063784, 1440912241, 1450868341, 1795340467, 3681043752, 806358086, 2744760317, 661466340, 669061187, 1104984865, 390123246, 3659540457, 436735232, 1881134684, 2674766953, 501660571, 3042308844, 506205876, 2571821705, 2884766627, 179036122, 431922478, 4028386118, 3237833992, 400954686, 380426145, 1213943904, 3077334098, 2987677072, 3280813455, 2285091308, 3906234201, 1303224534, 2606859046, 3805364579, 1963721489, 637363243, 1445473657, 286970961, 1723968050, 245488261, 1824861782, 2036227951, 2134525145, 3016298415, 2045692769, 386542758, 612396625, 1801145638, 1162154393, 67422071, 2937719258, 3968417388, 2579561183, 3957852483, 3940039597, 2168652831, 4186030573, 1626770423, 1322639827, 446451779, 1923666313, 3543720016, 2831891305, 881386220, 2574639617, 966326176, 2169651397, 2113348732, 1339005828, 143823334, 2523593664, 1198178498, 1201549329, 456502454, 2625979116, 3835423939, 2290623601, 3753175719, 2964867133, 4205113931, 3623966877, 1907481425, 2901103291, 440554581, 3349459081, 3771321988, 8481442, 2610415564, 3361959291, 894564612, 2212675484, 2890992113, 769425925, 3706631536, 1093835124, 3865770413, 966570604, 4027829969, 1), None)
Loaded weights: -0.02704744789255509, -0.03213907722238047, -0.38256978643471873, 0.0, -0.25
events: 
  ----
(3, (1374669255, 2161999488, 1553687423, 2931930334, 3559014063, 924201978, 3138296239, 1687664694, 2596812581, 670262090, 1232596584, 1335010279, 101520954, 1871191863, 3626797200, 1640048581, 3562528067, 3903668116, 2466100505, 2144524612, 739628421, 950955355, 3167774742, 2383743793, 3021330413, 2382253057, 2403110603, 2180521479, 1074004119, 4019716057, 3810708360, 1181370721, 1970374946, 3995368181, 993615779, 1249466337, 3346980892, 1413635447, 925853918, 2570946764, 3008928766, 2879613320, 3656773723, 297628986, 1417986747, 631260258, 2040220774, 863756100, 2931886379, 3826490374, 894336196, 1677791943, 3103590539, 243104369, 2231349969, 2910341174, 4052212244, 190604367, 3509395587, 161021026, 2191084536, 1366287194, 235290476, 2230294022, 4053351166, 3020982559, 2483312990, 1656958733, 3742363709, 206440649, 1622020517, 2308886209, 389707669, 1985354437, 1773369857, 4202318176, 2897032995, 495647880, 1983028081, 3179642866, 2536864613, 3510834058, 1989854620, 4172598037, 2959634110, 3119717945, 946167310, 3913942358, 1832075778, 392387037, 538605981, 2117903830, 2798172486, 584809730, 1307672840, 2058458182, 3586685461, 4241365181, 2934142204, 164476662, 650449605, 1240279054, 1374062526, 2569325646, 970747948, 2820724687, 3254312600, 578513091, 1418621158, 1891883698, 2496258998, 932690207, 693844151, 2117985748, 4226528712, 3085374311, 2845935712, 3120564385, 3107711128, 4290139175, 2459912854, 1273878252, 2147186829, 4229756128, 483671228, 3148565309, 944040364, 430268032, 3262103269, 349439656, 2520251639, 3201262843, 927657314, 3968603362, 2330268643, 2385575036, 1134821759, 1634702143, 500302727, 2438882540, 795482714, 3126243267, 517808897, 1763069144, 2866974566, 2878961760, 2327158505, 4243261866, 216944260, 1242276262, 1829966591, 2188260365, 3112075968, 1028537903, 1258031683, 3650727036, 735704271, 2273425850, 1695138788, 2053440347, 178340450, 4189939235, 2764245374, 1716524121, 1535752805, 1720726079, 3257932138, 195366931, 23940872, 590299584, 3880680628, 3818670052, 3946823705, 1764478477, 3550647463, 2635947652, 3089150113, 4158558880, 2131801943, 1855766076, 1511531553, 653524075, 3245425501, 3340330571, 825470063, 4092882205, 495273018, 55667325, 2468467452, 2455490014, 2855374072, 80259933, 4196830643, 2655670240, 2797504663, 1884127148, 85731757, 34973501, 3831856323, 1385745355, 534721685, 700361656, 2299126444, 2412139574, 3124184550, 2476853975, 220885300, 1079367929, 3460019758, 3113054809, 1984210211, 2449950256, 567828302, 1148617680, 4217869985, 525870276, 1588282623, 255507860, 2851805998, 1027608071, 1210646759, 2018128095, 757834890, 871956614, 862166838, 2996888650, 3155345890, 180900540, 2981713127, 2903315251, 3197496549, 119280691, 4281041875, 2858002991, 2800969842, 1050883306, 3810253476, 1058681620, 317179235, 232205652, 3882326301, 2248725707, 3520977209, 4159652098, 3644125716, 967114247, 3560877857, 4017362897, 705175945, 3779335595, 3555571122, 2338406432, 2615653423, 964457368, 1394949623, 3688922538, 1874659945, 1437360027, 1737383524, 2531789659, 2445365827, 1527685890, 3008168098, 1132740152, 960141395, 245057370, 2214489264, 1221709491, 4160888299, 3694196153, 1648168293, 31937468, 1978736495, 4164191599, 259087948, 1214015430, 2184297086, 2093499267, 507130957, 3870006629, 4021069719, 3094946063, 1340303734, 2163409490, 906312626, 3515866968, 1740340141, 504315698, 848854595, 3441226348, 3059746593, 3874961807, 832439455, 3240205846, 692424199, 2541910056, 1278823987, 1182830911, 2403731319, 4003800548, 2130472529, 2776010106, 1301594798, 3058876515, 1563319862, 2472246062, 1540919220, 3557196135, 4017884907, 1906385847, 677270458, 1674083690, 2334697401, 1520088025, 1594920431, 4103042086, 1318861133, 1372702928, 1588762973, 518193018, 2351062223, 4271949355, 2530670863, 2090963934, 358740995, 3401081383, 3863221531, 3696142244, 2633765480, 3920258861, 3635019335, 267675641, 62384335, 2852061984, 4158064809, 1928948055, 4265202214, 523174504, 3738127923, 1441165318, 1104949057, 1014656526, 4097287339, 1766906306, 1153338533, 2458926703, 4165424658, 39244607, 2727561390, 1852945156, 2159630732, 3652326409, 3099494338, 3764260782, 3388507273, 530338745, 3868381185, 1759677227, 2265095502, 2932957499, 2799527377, 2287265322, 2614861270, 194032981, 555647246, 386096215, 3988091331, 201568037, 1817448863, 3268114226, 4207825012, 1679965295, 3922630534, 2539580863, 4252612498, 3341454515, 2610694903, 682679799, 1660879545, 3928553078, 487985136, 1853388837, 1104913568, 3001262380, 3726926945, 657886997, 3545275901, 423837837, 1505908802, 1984077160, 1086791049, 95030692, 980648311, 3636410820, 851452018, 1421780275, 514068853, 3616682059, 2942861637, 1729071757, 4220730558, 2771535228, 427069365, 3296872071, 1070056198, 4257721577, 3268263335, 89935310, 4255025528, 3332193566, 3328493156, 1657177218, 212884361, 3527039650, 1117743201, 2438928648, 2868265816, 838967722, 2912631874, 3395600084, 405210209, 3987164471, 3208325846, 1888255161, 1609749475, 3455898260, 4060277934, 318346296, 2975836689, 1126855745, 782309544, 4286836507, 1647067253, 1539000581, 1431862257, 1786716330, 2426872646, 818308076, 534468282, 2561927839, 274985399, 1632078993, 889233052, 2018707947, 3724231827, 56908936, 1977596512, 3748791030, 1675128864, 4149646763, 3724885290, 3084382204, 3776526503, 1619483751, 2568522239, 4125623325, 3304165002, 3044851417, 352777736, 1406164334, 95658072, 364557334, 1828558537, 2821002098, 129475745, 1914022049, 2019365062, 1951753150, 960738331, 266783796, 787980122, 837615812, 1988341655, 4229976027, 1800625753, 3983651255, 1859371885, 4285032248, 3825372444, 2882541656, 918309459, 1174942121, 4194525640, 1655426525, 3863109647, 1701835326, 3282840582, 1068553293, 2797863206, 2522143476, 180171702, 1965140172, 695177286, 1086620203, 3608746350, 4050194579, 1337046190, 3077812730, 2971368555, 764018206, 1154531274, 2897054624, 1327899084, 598570553, 2611154577, 2678422128, 3000755471, 135391674, 2828690625, 960797160, 27550178, 2935260829, 2970204230, 3408161322, 4162166313, 4154235186, 2979315132, 3837902008, 4116604047, 1953526449, 2952758557, 1795935780, 84752591, 3279159510, 1810789948, 2785829864, 850227280, 627991208, 897038824, 228386647, 3232797870, 3411360386, 3250868035, 250112021, 1379224713, 3959882533, 3960765938, 2227800406, 2368556993, 331341535, 224708343, 3437785676, 632830420, 4136699113, 1010384142, 294207237, 1628697412, 1639587758, 1161109601, 543390547, 648712301, 2093986801, 2237876527, 1629754915, 3584590094, 1594503414, 2973805922, 3681414965, 668933779, 871925274, 778046548, 3491788394, 3796236004, 2127521497, 2100775153, 20901290, 3553261944, 3496325887, 1736740099, 1381403472, 756190342, 3892571045, 1632822260, 395079359, 3935844804, 421682938, 4154382378, 3936783378, 965769035, 2455897215, 2196432018, 1559952754, 2267344978, 1889385183, 1850301218, 4133455135, 4189128300, 3235770948, 2479936519, 2839849686, 3061349548, 3218623038, 1413139306, 685767284, 1555730293, 865645000, 2595033750, 1036460843, 3312606818, 2864898536, 3393204602, 870690362, 363668340, 1530734452, 2077238238, 64782941, 3863836212, 1403088724, 2507096192, 2932134282, 1777296199, 1665934275, 2337776377, 4239975630, 237647745, 782504187, 13643075, 2390696354, 3247817164, 622303540, 2577634633, 1139757792, 2697647701, 2941994313, 250), None)
Loaded weights: 0.14566941570329414, 1.2848198395026915, -0.38256978643471873, -0.7365901149235892, -3.2456695177889
events: me was killed by stupid, 
  ----
(3, (1374669255, 2161999488, 1553687423, 2931930334, 3559014063, 924201978, 3138296239, 1687664694, 2596812581, 670262090, 1232596584, 1335010279, 101520954, 1871191863, 3626797200, 1640048581, 3562528067, 3903668116, 2466100505, 2144524612, 739628421, 950955355, 3167774742, 2383743793, 3021330413, 2382253057, 2403110603, 2180521479, 1074004119, 4019716057, 3810708360, 1181370721, 1970374946, 3995368181, 993615779, 1249466337, 3346980892, 1413635447, 925853918, 2570946764, 3008928766, 2879613320, 3656773723, 297628986, 1417986747, 631260258, 2040220774, 863756100, 2931886379, 3826490374, 894336196, 1677791943, 3103590539, 243104369, 2231349969, 2910341174, 4052212244, 190604367, 3509395587, 161021026, 2191084536, 1366287194, 235290476, 2230294022, 4053351166, 3020982559, 2483312990, 1656958733, 3742363709, 206440649, 1622020517, 2308886209, 389707669, 1985354437, 1773369857, 4202318176, 2897032995, 495647880, 1983028081, 3179642866, 2536864613, 3510834058, 1989854620, 4172598037, 2959634110, 3119717945, 946167310, 3913942358, 1832075778, 392387037, 538605981, 2117903830, 2798172486, 584809730, 1307672840, 2058458182, 3586685461, 4241365181, 2934142204, 164476662, 650449605, 1240279054, 1374062526, 2569325646, 970747948, 2820724687, 3254312600, 578513091, 1418621158, 1891883698, 2496258998, 932690207, 693844151, 2117985748, 4226528712, 3085374311, 2845935712, 3120564385, 3107711128, 4290139175, 2459912854, 1273878252, 2147186829, 4229756128, 483671228, 3148565309, 944040364, 430268032, 3262103269, 349439656, 2520251639, 3201262843, 927657314, 3968603362, 2330268643, 2385575036, 1134821759, 1634702143, 500302727, 2438882540, 795482714, 3126243267, 517808897, 1763069144, 2866974566, 2878961760, 2327158505, 4243261866, 216944260, 1242276262, 1829966591, 2188260365, 3112075968, 1028537903, 1258031683, 3650727036, 735704271, 2273425850, 1695138788, 2053440347, 178340450, 4189939235, 2764245374, 1716524121, 1535752805, 1720726079, 3257932138, 195366931, 23940872, 590299584, 3880680628, 3818670052, 3946823705, 1764478477, 3550647463, 2635947652, 3089150113, 4158558880, 2131801943, 1855766076, 1511531553, 653524075, 3245425501, 3340330571, 825470063, 4092882205, 495273018, 55667325, 2468467452, 2455490014, 2855374072, 80259933, 4196830643, 2655670240, 2797504663, 1884127148, 85731757, 34973501, 3831856323, 1385745355, 534721685, 700361656, 2299126444, 2412139574, 3124184550, 2476853975, 220885300, 1079367929, 3460019758, 3113054809, 1984210211, 2449950256, 567828302, 1148617680, 4217869985, 525870276, 1588282623, 255507860, 2851805998, 1027608071, 1210646759, 2018128095, 757834890, 871956614, 862166838, 2996888650, 3155345890, 180900540, 2981713127, 2903315251, 3197496549, 119280691, 4281041875, 2858002991, 2800969842, 1050883306, 3810253476, 1058681620, 317179235, 232205652, 3882326301, 2248725707, 3520977209, 4159652098, 3644125716, 967114247, 3560877857, 4017362897, 705175945, 3779335595, 3555571122, 2338406432, 2615653423, 964457368, 1394949623, 3688922538, 1874659945, 1437360027, 1737383524, 2531789659, 2445365827, 1527685890, 3008168098, 1132740152, 960141395, 245057370, 2214489264, 1221709491, 4160888299, 3694196153, 1648168293, 31937468, 1978736495, 4164191599, 259087948, 1214015430, 2184297086, 2093499267, 507130957, 3870006629, 4021069719, 3094946063, 1340303734, 2163409490, 906312626, 3515866968, 1740340141, 504315698, 848854595, 3441226348, 3059746593, 3874961807, 832439455, 3240205846, 692424199, 2541910056, 1278823987, 1182830911, 2403731319, 4003800548, 2130472529, 2776010106, 1301594798, 3058876515, 1563319862, 2472246062, 1540919220, 3557196135, 4017884907, 1906385847, 677270458, 1674083690, 2334697401, 1520088025, 1594920431, 4103042086, 1318861133, 1372702928, 1588762973, 518193018, 2351062223, 4271949355, 2530670863, 2090963934, 358740995, 3401081383, 3863221531, 3696142244, 2633765480, 3920258861, 3635019335, 267675641, 62384335, 2852061984, 4158064809, 1928948055, 4265202214, 523174504, 3738127923, 1441165318, 1104949057, 1014656526, 4097287339, 1766906306, 1153338533, 2458926703, 4165424658, 39244607, 2727561390, 1852945156, 2159630732, 3652326409, 3099494338, 3764260782, 3388507273, 530338745, 3868381185, 1759677227, 2265095502, 2932957499, 2799527377, 2287265322, 2614861270, 194032981, 555647246, 386096215, 3988091331, 201568037, 1817448863, 3268114226, 4207825012, 1679965295, 3922630534, 2539580863, 4252612498, 3341454515, 2610694903, 682679799, 1660879545, 3928553078, 487985136, 1853388837, 1104913568, 3001262380, 3726926945, 657886997, 3545275901, 423837837, 1505908802, 1984077160, 1086791049, 95030692, 980648311, 3636410820, 851452018, 1421780275, 514068853, 3616682059, 2942861637, 1729071757, 4220730558, 2771535228, 427069365, 3296872071, 1070056198, 4257721577, 3268263335, 89935310, 4255025528, 3332193566, 3328493156, 1657177218, 212884361, 3527039650, 1117743201, 2438928648, 2868265816, 838967722, 2912631874, 3395600084, 405210209, 3987164471, 3208325846, 1888255161, 1609749475, 3455898260, 4060277934, 318346296, 2975836689, 1126855745, 782309544, 4286836507, 1647067253, 1539000581, 1431862257, 1786716330, 2426872646, 818308076, 534468282, 2561927839, 274985399, 1632078993, 889233052, 2018707947, 3724231827, 56908936, 1977596512, 3748791030, 1675128864, 4149646763, 3724885290, 3084382204, 3776526503, 1619483751, 2568522239, 4125623325, 3304165002, 3044851417, 352777736, 1406164334, 95658072, 364557334, 1828558537, 2821002098, 129475745, 1914022049, 2019365062, 1951753150, 960738331, 266783796, 787980122, 837615812, 1988341655, 4229976027, 1800625753, 3983651255, 1859371885, 4285032248, 3825372444, 2882541656, 918309459, 1174942121, 4194525640, 1655426525, 3863109647, 1701835326, 3282840582, 1068553293, 2797863206, 2522143476, 180171702, 1965140172, 695177286, 1086620203, 3608746350, 4050194579, 1337046190, 3077812730, 2971368555, 764018206, 1154531274, 2897054624, 1327899084, 598570553, 2611154577, 2678422128, 3000755471, 135391674, 2828690625, 960797160, 27550178, 2935260829, 2970204230, 3408161322, 4162166313, 4154235186, 2979315132, 3837902008, 4116604047, 1953526449, 2952758557, 1795935780, 84752591, 3279159510, 1810789948, 2785829864, 850227280, 627991208, 897038824, 228386647, 3232797870, 3411360386, 3250868035, 250112021, 1379224713, 3959882533, 3960765938, 2227800406, 2368556993, 331341535, 224708343, 3437785676, 632830420, 4136699113, 1010384142, 294207237, 1628697412, 1639587758, 1161109601, 543390547, 648712301, 2093986801, 2237876527, 1629754915, 3584590094, 1594503414, 2973805922, 3681414965, 668933779, 871925274, 778046548, 3491788394, 3796236004, 2127521497, 2100775153, 20901290, 3553261944, 3496325887, 1736740099, 1381403472, 756190342, 3892571045, 1632822260, 395079359, 3935844804, 421682938, 4154382378, 3936783378, 965769035, 2455897215, 2196432018, 1559952754, 2267344978, 1889385183, 1850301218, 4133455135, 4189128300, 3235770948, 2479936519, 2839849686, 3061349548, 3218623038, 1413139306, 685767284, 1555730293, 865645000, 2595033750, 1036460843, 3312606818, 2864898536, 3393204602, 870690362, 363668340, 1530734452, 2077238238, 64782941, 3863836212, 1403088724, 2507096192, 2932134282, 1777296199, 1665934275, 2337776377, 4239975630, 237647745, 782504187, 13643075, 2390696354, 3247817164, 622303540, 2577634633, 1139757792, 2697647701, 2941994313, 474), None)
Loaded weights: 0.5395863613984705, 2.2513540476186154, -0.38256978643471873, -0.7365901149235892, -1.2365901149235892
events: 
  ----
(3, (3074565001, 311586181, 289057253, 535103429, 1947453993, 3623289715, 2691716756, 1142660410, 2422367109, 2106103904, 1566967161, 1489626585, 1195505581, 627659500, 1280338490, 1680197839, 3581242162, 333223320, 1228320728, 3203600678, 1098173699, 3191027163, 1777250483, 892319663, 1240492680, 794598024, 196985414, 824397519, 3208274126, 473910704, 2549139328, 2388003438, 190875937, 2342184538, 2872115894, 3688103751, 1149697532, 3153955119, 3271743345, 2243110652, 3824400363, 2729723694, 852257571, 2903726892, 613958112, 4084040986, 1447228355, 3943772848, 1949130668, 3389512531, 3146592118, 240672859, 4199722301, 1689260390, 588876739, 762921467, 4022364674, 1293615462, 3643643982, 1815811771, 3952183128, 1208131445, 2120821464, 3059705619, 39537735, 2080078717, 2705405022, 3543135014, 1709035597, 3043776974, 1453622676, 3888718295, 4145090563, 391072303, 1591948475, 4183256611, 1109007160, 3124138508, 3463764599, 3005725645, 1661516266, 2162568673, 4060951036, 1462868341, 3275352724, 1439867810, 105124314, 1485883364, 1488322659, 1497360972, 1072175093, 1121597674, 2414818285, 3321088702, 1782351483, 3541683774, 3762575828, 3441534609, 3866888792, 2428083652, 1018376050, 4276902499, 1274488534, 3647013724, 1145897945, 1187186924, 4012676705, 1336887956, 2084427016, 3925153157, 3378395582, 154165801, 3951087179, 3908420082, 749402824, 2967574279, 333918256, 3738890497, 615774399, 3279062130, 1354711343, 3923756129, 1220161864, 4185812900, 47375852, 2774878883, 62149136, 3887502391, 3742186886, 2661639426, 2406308310, 2196120277, 3942653613, 3111081408, 2207727317, 2021246985, 182656697, 2114976813, 1365042163, 2069122889, 537959438, 1737838998, 1457962100, 2895613932, 1957840926, 2469492858, 3370955986, 2201635997, 3498322610, 1952725982, 1876267753, 3161858994, 3092577903, 1094698325, 1572239517, 2724123137, 1967341827, 1265646175, 2524353007, 3487840340, 2210122521, 364837001, 4014377493, 96419927, 4109092612, 3371470295, 2953545730, 4272794460, 2107926755, 1482893999, 2722962071, 175208101, 706287592, 2827632308, 1104262763, 2369157064, 2957878959, 1243018545, 4144584975, 4076593923, 1889987168, 2412670141, 2716281822, 3911087166, 948811643, 425465733, 52678419, 3143711765, 3505510518, 1130627850, 252782500, 3120259590, 936479114, 3258069317, 1816408590, 3458967614, 3630507624, 2871437647, 233811765, 894095775, 1117535231, 31709352, 2363950378, 3124733018, 1127406379, 1190976255, 452469535, 778553265, 2936868528, 3557005376, 3048805374, 4099076297, 601761113, 1124086007, 1681451824, 4135613216, 2790401004, 857097480, 705969487, 519250125, 3497205307, 1502924827, 10271767, 394755197, 3360583993, 1491112556, 1349732542, 3148606610, 1962501769, 2574505592, 1559501234, 3308411169, 2418633247, 873428605, 620251292, 3350484073, 30913178, 606228285, 2288496325, 4013547183, 1975848327, 4086499602, 3134678999, 1087112261, 1941796214, 2501511840, 3798406102, 209344640, 3477588249, 1495132755, 2369626282, 369478356, 1135524833, 3055506766, 809589615, 1041446951, 3229740470, 2428552271, 1798824842, 4031638283, 1309265245, 4275002162, 212419852, 3037552223, 2154983620, 1201786022, 3846650616, 1237474428, 2393728803, 2008283034, 913310196, 2089367364, 2533558765, 2302890863, 1170939030, 2406092061, 1660202130, 1153926730, 309297982, 1483770346, 1856501047, 2839666116, 127328661, 3116233944, 2290036544, 3240986846, 476580484, 1582571870, 1770624554, 1604238298, 3196027572, 3367619874, 2867416075, 193770360, 4179557634, 4154371742, 2785442460, 1288055190, 845930638, 802829025, 1709395058, 2271457117, 672991617, 3305320012, 1241744538, 2636318942, 3757838731, 1006858630, 2592262428, 4154135311, 83789445, 3086175933, 374755353, 2145200064, 449438913, 349715663, 2731281872, 448581520, 1297042724, 2618311306, 2922776313, 2540703117, 267355650, 979982000, 1596724958, 4021184651, 1637047681, 4090575735, 2546243487, 1316107695, 1067517916, 1677126680, 2249304953, 3386390930, 857805353, 2723820684, 1620176121, 730962099, 1050464907, 388312375, 1520067191, 2540613925, 1468482620, 3706807755, 1883584005, 4071731814, 2489973720, 3250151140, 610295134, 4018191956, 2331325568, 910654118, 2092500876, 693949192, 1842373547, 2318364418, 1334205776, 602093583, 4198859240, 3793427147, 3454458379, 107804107, 3284072717, 3908393361, 2993549858, 273810994, 3658226881, 924227976, 3774053782, 482728519, 1775453704, 2662513257, 2777277556, 3218229253, 73991413, 995392608, 599308902, 2948905133, 222774037, 1181824624, 3909726601, 2154986861, 4071176905, 3116367845, 2231997191, 3631429982, 3460828982, 1336097098, 263231799, 928279525, 3519934381, 2475506898, 2015653614, 3309950328, 557088960, 4095179808, 2158409738, 3086136185, 2800938530, 849517146, 1909911852, 1969515832, 2078815459, 947528419, 2425125262, 326084109, 1717133827, 3696091718, 3765646587, 2091505273, 4229160562, 3171977889, 1177416659, 2759491702, 1243910227, 368618472, 2936660970, 1984307479, 3545786522, 545491164, 2978437141, 2037717242, 974020698, 2439435930, 3537567094, 2942112937, 4249499677, 4220505492, 3780798196, 3036386226, 2863714580, 1123678715, 3227986309, 304645304, 3182501762, 1610481470, 2463356445, 3256567872, 3788175333, 3130297564, 1060867941, 3300650918, 2437835759, 3882494766, 361764348, 383956760, 4161318245, 1495341287, 3798180579, 2912604739, 744263842, 1444656660, 3607125066, 598326826, 1801710000, 1435873783, 1051130714, 3299697592, 3022722300, 477893041, 3243651726, 1279273761, 1620872553, 2813537869, 2027309829, 1298392404, 47562222, 127175808, 1600378857, 4158507357, 3532800635, 4091419970, 883845734, 1599039008, 3647670081, 2196264640, 818508242, 3264039530, 562858885, 3387336044, 2442771926, 2862811113, 2221195370, 3797939713, 1016341554, 3482779441, 3008086773, 2821004053, 1361163938, 83154445, 371149959, 1904562292, 1202603445, 4161528925, 2285153179, 4285222154, 1429100719, 1731643353, 1476375211, 3246399546, 1299929895, 117622023, 2825406154, 2244015379, 1992159781, 1572214221, 1011859174, 2063517839, 2558834970, 1038839178, 2952089047, 2286462513, 435041872, 1937712701, 2458427773, 2938766928, 83605047, 4219140134, 1182162119, 4117543615, 55361025, 2033144805, 3865140020, 1391805311, 3768440099, 3242320690, 3339691961, 2863346870, 1994036341, 3278224699, 2732563769, 4284094566, 2247181391, 4234660250, 1985912989, 386008444, 3332064101, 2900035983, 3726553207, 823921792, 499098613, 193109832, 2767825701, 2365010337, 2767809218, 1466923761, 793816410, 1178025333, 3667580060, 1470161919, 2221686347, 2470750956, 3257312453, 1420709831, 4266722553, 3070430770, 2488092536, 54594410, 3118016146, 1286824707, 2916231651, 1099204577, 4023153945, 2496633256, 2944304584, 3746838764, 4142344802, 2535656529, 3798359048, 4164143699, 770881988, 3472119585, 578852951, 3489097838, 3568723082, 3569862762, 618013746, 3090569878, 4002454475, 4258449004, 2460601675, 4089183485, 3378275951, 3103629982, 3159397816, 521339260, 1571962617, 244803384, 2181760048, 3201928547, 3659901533, 471125732, 1466561440, 1312824422, 1594133895, 2164094209, 2188451798, 3644201378, 2979839064, 425527756, 1072608792, 2725142599, 1861733204, 3714891465, 2339886730, 1731649479, 463245400, 2783289969, 3558639726, 2042058738, 3422586866, 3520676618, 60386982, 946032286, 3201700929, 3617458466, 1878171894, 626314521, 2018871874, 3602257514, 2052943282, 816405221, 517926061, 1108285713, 128), None)
Loaded weights: 0.6891666634244806, 3.165408407676443, -0.38256978643471873, -0.7365901149235892, -3.1988861734377654
events: 
  ----
(3, (3074565001, 311586181, 289057253, 535103429, 1947453993, 3623289715, 2691716756, 1142660410, 2422367109, 2106103904, 1566967161, 1489626585, 1195505581, 627659500, 1280338490, 1680197839, 3581242162, 333223320, 1228320728, 3203600678, 1098173699, 3191027163, 1777250483, 892319663, 1240492680, 794598024, 196985414, 824397519, 3208274126, 473910704, 2549139328, 2388003438, 190875937, 2342184538, 2872115894, 3688103751, 1149697532, 3153955119, 3271743345, 2243110652, 3824400363, 2729723694, 852257571, 2903726892, 613958112, 4084040986, 1447228355, 3943772848, 1949130668, 3389512531, 3146592118, 240672859, 4199722301, 1689260390, 588876739, 762921467, 4022364674, 1293615462, 3643643982, 1815811771, 3952183128, 1208131445, 2120821464, 3059705619, 39537735, 2080078717, 2705405022, 3543135014, 1709035597, 3043776974, 1453622676, 3888718295, 4145090563, 391072303, 1591948475, 4183256611, 1109007160, 3124138508, 3463764599, 3005725645, 1661516266, 2162568673, 4060951036, 1462868341, 3275352724, 1439867810, 105124314, 1485883364, 1488322659, 1497360972, 1072175093, 1121597674, 2414818285, 3321088702, 1782351483, 3541683774, 3762575828, 3441534609, 3866888792, 2428083652, 1018376050, 4276902499, 1274488534, 3647013724, 1145897945, 1187186924, 4012676705, 1336887956, 2084427016, 3925153157, 3378395582, 154165801, 3951087179, 3908420082, 749402824, 2967574279, 333918256, 3738890497, 615774399, 3279062130, 1354711343, 3923756129, 1220161864, 4185812900, 47375852, 2774878883, 62149136, 3887502391, 3742186886, 2661639426, 2406308310, 2196120277, 3942653613, 3111081408, 2207727317, 2021246985, 182656697, 2114976813, 1365042163, 2069122889, 537959438, 1737838998, 1457962100, 2895613932, 1957840926, 2469492858, 3370955986, 2201635997, 3498322610, 1952725982, 1876267753, 3161858994, 3092577903, 1094698325, 1572239517, 2724123137, 1967341827, 1265646175, 2524353007, 3487840340, 2210122521, 364837001, 4014377493, 96419927, 4109092612, 3371470295, 2953545730, 4272794460, 2107926755, 1482893999, 2722962071, 175208101, 706287592, 2827632308, 1104262763, 2369157064, 2957878959, 1243018545, 4144584975, 4076593923, 1889987168, 2412670141, 2716281822, 3911087166, 948811643, 425465733, 52678419, 3143711765, 3505510518, 1130627850, 252782500, 3120259590, 936479114, 3258069317, 1816408590, 3458967614, 3630507624, 2871437647, 233811765, 894095775, 1117535231, 31709352, 2363950378, 3124733018, 1127406379, 1190976255, 452469535, 778553265, 2936868528, 3557005376, 3048805374, 4099076297, 601761113, 1124086007, 1681451824, 4135613216, 2790401004, 857097480, 705969487, 519250125, 3497205307, 1502924827, 10271767, 394755197, 3360583993, 1491112556, 1349732542, 3148606610, 1962501769, 2574505592, 1559501234, 3308411169, 2418633247, 873428605, 620251292, 3350484073, 30913178, 606228285, 2288496325, 4013547183, 1975848327, 4086499602, 3134678999, 1087112261, 1941796214, 2501511840, 3798406102, 209344640, 3477588249, 1495132755, 2369626282, 369478356, 1135524833, 3055506766, 809589615, 1041446951, 3229740470, 2428552271, 1798824842, 4031638283, 1309265245, 4275002162, 212419852, 3037552223, 2154983620, 1201786022, 3846650616, 1237474428, 2393728803, 2008283034, 913310196, 2089367364, 2533558765, 2302890863, 1170939030, 2406092061, 1660202130, 1153926730, 309297982, 1483770346, 1856501047, 2839666116, 127328661, 3116233944, 2290036544, 3240986846, 476580484, 1582571870, 1770624554, 1604238298, 3196027572, 3367619874, 2867416075, 193770360, 4179557634, 4154371742, 2785442460, 1288055190, 845930638, 802829025, 1709395058, 2271457117, 672991617, 3305320012, 1241744538, 2636318942, 3757838731, 1006858630, 2592262428, 4154135311, 83789445, 3086175933, 374755353, 2145200064, 449438913, 349715663, 2731281872, 448581520, 1297042724, 2618311306, 2922776313, 2540703117, 267355650, 979982000, 1596724958, 4021184651, 1637047681, 4090575735, 2546243487, 1316107695, 1067517916, 1677126680, 2249304953, 3386390930, 857805353, 2723820684, 1620176121, 730962099, 1050464907, 388312375, 1520067191, 2540613925, 1468482620, 3706807755, 1883584005, 4071731814, 2489973720, 3250151140, 610295134, 4018191956, 2331325568, 910654118, 2092500876, 693949192, 1842373547, 2318364418, 1334205776, 602093583, 4198859240, 3793427147, 3454458379, 107804107, 3284072717, 3908393361, 2993549858, 273810994, 3658226881, 924227976, 3774053782, 482728519, 1775453704, 2662513257, 2777277556, 3218229253, 73991413, 995392608, 599308902, 2948905133, 222774037, 1181824624, 3909726601, 2154986861, 4071176905, 3116367845, 2231997191, 3631429982, 3460828982, 1336097098, 263231799, 928279525, 3519934381, 2475506898, 2015653614, 3309950328, 557088960, 4095179808, 2158409738, 3086136185, 2800938530, 849517146, 1909911852, 1969515832, 2078815459, 947528419, 2425125262, 326084109, 1717133827, 3696091718, 3765646587, 2091505273, 4229160562, 3171977889, 1177416659, 2759491702, 1243910227, 368618472, 2936660970, 1984307479, 3545786522, 545491164, 2978437141, 2037717242, 974020698, 2439435930, 3537567094, 2942112937, 4249499677, 4220505492, 3780798196, 3036386226, 2863714580, 1123678715, 3227986309, 304645304, 3182501762, 1610481470, 2463356445, 3256567872, 3788175333, 3130297564, 1060867941, 3300650918, 2437835759, 3882494766, 361764348, 383956760, 4161318245, 1495341287, 3798180579, 2912604739, 744263842, 1444656660, 3607125066, 598326826, 1801710000, 1435873783, 1051130714, 3299697592, 3022722300, 477893041, 3243651726, 1279273761, 1620872553, 2813537869, 2027309829, 1298392404, 47562222, 127175808, 1600378857, 4158507357, 3532800635, 4091419970, 883845734, 1599039008, 3647670081, 2196264640, 818508242, 3264039530, 562858885, 3387336044, 2442771926, 2862811113, 2221195370, 3797939713, 1016341554, 3482779441, 3008086773, 2821004053, 1361163938, 83154445, 371149959, 1904562292, 1202603445, 4161528925, 2285153179, 4285222154, 1429100719, 1731643353, 1476375211, 3246399546, 1299929895, 117622023, 2825406154, 2244015379, 1992159781, 1572214221, 1011859174, 2063517839, 2558834970, 1038839178, 2952089047, 2286462513, 435041872, 1937712701, 2458427773, 2938766928, 83605047, 4219140134, 1182162119, 4117543615, 55361025, 2033144805, 3865140020, 1391805311, 3768440099, 3242320690, 3339691961, 2863346870, 1994036341, 3278224699, 2732563769, 4284094566, 2247181391, 4234660250, 1985912989, 386008444, 3332064101, 2900035983, 3726553207, 823921792, 499098613, 193109832, 2767825701, 2365010337, 2767809218, 1466923761, 793816410, 1178025333, 3667580060, 1470161919, 2221686347, 2470750956, 3257312453, 1420709831, 4266722553, 3070430770, 2488092536, 54594410, 3118016146, 1286824707, 2916231651, 1099204577, 4023153945, 2496633256, 2944304584, 3746838764, 4142344802, 2535656529, 3798359048, 4164143699, 770881988, 3472119585, 578852951, 3489097838, 3568723082, 3569862762, 618013746, 3090569878, 4002454475, 4258449004, 2460601675, 4089183485, 3378275951, 3103629982, 3159397816, 521339260, 1571962617, 244803384, 2181760048, 3201928547, 3659901533, 471125732, 1466561440, 1312824422, 1594133895, 2164094209, 2188451798, 3644201378, 2979839064, 425527756, 1072608792, 2725142599, 1861733204, 3714891465, 2339886730, 1731649479, 463245400, 2783289969, 3558639726, 2042058738, 3422586866, 3520676618, 60386982, 946032286, 3201700929, 3617458466, 1878171894, 626314521, 2018871874, 3602257514, 2052943282, 816405221, 517926061, 1108285713, 383), None)
Loaded weights: 1.041971553731058, 4.519887912472369, -0.38256978643471873, -0.7365901149235892, -1.2365901149235892
events: 
  ----
(3, (3074565001, 311586181, 289057253, 535103429, 1947453993, 3623289715, 2691716756, 1142660410, 2422367109, 2106103904, 1566967161, 1489626585, 1195505581, 627659500, 1280338490, 1680197839, 3581242162, 333223320, 1228320728, 3203600678, 1098173699, 3191027163, 1777250483, 892319663, 1240492680, 794598024, 196985414, 824397519, 3208274126, 473910704, 2549139328, 2388003438, 190875937, 2342184538, 2872115894, 3688103751, 1149697532, 3153955119, 3271743345, 2243110652, 3824400363, 2729723694, 852257571, 2903726892, 613958112, 4084040986, 1447228355, 3943772848, 1949130668, 3389512531, 3146592118, 240672859, 4199722301, 1689260390, 588876739, 762921467, 4022364674, 1293615462, 3643643982, 1815811771, 3952183128, 1208131445, 2120821464, 3059705619, 39537735, 2080078717, 2705405022, 3543135014, 1709035597, 3043776974, 1453622676, 3888718295, 4145090563, 391072303, 1591948475, 4183256611, 1109007160, 3124138508, 3463764599, 3005725645, 1661516266, 2162568673, 4060951036, 1462868341, 3275352724, 1439867810, 105124314, 1485883364, 1488322659, 1497360972, 1072175093, 1121597674, 2414818285, 3321088702, 1782351483, 3541683774, 3762575828, 3441534609, 3866888792, 2428083652, 1018376050, 4276902499, 1274488534, 3647013724, 1145897945, 1187186924, 4012676705, 1336887956, 2084427016, 3925153157, 3378395582, 154165801, 3951087179, 3908420082, 749402824, 2967574279, 333918256, 3738890497, 615774399, 3279062130, 1354711343, 3923756129, 1220161864, 4185812900, 47375852, 2774878883, 62149136, 3887502391, 3742186886, 2661639426, 2406308310, 2196120277, 3942653613, 3111081408, 2207727317, 2021246985, 182656697, 2114976813, 1365042163, 2069122889, 537959438, 1737838998, 1457962100, 2895613932, 1957840926, 2469492858, 3370955986, 2201635997, 3498322610, 1952725982, 1876267753, 3161858994, 3092577903, 1094698325, 1572239517, 2724123137, 1967341827, 1265646175, 2524353007, 3487840340, 2210122521, 364837001, 4014377493, 96419927, 4109092612, 3371470295, 2953545730, 4272794460, 2107926755, 1482893999, 2722962071, 175208101, 706287592, 2827632308, 1104262763, 2369157064, 2957878959, 1243018545, 4144584975, 4076593923, 1889987168, 2412670141, 2716281822, 3911087166, 948811643, 425465733, 52678419, 3143711765, 3505510518, 1130627850, 252782500, 3120259590, 936479114, 3258069317, 1816408590, 3458967614, 3630507624, 2871437647, 233811765, 894095775, 1117535231, 31709352, 2363950378, 3124733018, 1127406379, 1190976255, 452469535, 778553265, 2936868528, 3557005376, 3048805374, 4099076297, 601761113, 1124086007, 1681451824, 4135613216, 2790401004, 857097480, 705969487, 519250125, 3497205307, 1502924827, 10271767, 394755197, 3360583993, 1491112556, 1349732542, 3148606610, 1962501769, 2574505592, 1559501234, 3308411169, 2418633247, 873428605, 620251292, 3350484073, 30913178, 606228285, 2288496325, 4013547183, 1975848327, 4086499602, 3134678999, 1087112261, 1941796214, 2501511840, 3798406102, 209344640, 3477588249, 1495132755, 2369626282, 369478356, 1135524833, 3055506766, 809589615, 1041446951, 3229740470, 2428552271, 1798824842, 4031638283, 1309265245, 4275002162, 212419852, 3037552223, 2154983620, 1201786022, 3846650616, 1237474428, 2393728803, 2008283034, 913310196, 2089367364, 2533558765, 2302890863, 1170939030, 2406092061, 1660202130, 1153926730, 309297982, 1483770346, 1856501047, 2839666116, 127328661, 3116233944, 2290036544, 3240986846, 476580484, 1582571870, 1770624554, 1604238298, 3196027572, 3367619874, 2867416075, 193770360, 4179557634, 4154371742, 2785442460, 1288055190, 845930638, 802829025, 1709395058, 2271457117, 672991617, 3305320012, 1241744538, 2636318942, 3757838731, 1006858630, 2592262428, 4154135311, 83789445, 3086175933, 374755353, 2145200064, 449438913, 349715663, 2731281872, 448581520, 1297042724, 2618311306, 2922776313, 2540703117, 267355650, 979982000, 1596724958, 4021184651, 1637047681, 4090575735, 2546243487, 1316107695, 1067517916, 1677126680, 2249304953, 3386390930, 857805353, 2723820684, 1620176121, 730962099, 1050464907, 388312375, 1520067191, 2540613925, 1468482620, 3706807755, 1883584005, 4071731814, 2489973720, 3250151140, 610295134, 4018191956, 2331325568, 910654118, 2092500876, 693949192, 1842373547, 2318364418, 1334205776, 602093583, 4198859240, 3793427147, 3454458379, 107804107, 3284072717, 3908393361, 2993549858, 273810994, 3658226881, 924227976, 3774053782, 482728519, 1775453704, 2662513257, 2777277556, 3218229253, 73991413, 995392608, 599308902, 2948905133, 222774037, 1181824624, 3909726601, 2154986861, 4071176905, 3116367845, 2231997191, 3631429982, 3460828982, 1336097098, 263231799, 928279525, 3519934381, 2475506898, 2015653614, 3309950328, 557088960, 4095179808, 2158409738, 3086136185, 2800938530, 849517146, 1909911852, 1969515832, 2078815459, 947528419, 2425125262, 326084109, 1717133827, 3696091718, 3765646587, 2091505273, 4229160562, 3171977889, 1177416659, 2759491702, 1243910227, 368618472, 2936660970, 1984307479, 3545786522, 545491164, 2978437141, 2037717242, 974020698, 2439435930, 3537567094, 2942112937, 4249499677, 4220505492, 3780798196, 3036386226, 2863714580, 1123678715, 3227986309, 304645304, 3182501762, 1610481470, 2463356445, 3256567872, 3788175333, 3130297564, 1060867941, 3300650918, 2437835759, 3882494766, 361764348, 383956760, 4161318245, 1495341287, 3798180579, 2912604739, 744263842, 1444656660, 3607125066, 598326826, 1801710000, 1435873783, 1051130714, 3299697592, 3022722300, 477893041, 3243651726, 1279273761, 1620872553, 2813537869, 2027309829, 1298392404, 47562222, 127175808, 1600378857, 4158507357, 3532800635, 4091419970, 883845734, 1599039008, 3647670081, 2196264640, 818508242, 3264039530, 562858885, 3387336044, 2442771926, 2862811113, 2221195370, 3797939713, 1016341554, 3482779441, 3008086773, 2821004053, 1361163938, 83154445, 371149959, 1904562292, 1202603445, 4161528925, 2285153179, 4285222154, 1429100719, 1731643353, 1476375211, 3246399546, 1299929895, 117622023, 2825406154, 2244015379, 1992159781, 1572214221, 1011859174, 2063517839, 2558834970, 1038839178, 2952089047, 2286462513, 435041872, 1937712701, 2458427773, 2938766928, 83605047, 4219140134, 1182162119, 4117543615, 55361025, 2033144805, 3865140020, 1391805311, 3768440099, 3242320690, 3339691961, 2863346870, 1994036341, 3278224699, 2732563769, 4284094566, 2247181391, 4234660250, 1985912989, 386008444, 3332064101, 2900035983, 3726553207, 823921792, 499098613, 193109832, 2767825701, 2365010337, 2767809218, 1466923761, 793816410, 1178025333, 3667580060, 1470161919, 2221686347, 2470750956, 3257312453, 1420709831, 4266722553, 3070430770, 2488092536, 54594410, 3118016146, 1286824707, 2916231651, 1099204577, 4023153945, 2496633256, 2944304584, 3746838764, 4142344802, 2535656529, 3798359048, 4164143699, 770881988, 3472119585, 578852951, 3489097838, 3568723082, 3569862762, 618013746, 3090569878, 4002454475, 4258449004, 2460601675, 4089183485, 3378275951, 3103629982, 3159397816, 521339260, 1571962617, 244803384, 2181760048, 3201928547, 3659901533, 471125732, 1466561440, 1312824422, 1594133895, 2164094209, 2188451798, 3644201378, 2979839064, 425527756, 1072608792, 2725142599, 1861733204, 3714891465, 2339886730, 1731649479, 463245400, 2783289969, 3558639726, 2042058738, 3422586866, 3520676618, 60386982, 946032286, 3201700929, 3617458466, 1878171894, 626314521, 2018871874, 3602257514, 2052943282, 816405221, 517926061, 1108285713, 509), None)
Loaded weights: 1.285393368599249, 6.104303250472093, -0.38256978643471873, -0.7365901149235892, -1.2365901149235892
events: 
  ----
(3, (2335463053, 3883186727, 1663499017, 1616958548, 3487635608, 2232648893, 2580173588, 639429095, 3412455319, 3910408219, 3420510660, 1067255574, 292355519, 3692270260, 1106921810, 1818895787, 3963735352, 2273546511, 955372542, 2701915428, 1746345646, 258735656, 3259354390, 194461951, 3132162793, 4198137452, 584205261, 2574236969, 2107050504, 305869294, 857118852, 770615702, 596184437, 386448731, 2398612120, 1736294971, 713636025, 1621479388, 3752105957, 3871630015, 3063638056, 614841940, 2113968533, 3152409702, 1623661329, 3603447094, 2146362380, 3212412317, 1925647351, 3589751041, 976492896, 278625924, 2242763399, 3067120743, 2609137238, 2229876888, 3685486989, 3128371624, 2852319731, 2908747382, 629284796, 528672723, 3364184095, 470982463, 1399689941, 1388437719, 992662641, 1233157567, 3991300422, 1896464380, 1085118081, 3981405267, 222655, 3772643282, 3873582223, 1692225726, 3141950626, 2963975634, 1641669548, 632602158, 3675880796, 3868939069, 1648039297, 1229637549, 3496052537, 2714524208, 603664444, 1792586721, 1277580248, 3126501968, 2213458612, 56296370, 928488573, 1379103842, 477462087, 1393316016, 1371898498, 687270367, 3883852085, 820531282, 1310639519, 4051827512, 2883086224, 2032497553, 1467605855, 496771983, 3791880238, 3917074527, 1847201344, 2310115837, 3802404758, 242063323, 1686416355, 2007514653, 1367867900, 3979860236, 694644891, 986482223, 4186923158, 910007308, 1612997804, 4125394635, 2343844958, 1917259599, 1228796178, 221168246, 1006003002, 2289839668, 1216060918, 1145796326, 1457395746, 663083743, 3543912921, 3294419204, 668361593, 1887875028, 3825095226, 1022882360, 2673998111, 322640857, 2529721049, 2458743565, 2706315365, 1349917104, 4281398412, 1203175038, 3225636975, 3255761488, 1492164424, 1506617304, 91156734, 1708070486, 3634803775, 1659071978, 1918087565, 2447648480, 703669690, 3305061542, 3410690776, 1521837845, 509690569, 2198865779, 448468040, 301321262, 575907363, 3194486912, 3455053221, 1004564099, 2372513588, 4259094278, 2311482583, 395825695, 3925414399, 143322028, 2729778726, 2998988734, 2157057123, 380198368, 1515572294, 2693124138, 209174321, 2944873912, 2541690764, 2748725960, 2021094981, 2657385063, 2866612436, 4085879568, 3780546623, 885489795, 2977407634, 531735664, 564446354, 132850116, 925914096, 141602248, 1534358571, 1939231757, 2699562711, 2194468118, 3319910886, 4240861238, 3490824716, 3361288534, 77659634, 1089414600, 3492289158, 1107868459, 3713005937, 3142240295, 783200732, 3701939085, 621470101, 320303575, 145334333, 4076031381, 977658670, 788049037, 2012321706, 992874226, 3367952142, 1251320717, 1865257225, 2249414707, 175129741, 2385681363, 4279023799, 2845454790, 2393170413, 2354448503, 1112558473, 2348666985, 998775416, 1917686326, 3977763532, 936181029, 768001108, 1059063807, 3179925838, 99211257, 3846321562, 3172170678, 992641493, 3860755719, 4288513482, 210199974, 809514343, 4176659763, 3782476136, 2942459415, 1876290096, 1170455678, 1236320910, 1996862813, 2212938546, 684424833, 959883613, 3825060545, 3382567193, 929591675, 628328430, 1809225359, 2711859040, 2775275405, 3337607893, 3560653249, 992490953, 2648863700, 2361343853, 831634788, 1854485709, 2197365916, 800219210, 1994150272, 3053108364, 200749287, 1480464415, 1124097518, 528536100, 2455779462, 1939058234, 1639792624, 697906965, 806805019, 3309949879, 395143099, 2291526820, 1231313383, 2989361157, 562870168, 273373533, 2371375547, 2757429996, 3172886190, 1307147127, 2043746020, 110199674, 1620355584, 3167211467, 3250507496, 102474221, 2008169373, 1001486331, 2171085960, 3810396915, 172175778, 3831088828, 138436338, 3674742623, 1754190512, 1914744591, 3657345117, 3847156373, 616088791, 1871422085, 168078033, 2470372610, 2630555304, 1018189254, 930262495, 3078430355, 2343206082, 1132323622, 14254464, 2704634804, 2089757685, 44491406, 3774401136, 2711550613, 3815767902, 2627958410, 2701300261, 833678586, 2756905056, 1833898024, 1045766991, 1806108349, 2615689039, 1627005443, 1428673353, 2713725820, 1921911047, 2651864187, 2333227155, 791051380, 3667110701, 993641476, 2966559662, 2773776814, 1163577463, 799567534, 1256623107, 4213174647, 3785990877, 569321122, 3179711451, 2564436763, 2894287407, 3700109673, 1947204229, 2377829229, 2236489664, 3634475031, 3998266552, 3585393398, 1225052477, 987641820, 2372505011, 630338987, 1618807709, 1527714980, 2887802737, 145390974, 1375864297, 633892982, 1967410576, 3020030032, 4211280484, 1339183243, 2075682654, 2460156958, 2309802647, 3775326335, 753133458, 2295056464, 250912618, 1140397508, 3335431986, 2797572896, 2923446724, 1185439057, 1315340724, 1815771096, 1140849007, 2965104387, 2386770723, 1888551484, 1808925995, 34679894, 3719119276, 3210877028, 3814347658, 931617093, 2099352317, 1366890012, 1041642850, 88631492, 4079954952, 3868356193, 1177280937, 387122584, 2397470395, 2291157013, 1453764047, 2454679855, 2093781776, 1264600517, 3375786712, 2223481346, 3209843598, 1465642531, 1472017999, 2866468085, 1880937867, 2647315995, 992837580, 652343232, 3134517263, 2298173661, 2732946443, 3480164745, 771861715, 1188663463, 3157711865, 1079615401, 3077411386, 2129684001, 1409442607, 3555629262, 3579228319, 1882262746, 377537511, 1655057235, 2812550295, 1721071044, 2448286587, 158486703, 967303025, 2383625386, 1256804888, 2973838662, 1737889603, 81125680, 2648972196, 4020807119, 279972052, 997166330, 1359671492, 2813175528, 2874247378, 2958077273, 1272315826, 1151681853, 1064794901, 2439414782, 3345578611, 1964152119, 3899748984, 351697436, 1791934510, 2818218193, 3879784953, 1166834131, 3536205174, 337776047, 1511336830, 2028941356, 3560464779, 2696215550, 3021361371, 603883058, 2661813117, 179182860, 1004282369, 200060939, 749126322, 2053102485, 2969200112, 2241823105, 839922378, 509260296, 1203370476, 3654487427, 2659422269, 3275855220, 3180794739, 516468987, 3349382011, 2095898142, 381447062, 288576663, 246315900, 3093538325, 522672358, 3778496060, 4169526486, 4014813849, 2791441239, 197525519, 797062225, 1802898478, 1034541321, 3534228712, 3343198347, 2868955225, 4131070435, 2465946845, 2395482643, 3834094129, 154398297, 1053150383, 3876196728, 2706816295, 706633519, 1625512830, 282568474, 3781811086, 3803945584, 2975619192, 495684962, 1056596612, 880815822, 1497725383, 3248202539, 3060855383, 2786751645, 3782146728, 1595047251, 2036116479, 2496140518, 1256002888, 875199022, 2618308316, 1298892182, 2638795644, 2427869853, 2083400501, 801251389, 552489475, 2884910353, 383976843, 3276988345, 1145977192, 343450341, 2121245609, 2178983422, 1217105589, 3008017435, 121525159, 1026798838, 3361600772, 3556785733, 300311875, 1874975898, 2165629478, 439521930, 1240410742, 3325005275, 2500884709, 2679885518, 512970255, 1262287718, 3607985667, 502294977, 742717109, 2619287710, 1837968275, 4215279085, 2112596220, 4201103232, 3714913599, 3661036602, 1511315520, 1841040064, 3325422080, 1044296609, 2363209494, 998575638, 3107572417, 4139678830, 3574836557, 1310395323, 1002259087, 2241120518, 1462697729, 2972220558, 2863718797, 2637080521, 886859366, 3477149940, 2761554421, 3365372437, 3190000065, 515331562, 1239794999, 369495731, 1162684145, 2165894195, 693703073, 3324008989, 2720642911, 3749997323, 1762641033, 3997855518, 3665190228, 3635736794, 4063522766, 763189119, 3851418357, 92963302, 3299973316, 4107341648, 3556451268, 3959658917, 4), None)
Loaded weights: 1.3600879064862026, 6.651186457174654, -0.38256978643471873, -0.7365901149235892, -3.2702693563599157
events: 
  ----
(3, (2335463053, 3883186727, 1663499017, 1616958548, 3487635608, 2232648893, 2580173588, 639429095, 3412455319, 3910408219, 3420510660, 1067255574, 292355519, 3692270260, 1106921810, 1818895787, 3963735352, 2273546511, 955372542, 2701915428, 1746345646, 258735656, 3259354390, 194461951, 3132162793, 4198137452, 584205261, 2574236969, 2107050504, 305869294, 857118852, 770615702, 596184437, 386448731, 2398612120, 1736294971, 713636025, 1621479388, 3752105957, 3871630015, 3063638056, 614841940, 2113968533, 3152409702, 1623661329, 3603447094, 2146362380, 3212412317, 1925647351, 3589751041, 976492896, 278625924, 2242763399, 3067120743, 2609137238, 2229876888, 3685486989, 3128371624, 2852319731, 2908747382, 629284796, 528672723, 3364184095, 470982463, 1399689941, 1388437719, 992662641, 1233157567, 3991300422, 1896464380, 1085118081, 3981405267, 222655, 3772643282, 3873582223, 1692225726, 3141950626, 2963975634, 1641669548, 632602158, 3675880796, 3868939069, 1648039297, 1229637549, 3496052537, 2714524208, 603664444, 1792586721, 1277580248, 3126501968, 2213458612, 56296370, 928488573, 1379103842, 477462087, 1393316016, 1371898498, 687270367, 3883852085, 820531282, 1310639519, 4051827512, 2883086224, 2032497553, 1467605855, 496771983, 3791880238, 3917074527, 1847201344, 2310115837, 3802404758, 242063323, 1686416355, 2007514653, 1367867900, 3979860236, 694644891, 986482223, 4186923158, 910007308, 1612997804, 4125394635, 2343844958, 1917259599, 1228796178, 221168246, 1006003002, 2289839668, 1216060918, 1145796326, 1457395746, 663083743, 3543912921, 3294419204, 668361593, 1887875028, 3825095226, 1022882360, 2673998111, 322640857, 2529721049, 2458743565, 2706315365, 1349917104, 4281398412, 1203175038, 3225636975, 3255761488, 1492164424, 1506617304, 91156734, 1708070486, 3634803775, 1659071978, 1918087565, 2447648480, 703669690, 3305061542, 3410690776, 1521837845, 509690569, 2198865779, 448468040, 301321262, 575907363, 3194486912, 3455053221, 1004564099, 2372513588, 4259094278, 2311482583, 395825695, 3925414399, 143322028, 2729778726, 2998988734, 2157057123, 380198368, 1515572294, 2693124138, 209174321, 2944873912, 2541690764, 2748725960, 2021094981, 2657385063, 2866612436, 4085879568, 3780546623, 885489795, 2977407634, 531735664, 564446354, 132850116, 925914096, 141602248, 1534358571, 1939231757, 2699562711, 2194468118, 3319910886, 4240861238, 3490824716, 3361288534, 77659634, 1089414600, 3492289158, 1107868459, 3713005937, 3142240295, 783200732, 3701939085, 621470101, 320303575, 145334333, 4076031381, 977658670, 788049037, 2012321706, 992874226, 3367952142, 1251320717, 1865257225, 2249414707, 175129741, 2385681363, 4279023799, 2845454790, 2393170413, 2354448503, 1112558473, 2348666985, 998775416, 1917686326, 3977763532, 936181029, 768001108, 1059063807, 3179925838, 99211257, 3846321562, 3172170678, 992641493, 3860755719, 4288513482, 210199974, 809514343, 4176659763, 3782476136, 2942459415, 1876290096, 1170455678, 1236320910, 1996862813, 2212938546, 684424833, 959883613, 3825060545, 3382567193, 929591675, 628328430, 1809225359, 2711859040, 2775275405, 3337607893, 3560653249, 992490953, 2648863700, 2361343853, 831634788, 1854485709, 2197365916, 800219210, 1994150272, 3053108364, 200749287, 1480464415, 1124097518, 528536100, 2455779462, 1939058234, 1639792624, 697906965, 806805019, 3309949879, 395143099, 2291526820, 1231313383, 2989361157, 562870168, 273373533, 2371375547, 2757429996, 3172886190, 1307147127, 2043746020, 110199674, 1620355584, 3167211467, 3250507496, 102474221, 2008169373, 1001486331, 2171085960, 3810396915, 172175778, 3831088828, 138436338, 3674742623, 1754190512, 1914744591, 3657345117, 3847156373, 616088791, 1871422085, 168078033, 2470372610, 2630555304, 1018189254, 930262495, 3078430355, 2343206082, 1132323622, 14254464, 2704634804, 2089757685, 44491406, 3774401136, 2711550613, 3815767902, 2627958410, 2701300261, 833678586, 2756905056, 1833898024, 1045766991, 1806108349, 2615689039, 1627005443, 1428673353, 2713725820, 1921911047, 2651864187, 2333227155, 791051380, 3667110701, 993641476, 2966559662, 2773776814, 1163577463, 799567534, 1256623107, 4213174647, 3785990877, 569321122, 3179711451, 2564436763, 2894287407, 3700109673, 1947204229, 2377829229, 2236489664, 3634475031, 3998266552, 3585393398, 1225052477, 987641820, 2372505011, 630338987, 1618807709, 1527714980, 2887802737, 145390974, 1375864297, 633892982, 1967410576, 3020030032, 4211280484, 1339183243, 2075682654, 2460156958, 2309802647, 3775326335, 753133458, 2295056464, 250912618, 1140397508, 3335431986, 2797572896, 2923446724, 1185439057, 1315340724, 1815771096, 1140849007, 2965104387, 2386770723, 1888551484, 1808925995, 34679894, 3719119276, 3210877028, 3814347658, 931617093, 2099352317, 1366890012, 1041642850, 88631492, 4079954952, 3868356193, 1177280937, 387122584, 2397470395, 2291157013, 1453764047, 2454679855, 2093781776, 1264600517, 3375786712, 2223481346, 3209843598, 1465642531, 1472017999, 2866468085, 1880937867, 2647315995, 992837580, 652343232, 3134517263, 2298173661, 2732946443, 3480164745, 771861715, 1188663463, 3157711865, 1079615401, 3077411386, 2129684001, 1409442607, 3555629262, 3579228319, 1882262746, 377537511, 1655057235, 2812550295, 1721071044, 2448286587, 158486703, 967303025, 2383625386, 1256804888, 2973838662, 1737889603, 81125680, 2648972196, 4020807119, 279972052, 997166330, 1359671492, 2813175528, 2874247378, 2958077273, 1272315826, 1151681853, 1064794901, 2439414782, 3345578611, 1964152119, 3899748984, 351697436, 1791934510, 2818218193, 3879784953, 1166834131, 3536205174, 337776047, 1511336830, 2028941356, 3560464779, 2696215550, 3021361371, 603883058, 2661813117, 179182860, 1004282369, 200060939, 749126322, 2053102485, 2969200112, 2241823105, 839922378, 509260296, 1203370476, 3654487427, 2659422269, 3275855220, 3180794739, 516468987, 3349382011, 2095898142, 381447062, 288576663, 246315900, 3093538325, 522672358, 3778496060, 4169526486, 4014813849, 2791441239, 197525519, 797062225, 1802898478, 1034541321, 3534228712, 3343198347, 2868955225, 4131070435, 2465946845, 2395482643, 3834094129, 154398297, 1053150383, 3876196728, 2706816295, 706633519, 1625512830, 282568474, 3781811086, 3803945584, 2975619192, 495684962, 1056596612, 880815822, 1497725383, 3248202539, 3060855383, 2786751645, 3782146728, 1595047251, 2036116479, 2496140518, 1256002888, 875199022, 2618308316, 1298892182, 2638795644, 2427869853, 2083400501, 801251389, 552489475, 2884910353, 383976843, 3276988345, 1145977192, 343450341, 2121245609, 2178983422, 1217105589, 3008017435, 121525159, 1026798838, 3361600772, 3556785733, 300311875, 1874975898, 2165629478, 439521930, 1240410742, 3325005275, 2500884709, 2679885518, 512970255, 1262287718, 3607985667, 502294977, 742717109, 2619287710, 1837968275, 4215279085, 2112596220, 4201103232, 3714913599, 3661036602, 1511315520, 1841040064, 3325422080, 1044296609, 2363209494, 998575638, 3107572417, 4139678830, 3574836557, 1310395323, 1002259087, 2241120518, 1462697729, 2972220558, 2863718797, 2637080521, 886859366, 3477149940, 2761554421, 3365372437, 3190000065, 515331562, 1239794999, 369495731, 1162684145, 2165894195, 693703073, 3324008989, 2720642911, 3749997323, 1762641033, 3997855518, 3665190228, 3635736794, 4063522766, 763189119, 3851418357, 92963302, 3299973316, 4107341648, 3556451268, 3959658917, 156), None)
Loaded weights: 1.818837787723231, 8.074283990515616, -0.38256978643471873, -0.7365901149235892, -1.2365901149235892
events: me was killed by stupid, 
  ----
(3, (2335463053, 3883186727, 1663499017, 1616958548, 3487635608, 2232648893, 2580173588, 639429095, 3412455319, 3910408219, 3420510660, 1067255574, 292355519, 3692270260, 1106921810, 1818895787, 3963735352, 2273546511, 955372542, 2701915428, 1746345646, 258735656, 3259354390, 194461951, 3132162793, 4198137452, 584205261, 2574236969, 2107050504, 305869294, 857118852, 770615702, 596184437, 386448731, 2398612120, 1736294971, 713636025, 1621479388, 3752105957, 3871630015, 3063638056, 614841940, 2113968533, 3152409702, 1623661329, 3603447094, 2146362380, 3212412317, 1925647351, 3589751041, 976492896, 278625924, 2242763399, 3067120743, 2609137238, 2229876888, 3685486989, 3128371624, 2852319731, 2908747382, 629284796, 528672723, 3364184095, 470982463, 1399689941, 1388437719, 992662641, 1233157567, 3991300422, 1896464380, 1085118081, 3981405267, 222655, 3772643282, 3873582223, 1692225726, 3141950626, 2963975634, 1641669548, 632602158, 3675880796, 3868939069, 1648039297, 1229637549, 3496052537, 2714524208, 603664444, 1792586721, 1277580248, 3126501968, 2213458612, 56296370, 928488573, 1379103842, 477462087, 1393316016, 1371898498, 687270367, 3883852085, 820531282, 1310639519, 4051827512, 2883086224, 2032497553, 1467605855, 496771983, 3791880238, 3917074527, 1847201344, 2310115837, 3802404758, 242063323, 1686416355, 2007514653, 1367867900, 3979860236, 694644891, 986482223, 4186923158, 910007308, 1612997804, 4125394635, 2343844958, 1917259599, 1228796178, 221168246, 1006003002, 2289839668, 1216060918, 1145796326, 1457395746, 663083743, 3543912921, 3294419204, 668361593, 1887875028, 3825095226, 1022882360, 2673998111, 322640857, 2529721049, 2458743565, 2706315365, 1349917104, 4281398412, 1203175038, 3225636975, 3255761488, 1492164424, 1506617304, 91156734, 1708070486, 3634803775, 1659071978, 1918087565, 2447648480, 703669690, 3305061542, 3410690776, 1521837845, 509690569, 2198865779, 448468040, 301321262, 575907363, 3194486912, 3455053221, 1004564099, 2372513588, 4259094278, 2311482583, 395825695, 3925414399, 143322028, 2729778726, 2998988734, 2157057123, 380198368, 1515572294, 2693124138, 209174321, 2944873912, 2541690764, 2748725960, 2021094981, 2657385063, 2866612436, 4085879568, 3780546623, 885489795, 2977407634, 531735664, 564446354, 132850116, 925914096, 141602248, 1534358571, 1939231757, 2699562711, 2194468118, 3319910886, 4240861238, 3490824716, 3361288534, 77659634, 1089414600, 3492289158, 1107868459, 3713005937, 3142240295, 783200732, 3701939085, 621470101, 320303575, 145334333, 4076031381, 977658670, 788049037, 2012321706, 992874226, 3367952142, 1251320717, 1865257225, 2249414707, 175129741, 2385681363, 4279023799, 2845454790, 2393170413, 2354448503, 1112558473, 2348666985, 998775416, 1917686326, 3977763532, 936181029, 768001108, 1059063807, 3179925838, 99211257, 3846321562, 3172170678, 992641493, 3860755719, 4288513482, 210199974, 809514343, 4176659763, 3782476136, 2942459415, 1876290096, 1170455678, 1236320910, 1996862813, 2212938546, 684424833, 959883613, 3825060545, 3382567193, 929591675, 628328430, 1809225359, 2711859040, 2775275405, 3337607893, 3560653249, 992490953, 2648863700, 2361343853, 831634788, 1854485709, 2197365916, 800219210, 1994150272, 3053108364, 200749287, 1480464415, 1124097518, 528536100, 2455779462, 1939058234, 1639792624, 697906965, 806805019, 3309949879, 395143099, 2291526820, 1231313383, 2989361157, 562870168, 273373533, 2371375547, 2757429996, 3172886190, 1307147127, 2043746020, 110199674, 1620355584, 3167211467, 3250507496, 102474221, 2008169373, 1001486331, 2171085960, 3810396915, 172175778, 3831088828, 138436338, 3674742623, 1754190512, 1914744591, 3657345117, 3847156373, 616088791, 1871422085, 168078033, 2470372610, 2630555304, 1018189254, 930262495, 3078430355, 2343206082, 1132323622, 14254464, 2704634804, 2089757685, 44491406, 3774401136, 2711550613, 3815767902, 2627958410, 2701300261, 833678586, 2756905056, 1833898024, 1045766991, 1806108349, 2615689039, 1627005443, 1428673353, 2713725820, 1921911047, 2651864187, 2333227155, 791051380, 3667110701, 993641476, 2966559662, 2773776814, 1163577463, 799567534, 1256623107, 4213174647, 3785990877, 569321122, 3179711451, 2564436763, 2894287407, 3700109673, 1947204229, 2377829229, 2236489664, 3634475031, 3998266552, 3585393398, 1225052477, 987641820, 2372505011, 630338987, 1618807709, 1527714980, 2887802737, 145390974, 1375864297, 633892982, 1967410576, 3020030032, 4211280484, 1339183243, 2075682654, 2460156958, 2309802647, 3775326335, 753133458, 2295056464, 250912618, 1140397508, 3335431986, 2797572896, 2923446724, 1185439057, 1315340724, 1815771096, 1140849007, 2965104387, 2386770723, 1888551484, 1808925995, 34679894, 3719119276, 3210877028, 3814347658, 931617093, 2099352317, 1366890012, 1041642850, 88631492, 4079954952, 3868356193, 1177280937, 387122584, 2397470395, 2291157013, 1453764047, 2454679855, 2093781776, 1264600517, 3375786712, 2223481346, 3209843598, 1465642531, 1472017999, 2866468085, 1880937867, 2647315995, 992837580, 652343232, 3134517263, 2298173661, 2732946443, 3480164745, 771861715, 1188663463, 3157711865, 1079615401, 3077411386, 2129684001, 1409442607, 3555629262, 3579228319, 1882262746, 377537511, 1655057235, 2812550295, 1721071044, 2448286587, 158486703, 967303025, 2383625386, 1256804888, 2973838662, 1737889603, 81125680, 2648972196, 4020807119, 279972052, 997166330, 1359671492, 2813175528, 2874247378, 2958077273, 1272315826, 1151681853, 1064794901, 2439414782, 3345578611, 1964152119, 3899748984, 351697436, 1791934510, 2818218193, 3879784953, 1166834131, 3536205174, 337776047, 1511336830, 2028941356, 3560464779, 2696215550, 3021361371, 603883058, 2661813117, 179182860, 1004282369, 200060939, 749126322, 2053102485, 2969200112, 2241823105, 839922378, 509260296, 1203370476, 3654487427, 2659422269, 3275855220, 3180794739, 516468987, 3349382011, 2095898142, 381447062, 288576663, 246315900, 3093538325, 522672358, 3778496060, 4169526486, 4014813849, 2791441239, 197525519, 797062225, 1802898478, 1034541321, 3534228712, 3343198347, 2868955225, 4131070435, 2465946845, 2395482643, 3834094129, 154398297, 1053150383, 3876196728, 2706816295, 706633519, 1625512830, 282568474, 3781811086, 3803945584, 2975619192, 495684962, 1056596612, 880815822, 1497725383, 3248202539, 3060855383, 2786751645, 3782146728, 1595047251, 2036116479, 2496140518, 1256002888, 875199022, 2618308316, 1298892182, 2638795644, 2427869853, 2083400501, 801251389, 552489475, 2884910353, 383976843, 3276988345, 1145977192, 343450341, 2121245609, 2178983422, 1217105589, 3008017435, 121525159, 1026798838, 3361600772, 3556785733, 300311875, 1874975898, 2165629478, 439521930, 1240410742, 3325005275, 2500884709, 2679885518, 512970255, 1262287718, 3607985667, 502294977, 742717109, 2619287710, 1837968275, 4215279085, 2112596220, 4201103232, 3714913599, 3661036602, 1511315520, 1841040064, 3325422080, 1044296609, 2363209494, 998575638, 3107572417, 4139678830, 3574836557, 1310395323, 1002259087, 2241120518, 1462697729, 2972220558, 2863718797, 2637080521, 886859366, 3477149940, 2761554421, 3365372437, 3190000065, 515331562, 1239794999, 369495731, 1162684145, 2165894195, 693703073, 3324008989, 2720642911, 3749997323, 1762641033, 3997855518, 3665190228, 3635736794, 4063522766, 763189119, 3851418357, 92963302, 3299973316, 4107341648, 3556451268, 3959658917, 389), None)
Loaded weights: 2.0029411685090044, 8.411949524121757, -0.38256978643471873, -0.7365901149235892, -1.2365901149235892
events: 
  ----
(3, (2335463053, 3883186727, 1663499017, 1616958548, 3487635608, 2232648893, 2580173588, 639429095, 3412455319, 3910408219, 3420510660, 1067255574, 292355519, 3692270260, 1106921810, 1818895787, 3963735352, 2273546511, 955372542, 2701915428, 1746345646, 258735656, 3259354390, 194461951, 3132162793, 4198137452, 584205261, 2574236969, 2107050504, 305869294, 857118852, 770615702, 596184437, 386448731, 2398612120, 1736294971, 713636025, 1621479388, 3752105957, 3871630015, 3063638056, 614841940, 2113968533, 3152409702, 1623661329, 3603447094, 2146362380, 3212412317, 1925647351, 3589751041, 976492896, 278625924, 2242763399, 3067120743, 2609137238, 2229876888, 3685486989, 3128371624, 2852319731, 2908747382, 629284796, 528672723, 3364184095, 470982463, 1399689941, 1388437719, 992662641, 1233157567, 3991300422, 1896464380, 1085118081, 3981405267, 222655, 3772643282, 3873582223, 1692225726, 3141950626, 2963975634, 1641669548, 632602158, 3675880796, 3868939069, 1648039297, 1229637549, 3496052537, 2714524208, 603664444, 1792586721, 1277580248, 3126501968, 2213458612, 56296370, 928488573, 1379103842, 477462087, 1393316016, 1371898498, 687270367, 3883852085, 820531282, 1310639519, 4051827512, 2883086224, 2032497553, 1467605855, 496771983, 3791880238, 3917074527, 1847201344, 2310115837, 3802404758, 242063323, 1686416355, 2007514653, 1367867900, 3979860236, 694644891, 986482223, 4186923158, 910007308, 1612997804, 4125394635, 2343844958, 1917259599, 1228796178, 221168246, 1006003002, 2289839668, 1216060918, 1145796326, 1457395746, 663083743, 3543912921, 3294419204, 668361593, 1887875028, 3825095226, 1022882360, 2673998111, 322640857, 2529721049, 2458743565, 2706315365, 1349917104, 4281398412, 1203175038, 3225636975, 3255761488, 1492164424, 1506617304, 91156734, 1708070486, 3634803775, 1659071978, 1918087565, 2447648480, 703669690, 3305061542, 3410690776, 1521837845, 509690569, 2198865779, 448468040, 301321262, 575907363, 3194486912, 3455053221, 1004564099, 2372513588, 4259094278, 2311482583, 395825695, 3925414399, 143322028, 2729778726, 2998988734, 2157057123, 380198368, 1515572294, 2693124138, 209174321, 2944873912, 2541690764, 2748725960, 2021094981, 2657385063, 2866612436, 4085879568, 3780546623, 885489795, 2977407634, 531735664, 564446354, 132850116, 925914096, 141602248, 1534358571, 1939231757, 2699562711, 2194468118, 3319910886, 4240861238, 3490824716, 3361288534, 77659634, 1089414600, 3492289158, 1107868459, 3713005937, 3142240295, 783200732, 3701939085, 621470101, 320303575, 145334333, 4076031381, 977658670, 788049037, 2012321706, 992874226, 3367952142, 1251320717, 1865257225, 2249414707, 175129741, 2385681363, 4279023799, 2845454790, 2393170413, 2354448503, 1112558473, 2348666985, 998775416, 1917686326, 3977763532, 936181029, 768001108, 1059063807, 3179925838, 99211257, 3846321562, 3172170678, 992641493, 3860755719, 4288513482, 210199974, 809514343, 4176659763, 3782476136, 2942459415, 1876290096, 1170455678, 1236320910, 1996862813, 2212938546, 684424833, 959883613, 3825060545, 3382567193, 929591675, 628328430, 1809225359, 2711859040, 2775275405, 3337607893, 3560653249, 992490953, 2648863700, 2361343853, 831634788, 1854485709, 2197365916, 800219210, 1994150272, 3053108364, 200749287, 1480464415, 1124097518, 528536100, 2455779462, 1939058234, 1639792624, 697906965, 806805019, 3309949879, 395143099, 2291526820, 1231313383, 2989361157, 562870168, 273373533, 2371375547, 2757429996, 3172886190, 1307147127, 2043746020, 110199674, 1620355584, 3167211467, 3250507496, 102474221, 2008169373, 1001486331, 2171085960, 3810396915, 172175778, 3831088828, 138436338, 3674742623, 1754190512, 1914744591, 3657345117, 3847156373, 616088791, 1871422085, 168078033, 2470372610, 2630555304, 1018189254, 930262495, 3078430355, 2343206082, 1132323622, 14254464, 2704634804, 2089757685, 44491406, 3774401136, 2711550613, 3815767902, 2627958410, 2701300261, 833678586, 2756905056, 1833898024, 1045766991, 1806108349, 2615689039, 1627005443, 1428673353, 2713725820, 1921911047, 2651864187, 2333227155, 791051380, 3667110701, 993641476, 2966559662, 2773776814, 1163577463, 799567534, 1256623107, 4213174647, 3785990877, 569321122, 3179711451, 2564436763, 2894287407, 3700109673, 1947204229, 2377829229, 2236489664, 3634475031, 3998266552, 3585393398, 1225052477, 987641820, 2372505011, 630338987, 1618807709, 1527714980, 2887802737, 145390974, 1375864297, 633892982, 1967410576, 3020030032, 4211280484, 1339183243, 2075682654, 2460156958, 2309802647, 3775326335, 753133458, 2295056464, 250912618, 1140397508, 3335431986, 2797572896, 2923446724, 1185439057, 1315340724, 1815771096, 1140849007, 2965104387, 2386770723, 1888551484, 1808925995, 34679894, 3719119276, 3210877028, 3814347658, 931617093, 2099352317, 1366890012, 1041642850, 88631492, 4079954952, 3868356193, 1177280937, 387122584, 2397470395, 2291157013, 1453764047, 2454679855, 2093781776, 1264600517, 3375786712, 2223481346, 3209843598, 1465642531, 1472017999, 2866468085, 1880937867, 2647315995, 992837580, 652343232, 3134517263, 2298173661, 2732946443, 3480164745, 771861715, 1188663463, 3157711865, 1079615401, 3077411386, 2129684001, 1409442607, 3555629262, 3579228319, 1882262746, 377537511, 1655057235, 2812550295, 1721071044, 2448286587, 158486703, 967303025, 2383625386, 1256804888, 2973838662, 1737889603, 81125680, 2648972196, 4020807119, 279972052, 997166330, 1359671492, 2813175528, 2874247378, 2958077273, 1272315826, 1151681853, 1064794901, 2439414782, 3345578611, 1964152119, 3899748984, 351697436, 1791934510, 2818218193, 3879784953, 1166834131, 3536205174, 337776047, 1511336830, 2028941356, 3560464779, 2696215550, 3021361371, 603883058, 2661813117, 179182860, 1004282369, 200060939, 749126322, 2053102485, 2969200112, 2241823105, 839922378, 509260296, 1203370476, 3654487427, 2659422269, 3275855220, 3180794739, 516468987, 3349382011, 2095898142, 381447062, 288576663, 246315900, 3093538325, 522672358, 3778496060, 4169526486, 4014813849, 2791441239, 197525519, 797062225, 1802898478, 1034541321, 3534228712, 3343198347, 2868955225, 4131070435, 2465946845, 2395482643, 3834094129, 154398297, 1053150383, 3876196728, 2706816295, 706633519, 1625512830, 282568474, 3781811086, 3803945584, 2975619192, 495684962, 1056596612, 880815822, 1497725383, 3248202539, 3060855383, 2786751645, 3782146728, 1595047251, 2036116479, 2496140518, 1256002888, 875199022, 2618308316, 1298892182, 2638795644, 2427869853, 2083400501, 801251389, 552489475, 2884910353, 383976843, 3276988345, 1145977192, 343450341, 2121245609, 2178983422, 1217105589, 3008017435, 121525159, 1026798838, 3361600772, 3556785733, 300311875, 1874975898, 2165629478, 439521930, 1240410742, 3325005275, 2500884709, 2679885518, 512970255, 1262287718, 3607985667, 502294977, 742717109, 2619287710, 1837968275, 4215279085, 2112596220, 4201103232, 3714913599, 3661036602, 1511315520, 1841040064, 3325422080, 1044296609, 2363209494, 998575638, 3107572417, 4139678830, 3574836557, 1310395323, 1002259087, 2241120518, 1462697729, 2972220558, 2863718797, 2637080521, 886859366, 3477149940, 2761554421, 3365372437, 3190000065, 515331562, 1239794999, 369495731, 1162684145, 2165894195, 693703073, 3324008989, 2720642911, 3749997323, 1762641033, 3997855518, 3665190228, 3635736794, 4063522766, 763189119, 3851418357, 92963302, 3299973316, 4107341648, 3556451268, 3959658917, 602), None)
Loaded weights: 2.3434003711235083, 10.25881515464537, -0.38256978643471873, -0.7365901149235892, -1.2365901149235892
events: 
  ----
(3, (2170611943, 3934970125, 3986500486, 2559743016, 953884939, 2070048975, 3072808657, 3989000456, 3549727152, 1622672422, 2900471683, 1999413345, 1747069171, 2012094769, 568057009, 3199250057, 2356139415, 3459750096, 1816750466, 1064028818, 3464730060, 2779071625, 1670464302, 3540770696, 715131257, 1656440268, 3852712896, 3808514847, 842065723, 1063959426, 2888017092, 3632824, 812227193, 3356814533, 3300392209, 3398810660, 2355379223, 4135806084, 1560744890, 633197109, 105954309, 1978033371, 3366210220, 2572824973, 1038409084, 491870549, 554724998, 2264809696, 572453668, 1416125471, 837443635, 365781302, 2290722036, 4236447341, 635603727, 4027275561, 3235876720, 597781993, 1176499183, 1773044516, 3351458802, 451388984, 2085648274, 15652076, 4223516422, 3224936410, 2193618197, 2811606877, 3220022669, 3427593896, 1205761166, 3456071708, 1520450503, 1300446793, 2502850982, 1479497602, 2324915103, 1691286649, 1221555305, 1432587906, 1048410314, 1218560481, 163283922, 2462512497, 3461228133, 1532200210, 2545470254, 771725799, 831230874, 1000899279, 4049069097, 121438048, 453609723, 2305342964, 1849676212, 4046572738, 334517261, 1777751345, 3856874330, 2697945835, 4284710631, 687926742, 4079379073, 2743539175, 2573785700, 2304927234, 4069720086, 2520400156, 1700107511, 2652846418, 2019326053, 2693588257, 2371787648, 1135742160, 187839887, 521340026, 1126947651, 2546432018, 2904944613, 2733207179, 758307241, 2707274782, 3910719777, 442184742, 3785191491, 3165490362, 773867573, 81696133, 854727785, 3389446047, 1752287168, 29950027, 2141577696, 4095337447, 214137124, 1757040858, 2682280503, 550026759, 1989101998, 1929541403, 2405200906, 2968753938, 4243789886, 1967484686, 1475413265, 624504372, 745339070, 4046494936, 3159411057, 2123977546, 489007894, 2511714499, 3666185188, 3066195346, 3416313033, 280406965, 906443958, 466232005, 1974642347, 3736313614, 734660477, 1248057731, 902386401, 1081906890, 3409198597, 3994624846, 2872662788, 2275423676, 1692196105, 2483334338, 351065099, 954482885, 3690904344, 264880412, 308055225, 239912173, 1453639473, 23990422, 2354954379, 2998813908, 3968046897, 911484730, 2878120676, 945692354, 1275883990, 259677226, 343458632, 798364352, 4250256191, 2489345631, 1952308270, 2850793608, 4115393676, 3465249973, 1243831647, 2400176197, 626480095, 3729934517, 4031646213, 3359639934, 3813512146, 1557432160, 2876080223, 3871966988, 3906998513, 2520220802, 3871062176, 4266297680, 3534477951, 303726111, 910414122, 3805598132, 1453543977, 1064687518, 2146794782, 875377950, 1614711175, 3784218241, 3307468707, 3597336649, 3510580838, 1259438766, 2676727072, 411109981, 1791029862, 896913216, 3100541254, 1597647054, 900290025, 364756637, 73714883, 1696541751, 1111800276, 2175581111, 791519045, 3312970650, 3860903686, 2988787492, 2899376962, 1518547518, 694656234, 3846581380, 347546837, 4087420786, 2289314307, 3982607342, 2585401556, 3191444856, 1797053277, 343651894, 4058644919, 242772030, 3224448957, 3830504025, 778853504, 3080913738, 2543644221, 1374020759, 3263948506, 584079758, 1693914973, 3563465377, 19441469, 1981505954, 93746363, 2577119617, 726461407, 3641152364, 758037097, 1726504981, 2552669123, 1782443353, 641692053, 1005400256, 1510828108, 2533969908, 1978168040, 1042942241, 486374773, 4047533033, 3428684181, 2821103706, 1896384251, 2071189108, 4050611947, 1112868285, 2484346632, 1205634863, 1243741684, 3984419811, 2672446702, 2844801648, 2662837389, 2101606513, 2608675887, 3164955696, 4228299688, 3233096628, 2904563560, 2158320622, 4015166296, 301888132, 1486570950, 1645532729, 569337000, 2061735735, 289645051, 2331101114, 1021749433, 2846057610, 657527168, 635564016, 2416400294, 964012723, 2985655376, 940892443, 1976371611, 2937048778, 2240616784, 2579478381, 3434972053, 260120615, 4049406978, 57339351, 2394517524, 3836758557, 2427652051, 916763506, 1488392825, 3178748356, 1779362858, 3249581081, 2605441586, 2218035202, 270032996, 3381569398, 182687274, 2435439035, 320322650, 2646511166, 2751314060, 2637339501, 3281168620, 347661689, 595991899, 4038659559, 3128976220, 2140726654, 1526229242, 4274843254, 2787164920, 1159346215, 1433529611, 2128075620, 2199216311, 3885479227, 89116247, 2671570859, 3804646870, 3765449865, 3065965575, 4187689456, 529664646, 4114234188, 3712116294, 1809863232, 3971875101, 1151196672, 432382467, 3514077804, 4200460393, 329530286, 2502990879, 1049149573, 3415390736, 2790377817, 51959416, 3821286284, 2825489260, 3553888747, 1797044230, 573245481, 1187469436, 845338782, 1555066224, 1414409289, 4258581655, 2023083757, 490994017, 3482700950, 1733285392, 4247324137, 1458466598, 711727194, 1502157042, 479484951, 954539656, 367280672, 372432915, 2219816746, 2120542425, 3499593924, 2849291596, 2115521599, 509938215, 2398745833, 2334773968, 113381598, 3427362609, 2684690472, 2787479872, 2437735683, 4246845970, 2220346112, 1374706504, 1106071810, 2969260851, 907939119, 4131553615, 133081922, 2086514509, 3326511098, 1846088287, 2998568973, 2210723667, 3812553189, 1277346214, 1043894115, 2494467514, 1439874116, 683794874, 1384409213, 287594913, 530565035, 3858513997, 886790576, 2702442327, 531930445, 293026084, 784061508, 2906457778, 3618560104, 3203894154, 326382437, 1886443491, 412249899, 1404067630, 3593906227, 778382242, 2267745155, 4064456995, 1755972350, 998752914, 1444045694, 392309924, 673092500, 1027131135, 397549495, 817358942, 2204393383, 3829810286, 2490862852, 1136977615, 4002674425, 1218005698, 1330708742, 1857784578, 1662820836, 3491843219, 2655180898, 420073297, 1941612085, 3288521045, 1224978140, 2469593287, 1466647371, 2809083436, 2712697928, 3447451788, 2446224548, 1913417528, 1799049734, 860201621, 190973671, 1203144142, 1722596303, 984443766, 3207620418, 2372809668, 235273785, 1439145300, 2960605861, 1339212096, 1256989029, 516205066, 4215427787, 3694203255, 3864054988, 1633933458, 3081661185, 1018826110, 3744730009, 3634029447, 1165218294, 1114177354, 4065547494, 997835421, 280371533, 653200045, 1152614636, 4239362607, 3627772063, 3103727911, 1486670843, 2781456129, 2589254469, 856804917, 1946234153, 1946254723, 417200645, 1321660621, 1390334563, 1889729400, 3430356503, 3370053689, 2643784367, 4059600598, 3086794596, 1597748277, 1206285444, 2018820446, 2487576724, 3274110589, 3547555855, 1089752363, 1280431597, 1596123900, 2190996640, 797304195, 4117355778, 593532836, 3221055294, 1587618768, 2070503461, 2119979867, 1653783573, 391518124, 1170348619, 2205388400, 589577752, 3150656212, 3969805472, 2005183408, 915171032, 911532429, 2784650748, 1037710102, 2962847014, 3744036450, 3211073712, 2000431103, 3252937242, 4268640571, 174712633, 3694170366, 937437537, 664926220, 1887253537, 3538910218, 366198580, 824613066, 2433225349, 659130840, 900376793, 1905750321, 3040234988, 1516525663, 3637843590, 2016012263, 2731530059, 332178809, 3995012247, 3511267419, 643119959, 1495991972, 3836450397, 3182605186, 858438072, 2193895367, 3960696063, 188681806, 1502902238, 1764374211, 505531970, 1544151111, 3583336986, 116093271, 2687746906, 872724436, 1584713786, 3284906320, 227266095, 3909772204, 3202516028, 1909425162, 331851979, 1246809901, 2797109257, 2553517560, 2396730124, 3299368388, 2973712363, 1667963846, 2431640125, 349156992, 1683607174, 2349046, 3430980533, 3219932442, 1958126404, 1342480370, 812943632, 4087160858, 3781024292, 128), None)
Loaded weights: 2.856754738043499, 12.248599514149417, -0.38256978643471873, -0.7365901149235892, -1.2365901149235892
events: 
  ----
(3, (2170611943, 3934970125, 3986500486, 2559743016, 953884939, 2070048975, 3072808657, 3989000456, 3549727152, 1622672422, 2900471683, 1999413345, 1747069171, 2012094769, 568057009, 3199250057, 2356139415, 3459750096, 1816750466, 1064028818, 3464730060, 2779071625, 1670464302, 3540770696, 715131257, 1656440268, 3852712896, 3808514847, 842065723, 1063959426, 2888017092, 3632824, 812227193, 3356814533, 3300392209, 3398810660, 2355379223, 4135806084, 1560744890, 633197109, 105954309, 1978033371, 3366210220, 2572824973, 1038409084, 491870549, 554724998, 2264809696, 572453668, 1416125471, 837443635, 365781302, 2290722036, 4236447341, 635603727, 4027275561, 3235876720, 597781993, 1176499183, 1773044516, 3351458802, 451388984, 2085648274, 15652076, 4223516422, 3224936410, 2193618197, 2811606877, 3220022669, 3427593896, 1205761166, 3456071708, 1520450503, 1300446793, 2502850982, 1479497602, 2324915103, 1691286649, 1221555305, 1432587906, 1048410314, 1218560481, 163283922, 2462512497, 3461228133, 1532200210, 2545470254, 771725799, 831230874, 1000899279, 4049069097, 121438048, 453609723, 2305342964, 1849676212, 4046572738, 334517261, 1777751345, 3856874330, 2697945835, 4284710631, 687926742, 4079379073, 2743539175, 2573785700, 2304927234, 4069720086, 2520400156, 1700107511, 2652846418, 2019326053, 2693588257, 2371787648, 1135742160, 187839887, 521340026, 1126947651, 2546432018, 2904944613, 2733207179, 758307241, 2707274782, 3910719777, 442184742, 3785191491, 3165490362, 773867573, 81696133, 854727785, 3389446047, 1752287168, 29950027, 2141577696, 4095337447, 214137124, 1757040858, 2682280503, 550026759, 1989101998, 1929541403, 2405200906, 2968753938, 4243789886, 1967484686, 1475413265, 624504372, 745339070, 4046494936, 3159411057, 2123977546, 489007894, 2511714499, 3666185188, 3066195346, 3416313033, 280406965, 906443958, 466232005, 1974642347, 3736313614, 734660477, 1248057731, 902386401, 1081906890, 3409198597, 3994624846, 2872662788, 2275423676, 1692196105, 2483334338, 351065099, 954482885, 3690904344, 264880412, 308055225, 239912173, 1453639473, 23990422, 2354954379, 2998813908, 3968046897, 911484730, 2878120676, 945692354, 1275883990, 259677226, 343458632, 798364352, 4250256191, 2489345631, 1952308270, 2850793608, 4115393676, 3465249973, 1243831647, 2400176197, 626480095, 3729934517, 4031646213, 3359639934, 3813512146, 1557432160, 2876080223, 3871966988, 3906998513, 2520220802, 3871062176, 4266297680, 3534477951, 303726111, 910414122, 3805598132, 1453543977, 1064687518, 2146794782, 875377950, 1614711175, 3784218241, 3307468707, 3597336649, 3510580838, 1259438766, 2676727072, 411109981, 1791029862, 896913216, 3100541254, 1597647054, 900290025, 364756637, 73714883, 1696541751, 1111800276, 2175581111, 791519045, 3312970650, 3860903686, 2988787492, 2899376962, 1518547518, 694656234, 3846581380, 347546837, 4087420786, 2289314307, 3982607342, 2585401556, 3191444856, 1797053277, 343651894, 4058644919, 242772030, 3224448957, 3830504025, 778853504, 3080913738, 2543644221, 1374020759, 3263948506, 584079758, 1693914973, 3563465377, 19441469, 1981505954, 93746363, 2577119617, 726461407, 3641152364, 758037097, 1726504981, 2552669123, 1782443353, 641692053, 1005400256, 1510828108, 2533969908, 1978168040, 1042942241, 486374773, 4047533033, 3428684181, 2821103706, 1896384251, 2071189108, 4050611947, 1112868285, 2484346632, 1205634863, 1243741684, 3984419811, 2672446702, 2844801648, 2662837389, 2101606513, 2608675887, 3164955696, 4228299688, 3233096628, 2904563560, 2158320622, 4015166296, 301888132, 1486570950, 1645532729, 569337000, 2061735735, 289645051, 2331101114, 1021749433, 2846057610, 657527168, 635564016, 2416400294, 964012723, 2985655376, 940892443, 1976371611, 2937048778, 2240616784, 2579478381, 3434972053, 260120615, 4049406978, 57339351, 2394517524, 3836758557, 2427652051, 916763506, 1488392825, 3178748356, 1779362858, 3249581081, 2605441586, 2218035202, 270032996, 3381569398, 182687274, 2435439035, 320322650, 2646511166, 2751314060, 2637339501, 3281168620, 347661689, 595991899, 4038659559, 3128976220, 2140726654, 1526229242, 4274843254, 2787164920, 1159346215, 1433529611, 2128075620, 2199216311, 3885479227, 89116247, 2671570859, 3804646870, 3765449865, 3065965575, 4187689456, 529664646, 4114234188, 3712116294, 1809863232, 3971875101, 1151196672, 432382467, 3514077804, 4200460393, 329530286, 2502990879, 1049149573, 3415390736, 2790377817, 51959416, 3821286284, 2825489260, 3553888747, 1797044230, 573245481, 1187469436, 845338782, 1555066224, 1414409289, 4258581655, 2023083757, 490994017, 3482700950, 1733285392, 4247324137, 1458466598, 711727194, 1502157042, 479484951, 954539656, 367280672, 372432915, 2219816746, 2120542425, 3499593924, 2849291596, 2115521599, 509938215, 2398745833, 2334773968, 113381598, 3427362609, 2684690472, 2787479872, 2437735683, 4246845970, 2220346112, 1374706504, 1106071810, 2969260851, 907939119, 4131553615, 133081922, 2086514509, 3326511098, 1846088287, 2998568973, 2210723667, 3812553189, 1277346214, 1043894115, 2494467514, 1439874116, 683794874, 1384409213, 287594913, 530565035, 3858513997, 886790576, 2702442327, 531930445, 293026084, 784061508, 2906457778, 3618560104, 3203894154, 326382437, 1886443491, 412249899, 1404067630, 3593906227, 778382242, 2267745155, 4064456995, 1755972350, 998752914, 1444045694, 392309924, 673092500, 1027131135, 397549495, 817358942, 2204393383, 3829810286, 2490862852, 1136977615, 4002674425, 1218005698, 1330708742, 1857784578, 1662820836, 3491843219, 2655180898, 420073297, 1941612085, 3288521045, 1224978140, 2469593287, 1466647371, 2809083436, 2712697928, 3447451788, 2446224548, 1913417528, 1799049734, 860201621, 190973671, 1203144142, 1722596303, 984443766, 3207620418, 2372809668, 235273785, 1439145300, 2960605861, 1339212096, 1256989029, 516205066, 4215427787, 3694203255, 3864054988, 1633933458, 3081661185, 1018826110, 3744730009, 3634029447, 1165218294, 1114177354, 4065547494, 997835421, 280371533, 653200045, 1152614636, 4239362607, 3627772063, 3103727911, 1486670843, 2781456129, 2589254469, 856804917, 1946234153, 1946254723, 417200645, 1321660621, 1390334563, 1889729400, 3430356503, 3370053689, 2643784367, 4059600598, 3086794596, 1597748277, 1206285444, 2018820446, 2487576724, 3274110589, 3547555855, 1089752363, 1280431597, 1596123900, 2190996640, 797304195, 4117355778, 593532836, 3221055294, 1587618768, 2070503461, 2119979867, 1653783573, 391518124, 1170348619, 2205388400, 589577752, 3150656212, 3969805472, 2005183408, 915171032, 911532429, 2784650748, 1037710102, 2962847014, 3744036450, 3211073712, 2000431103, 3252937242, 4268640571, 174712633, 3694170366, 937437537, 664926220, 1887253537, 3538910218, 366198580, 824613066, 2433225349, 659130840, 900376793, 1905750321, 3040234988, 1516525663, 3637843590, 2016012263, 2731530059, 332178809, 3995012247, 3511267419, 643119959, 1495991972, 3836450397, 3182605186, 858438072, 2193895367, 3960696063, 188681806, 1502902238, 1764374211, 505531970, 1544151111, 3583336986, 116093271, 2687746906, 872724436, 1584713786, 3284906320, 227266095, 3909772204, 3202516028, 1909425162, 331851979, 1246809901, 2797109257, 2553517560, 2396730124, 3299368388, 2973712363, 1667963846, 2431640125, 349156992, 1683607174, 2349046, 3430980533, 3219932442, 1958126404, 1342480370, 812943632, 4087160858, 3781024292, 378), None)
Loaded weights: 3.318885407765988, 14.45711195110222, -0.38256978643471873, -0.7365901149235892, -1.2365901149235892
events: 
  ----
(3, (2551867937, 3815270647, 3287236683, 3393723845, 1344614561, 1908005495, 1257466479, 2496955981, 3754967444, 1861645712, 4233515227, 290735810, 1686217143, 1002646716, 1548517392, 2161096584, 2617632232, 643566747, 3842949769, 2587328178, 2356341826, 587686734, 204511832, 1242758396, 3581338974, 132958216, 1733918191, 3678448888, 932902676, 1418049695, 2874039018, 1600880668, 4159669996, 2815625649, 2712065634, 2093031197, 1877383318, 3092061204, 1726657219, 909447521, 1908453682, 3861704892, 633966232, 1397104612, 4182740285, 4236027938, 1028332229, 852767513, 1861815304, 2882272412, 96096508, 4045252771, 919259904, 2461582937, 990907781, 3754616292, 3332956290, 835553933, 3599104928, 709811267, 2358157551, 1291147172, 2326754854, 1833287161, 1282168213, 2967134682, 2101222176, 2579382049, 2606111102, 1299947188, 1053157982, 3878001934, 2043173037, 4191421117, 856211165, 3910937833, 1024247082, 768237442, 555284641, 3908272984, 698283395, 1755937965, 3290307842, 2888639942, 1144305927, 543265632, 1301847231, 2778206471, 3578569016, 3359994414, 1274014394, 871066350, 592979579, 974724544, 3352577796, 2056620330, 617727034, 184571492, 3619284544, 137638157, 3314838377, 832414015, 1173071610, 777485432, 1341172790, 495495631, 4042657431, 2006902800, 3299741010, 3167798142, 772670910, 3528092330, 4172821797, 1131036996, 1209216805, 1356662467, 4158777378, 1625439197, 1514832239, 1004720450, 83144438, 3288504086, 355252925, 21244428, 1839486702, 3425478008, 2463479106, 2143296326, 524046336, 1777858813, 2093755969, 3088200969, 1772431099, 3889208329, 2315543765, 3638110622, 1536768425, 4056964113, 815434982, 2551125516, 3753774024, 4289475870, 1605182014, 2311345478, 2576325258, 923266721, 1908154205, 499595429, 525152601, 2075380638, 1592816657, 2564286187, 1974238001, 773409839, 3316799777, 2718991136, 862849203, 1814005787, 480489567, 3066283608, 2030028710, 2719493644, 1064068232, 1320179041, 1258935407, 1911296495, 574518281, 4233566198, 2072960545, 3270526856, 1592075906, 1216932021, 3786748586, 4109747940, 4003532641, 1138239410, 3502392148, 2935706891, 1216528272, 2616932400, 1464294683, 3460973749, 1490241500, 1225629301, 3584821505, 3090564181, 1965789354, 496484214, 4258887231, 780481768, 1078626054, 3390180822, 2671931462, 3557482343, 1060856380, 858133501, 2687787193, 1836250102, 4236407595, 3192974304, 2016372998, 3996047602, 2051266679, 3731998319, 1342237359, 3602214791, 578481246, 2440610013, 254504955, 258662253, 3153467626, 3830242122, 3599858833, 1804771239, 337985826, 2120687911, 2500862248, 1631067074, 3641429931, 25150862, 4237390992, 4064260020, 161738753, 2073485631, 1649724629, 846177730, 523797141, 2295024788, 1900965112, 294343782, 1499080232, 2559379106, 1248525567, 612656847, 3720586385, 2497752429, 1006771466, 999190378, 3369551576, 828224534, 3171799204, 1201836123, 4216717024, 1627950845, 543515505, 1149423936, 161476463, 3461861417, 1724862297, 3284884864, 2177221768, 857084209, 359357231, 1452550595, 3764314485, 1676369988, 1202507964, 34544441, 1667554682, 41258855, 3785745135, 95940918, 302628922, 3913542857, 497223665, 3962837571, 1869766884, 2650066934, 859427683, 3449009273, 124001611, 585595385, 1262192652, 2729737479, 1609182568, 1025533558, 4013915756, 642680383, 1687177812, 1885456735, 2551324151, 3013038250, 841672616, 458136550, 1510981624, 191425131, 2181103963, 4020868989, 510746645, 2907543562, 2888473567, 1298953576, 1957678274, 361266719, 3746564928, 1542521393, 3826084361, 743499072, 3870419691, 2182171161, 1074903226, 2173605385, 2182878159, 3399853809, 3744353571, 2926909831, 2870760071, 863951294, 618662575, 605169545, 3505517237, 3925194448, 1459605528, 1674647590, 1871702543, 1817392117, 4221115308, 626547232, 1384167642, 1753820873, 839091684, 2695950586, 1139316479, 533244407, 4007212226, 1279901845, 3166182115, 1809861970, 1350141740, 2329419843, 2451643561, 3880247047, 2437428245, 440856218, 2712970730, 1149366906, 1152917162, 2910943536, 2567420633, 786485450, 2275070047, 2792489372, 3846735572, 1452579075, 4128039729, 2910884718, 994870708, 2578419637, 1468081883, 2317521747, 1361227440, 1674718035, 117816712, 609510253, 3555979163, 1142870294, 2150463534, 606023477, 3078508715, 2576549466, 2804531839, 2381100637, 1438134885, 2013838177, 1583424810, 2457844696, 1175183543, 1680806970, 3933801789, 334749128, 2194090769, 4035466621, 490770236, 2439614445, 2708830516, 813130269, 3927784771, 3210527203, 861200216, 232128404, 2438644388, 4208617777, 1742250196, 143904357, 696554331, 4204637697, 4154756032, 2140240383, 595749037, 66751079, 3833785694, 2312390355, 3402935217, 4220779563, 226410710, 1932185242, 2163157939, 463654501, 2782391165, 3351185641, 3543152122, 592132142, 1051996844, 4186180191, 2595122003, 77104485, 1989604403, 643149956, 456401173, 2983660022, 2768599788, 3430400519, 3030819815, 3839604915, 2017563733, 645213879, 3692477204, 3067281188, 3247288344, 1065097902, 2752232070, 755977622, 4279539856, 3651631746, 993205739, 699825962, 3563287610, 747358507, 3680802140, 3603861085, 1388909794, 3114852231, 235999182, 2424290242, 1081730577, 1754989159, 331119672, 3321241848, 167782076, 478590569, 2683798957, 136106516, 560045131, 4247722696, 3799468956, 464519259, 4247261461, 288646854, 1174172630, 4038587593, 1708219694, 1617781338, 211509212, 4221680305, 3281385910, 2372960819, 2968208121, 159358508, 2218321231, 1656255477, 2489055620, 971905211, 2785541249, 374372879, 666600361, 2524820601, 1666150185, 4031074559, 2256662144, 649487119, 1476807882, 3858112483, 1315195687, 4158602510, 260181823, 4132749243, 4134518268, 2556026111, 820548082, 975013848, 2491786156, 2723975606, 2081386150, 2594581194, 153882361, 3121990061, 3111608868, 785346116, 1522182796, 2515466563, 1883471198, 1159795915, 2173320009, 1441725011, 2799528602, 1132357901, 1020661753, 163051949, 3825733781, 2384599889, 1830674641, 3066373226, 2825082257, 4234245532, 1349974120, 2201174422, 1455860509, 4213005374, 3802950364, 1075052346, 2119905184, 3396954576, 967788643, 3016944699, 2838826737, 1254121688, 294909184, 3394088877, 1125486587, 1755885574, 2803987065, 5738321, 242287206, 1545049342, 545232786, 2213406290, 3523066823, 573222661, 4041202910, 1576749792, 3730827499, 2094199387, 686594423, 1972596812, 122607064, 2481868013, 732389371, 3393413305, 2006893058, 405211672, 3407361314, 588199483, 3633853824, 2414988708, 660435218, 838450857, 1492827433, 4195638845, 584856035, 2210722406, 491635716, 1479768093, 2011243780, 2325965445, 3962039517, 2533195387, 2783283530, 2209640111, 415239063, 3069500815, 724335275, 3998332914, 416297702, 2867017194, 1404279896, 2447524471, 2773378074, 1244608145, 3818687141, 1516371334, 3903644112, 179296669, 1449655245, 1772293085, 2385589825, 879001697, 4064976417, 4244184438, 2424844178, 3147453551, 3059235597, 2067209408, 834497781, 3045936335, 3175103731, 1738717800, 4073253859, 3448993524, 3005483157, 800741, 129931691, 2349391945, 271198350, 3926440612, 1936705754, 2494777097, 4235677895, 3812875066, 1122714513, 3170224706, 217373417, 4004591479, 2422415661, 1723363419, 2774642519, 3936151360, 2277304583, 3579483424, 3865196680, 3767413412, 2912745842, 670283108, 1194412359, 545125371, 2901633906, 1589844214, 3246227067, 79236604, 3571447258, 3105732476, 904116464, 1295539253, 1750075699, 1441443452, 39), None)
Loaded weights: 3.4628771880392972, 14.45711195110222, -0.38256978643471873, -0.7365901149235892, -3.2278495729611505
events: me killed itself, me's bomb hit a wall, 
  ----
(3, (2551867937, 3815270647, 3287236683, 3393723845, 1344614561, 1908005495, 1257466479, 2496955981, 3754967444, 1861645712, 4233515227, 290735810, 1686217143, 1002646716, 1548517392, 2161096584, 2617632232, 643566747, 3842949769, 2587328178, 2356341826, 587686734, 204511832, 1242758396, 3581338974, 132958216, 1733918191, 3678448888, 932902676, 1418049695, 2874039018, 1600880668, 4159669996, 2815625649, 2712065634, 2093031197, 1877383318, 3092061204, 1726657219, 909447521, 1908453682, 3861704892, 633966232, 1397104612, 4182740285, 4236027938, 1028332229, 852767513, 1861815304, 2882272412, 96096508, 4045252771, 919259904, 2461582937, 990907781, 3754616292, 3332956290, 835553933, 3599104928, 709811267, 2358157551, 1291147172, 2326754854, 1833287161, 1282168213, 2967134682, 2101222176, 2579382049, 2606111102, 1299947188, 1053157982, 3878001934, 2043173037, 4191421117, 856211165, 3910937833, 1024247082, 768237442, 555284641, 3908272984, 698283395, 1755937965, 3290307842, 2888639942, 1144305927, 543265632, 1301847231, 2778206471, 3578569016, 3359994414, 1274014394, 871066350, 592979579, 974724544, 3352577796, 2056620330, 617727034, 184571492, 3619284544, 137638157, 3314838377, 832414015, 1173071610, 777485432, 1341172790, 495495631, 4042657431, 2006902800, 3299741010, 3167798142, 772670910, 3528092330, 4172821797, 1131036996, 1209216805, 1356662467, 4158777378, 1625439197, 1514832239, 1004720450, 83144438, 3288504086, 355252925, 21244428, 1839486702, 3425478008, 2463479106, 2143296326, 524046336, 1777858813, 2093755969, 3088200969, 1772431099, 3889208329, 2315543765, 3638110622, 1536768425, 4056964113, 815434982, 2551125516, 3753774024, 4289475870, 1605182014, 2311345478, 2576325258, 923266721, 1908154205, 499595429, 525152601, 2075380638, 1592816657, 2564286187, 1974238001, 773409839, 3316799777, 2718991136, 862849203, 1814005787, 480489567, 3066283608, 2030028710, 2719493644, 1064068232, 1320179041, 1258935407, 1911296495, 574518281, 4233566198, 2072960545, 3270526856, 1592075906, 1216932021, 3786748586, 4109747940, 4003532641, 1138239410, 3502392148, 2935706891, 1216528272, 2616932400, 1464294683, 3460973749, 1490241500, 1225629301, 3584821505, 3090564181, 1965789354, 496484214, 4258887231, 780481768, 1078626054, 3390180822, 2671931462, 3557482343, 1060856380, 858133501, 2687787193, 1836250102, 4236407595, 3192974304, 2016372998, 3996047602, 2051266679, 3731998319, 1342237359, 3602214791, 578481246, 2440610013, 254504955, 258662253, 3153467626, 3830242122, 3599858833, 1804771239, 337985826, 2120687911, 2500862248, 1631067074, 3641429931, 25150862, 4237390992, 4064260020, 161738753, 2073485631, 1649724629, 846177730, 523797141, 2295024788, 1900965112, 294343782, 1499080232, 2559379106, 1248525567, 612656847, 3720586385, 2497752429, 1006771466, 999190378, 3369551576, 828224534, 3171799204, 1201836123, 4216717024, 1627950845, 543515505, 1149423936, 161476463, 3461861417, 1724862297, 3284884864, 2177221768, 857084209, 359357231, 1452550595, 3764314485, 1676369988, 1202507964, 34544441, 1667554682, 41258855, 3785745135, 95940918, 302628922, 3913542857, 497223665, 3962837571, 1869766884, 2650066934, 859427683, 3449009273, 124001611, 585595385, 1262192652, 2729737479, 1609182568, 1025533558, 4013915756, 642680383, 1687177812, 1885456735, 2551324151, 3013038250, 841672616, 458136550, 1510981624, 191425131, 2181103963, 4020868989, 510746645, 2907543562, 2888473567, 1298953576, 1957678274, 361266719, 3746564928, 1542521393, 3826084361, 743499072, 3870419691, 2182171161, 1074903226, 2173605385, 2182878159, 3399853809, 3744353571, 2926909831, 2870760071, 863951294, 618662575, 605169545, 3505517237, 3925194448, 1459605528, 1674647590, 1871702543, 1817392117, 4221115308, 626547232, 1384167642, 1753820873, 839091684, 2695950586, 1139316479, 533244407, 4007212226, 1279901845, 3166182115, 1809861970, 1350141740, 2329419843, 2451643561, 3880247047, 2437428245, 440856218, 2712970730, 1149366906, 1152917162, 2910943536, 2567420633, 786485450, 2275070047, 2792489372, 3846735572, 1452579075, 4128039729, 2910884718, 994870708, 2578419637, 1468081883, 2317521747, 1361227440, 1674718035, 117816712, 609510253, 3555979163, 1142870294, 2150463534, 606023477, 3078508715, 2576549466, 2804531839, 2381100637, 1438134885, 2013838177, 1583424810, 2457844696, 1175183543, 1680806970, 3933801789, 334749128, 2194090769, 4035466621, 490770236, 2439614445, 2708830516, 813130269, 3927784771, 3210527203, 861200216, 232128404, 2438644388, 4208617777, 1742250196, 143904357, 696554331, 4204637697, 4154756032, 2140240383, 595749037, 66751079, 3833785694, 2312390355, 3402935217, 4220779563, 226410710, 1932185242, 2163157939, 463654501, 2782391165, 3351185641, 3543152122, 592132142, 1051996844, 4186180191, 2595122003, 77104485, 1989604403, 643149956, 456401173, 2983660022, 2768599788, 3430400519, 3030819815, 3839604915, 2017563733, 645213879, 3692477204, 3067281188, 3247288344, 1065097902, 2752232070, 755977622, 4279539856, 3651631746, 993205739, 699825962, 3563287610, 747358507, 3680802140, 3603861085, 1388909794, 3114852231, 235999182, 2424290242, 1081730577, 1754989159, 331119672, 3321241848, 167782076, 478590569, 2683798957, 136106516, 560045131, 4247722696, 3799468956, 464519259, 4247261461, 288646854, 1174172630, 4038587593, 1708219694, 1617781338, 211509212, 4221680305, 3281385910, 2372960819, 2968208121, 159358508, 2218321231, 1656255477, 2489055620, 971905211, 2785541249, 374372879, 666600361, 2524820601, 1666150185, 4031074559, 2256662144, 649487119, 1476807882, 3858112483, 1315195687, 4158602510, 260181823, 4132749243, 4134518268, 2556026111, 820548082, 975013848, 2491786156, 2723975606, 2081386150, 2594581194, 153882361, 3121990061, 3111608868, 785346116, 1522182796, 2515466563, 1883471198, 1159795915, 2173320009, 1441725011, 2799528602, 1132357901, 1020661753, 163051949, 3825733781, 2384599889, 1830674641, 3066373226, 2825082257, 4234245532, 1349974120, 2201174422, 1455860509, 4213005374, 3802950364, 1075052346, 2119905184, 3396954576, 967788643, 3016944699, 2838826737, 1254121688, 294909184, 3394088877, 1125486587, 1755885574, 2803987065, 5738321, 242287206, 1545049342, 545232786, 2213406290, 3523066823, 573222661, 4041202910, 1576749792, 3730827499, 2094199387, 686594423, 1972596812, 122607064, 2481868013, 732389371, 3393413305, 2006893058, 405211672, 3407361314, 588199483, 3633853824, 2414988708, 660435218, 838450857, 1492827433, 4195638845, 584856035, 2210722406, 491635716, 1479768093, 2011243780, 2325965445, 3962039517, 2533195387, 2783283530, 2209640111, 415239063, 3069500815, 724335275, 3998332914, 416297702, 2867017194, 1404279896, 2447524471, 2773378074, 1244608145, 3818687141, 1516371334, 3903644112, 179296669, 1449655245, 1772293085, 2385589825, 879001697, 4064976417, 4244184438, 2424844178, 3147453551, 3059235597, 2067209408, 834497781, 3045936335, 3175103731, 1738717800, 4073253859, 3448993524, 3005483157, 800741, 129931691, 2349391945, 271198350, 3926440612, 1936705754, 2494777097, 4235677895, 3812875066, 1122714513, 3170224706, 217373417, 4004591479, 2422415661, 1723363419, 2774642519, 3936151360, 2277304583, 3579483424, 3865196680, 3767413412, 2912745842, 670283108, 1194412359, 545125371, 2901633906, 1589844214, 3246227067, 79236604, 3571447258, 3105732476, 904116464, 1295539253, 1750075699, 1441443452, 202), None)
Loaded weights: 3.379490747358395, 13.187411506899215, -1.7662058858725065, -0.7365901149235892, -0.9865901149235892
events: me found the exit, 
  ----
(3, (2551867937, 3815270647, 3287236683, 3393723845, 1344614561, 1908005495, 1257466479, 2496955981, 3754967444, 1861645712, 4233515227, 290735810, 1686217143, 1002646716, 1548517392, 2161096584, 2617632232, 643566747, 3842949769, 2587328178, 2356341826, 587686734, 204511832, 1242758396, 3581338974, 132958216, 1733918191, 3678448888, 932902676, 1418049695, 2874039018, 1600880668, 4159669996, 2815625649, 2712065634, 2093031197, 1877383318, 3092061204, 1726657219, 909447521, 1908453682, 3861704892, 633966232, 1397104612, 4182740285, 4236027938, 1028332229, 852767513, 1861815304, 2882272412, 96096508, 4045252771, 919259904, 2461582937, 990907781, 3754616292, 3332956290, 835553933, 3599104928, 709811267, 2358157551, 1291147172, 2326754854, 1833287161, 1282168213, 2967134682, 2101222176, 2579382049, 2606111102, 1299947188, 1053157982, 3878001934, 2043173037, 4191421117, 856211165, 3910937833, 1024247082, 768237442, 555284641, 3908272984, 698283395, 1755937965, 3290307842, 2888639942, 1144305927, 543265632, 1301847231, 2778206471, 3578569016, 3359994414, 1274014394, 871066350, 592979579, 974724544, 3352577796, 2056620330, 617727034, 184571492, 3619284544, 137638157, 3314838377, 832414015, 1173071610, 777485432, 1341172790, 495495631, 4042657431, 2006902800, 3299741010, 3167798142, 772670910, 3528092330, 4172821797, 1131036996, 1209216805, 1356662467, 4158777378, 1625439197, 1514832239, 1004720450, 83144438, 3288504086, 355252925, 21244428, 1839486702, 3425478008, 2463479106, 2143296326, 524046336, 1777858813, 2093755969, 3088200969, 1772431099, 3889208329, 2315543765, 3638110622, 1536768425, 4056964113, 815434982, 2551125516, 3753774024, 4289475870, 1605182014, 2311345478, 2576325258, 923266721, 1908154205, 499595429, 525152601, 2075380638, 1592816657, 2564286187, 1974238001, 773409839, 3316799777, 2718991136, 862849203, 1814005787, 480489567, 3066283608, 2030028710, 2719493644, 1064068232, 1320179041, 1258935407, 1911296495, 574518281, 4233566198, 2072960545, 3270526856, 1592075906, 1216932021, 3786748586, 4109747940, 4003532641, 1138239410, 3502392148, 2935706891, 1216528272, 2616932400, 1464294683, 3460973749, 1490241500, 1225629301, 3584821505, 3090564181, 1965789354, 496484214, 4258887231, 780481768, 1078626054, 3390180822, 2671931462, 3557482343, 1060856380, 858133501, 2687787193, 1836250102, 4236407595, 3192974304, 2016372998, 3996047602, 2051266679, 3731998319, 1342237359, 3602214791, 578481246, 2440610013, 254504955, 258662253, 3153467626, 3830242122, 3599858833, 1804771239, 337985826, 2120687911, 2500862248, 1631067074, 3641429931, 25150862, 4237390992, 4064260020, 161738753, 2073485631, 1649724629, 846177730, 523797141, 2295024788, 1900965112, 294343782, 1499080232, 2559379106, 1248525567, 612656847, 3720586385, 2497752429, 1006771466, 999190378, 3369551576, 828224534, 3171799204, 1201836123, 4216717024, 1627950845, 543515505, 1149423936, 161476463, 3461861417, 1724862297, 3284884864, 2177221768, 857084209, 359357231, 1452550595, 3764314485, 1676369988, 1202507964, 34544441, 1667554682, 41258855, 3785745135, 95940918, 302628922, 3913542857, 497223665, 3962837571, 1869766884, 2650066934, 859427683, 3449009273, 124001611, 585595385, 1262192652, 2729737479, 1609182568, 1025533558, 4013915756, 642680383, 1687177812, 1885456735, 2551324151, 3013038250, 841672616, 458136550, 1510981624, 191425131, 2181103963, 4020868989, 510746645, 2907543562, 2888473567, 1298953576, 1957678274, 361266719, 3746564928, 1542521393, 3826084361, 743499072, 3870419691, 2182171161, 1074903226, 2173605385, 2182878159, 3399853809, 3744353571, 2926909831, 2870760071, 863951294, 618662575, 605169545, 3505517237, 3925194448, 1459605528, 1674647590, 1871702543, 1817392117, 4221115308, 626547232, 1384167642, 1753820873, 839091684, 2695950586, 1139316479, 533244407, 4007212226, 1279901845, 3166182115, 1809861970, 1350141740, 2329419843, 2451643561, 3880247047, 2437428245, 440856218, 2712970730, 1149366906, 1152917162, 2910943536, 2567420633, 786485450, 2275070047, 2792489372, 3846735572, 1452579075, 4128039729, 2910884718, 994870708, 2578419637, 1468081883, 2317521747, 1361227440, 1674718035, 117816712, 609510253, 3555979163, 1142870294, 2150463534, 606023477, 3078508715, 2576549466, 2804531839, 2381100637, 1438134885, 2013838177, 1583424810, 2457844696, 1175183543, 1680806970, 3933801789, 334749128, 2194090769, 4035466621, 490770236, 2439614445, 2708830516, 813130269, 3927784771, 3210527203, 861200216, 232128404, 2438644388, 4208617777, 1742250196, 143904357, 696554331, 4204637697, 4154756032, 2140240383, 595749037, 66751079, 3833785694, 2312390355, 3402935217, 4220779563, 226410710, 1932185242, 2163157939, 463654501, 2782391165, 3351185641, 3543152122, 592132142, 1051996844, 4186180191, 2595122003, 77104485, 1989604403, 643149956, 456401173, 2983660022, 2768599788, 3430400519, 3030819815, 3839604915, 2017563733, 645213879, 3692477204, 3067281188, 3247288344, 1065097902, 2752232070, 755977622, 4279539856, 3651631746, 993205739, 699825962, 3563287610, 747358507, 3680802140, 3603861085, 1388909794, 3114852231, 235999182, 2424290242, 1081730577, 1754989159, 331119672, 3321241848, 167782076, 478590569, 2683798957, 136106516, 560045131, 4247722696, 3799468956, 464519259, 4247261461, 288646854, 1174172630, 4038587593, 1708219694, 1617781338, 211509212, 4221680305, 3281385910, 2372960819, 2968208121, 159358508, 2218321231, 1656255477, 2489055620, 971905211, 2785541249, 374372879, 666600361, 2524820601, 1666150185, 4031074559, 2256662144, 649487119, 1476807882, 3858112483, 1315195687, 4158602510, 260181823, 4132749243, 4134518268, 2556026111, 820548082, 975013848, 2491786156, 2723975606, 2081386150, 2594581194, 153882361, 3121990061, 3111608868, 785346116, 1522182796, 2515466563, 1883471198, 1159795915, 2173320009, 1441725011, 2799528602, 1132357901, 1020661753, 163051949, 3825733781, 2384599889, 1830674641, 3066373226, 2825082257, 4234245532, 1349974120, 2201174422, 1455860509, 4213005374, 3802950364, 1075052346, 2119905184, 3396954576, 967788643, 3016944699, 2838826737, 1254121688, 294909184, 3394088877, 1125486587, 1755885574, 2803987065, 5738321, 242287206, 1545049342, 545232786, 2213406290, 3523066823, 573222661, 4041202910, 1576749792, 3730827499, 2094199387, 686594423, 1972596812, 122607064, 2481868013, 732389371, 3393413305, 2006893058, 405211672, 3407361314, 588199483, 3633853824, 2414988708, 660435218, 838450857, 1492827433, 4195638845, 584856035, 2210722406, 491635716, 1479768093, 2011243780, 2325965445, 3962039517, 2533195387, 2783283530, 2209640111, 415239063, 3069500815, 724335275, 3998332914, 416297702, 2867017194, 1404279896, 2447524471, 2773378074, 1244608145, 3818687141, 1516371334, 3903644112, 179296669, 1449655245, 1772293085, 2385589825, 879001697, 4064976417, 4244184438, 2424844178, 3147453551, 3059235597, 2067209408, 834497781, 3045936335, 3175103731, 1738717800, 4073253859, 3448993524, 3005483157, 800741, 129931691, 2349391945, 271198350, 3926440612, 1936705754, 2494777097, 4235677895, 3812875066, 1122714513, 3170224706, 217373417, 4004591479, 2422415661, 1723363419, 2774642519, 3936151360, 2277304583, 3579483424, 3865196680, 3767413412, 2912745842, 670283108, 1194412359, 545125371, 2901633906, 1589844214, 3246227067, 79236604, 3571447258, 3105732476, 904116464, 1295539253, 1750075699, 1441443452, 550), None)
Loaded weights: 55.81615176349153, 13.187411506899215, -1.7662058858725065, -0.7365901149235892, 49.26340988507641
events: me found the exit, 
  ----
(3, (4078848705, 1562966919, 999536340, 573185397, 2191484362, 2193962820, 1793522086, 4115024793, 1944305581, 3518327937, 1862243301, 2960933137, 2889260968, 2334341860, 3423607235, 4205072659, 788336161, 3553510862, 1802408430, 2586823989, 3880865411, 3348495668, 443901136, 2393950249, 1861822866, 1437636280, 4094110974, 1627285089, 2600211386, 3250870607, 1128139045, 3767752234, 472889946, 35291091, 1589698774, 971129733, 2354656712, 2852392879, 3934861832, 727458977, 4141897894, 1491395056, 891664795, 978908140, 1981974021, 3872170486, 2102244251, 3574320536, 240516629, 3220519275, 2964456008, 513349206, 1625499450, 2706500403, 1334317224, 1875849117, 978308904, 3906405478, 1096768717, 799318609, 1862612478, 2171559516, 2366774742, 728064913, 562260054, 3633901841, 2206717248, 1779470102, 4039146275, 2083363334, 3285687928, 1668117001, 2203374222, 2559222651, 1215347016, 283257266, 3778679503, 2248590256, 3257761303, 1000896482, 889574006, 317169523, 1812665659, 1872187376, 2993444870, 3284897830, 291672726, 1670012517, 3728175290, 3699414905, 926604083, 3525183854, 2296543139, 1403608796, 946589790, 2481117524, 1349439841, 2365692346, 2657927508, 2266270354, 3362888173, 3338519528, 2567546221, 1256568522, 554287186, 152101381, 2276327828, 1914830529, 3713736745, 29469122, 3526912363, 133742737, 564584344, 3277457645, 2065652334, 39828594, 1521172746, 488177305, 1462831225, 334078587, 3897353254, 2425053818, 1745528064, 2448644366, 641850861, 1193007303, 603429213, 803323794, 773761779, 1989352504, 2804614494, 486932348, 4145787963, 39152222, 280913556, 3693655420, 3564367515, 1594069931, 2682898411, 1148738079, 3046472246, 407393053, 482681019, 2279602279, 3783553460, 2035190513, 404414761, 2985515361, 203447142, 4002035710, 1870077335, 3238182052, 230745262, 2795264075, 154876301, 3076428162, 631512663, 2071888941, 2375851351, 3650775705, 2461563305, 1198930387, 144984032, 2543853635, 1336872922, 2429007933, 2496183825, 3078374295, 2962907571, 3392993115, 4150522388, 3544585200, 538648308, 116709055, 1799604804, 2114378343, 2815824263, 3933235593, 966335609, 14778483, 1121226739, 4242639996, 101985162, 92704594, 3190066741, 1260954784, 3141964660, 446969651, 819994652, 3538790496, 3902435359, 4236587190, 4076988553, 1478699189, 210983272, 2570627085, 2628895583, 3559276944, 3415945977, 2153833540, 3562321731, 2797739893, 180722090, 4261158753, 1558392939, 3244185346, 4144799978, 2080155765, 1948334121, 2588403058, 2809985157, 337786399, 206558632, 2811124195, 2177406248, 1303992787, 1356987930, 427703416, 511506993, 4281713715, 2108086822, 151436549, 501118780, 2646699589, 1410305748, 4274321574, 1368328246, 2344189117, 1441616308, 389981632, 778870308, 2124589930, 160412924, 3708787505, 641641968, 769831208, 3430046516, 1251225737, 3906116378, 2997909498, 1912259094, 4055557811, 321431218, 2814840646, 4052692334, 4138325638, 604804606, 222190064, 3866121204, 1519879828, 1311993966, 4249105626, 3891409542, 1562438811, 285988419, 3106569188, 1506501644, 1921804184, 2023825734, 3052796914, 1086424904, 1472463051, 2487944510, 1535117039, 85373521, 2637171322, 631653210, 913572296, 3877997331, 4020176865, 2988703695, 1405043203, 1855860650, 314090799, 3415998115, 969556259, 1977273003, 2197432162, 3215016486, 4125268254, 4170859366, 379413372, 1651008110, 390598868, 1953218956, 3646385343, 3245922608, 3107271979, 2546569817, 1108336870, 1305696549, 466914871, 1263828673, 2888814816, 2665529041, 1540259576, 705030310, 1770511314, 3144509402, 3814461139, 21321888, 2423652464, 3971500565, 396723329, 1211432876, 246146955, 1645681469, 3195889662, 2582002792, 3715849406, 460166296, 3641946122, 4062387253, 3215841102, 3433789248, 3824942444, 2385295977, 511346526, 2136092373, 2447619409, 1139877537, 3231132670, 84819312, 1728203520, 1915603247, 423132410, 4075072571, 3763165819, 1520001814, 1225890790, 2689526166, 4037372551, 1144231240, 2540983137, 274794492, 4278660988, 385946970, 129172696, 1351133428, 3143829352, 2422409251, 163256580, 4028448812, 4171595853, 1272493870, 177687203, 2251740542, 444909460, 210934540, 10220120, 957545592, 633537321, 3426310574, 2466700879, 1307498265, 772282084, 3180608381, 631021012, 1372355665, 1032316379, 3719004591, 3815427961, 2032424979, 4215503886, 1446792775, 1709475695, 1987039234, 430001271, 1370603001, 2225997292, 1720934918, 2938385962, 3908238808, 1218469299, 1891653808, 2686874904, 674031568, 920482363, 3353887598, 91063804, 1123671052, 2060937703, 706725487, 2825840421, 3745047538, 4132362423, 1062889145, 443677984, 3749956671, 988098895, 1245885429, 3016616669, 1946613495, 3531071098, 2397643994, 702891189, 518332598, 2088810357, 697378651, 1233323017, 1464945320, 1947849490, 3687608215, 1938396401, 825531364, 2614810303, 332093489, 3594923942, 3825862791, 1419155196, 4206222990, 2105503513, 2689452070, 1584327041, 2425753783, 518749590, 2307184626, 2287773715, 2738568673, 3775149514, 245665406, 857281824, 4125824332, 1478557045, 3237838341, 3786049764, 1328394254, 4192665069, 1420683396, 1671500763, 2015412349, 468432780, 3378612963, 238609213, 3602487705, 2113865269, 3099391246, 3799837659, 2204753396, 2596054945, 3816829161, 141618130, 1932448951, 567958484, 3450768522, 3118482020, 3081762640, 1599661005, 2824206270, 1865865643, 2918702952, 1380065594, 1511822625, 809891053, 1409912187, 2492481559, 1400990422, 3044564060, 2532713039, 60966974, 418391987, 2889212783, 4290919664, 1185360447, 3634518634, 8232017, 328888154, 851064150, 1005152235, 1059815639, 204779624, 263567394, 3443935233, 4207223486, 2937894642, 2638712074, 2410928180, 373766295, 3763009334, 3987792720, 202286144, 1863082256, 3027857025, 2220217263, 4136514449, 605720660, 3801238736, 1838993934, 3292253365, 3966417809, 3759684693, 2631606058, 1859110796, 919139863, 3468920209, 1615215664, 1917602792, 422528858, 2376531828, 2165862173, 165295898, 111338676, 1207630829, 501331615, 2204338089, 1305126775, 3362535169, 2311878152, 1989450977, 1564865982, 846505020, 2981418338, 1505143421, 216723095, 3696559431, 2667604185, 4263610351, 3041996295, 796972596, 3251402530, 1963763607, 2581086178, 1975891079, 976888687, 1752246523, 1251674854, 725739918, 959100623, 4270564608, 1520373439, 4039396723, 3309962184, 878862253, 1638953425, 780333399, 1430070090, 1632787517, 1621292441, 3573560582, 3618571940, 1998781580, 3773263232, 2751667134, 3716285152, 2676943061, 3391602846, 903948944, 2341965455, 3245691597, 1269358450, 3524478929, 1239243693, 2237757799, 503310986, 842749337, 141273011, 2445483118, 1965448322, 1926739103, 2293045442, 2690418840, 1544101519, 3933648265, 2128141174, 2521470268, 36674297, 1199320319, 950402478, 1686890439, 3293262020, 620420188, 4192467479, 2806939538, 405208705, 3653121915, 2898224323, 2129100003, 1901521841, 3775306177, 236844279, 4003287087, 3426275772, 2915434588, 2050790875, 1447936224, 4053842303, 1531862689, 489764154, 979657812, 3824395289, 1682947317, 506026496, 1356913213, 265827439, 2331008812, 3062015301, 4111460465, 2666427153, 2975781643, 931143795, 3874518743, 2717481209, 1249050090, 2744418468, 1133707675, 490637106, 1874906988, 835240008, 177241269, 2094119638, 4220992919, 1705572238, 2138608021, 690213632, 1964011867, 1714799581, 2025437105, 1613580568, 4014158179, 787950223, 1843609791, 600412316, 51385227, 3194139913, 253), None)
Loaded weights: 107.60208436699057, 13.187411506899215, -1.7662058858725065, -0.7365901149235892, 49.26340988507641
events: 
  ----
(3, (4078848705, 1562966919, 999536340, 573185397, 2191484362, 2193962820, 1793522086, 4115024793, 1944305581, 3518327937, 1862243301, 2960933137, 2889260968, 2334341860, 3423607235, 4205072659, 788336161, 3553510862, 1802408430, 2586823989, 3880865411, 3348495668, 443901136, 2393950249, 1861822866, 1437636280, 4094110974, 1627285089, 2600211386, 3250870607, 1128139045, 3767752234, 472889946, 35291091, 1589698774, 971129733, 2354656712, 2852392879, 3934861832, 727458977, 4141897894, 1491395056, 891664795, 978908140, 1981974021, 3872170486, 2102244251, 3574320536, 240516629, 3220519275, 2964456008, 513349206, 1625499450, 2706500403, 1334317224, 1875849117, 978308904, 3906405478, 1096768717, 799318609, 1862612478, 2171559516, 2366774742, 728064913, 562260054, 3633901841, 2206717248, 1779470102, 4039146275, 2083363334, 3285687928, 1668117001, 2203374222, 2559222651, 1215347016, 283257266, 3778679503, 2248590256, 3257761303, 1000896482, 889574006, 317169523, 1812665659, 1872187376, 2993444870, 3284897830, 291672726, 1670012517, 3728175290, 3699414905, 926604083, 3525183854, 2296543139, 1403608796, 946589790, 2481117524, 1349439841, 2365692346, 2657927508, 2266270354, 3362888173, 3338519528, 2567546221, 1256568522, 554287186, 152101381, 2276327828, 1914830529, 3713736745, 29469122, 3526912363, 133742737, 564584344, 3277457645, 2065652334, 39828594, 1521172746, 488177305, 1462831225, 334078587, 3897353254, 2425053818, 1745528064, 2448644366, 641850861, 1193007303, 603429213, 803323794, 773761779, 1989352504, 2804614494, 486932348, 4145787963, 39152222, 280913556, 3693655420, 3564367515, 1594069931, 2682898411, 1148738079, 3046472246, 407393053, 482681019, 2279602279, 3783553460, 2035190513, 404414761, 2985515361, 203447142, 4002035710, 1870077335, 3238182052, 230745262, 2795264075, 154876301, 3076428162, 631512663, 2071888941, 2375851351, 3650775705, 2461563305, 1198930387, 144984032, 2543853635, 1336872922, 2429007933, 2496183825, 3078374295, 2962907571, 3392993115, 4150522388, 3544585200, 538648308, 116709055, 1799604804, 2114378343, 2815824263, 3933235593, 966335609, 14778483, 1121226739, 4242639996, 101985162, 92704594, 3190066741, 1260954784, 3141964660, 446969651, 819994652, 3538790496, 3902435359, 4236587190, 4076988553, 1478699189, 210983272, 2570627085, 2628895583, 3559276944, 3415945977, 2153833540, 3562321731, 2797739893, 180722090, 4261158753, 1558392939, 3244185346, 4144799978, 2080155765, 1948334121, 2588403058, 2809985157, 337786399, 206558632, 2811124195, 2177406248, 1303992787, 1356987930, 427703416, 511506993, 4281713715, 2108086822, 151436549, 501118780, 2646699589, 1410305748, 4274321574, 1368328246, 2344189117, 1441616308, 389981632, 778870308, 2124589930, 160412924, 3708787505, 641641968, 769831208, 3430046516, 1251225737, 3906116378, 2997909498, 1912259094, 4055557811, 321431218, 2814840646, 4052692334, 4138325638, 604804606, 222190064, 3866121204, 1519879828, 1311993966, 4249105626, 3891409542, 1562438811, 285988419, 3106569188, 1506501644, 1921804184, 2023825734, 3052796914, 1086424904, 1472463051, 2487944510, 1535117039, 85373521, 2637171322, 631653210, 913572296, 3877997331, 4020176865, 2988703695, 1405043203, 1855860650, 314090799, 3415998115, 969556259, 1977273003, 2197432162, 3215016486, 4125268254, 4170859366, 379413372, 1651008110, 390598868, 1953218956, 3646385343, 3245922608, 3107271979, 2546569817, 1108336870, 1305696549, 466914871, 1263828673, 2888814816, 2665529041, 1540259576, 705030310, 1770511314, 3144509402, 3814461139, 21321888, 2423652464, 3971500565, 396723329, 1211432876, 246146955, 1645681469, 3195889662, 2582002792, 3715849406, 460166296, 3641946122, 4062387253, 3215841102, 3433789248, 3824942444, 2385295977, 511346526, 2136092373, 2447619409, 1139877537, 3231132670, 84819312, 1728203520, 1915603247, 423132410, 4075072571, 3763165819, 1520001814, 1225890790, 2689526166, 4037372551, 1144231240, 2540983137, 274794492, 4278660988, 385946970, 129172696, 1351133428, 3143829352, 2422409251, 163256580, 4028448812, 4171595853, 1272493870, 177687203, 2251740542, 444909460, 210934540, 10220120, 957545592, 633537321, 3426310574, 2466700879, 1307498265, 772282084, 3180608381, 631021012, 1372355665, 1032316379, 3719004591, 3815427961, 2032424979, 4215503886, 1446792775, 1709475695, 1987039234, 430001271, 1370603001, 2225997292, 1720934918, 2938385962, 3908238808, 1218469299, 1891653808, 2686874904, 674031568, 920482363, 3353887598, 91063804, 1123671052, 2060937703, 706725487, 2825840421, 3745047538, 4132362423, 1062889145, 443677984, 3749956671, 988098895, 1245885429, 3016616669, 1946613495, 3531071098, 2397643994, 702891189, 518332598, 2088810357, 697378651, 1233323017, 1464945320, 1947849490, 3687608215, 1938396401, 825531364, 2614810303, 332093489, 3594923942, 3825862791, 1419155196, 4206222990, 2105503513, 2689452070, 1584327041, 2425753783, 518749590, 2307184626, 2287773715, 2738568673, 3775149514, 245665406, 857281824, 4125824332, 1478557045, 3237838341, 3786049764, 1328394254, 4192665069, 1420683396, 1671500763, 2015412349, 468432780, 3378612963, 238609213, 3602487705, 2113865269, 3099391246, 3799837659, 2204753396, 2596054945, 3816829161, 141618130, 1932448951, 567958484, 3450768522, 3118482020, 3081762640, 1599661005, 2824206270, 1865865643, 2918702952, 1380065594, 1511822625, 809891053, 1409912187, 2492481559, 1400990422, 3044564060, 2532713039, 60966974, 418391987, 2889212783, 4290919664, 1185360447, 3634518634, 8232017, 328888154, 851064150, 1005152235, 1059815639, 204779624, 263567394, 3443935233, 4207223486, 2937894642, 2638712074, 2410928180, 373766295, 3763009334, 3987792720, 202286144, 1863082256, 3027857025, 2220217263, 4136514449, 605720660, 3801238736, 1838993934, 3292253365, 3966417809, 3759684693, 2631606058, 1859110796, 919139863, 3468920209, 1615215664, 1917602792, 422528858, 2376531828, 2165862173, 165295898, 111338676, 1207630829, 501331615, 2204338089, 1305126775, 3362535169, 2311878152, 1989450977, 1564865982, 846505020, 2981418338, 1505143421, 216723095, 3696559431, 2667604185, 4263610351, 3041996295, 796972596, 3251402530, 1963763607, 2581086178, 1975891079, 976888687, 1752246523, 1251674854, 725739918, 959100623, 4270564608, 1520373439, 4039396723, 3309962184, 878862253, 1638953425, 780333399, 1430070090, 1632787517, 1621292441, 3573560582, 3618571940, 1998781580, 3773263232, 2751667134, 3716285152, 2676943061, 3391602846, 903948944, 2341965455, 3245691597, 1269358450, 3524478929, 1239243693, 2237757799, 503310986, 842749337, 141273011, 2445483118, 1965448322, 1926739103, 2293045442, 2690418840, 1544101519, 3933648265, 2128141174, 2521470268, 36674297, 1199320319, 950402478, 1686890439, 3293262020, 620420188, 4192467479, 2806939538, 405208705, 3653121915, 2898224323, 2129100003, 1901521841, 3775306177, 236844279, 4003287087, 3426275772, 2915434588, 2050790875, 1447936224, 4053842303, 1531862689, 489764154, 979657812, 3824395289, 1682947317, 506026496, 1356913213, 265827439, 2331008812, 3062015301, 4111460465, 2666427153, 2975781643, 931143795, 3874518743, 2717481209, 1249050090, 2744418468, 1133707675, 490637106, 1874906988, 835240008, 177241269, 2094119638, 4220992919, 1705572238, 2138608021, 690213632, 1964011867, 1714799581, 2025437105, 1613580568, 4014158179, 787950223, 1843609791, 600412316, 51385227, 3194139913, 502), None)
Loaded weights: 108.82427110512548, 16.35434413744413, -1.7662058858725065, -0.7365901149235892, -1.2365901149235892
events: me's bomb hit a wall, me killed itself, 
  ----
(3, (2333899369, 878246961, 3248405100, 1444870221, 897271984, 2931757892, 3491889634, 3519935725, 705220640, 4256964892, 1467006961, 2987476819, 285674382, 95773360, 2569402191, 1849425897, 2005519206, 3844167744, 2331257811, 1663352940, 3952498313, 3993079689, 2136269057, 2044205751, 432103036, 3488121651, 2975301274, 3447945176, 406852764, 3082421315, 3383711480, 448411049, 4221869293, 1463857174, 2651989649, 3477934087, 3258078261, 2751267997, 2975442106, 2211240285, 2383321891, 15970790, 2274418263, 1100596020, 991345449, 2491465125, 190823704, 327992159, 1058172430, 4025939572, 269773030, 2552521763, 3868630253, 3392395068, 4239197739, 1195078325, 70153950, 2913899458, 441098720, 1677979689, 3050304370, 3497995428, 3474475305, 137466776, 426847032, 3187791440, 867134900, 2043336484, 2120962386, 846307430, 3657710733, 977473196, 3932578229, 1745677516, 130329851, 1691611577, 3116778342, 1459796262, 3230906107, 2503029007, 2252097521, 1330105716, 3665511592, 356026435, 250194179, 4240975818, 748178498, 3650456524, 3545393975, 537366934, 1150539449, 423774139, 2243826943, 4230861946, 2502587264, 2683314147, 810040010, 2180375867, 600603001, 2407282625, 2052171438, 1479187741, 3832198264, 425645875, 2602706281, 1143864103, 4261017888, 885434210, 220885910, 2021176171, 1396221599, 1715991341, 3856679191, 1341851915, 2962951003, 1961036536, 2607685892, 1858417060, 268175675, 3389519356, 4245987130, 1535476916, 3375750053, 3206871486, 593322846, 4248226038, 768277670, 3866545501, 1909622010, 953445153, 2007517553, 1544474562, 464894864, 4170939961, 3948829046, 3344111679, 2537097435, 3095306877, 2919874202, 2073616678, 3046010056, 1114248580, 1296583240, 132170838, 88643623, 822533109, 1551048335, 3651061094, 4251114337, 3679589508, 2870399197, 2274697370, 3253617544, 260467656, 1383207788, 1320928915, 3108509763, 2919082989, 4256047648, 1100451941, 2408968372, 1988466543, 443922492, 3347779445, 3445781070, 958028382, 3161344610, 1460606266, 4265169291, 1020122613, 1359410262, 881223869, 1580854084, 291191166, 1609050107, 766363534, 4095113882, 477759896, 902239269, 3330640837, 1327902095, 2718731268, 215921502, 1753720810, 2846655468, 2959428070, 2925936285, 1312674030, 3637931343, 3054229105, 1668525409, 3672907983, 384467100, 1644564545, 2344468185, 2276494157, 1707807911, 1983215247, 4138915687, 103613199, 1418185844, 4097581022, 2423693084, 294215229, 2169918328, 838118815, 1197630529, 3767217488, 270366091, 2775974897, 3805375384, 213358177, 4129171192, 3144906499, 2591878072, 1460170392, 631033148, 3810966684, 3232207131, 107666082, 4255557445, 3786148605, 3105828210, 132417493, 481029327, 1809291152, 582400904, 3790262963, 1070051025, 3601397118, 1766829560, 834441934, 422604291, 2201835290, 3342642297, 204602810, 33458567, 1662644860, 3947461806, 1778018949, 2757796150, 3501302806, 2111338570, 256794065, 2658513667, 3639763244, 1706814612, 3635314547, 2202684611, 1481464118, 1199177946, 1782073151, 946881953, 551167332, 3507898922, 1957013146, 2398893967, 4127180379, 4245584, 2613337929, 3853123756, 2486674446, 998613935, 1504820674, 2909077920, 3817506071, 2566314425, 613740149, 3996418761, 1200197999, 2974733034, 207203580, 81027053, 3080385174, 3596702481, 2633481092, 4002145733, 1338296821, 3805620396, 2598092126, 2172479106, 3449370396, 1285520095, 1041995288, 403543362, 2062994808, 2710690403, 1730382465, 2977488087, 1895388516, 2631099484, 2782110855, 2820029984, 3856105987, 338552920, 1802085633, 112348559, 3350368096, 3538270490, 2865024485, 1614277876, 3901765934, 3054076710, 2648456368, 3378510396, 1754303418, 2316272368, 3402586565, 570057515, 2546831076, 967921734, 4008744902, 2736704621, 1255012322, 2825418106, 223119068, 1866125881, 3794956556, 2293968332, 2102278000, 3697688965, 3618467128, 2893101667, 2421583490, 2372524870, 2209783739, 1716660771, 387782437, 2091012334, 4098736307, 4161065647, 4181454797, 3600769608, 3049880286, 189083868, 1185610043, 2074161415, 2071786213, 2079748249, 886666713, 187073929, 2291510093, 2444851713, 4269963923, 4068877354, 216490884, 2269484598, 4217230012, 1539866008, 3585910169, 885901557, 88199049, 767366926, 3526698997, 4050830895, 4128254363, 1780098507, 3326527366, 3687157232, 2892549016, 270969178, 247776672, 4210206264, 1697619751, 327438613, 2503890587, 3997235138, 73269995, 1077745522, 1040317259, 275963715, 1899095755, 3428730355, 1678979799, 3381526506, 2842994825, 1496587590, 2296574314, 3307463268, 3767709070, 2883940324, 3732226180, 3280209374, 3604244922, 1339193193, 990618019, 1286565621, 962373236, 3003105047, 2791067929, 1197820612, 778680810, 270644579, 4212840463, 2599749567, 4048273872, 2609200784, 3704018724, 2303679078, 1972456976, 727175415, 3943080175, 3445734697, 3968612200, 2292175384, 3844737250, 3987119126, 2754320659, 3360147322, 830757913, 2402328761, 3112855551, 1180339705, 1059423769, 21524005, 3692299958, 1798124199, 2884010830, 2859350570, 1371064227, 2072681169, 2974299263, 1923630376, 3703380858, 115356413, 2435059552, 2748763430, 1053898806, 1558456044, 896421885, 477922811, 1022240470, 4024462558, 4113963090, 125574805, 205721356, 1296090819, 2741339490, 3638654318, 517377619, 4283106026, 987967804, 1206207346, 55282553, 3218513326, 2607835827, 4040039323, 3918290074, 255842039, 2951004870, 1858443080, 2829915776, 3942505785, 2444938730, 1923760743, 1443306426, 3423918928, 3141274624, 1886238417, 2353057029, 204412530, 3101536769, 4134197370, 766485682, 3123678347, 3800320771, 1890021422, 547136028, 1445778594, 2076319870, 143950272, 568207324, 2777739379, 842381293, 2517481974, 3298009305, 2321970594, 2002746177, 484456087, 2121734017, 391910892, 1377979829, 2944925586, 1823710872, 2817691249, 822734392, 3976869454, 1589597737, 2064271641, 3531672922, 400306775, 3657622118, 1642483395, 647998382, 1421340781, 3608323901, 1260270274, 3080564048, 3588041645, 1077494880, 3033235660, 1821679160, 185585684, 1983026894, 2955487889, 1609270259, 3728574042, 1665112109, 3812347331, 1436887233, 650247337, 3990778019, 3851094764, 380889119, 2980777522, 1465954303, 3008983736, 3407023942, 2234883862, 1268309300, 3912998386, 4157047492, 4017882217, 2877450541, 3808365075, 3343207901, 794371677, 1601322612, 483856046, 392369472, 4286135636, 174482741, 3242197901, 71715460, 3763456096, 2287730154, 1049904375, 321997509, 2233930900, 3633295915, 2059288866, 4201248933, 1670219692, 3119847052, 2267124035, 3528177796, 3784130792, 634673212, 2994274945, 477112660, 1840280459, 382850858, 3444140798, 3863425072, 2317382691, 1950605017, 2396974834, 1483192383, 4251804588, 2259756548, 1120224582, 2809584327, 969315456, 1887730585, 2741210950, 3242251833, 680233742, 2691417781, 2863674159, 3284407343, 1534801735, 2703301603, 3657215003, 848444756, 873123842, 3182654262, 1948213406, 2638623946, 3678897453, 2214268870, 3022606123, 2811348481, 302437289, 1094501819, 1738419174, 795480703, 2733658373, 219454320, 2788534131, 299747485, 1782264359, 2734460116, 198900851, 3946371156, 3323453590, 2746373013, 3900600860, 3520398873, 3019458093, 1714343495, 2917613172, 2897510687, 3099519195, 2717199700, 2256384755, 4072900050, 4168535466, 933618017, 3760037359, 1732717514, 2751468157, 3915812732, 798640163, 4012893831, 2471425861, 397136912, 2521494933, 3922485930, 3759840370, 3218646499, 3942518849, 41270949, 2003970955, 1191424891, 43), None)
Loaded weights: 108.79108111286683, 15.615857325159457, -2.4760697218758767, -0.9865901149235892, -0.9865901149235892
events: 
  ----
(3, (2333899369, 878246961, 3248405100, 1444870221, 897271984, 2931757892, 3491889634, 3519935725, 705220640, 4256964892, 1467006961, 2987476819, 285674382, 95773360, 2569402191, 1849425897, 2005519206, 3844167744, 2331257811, 1663352940, 3952498313, 3993079689, 2136269057, 2044205751, 432103036, 3488121651, 2975301274, 3447945176, 406852764, 3082421315, 3383711480, 448411049, 4221869293, 1463857174, 2651989649, 3477934087, 3258078261, 2751267997, 2975442106, 2211240285, 2383321891, 15970790, 2274418263, 1100596020, 991345449, 2491465125, 190823704, 327992159, 1058172430, 4025939572, 269773030, 2552521763, 3868630253, 3392395068, 4239197739, 1195078325, 70153950, 2913899458, 441098720, 1677979689, 3050304370, 3497995428, 3474475305, 137466776, 426847032, 3187791440, 867134900, 2043336484, 2120962386, 846307430, 3657710733, 977473196, 3932578229, 1745677516, 130329851, 1691611577, 3116778342, 1459796262, 3230906107, 2503029007, 2252097521, 1330105716, 3665511592, 356026435, 250194179, 4240975818, 748178498, 3650456524, 3545393975, 537366934, 1150539449, 423774139, 2243826943, 4230861946, 2502587264, 2683314147, 810040010, 2180375867, 600603001, 2407282625, 2052171438, 1479187741, 3832198264, 425645875, 2602706281, 1143864103, 4261017888, 885434210, 220885910, 2021176171, 1396221599, 1715991341, 3856679191, 1341851915, 2962951003, 1961036536, 2607685892, 1858417060, 268175675, 3389519356, 4245987130, 1535476916, 3375750053, 3206871486, 593322846, 4248226038, 768277670, 3866545501, 1909622010, 953445153, 2007517553, 1544474562, 464894864, 4170939961, 3948829046, 3344111679, 2537097435, 3095306877, 2919874202, 2073616678, 3046010056, 1114248580, 1296583240, 132170838, 88643623, 822533109, 1551048335, 3651061094, 4251114337, 3679589508, 2870399197, 2274697370, 3253617544, 260467656, 1383207788, 1320928915, 3108509763, 2919082989, 4256047648, 1100451941, 2408968372, 1988466543, 443922492, 3347779445, 3445781070, 958028382, 3161344610, 1460606266, 4265169291, 1020122613, 1359410262, 881223869, 1580854084, 291191166, 1609050107, 766363534, 4095113882, 477759896, 902239269, 3330640837, 1327902095, 2718731268, 215921502, 1753720810, 2846655468, 2959428070, 2925936285, 1312674030, 3637931343, 3054229105, 1668525409, 3672907983, 384467100, 1644564545, 2344468185, 2276494157, 1707807911, 1983215247, 4138915687, 103613199, 1418185844, 4097581022, 2423693084, 294215229, 2169918328, 838118815, 1197630529, 3767217488, 270366091, 2775974897, 3805375384, 213358177, 4129171192, 3144906499, 2591878072, 1460170392, 631033148, 3810966684, 3232207131, 107666082, 4255557445, 3786148605, 3105828210, 132417493, 481029327, 1809291152, 582400904, 3790262963, 1070051025, 3601397118, 1766829560, 834441934, 422604291, 2201835290, 3342642297, 204602810, 33458567, 1662644860, 3947461806, 1778018949, 2757796150, 3501302806, 2111338570, 256794065, 2658513667, 3639763244, 1706814612, 3635314547, 2202684611, 1481464118, 1199177946, 1782073151, 946881953, 551167332, 3507898922, 1957013146, 2398893967, 4127180379, 4245584, 2613337929, 3853123756, 2486674446, 998613935, 1504820674, 2909077920, 3817506071, 2566314425, 613740149, 3996418761, 1200197999, 2974733034, 207203580, 81027053, 3080385174, 3596702481, 2633481092, 4002145733, 1338296821, 3805620396, 2598092126, 2172479106, 3449370396, 1285520095, 1041995288, 403543362, 2062994808, 2710690403, 1730382465, 2977488087, 1895388516, 2631099484, 2782110855, 2820029984, 3856105987, 338552920, 1802085633, 112348559, 3350368096, 3538270490, 2865024485, 1614277876, 3901765934, 3054076710, 2648456368, 3378510396, 1754303418, 2316272368, 3402586565, 570057515, 2546831076, 967921734, 4008744902, 2736704621, 1255012322, 2825418106, 223119068, 1866125881, 3794956556, 2293968332, 2102278000, 3697688965, 3618467128, 2893101667, 2421583490, 2372524870, 2209783739, 1716660771, 387782437, 2091012334, 4098736307, 4161065647, 4181454797, 3600769608, 3049880286, 189083868, 1185610043, 2074161415, 2071786213, 2079748249, 886666713, 187073929, 2291510093, 2444851713, 4269963923, 4068877354, 216490884, 2269484598, 4217230012, 1539866008, 3585910169, 885901557, 88199049, 767366926, 3526698997, 4050830895, 4128254363, 1780098507, 3326527366, 3687157232, 2892549016, 270969178, 247776672, 4210206264, 1697619751, 327438613, 2503890587, 3997235138, 73269995, 1077745522, 1040317259, 275963715, 1899095755, 3428730355, 1678979799, 3381526506, 2842994825, 1496587590, 2296574314, 3307463268, 3767709070, 2883940324, 3732226180, 3280209374, 3604244922, 1339193193, 990618019, 1286565621, 962373236, 3003105047, 2791067929, 1197820612, 778680810, 270644579, 4212840463, 2599749567, 4048273872, 2609200784, 3704018724, 2303679078, 1972456976, 727175415, 3943080175, 3445734697, 3968612200, 2292175384, 3844737250, 3987119126, 2754320659, 3360147322, 830757913, 2402328761, 3112855551, 1180339705, 1059423769, 21524005, 3692299958, 1798124199, 2884010830, 2859350570, 1371064227, 2072681169, 2974299263, 1923630376, 3703380858, 115356413, 2435059552, 2748763430, 1053898806, 1558456044, 896421885, 477922811, 1022240470, 4024462558, 4113963090, 125574805, 205721356, 1296090819, 2741339490, 3638654318, 517377619, 4283106026, 987967804, 1206207346, 55282553, 3218513326, 2607835827, 4040039323, 3918290074, 255842039, 2951004870, 1858443080, 2829915776, 3942505785, 2444938730, 1923760743, 1443306426, 3423918928, 3141274624, 1886238417, 2353057029, 204412530, 3101536769, 4134197370, 766485682, 3123678347, 3800320771, 1890021422, 547136028, 1445778594, 2076319870, 143950272, 568207324, 2777739379, 842381293, 2517481974, 3298009305, 2321970594, 2002746177, 484456087, 2121734017, 391910892, 1377979829, 2944925586, 1823710872, 2817691249, 822734392, 3976869454, 1589597737, 2064271641, 3531672922, 400306775, 3657622118, 1642483395, 647998382, 1421340781, 3608323901, 1260270274, 3080564048, 3588041645, 1077494880, 3033235660, 1821679160, 185585684, 1983026894, 2955487889, 1609270259, 3728574042, 1665112109, 3812347331, 1436887233, 650247337, 3990778019, 3851094764, 380889119, 2980777522, 1465954303, 3008983736, 3407023942, 2234883862, 1268309300, 3912998386, 4157047492, 4017882217, 2877450541, 3808365075, 3343207901, 794371677, 1601322612, 483856046, 392369472, 4286135636, 174482741, 3242197901, 71715460, 3763456096, 2287730154, 1049904375, 321997509, 2233930900, 3633295915, 2059288866, 4201248933, 1670219692, 3119847052, 2267124035, 3528177796, 3784130792, 634673212, 2994274945, 477112660, 1840280459, 382850858, 3444140798, 3863425072, 2317382691, 1950605017, 2396974834, 1483192383, 4251804588, 2259756548, 1120224582, 2809584327, 969315456, 1887730585, 2741210950, 3242251833, 680233742, 2691417781, 2863674159, 3284407343, 1534801735, 2703301603, 3657215003, 848444756, 873123842, 3182654262, 1948213406, 2638623946, 3678897453, 2214268870, 3022606123, 2811348481, 302437289, 1094501819, 1738419174, 795480703, 2733658373, 219454320, 2788534131, 299747485, 1782264359, 2734460116, 198900851, 3946371156, 3323453590, 2746373013, 3900600860, 3520398873, 3019458093, 1714343495, 2917613172, 2897510687, 3099519195, 2717199700, 2256384755, 4072900050, 4168535466, 933618017, 3760037359, 1732717514, 2751468157, 3915812732, 798640163, 4012893831, 2471425861, 397136912, 2521494933, 3922485930, 3759840370, 3218646499, 3942518849, 41270949, 2003970955, 1191424891, 367), None)
Loaded weights: 109.46952105644654, 16.675218915818725, -2.4760697218758767, -0.9865901149235892, -1.4865901149235892
events: me was killed by stupid, 
  ----
(3, (2333899369, 878246961, 3248405100, 1444870221, 897271984, 2931757892, 3491889634, 3519935725, 705220640, 4256964892, 1467006961, 2987476819, 285674382, 95773360, 2569402191, 1849425897, 2005519206, 3844167744, 2331257811, 1663352940, 3952498313, 3993079689, 2136269057, 2044205751, 432103036, 3488121651, 2975301274, 3447945176, 406852764, 3082421315, 3383711480, 448411049, 4221869293, 1463857174, 2651989649, 3477934087, 3258078261, 2751267997, 2975442106, 2211240285, 2383321891, 15970790, 2274418263, 1100596020, 991345449, 2491465125, 190823704, 327992159, 1058172430, 4025939572, 269773030, 2552521763, 3868630253, 3392395068, 4239197739, 1195078325, 70153950, 2913899458, 441098720, 1677979689, 3050304370, 3497995428, 3474475305, 137466776, 426847032, 3187791440, 867134900, 2043336484, 2120962386, 846307430, 3657710733, 977473196, 3932578229, 1745677516, 130329851, 1691611577, 3116778342, 1459796262, 3230906107, 2503029007, 2252097521, 1330105716, 3665511592, 356026435, 250194179, 4240975818, 748178498, 3650456524, 3545393975, 537366934, 1150539449, 423774139, 2243826943, 4230861946, 2502587264, 2683314147, 810040010, 2180375867, 600603001, 2407282625, 2052171438, 1479187741, 3832198264, 425645875, 2602706281, 1143864103, 4261017888, 885434210, 220885910, 2021176171, 1396221599, 1715991341, 3856679191, 1341851915, 2962951003, 1961036536, 2607685892, 1858417060, 268175675, 3389519356, 4245987130, 1535476916, 3375750053, 3206871486, 593322846, 4248226038, 768277670, 3866545501, 1909622010, 953445153, 2007517553, 1544474562, 464894864, 4170939961, 3948829046, 3344111679, 2537097435, 3095306877, 2919874202, 2073616678, 3046010056, 1114248580, 1296583240, 132170838, 88643623, 822533109, 1551048335, 3651061094, 4251114337, 3679589508, 2870399197, 2274697370, 3253617544, 260467656, 1383207788, 1320928915, 3108509763, 2919082989, 4256047648, 1100451941, 2408968372, 1988466543, 443922492, 3347779445, 3445781070, 958028382, 3161344610, 1460606266, 4265169291, 1020122613, 1359410262, 881223869, 1580854084, 291191166, 1609050107, 766363534, 4095113882, 477759896, 902239269, 3330640837, 1327902095, 2718731268, 215921502, 1753720810, 2846655468, 2959428070, 2925936285, 1312674030, 3637931343, 3054229105, 1668525409, 3672907983, 384467100, 1644564545, 2344468185, 2276494157, 1707807911, 1983215247, 4138915687, 103613199, 1418185844, 4097581022, 2423693084, 294215229, 2169918328, 838118815, 1197630529, 3767217488, 270366091, 2775974897, 3805375384, 213358177, 4129171192, 3144906499, 2591878072, 1460170392, 631033148, 3810966684, 3232207131, 107666082, 4255557445, 3786148605, 3105828210, 132417493, 481029327, 1809291152, 582400904, 3790262963, 1070051025, 3601397118, 1766829560, 834441934, 422604291, 2201835290, 3342642297, 204602810, 33458567, 1662644860, 3947461806, 1778018949, 2757796150, 3501302806, 2111338570, 256794065, 2658513667, 3639763244, 1706814612, 3635314547, 2202684611, 1481464118, 1199177946, 1782073151, 946881953, 551167332, 3507898922, 1957013146, 2398893967, 4127180379, 4245584, 2613337929, 3853123756, 2486674446, 998613935, 1504820674, 2909077920, 3817506071, 2566314425, 613740149, 3996418761, 1200197999, 2974733034, 207203580, 81027053, 3080385174, 3596702481, 2633481092, 4002145733, 1338296821, 3805620396, 2598092126, 2172479106, 3449370396, 1285520095, 1041995288, 403543362, 2062994808, 2710690403, 1730382465, 2977488087, 1895388516, 2631099484, 2782110855, 2820029984, 3856105987, 338552920, 1802085633, 112348559, 3350368096, 3538270490, 2865024485, 1614277876, 3901765934, 3054076710, 2648456368, 3378510396, 1754303418, 2316272368, 3402586565, 570057515, 2546831076, 967921734, 4008744902, 2736704621, 1255012322, 2825418106, 223119068, 1866125881, 3794956556, 2293968332, 2102278000, 3697688965, 3618467128, 2893101667, 2421583490, 2372524870, 2209783739, 1716660771, 387782437, 2091012334, 4098736307, 4161065647, 4181454797, 3600769608, 3049880286, 189083868, 1185610043, 2074161415, 2071786213, 2079748249, 886666713, 187073929, 2291510093, 2444851713, 4269963923, 4068877354, 216490884, 2269484598, 4217230012, 1539866008, 3585910169, 885901557, 88199049, 767366926, 3526698997, 4050830895, 4128254363, 1780098507, 3326527366, 3687157232, 2892549016, 270969178, 247776672, 4210206264, 1697619751, 327438613, 2503890587, 3997235138, 73269995, 1077745522, 1040317259, 275963715, 1899095755, 3428730355, 1678979799, 3381526506, 2842994825, 1496587590, 2296574314, 3307463268, 3767709070, 2883940324, 3732226180, 3280209374, 3604244922, 1339193193, 990618019, 1286565621, 962373236, 3003105047, 2791067929, 1197820612, 778680810, 270644579, 4212840463, 2599749567, 4048273872, 2609200784, 3704018724, 2303679078, 1972456976, 727175415, 3943080175, 3445734697, 3968612200, 2292175384, 3844737250, 3987119126, 2754320659, 3360147322, 830757913, 2402328761, 3112855551, 1180339705, 1059423769, 21524005, 3692299958, 1798124199, 2884010830, 2859350570, 1371064227, 2072681169, 2974299263, 1923630376, 3703380858, 115356413, 2435059552, 2748763430, 1053898806, 1558456044, 896421885, 477922811, 1022240470, 4024462558, 4113963090, 125574805, 205721356, 1296090819, 2741339490, 3638654318, 517377619, 4283106026, 987967804, 1206207346, 55282553, 3218513326, 2607835827, 4040039323, 3918290074, 255842039, 2951004870, 1858443080, 2829915776, 3942505785, 2444938730, 1923760743, 1443306426, 3423918928, 3141274624, 1886238417, 2353057029, 204412530, 3101536769, 4134197370, 766485682, 3123678347, 3800320771, 1890021422, 547136028, 1445778594, 2076319870, 143950272, 568207324, 2777739379, 842381293, 2517481974, 3298009305, 2321970594, 2002746177, 484456087, 2121734017, 391910892, 1377979829, 2944925586, 1823710872, 2817691249, 822734392, 3976869454, 1589597737, 2064271641, 3531672922, 400306775, 3657622118, 1642483395, 647998382, 1421340781, 3608323901, 1260270274, 3080564048, 3588041645, 1077494880, 3033235660, 1821679160, 185585684, 1983026894, 2955487889, 1609270259, 3728574042, 1665112109, 3812347331, 1436887233, 650247337, 3990778019, 3851094764, 380889119, 2980777522, 1465954303, 3008983736, 3407023942, 2234883862, 1268309300, 3912998386, 4157047492, 4017882217, 2877450541, 3808365075, 3343207901, 794371677, 1601322612, 483856046, 392369472, 4286135636, 174482741, 3242197901, 71715460, 3763456096, 2287730154, 1049904375, 321997509, 2233930900, 3633295915, 2059288866, 4201248933, 1670219692, 3119847052, 2267124035, 3528177796, 3784130792, 634673212, 2994274945, 477112660, 1840280459, 382850858, 3444140798, 3863425072, 2317382691, 1950605017, 2396974834, 1483192383, 4251804588, 2259756548, 1120224582, 2809584327, 969315456, 1887730585, 2741210950, 3242251833, 680233742, 2691417781, 2863674159, 3284407343, 1534801735, 2703301603, 3657215003, 848444756, 873123842, 3182654262, 1948213406, 2638623946, 3678897453, 2214268870, 3022606123, 2811348481, 302437289, 1094501819, 1738419174, 795480703, 2733658373, 219454320, 2788534131, 299747485, 1782264359, 2734460116, 198900851, 3946371156, 3323453590, 2746373013, 3900600860, 3520398873, 3019458093, 1714343495, 2917613172, 2897510687, 3099519195, 2717199700, 2256384755, 4072900050, 4168535466, 933618017, 3760037359, 1732717514, 2751468157, 3915812732, 798640163, 4012893831, 2471425861, 397136912, 2521494933, 3922485930, 3759840370, 3218646499, 3942518849, 41270949, 2003970955, 1191424891, 549), None)
Loaded weights: 109.74135560552695, 17.073462488162022, -2.4760697218758767, -0.9865901149235892, -1.4865901149235892
events: 
  ----
(3, (534911459, 2843739984, 2274788073, 837448879, 4233701709, 2775629272, 492993985, 3717970440, 3690207340, 521564977, 606833253, 2160345789, 861859137, 447409089, 1470048468, 2107533386, 229976633, 3711617811, 2911266432, 3354306876, 1173288021, 1288501877, 4099701287, 2003449327, 263505209, 704903781, 3128729750, 1254111411, 334609822, 3338757722, 3934556733, 4164868165, 1590564854, 2323457644, 3258981898, 401733147, 1036004035, 1607519432, 3568161661, 2471443341, 3810286993, 1109502618, 2115661769, 2076766113, 2846613297, 38444542, 2474990089, 2690624169, 2894795145, 3099865064, 2090262100, 3850119262, 3405588824, 2308678786, 1379409669, 3907708502, 2272101387, 1066341015, 4245574513, 3606258409, 3540228690, 2397643418, 3361211593, 9929710, 2816301353, 2948427424, 290115360, 2233082914, 4223441712, 3299729079, 2109547850, 4195832999, 264525336, 2457757538, 2327801823, 3111375296, 1505028990, 793563732, 386107521, 1349576325, 284990971, 836605123, 2917393279, 2300604850, 1816550992, 4190886323, 1081695102, 1465060149, 1628055283, 1447783885, 3407267115, 3772642233, 2895636327, 1565068183, 217210184, 969036710, 3211651564, 2623110158, 1235487746, 909566357, 41964289, 3890770321, 2510200614, 542253735, 2542457716, 905129092, 743556479, 3065779034, 4208945817, 1856595402, 3373584740, 1220763031, 2874154139, 2810497499, 2544891359, 3896253038, 1641115853, 794671728, 1919112449, 3453173029, 2798767388, 950518299, 336241131, 3096783965, 3378308799, 3113843258, 28426076, 2585151598, 1109903506, 2374349370, 1903516053, 286118758, 2988841603, 2329285103, 4039596533, 332674879, 3245452133, 3075807021, 4120350073, 609448595, 1912881159, 2743284144, 3682586624, 3776101870, 2078418304, 3569137716, 2503636031, 1620593708, 3219305158, 755931225, 1713293425, 3532530501, 1538464944, 1149860413, 2827257020, 1223022080, 699487513, 4109854003, 2374018612, 2299795112, 3123561303, 4032282546, 1014763873, 611613793, 4227594216, 670151089, 453243140, 91723612, 103713820, 586021, 589316660, 2242692749, 3412691088, 3985085541, 3086481444, 3824652630, 2091858328, 3085036239, 133760523, 2323957382, 2353033928, 2636700802, 3082345523, 2701070045, 4288897778, 3695017016, 639774156, 3539840414, 3982969240, 1245788010, 3110747080, 3980453693, 3117838434, 4142751124, 2016180653, 3761751807, 1227543500, 1682324474, 2041340621, 3258815526, 3955952118, 4223797667, 3085095302, 2907445192, 1833330447, 34040356, 2444278780, 1467726057, 2037396725, 2300475494, 3908475534, 3675426451, 2750816404, 3913181089, 2195896368, 1028927165, 3736910025, 1779797783, 1419688257, 831592168, 1234699, 3163884235, 1696749270, 2107856633, 933131629, 1713993295, 4009650941, 3641278036, 2194963951, 4080096277, 691289544, 1774825107, 2767066709, 3891567394, 2609071317, 1107553392, 781879823, 294597682, 1831978784, 560905690, 1928477130, 695407857, 3811702397, 2609333095, 2974022533, 3747320010, 1924212314, 2638439147, 552228590, 3621878346, 3682510511, 2323928886, 980347095, 2465695107, 814935038, 2374440582, 620115368, 2862937621, 1825851198, 739973024, 3227972715, 109739778, 992553210, 728934931, 3072147100, 31330174, 1477311592, 1292807210, 3102593778, 1723664060, 1038367199, 852049944, 428336309, 1639793502, 3995367275, 1120293812, 1177484237, 1308379650, 2819749617, 2319686169, 4015472396, 2910786229, 4159122778, 2339065514, 49574955, 1959661215, 1013602166, 1387742438, 4136994856, 3325146855, 3413565810, 4090906169, 1147019134, 1532771084, 698762877, 1642925352, 3883178247, 349174215, 914195082, 2145362018, 2788588533, 3518737996, 4154314648, 1025185376, 1527027593, 302270969, 2887776952, 3641253041, 976966577, 4047194972, 3193453137, 2764146873, 2628592194, 1414357443, 301287515, 3483369264, 1733449035, 2404078541, 2658854913, 464287610, 916438283, 3284299942, 1911121127, 4191749199, 1149928204, 2743445964, 2763053784, 1020361590, 1153835287, 1888765614, 3318179230, 4240794192, 1863815659, 1777556753, 216129304, 1577534149, 3391073383, 1843878391, 3416741796, 936111744, 986098850, 1182529536, 242587640, 412246744, 1764625330, 1908514330, 2961036411, 3409310672, 2339446792, 3613717838, 591231814, 3749866808, 160127263, 3758124180, 2014768252, 2921491112, 2930168313, 479698797, 1194964650, 4197797422, 2377413439, 3451783913, 4165683315, 1371222832, 616729791, 2193094296, 4285842233, 1377487806, 629898442, 1246629758, 1082326612, 3301291942, 1069388160, 2986118090, 2905254071, 3547905125, 696246508, 76495171, 2730980738, 239184706, 733207167, 3376842323, 596632285, 3612401266, 1887044925, 853516689, 2512012690, 979020803, 980494305, 1607382019, 859873428, 1793301894, 2205445481, 3480338948, 2110945204, 1273762644, 1852545719, 1736961799, 4284768645, 1204473908, 1091335373, 1213175407, 2511440610, 954257556, 3312774846, 1898596352, 1100593872, 3898839413, 1558331985, 690502832, 1697811965, 92706001, 1520898027, 3213797889, 4244090565, 33120276, 1605531341, 3965527773, 479474739, 488345045, 2000811892, 24664889, 3463007042, 2471656045, 1825848394, 675742814, 2639595581, 3317242496, 2021498498, 550773668, 3006989475, 1521897824, 2023515661, 1258685545, 1364868975, 3336103755, 2561456855, 2223382585, 225540453, 2622726625, 3025141567, 2702186889, 2784582622, 3243767326, 3198487185, 3052471379, 1163344037, 3733294255, 2875681704, 306224498, 1777720761, 3689425710, 787747002, 245627665, 4060803977, 2766016583, 2930725397, 3356120703, 4141971662, 3808009580, 1653797629, 3770034408, 349453865, 2860907669, 4190478700, 358776631, 824241364, 1508135835, 345113806, 3883644573, 2338869385, 981676899, 524942307, 2042100385, 1711407704, 1708747839, 893810485, 1275465019, 750218281, 834724385, 586027910, 659625015, 4225685962, 2919744079, 4062183689, 1515281433, 3662417003, 1693147192, 801831343, 3922690318, 108256032, 1592174882, 311548585, 3948852353, 4287582059, 3714239379, 2104741908, 3456244950, 1389748776, 65152211, 402066498, 3953368929, 2044664019, 3341999706, 3137420068, 2265920988, 1658119888, 1203923250, 1587885578, 2106549201, 613205540, 1882321245, 2795457103, 616550511, 2685379526, 4013502836, 2746757444, 2313957113, 2518296739, 1891881351, 549452398, 3339777174, 2904852833, 251899089, 3999657974, 4175012219, 1348910936, 2824731810, 3658097900, 3357626674, 3777008677, 3802932880, 1344761019, 2620857992, 2636440132, 4235837717, 1638620897, 3167465499, 1368318323, 3790734035, 4033949006, 1613990797, 3546641526, 3184143669, 3866005391, 4005316725, 1229347684, 3064695956, 2381997068, 3728338429, 4071747546, 1647195763, 3500552660, 2024296470, 3757581509, 1135171182, 2242849390, 4218541128, 3214799186, 242561864, 3812655277, 1342346584, 4283289558, 3685641156, 2488238644, 2682425891, 3203841285, 4137027050, 3197190856, 4206935172, 2433376246, 2631462240, 680034480, 2860039290, 3589032523, 4051603527, 3653758763, 3616934159, 2659183323, 3398913621, 717242187, 2820486519, 397719722, 2640954378, 2452235917, 3477679863, 3166634902, 128323673, 475553400, 1415471551, 1086682458, 4163322457, 3073088178, 2625581938, 2597016235, 1370768836, 3148627117, 2155277725, 786063450, 692981434, 2125364122, 1753050117, 2206345935, 4081682762, 2112813994, 3741061975, 3432770349, 2192942167, 3135574966, 2827443004, 2749602252, 3200225779, 2621497869, 1159040751, 1905214987, 2824662516, 724075862, 1129180845, 2886172584, 1862522262, 390311305, 3747861166, 4049959478, 4170327705, 110), None)
Loaded weights: 110.6873909832805, 20.438310006863613, -2.4760697218758767, -0.9865901149235892, -1.4865901149235892
events: 
  ----
(3, (534911459, 2843739984, 2274788073, 837448879, 4233701709, 2775629272, 492993985, 3717970440, 3690207340, 521564977, 606833253, 2160345789, 861859137, 447409089, 1470048468, 2107533386, 229976633, 3711617811, 2911266432, 3354306876, 1173288021, 1288501877, 4099701287, 2003449327, 263505209, 704903781, 3128729750, 1254111411, 334609822, 3338757722, 3934556733, 4164868165, 1590564854, 2323457644, 3258981898, 401733147, 1036004035, 1607519432, 3568161661, 2471443341, 3810286993, 1109502618, 2115661769, 2076766113, 2846613297, 38444542, 2474990089, 2690624169, 2894795145, 3099865064, 2090262100, 3850119262, 3405588824, 2308678786, 1379409669, 3907708502, 2272101387, 1066341015, 4245574513, 3606258409, 3540228690, 2397643418, 3361211593, 9929710, 2816301353, 2948427424, 290115360, 2233082914, 4223441712, 3299729079, 2109547850, 4195832999, 264525336, 2457757538, 2327801823, 3111375296, 1505028990, 793563732, 386107521, 1349576325, 284990971, 836605123, 2917393279, 2300604850, 1816550992, 4190886323, 1081695102, 1465060149, 1628055283, 1447783885, 3407267115, 3772642233, 2895636327, 1565068183, 217210184, 969036710, 3211651564, 2623110158, 1235487746, 909566357, 41964289, 3890770321, 2510200614, 542253735, 2542457716, 905129092, 743556479, 3065779034, 4208945817, 1856595402, 3373584740, 1220763031, 2874154139, 2810497499, 2544891359, 3896253038, 1641115853, 794671728, 1919112449, 3453173029, 2798767388, 950518299, 336241131, 3096783965, 3378308799, 3113843258, 28426076, 2585151598, 1109903506, 2374349370, 1903516053, 286118758, 2988841603, 2329285103, 4039596533, 332674879, 3245452133, 3075807021, 4120350073, 609448595, 1912881159, 2743284144, 3682586624, 3776101870, 2078418304, 3569137716, 2503636031, 1620593708, 3219305158, 755931225, 1713293425, 3532530501, 1538464944, 1149860413, 2827257020, 1223022080, 699487513, 4109854003, 2374018612, 2299795112, 3123561303, 4032282546, 1014763873, 611613793, 4227594216, 670151089, 453243140, 91723612, 103713820, 586021, 589316660, 2242692749, 3412691088, 3985085541, 3086481444, 3824652630, 2091858328, 3085036239, 133760523, 2323957382, 2353033928, 2636700802, 3082345523, 2701070045, 4288897778, 3695017016, 639774156, 3539840414, 3982969240, 1245788010, 3110747080, 3980453693, 3117838434, 4142751124, 2016180653, 3761751807, 1227543500, 1682324474, 2041340621, 3258815526, 3955952118, 4223797667, 3085095302, 2907445192, 1833330447, 34040356, 2444278780, 1467726057, 2037396725, 2300475494, 3908475534, 3675426451, 2750816404, 3913181089, 2195896368, 1028927165, 3736910025, 1779797783, 1419688257, 831592168, 1234699, 3163884235, 1696749270, 2107856633, 933131629, 1713993295, 4009650941, 3641278036, 2194963951, 4080096277, 691289544, 1774825107, 2767066709, 3891567394, 2609071317, 1107553392, 781879823, 294597682, 1831978784, 560905690, 1928477130, 695407857, 3811702397, 2609333095, 2974022533, 3747320010, 1924212314, 2638439147, 552228590, 3621878346, 3682510511, 2323928886, 980347095, 2465695107, 814935038, 2374440582, 620115368, 2862937621, 1825851198, 739973024, 3227972715, 109739778, 992553210, 728934931, 3072147100, 31330174, 1477311592, 1292807210, 3102593778, 1723664060, 1038367199, 852049944, 428336309, 1639793502, 3995367275, 1120293812, 1177484237, 1308379650, 2819749617, 2319686169, 4015472396, 2910786229, 4159122778, 2339065514, 49574955, 1959661215, 1013602166, 1387742438, 4136994856, 3325146855, 3413565810, 4090906169, 1147019134, 1532771084, 698762877, 1642925352, 3883178247, 349174215, 914195082, 2145362018, 2788588533, 3518737996, 4154314648, 1025185376, 1527027593, 302270969, 2887776952, 3641253041, 976966577, 4047194972, 3193453137, 2764146873, 2628592194, 1414357443, 301287515, 3483369264, 1733449035, 2404078541, 2658854913, 464287610, 916438283, 3284299942, 1911121127, 4191749199, 1149928204, 2743445964, 2763053784, 1020361590, 1153835287, 1888765614, 3318179230, 4240794192, 1863815659, 1777556753, 216129304, 1577534149, 3391073383, 1843878391, 3416741796, 936111744, 986098850, 1182529536, 242587640, 412246744, 1764625330, 1908514330, 2961036411, 3409310672, 2339446792, 3613717838, 591231814, 3749866808, 160127263, 3758124180, 2014768252, 2921491112, 2930168313, 479698797, 1194964650, 4197797422, 2377413439, 3451783913, 4165683315, 1371222832, 616729791, 2193094296, 4285842233, 1377487806, 629898442, 1246629758, 1082326612, 3301291942, 1069388160, 2986118090, 2905254071, 3547905125, 696246508, 76495171, 2730980738, 239184706, 733207167, 3376842323, 596632285, 3612401266, 1887044925, 853516689, 2512012690, 979020803, 980494305, 1607382019, 859873428, 1793301894, 2205445481, 3480338948, 2110945204, 1273762644, 1852545719, 1736961799, 4284768645, 1204473908, 1091335373, 1213175407, 2511440610, 954257556, 3312774846, 1898596352, 1100593872, 3898839413, 1558331985, 690502832, 1697811965, 92706001, 1520898027, 3213797889, 4244090565, 33120276, 1605531341, 3965527773, 479474739, 488345045, 2000811892, 24664889, 3463007042, 2471656045, 1825848394, 675742814, 2639595581, 3317242496, 2021498498, 550773668, 3006989475, 1521897824, 2023515661, 1258685545, 1364868975, 3336103755, 2561456855, 2223382585, 225540453, 2622726625, 3025141567, 2702186889, 2784582622, 3243767326, 3198487185, 3052471379, 1163344037, 3733294255, 2875681704, 306224498, 1777720761, 3689425710, 787747002, 245627665, 4060803977, 2766016583, 2930725397, 3356120703, 4141971662, 3808009580, 1653797629, 3770034408, 349453865, 2860907669, 4190478700, 358776631, 824241364, 1508135835, 345113806, 3883644573, 2338869385, 981676899, 524942307, 2042100385, 1711407704, 1708747839, 893810485, 1275465019, 750218281, 834724385, 586027910, 659625015, 4225685962, 2919744079, 4062183689, 1515281433, 3662417003, 1693147192, 801831343, 3922690318, 108256032, 1592174882, 311548585, 3948852353, 4287582059, 3714239379, 2104741908, 3456244950, 1389748776, 65152211, 402066498, 3953368929, 2044664019, 3341999706, 3137420068, 2265920988, 1658119888, 1203923250, 1587885578, 2106549201, 613205540, 1882321245, 2795457103, 616550511, 2685379526, 4013502836, 2746757444, 2313957113, 2518296739, 1891881351, 549452398, 3339777174, 2904852833, 251899089, 3999657974, 4175012219, 1348910936, 2824731810, 3658097900, 3357626674, 3777008677, 3802932880, 1344761019, 2620857992, 2636440132, 4235837717, 1638620897, 3167465499, 1368318323, 3790734035, 4033949006, 1613990797, 3546641526, 3184143669, 3866005391, 4005316725, 1229347684, 3064695956, 2381997068, 3728338429, 4071747546, 1647195763, 3500552660, 2024296470, 3757581509, 1135171182, 2242849390, 4218541128, 3214799186, 242561864, 3812655277, 1342346584, 4283289558, 3685641156, 2488238644, 2682425891, 3203841285, 4137027050, 3197190856, 4206935172, 2433376246, 2631462240, 680034480, 2860039290, 3589032523, 4051603527, 3653758763, 3616934159, 2659183323, 3398913621, 717242187, 2820486519, 397719722, 2640954378, 2452235917, 3477679863, 3166634902, 128323673, 475553400, 1415471551, 1086682458, 4163322457, 3073088178, 2625581938, 2597016235, 1370768836, 3148627117, 2155277725, 786063450, 692981434, 2125364122, 1753050117, 2206345935, 4081682762, 2112813994, 3741061975, 3432770349, 2192942167, 3135574966, 2827443004, 2749602252, 3200225779, 2621497869, 1159040751, 1905214987, 2824662516, 724075862, 1129180845, 2886172584, 1862522262, 390311305, 3747861166, 4049959478, 4170327705, 256), None)
Loaded weights: 111.43896109040236, 23.241068866212764, -2.4760697218758767, -0.9865901149235892, -1.4865901149235892
events: 
  ----
(3, (534911459, 2843739984, 2274788073, 837448879, 4233701709, 2775629272, 492993985, 3717970440, 3690207340, 521564977, 606833253, 2160345789, 861859137, 447409089, 1470048468, 2107533386, 229976633, 3711617811, 2911266432, 3354306876, 1173288021, 1288501877, 4099701287, 2003449327, 263505209, 704903781, 3128729750, 1254111411, 334609822, 3338757722, 3934556733, 4164868165, 1590564854, 2323457644, 3258981898, 401733147, 1036004035, 1607519432, 3568161661, 2471443341, 3810286993, 1109502618, 2115661769, 2076766113, 2846613297, 38444542, 2474990089, 2690624169, 2894795145, 3099865064, 2090262100, 3850119262, 3405588824, 2308678786, 1379409669, 3907708502, 2272101387, 1066341015, 4245574513, 3606258409, 3540228690, 2397643418, 3361211593, 9929710, 2816301353, 2948427424, 290115360, 2233082914, 4223441712, 3299729079, 2109547850, 4195832999, 264525336, 2457757538, 2327801823, 3111375296, 1505028990, 793563732, 386107521, 1349576325, 284990971, 836605123, 2917393279, 2300604850, 1816550992, 4190886323, 1081695102, 1465060149, 1628055283, 1447783885, 3407267115, 3772642233, 2895636327, 1565068183, 217210184, 969036710, 3211651564, 2623110158, 1235487746, 909566357, 41964289, 3890770321, 2510200614, 542253735, 2542457716, 905129092, 743556479, 3065779034, 4208945817, 1856595402, 3373584740, 1220763031, 2874154139, 2810497499, 2544891359, 3896253038, 1641115853, 794671728, 1919112449, 3453173029, 2798767388, 950518299, 336241131, 3096783965, 3378308799, 3113843258, 28426076, 2585151598, 1109903506, 2374349370, 1903516053, 286118758, 2988841603, 2329285103, 4039596533, 332674879, 3245452133, 3075807021, 4120350073, 609448595, 1912881159, 2743284144, 3682586624, 3776101870, 2078418304, 3569137716, 2503636031, 1620593708, 3219305158, 755931225, 1713293425, 3532530501, 1538464944, 1149860413, 2827257020, 1223022080, 699487513, 4109854003, 2374018612, 2299795112, 3123561303, 4032282546, 1014763873, 611613793, 4227594216, 670151089, 453243140, 91723612, 103713820, 586021, 589316660, 2242692749, 3412691088, 3985085541, 3086481444, 3824652630, 2091858328, 3085036239, 133760523, 2323957382, 2353033928, 2636700802, 3082345523, 2701070045, 4288897778, 3695017016, 639774156, 3539840414, 3982969240, 1245788010, 3110747080, 3980453693, 3117838434, 4142751124, 2016180653, 3761751807, 1227543500, 1682324474, 2041340621, 3258815526, 3955952118, 4223797667, 3085095302, 2907445192, 1833330447, 34040356, 2444278780, 1467726057, 2037396725, 2300475494, 3908475534, 3675426451, 2750816404, 3913181089, 2195896368, 1028927165, 3736910025, 1779797783, 1419688257, 831592168, 1234699, 3163884235, 1696749270, 2107856633, 933131629, 1713993295, 4009650941, 3641278036, 2194963951, 4080096277, 691289544, 1774825107, 2767066709, 3891567394, 2609071317, 1107553392, 781879823, 294597682, 1831978784, 560905690, 1928477130, 695407857, 3811702397, 2609333095, 2974022533, 3747320010, 1924212314, 2638439147, 552228590, 3621878346, 3682510511, 2323928886, 980347095, 2465695107, 814935038, 2374440582, 620115368, 2862937621, 1825851198, 739973024, 3227972715, 109739778, 992553210, 728934931, 3072147100, 31330174, 1477311592, 1292807210, 3102593778, 1723664060, 1038367199, 852049944, 428336309, 1639793502, 3995367275, 1120293812, 1177484237, 1308379650, 2819749617, 2319686169, 4015472396, 2910786229, 4159122778, 2339065514, 49574955, 1959661215, 1013602166, 1387742438, 4136994856, 3325146855, 3413565810, 4090906169, 1147019134, 1532771084, 698762877, 1642925352, 3883178247, 349174215, 914195082, 2145362018, 2788588533, 3518737996, 4154314648, 1025185376, 1527027593, 302270969, 2887776952, 3641253041, 976966577, 4047194972, 3193453137, 2764146873, 2628592194, 1414357443, 301287515, 3483369264, 1733449035, 2404078541, 2658854913, 464287610, 916438283, 3284299942, 1911121127, 4191749199, 1149928204, 2743445964, 2763053784, 1020361590, 1153835287, 1888765614, 3318179230, 4240794192, 1863815659, 1777556753, 216129304, 1577534149, 3391073383, 1843878391, 3416741796, 936111744, 986098850, 1182529536, 242587640, 412246744, 1764625330, 1908514330, 2961036411, 3409310672, 2339446792, 3613717838, 591231814, 3749866808, 160127263, 3758124180, 2014768252, 2921491112, 2930168313, 479698797, 1194964650, 4197797422, 2377413439, 3451783913, 4165683315, 1371222832, 616729791, 2193094296, 4285842233, 1377487806, 629898442, 1246629758, 1082326612, 3301291942, 1069388160, 2986118090, 2905254071, 3547905125, 696246508, 76495171, 2730980738, 239184706, 733207167, 3376842323, 596632285, 3612401266, 1887044925, 853516689, 2512012690, 979020803, 980494305, 1607382019, 859873428, 1793301894, 2205445481, 3480338948, 2110945204, 1273762644, 1852545719, 1736961799, 4284768645, 1204473908, 1091335373, 1213175407, 2511440610, 954257556, 3312774846, 1898596352, 1100593872, 3898839413, 1558331985, 690502832, 1697811965, 92706001, 1520898027, 3213797889, 4244090565, 33120276, 1605531341, 3965527773, 479474739, 488345045, 2000811892, 24664889, 3463007042, 2471656045, 1825848394, 675742814, 2639595581, 3317242496, 2021498498, 550773668, 3006989475, 1521897824, 2023515661, 1258685545, 1364868975, 3336103755, 2561456855, 2223382585, 225540453, 2622726625, 3025141567, 2702186889, 2784582622, 3243767326, 3198487185, 3052471379, 1163344037, 3733294255, 2875681704, 306224498, 1777720761, 3689425710, 787747002, 245627665, 4060803977, 2766016583, 2930725397, 3356120703, 4141971662, 3808009580, 1653797629, 3770034408, 349453865, 2860907669, 4190478700, 358776631, 824241364, 1508135835, 345113806, 3883644573, 2338869385, 981676899, 524942307, 2042100385, 1711407704, 1708747839, 893810485, 1275465019, 750218281, 834724385, 586027910, 659625015, 4225685962, 2919744079, 4062183689, 1515281433, 3662417003, 1693147192, 801831343, 3922690318, 108256032, 1592174882, 311548585, 3948852353, 4287582059, 3714239379, 2104741908, 3456244950, 1389748776, 65152211, 402066498, 3953368929, 2044664019, 3341999706, 3137420068, 2265920988, 1658119888, 1203923250, 1587885578, 2106549201, 613205540, 1882321245, 2795457103, 616550511, 2685379526, 4013502836, 2746757444, 2313957113, 2518296739, 1891881351, 549452398, 3339777174, 2904852833, 251899089, 3999657974, 4175012219, 1348910936, 2824731810, 3658097900, 3357626674, 3777008677, 3802932880, 1344761019, 2620857992, 2636440132, 4235837717, 1638620897, 3167465499, 1368318323, 3790734035, 4033949006, 1613990797, 3546641526, 3184143669, 3866005391, 4005316725, 1229347684, 3064695956, 2381997068, 3728338429, 4071747546, 1647195763, 3500552660, 2024296470, 3757581509, 1135171182, 2242849390, 4218541128, 3214799186, 242561864, 3812655277, 1342346584, 4283289558, 3685641156, 2488238644, 2682425891, 3203841285, 4137027050, 3197190856, 4206935172, 2433376246, 2631462240, 680034480, 2860039290, 3589032523, 4051603527, 3653758763, 3616934159, 2659183323, 3398913621, 717242187, 2820486519, 397719722, 2640954378, 2452235917, 3477679863, 3166634902, 128323673, 475553400, 1415471551, 1086682458, 4163322457, 3073088178, 2625581938, 2597016235, 1370768836, 3148627117, 2155277725, 786063450, 692981434, 2125364122, 1753050117, 2206345935, 4081682762, 2112813994, 3741061975, 3432770349, 2192942167, 3135574966, 2827443004, 2749602252, 3200225779, 2621497869, 1159040751, 1905214987, 2824662516, 724075862, 1129180845, 2886172584, 1862522262, 390311305, 3747861166, 4049959478, 4170327705, 567), None)
Loaded weights: 112.80417815231121, 25.965076924438094, -2.4760697218758767, -0.9865901149235892, -1.4865901149235892
events: 
  ----
(3, (1934093487, 631738414, 2251774652, 3861401780, 452446339, 1107821789, 372051344, 2827936392, 2812920135, 3397701437, 1896415476, 2621801518, 3178625423, 1325210007, 994681076, 3312790056, 136019799, 2855574917, 1645098122, 2756557880, 1395911480, 3216161279, 4289079293, 3918734647, 2372998868, 3545701129, 1866127083, 1697440389, 197638003, 1897918972, 548324989, 387618169, 636137618, 3524987814, 2286295730, 4285842355, 1693344269, 3791939086, 376949330, 1881810112, 3851875700, 2876571230, 952067822, 965910648, 3761592182, 892552709, 141595541, 1911042698, 3918730151, 991713167, 3963328640, 3457810180, 1452101427, 2581684964, 4020066309, 4098515552, 3362570885, 1434807022, 1454322156, 3341721404, 2407450418, 197511797, 2729598107, 3899977398, 3077087160, 1550932409, 2819157636, 2216422644, 3996917939, 1342078577, 4259793175, 1399861186, 3997467948, 1463769017, 1715133315, 1939050076, 1846645643, 4102780615, 3572084642, 2754644247, 3454039941, 2739809609, 1968233208, 1422736558, 2193377329, 2615309429, 480704266, 1538106031, 3900463648, 1724898849, 2374838587, 3767122627, 509850650, 718212, 1107788017, 220671583, 2775714438, 2606582122, 1601244038, 3845867851, 1694405825, 404401595, 3401811295, 473064952, 2975467811, 4143925939, 3698120695, 1600536247, 4032530233, 1180601954, 3131799334, 3523578008, 3074799587, 4132670484, 70253674, 1333740278, 856755543, 3586457, 1356341049, 4040218570, 1287094059, 85444745, 4118935414, 3709417966, 2614905227, 3992737487, 34113766, 2406878143, 4263213158, 2983502669, 2698712337, 1511102834, 339929370, 4950016, 844008912, 3918989782, 1586832833, 2129105959, 928565379, 3248606781, 2903124163, 1009846643, 2440780836, 2373992334, 1248712599, 15793846, 3448113955, 4188002028, 557036678, 3812724611, 115617257, 3760450132, 1702223932, 3874729348, 106749299, 1568025479, 3688583760, 2570614751, 119758138, 1102150426, 2203716497, 2024491325, 2236071335, 3736959833, 2599615839, 4073469780, 3642073194, 2539177018, 116284014, 2942737439, 1833490035, 3676669568, 353093225, 3404833764, 3978503627, 1457462396, 679541186, 253262225, 4097635076, 2682771023, 2567071566, 1554723869, 65042916, 1427213874, 3322121067, 1151708748, 3021411013, 3835265601, 2859054402, 2685017714, 3893285656, 1085498953, 791203701, 2782656851, 1362366969, 3552506708, 2925276815, 1058394898, 1890226135, 3460937814, 1688164755, 1965754521, 2145912158, 2433087682, 1769920791, 2337961777, 33351137, 3630059791, 3664981860, 3101730410, 1983140801, 3944612860, 1158731827, 3801269716, 2031957618, 706088630, 2836920763, 3267930740, 2962515584, 2989055500, 3289373463, 3734394051, 3369782837, 2508466144, 1971312982, 1595080599, 2484509107, 2871353991, 3308751611, 3534570584, 1271150370, 2441638774, 837962060, 3269730085, 3381597360, 703345823, 3259192612, 1200743268, 2364725955, 2215437674, 3276546864, 2480532245, 297679684, 3383898698, 3315160544, 458663847, 870628754, 54968399, 2487354586, 185713781, 2899381932, 1229902432, 1126459671, 930325268, 1676634566, 1505537447, 4249172521, 1455744482, 18292393, 2630974072, 2438870055, 2513604303, 1942300261, 2137062723, 2733334961, 980497510, 1454207701, 4192214029, 3626663168, 3209022174, 552992884, 1979586035, 99477418, 2791971071, 277551952, 1401740958, 501379726, 1631310631, 305169111, 556191925, 1448500065, 2490289832, 2986329397, 270420047, 4142587262, 1218058839, 4000660815, 3023307558, 4057309657, 3339267106, 144145781, 3578236935, 1910457407, 634617189, 3035458144, 1150213359, 2626761293, 3873015890, 1822425075, 1683425289, 1071808671, 502545487, 756942188, 3667617936, 1686233828, 3269874430, 1371322256, 167079554, 2614331623, 3010754319, 2678409261, 3437943056, 1758229579, 2371150840, 2086821175, 48087130, 4167223064, 1538846180, 2908717438, 2619660864, 569101783, 2751169117, 2831359143, 3342289664, 2325716364, 220817130, 3142841584, 3751097493, 542150380, 3894425488, 1649464528, 1608085769, 1527665892, 3659282555, 3916246794, 1281155541, 2846200390, 2675498228, 2313191384, 2854674866, 3580784660, 51722134, 1127642010, 126224526, 953579156, 3522053595, 2504666658, 152039215, 1856352814, 2753514197, 4074246002, 1175541211, 3724304517, 2114191064, 2556903147, 809541701, 1721228324, 2202521156, 1728790117, 3415236698, 4288429483, 3613628726, 2169147470, 3590116161, 2143055723, 3521780160, 2829888482, 3218052774, 420875980, 2973377294, 2950882397, 364060503, 403618643, 35385255, 153827329, 1972126960, 2014225405, 394762024, 2802008053, 3919887836, 1532518002, 3465780418, 1994278078, 988733457, 425662408, 234782707, 2241109444, 124397758, 3460604899, 2632445421, 3956061594, 37780276, 2507462230, 2818350000, 2997800336, 2832410602, 95279939, 3421656686, 3099651738, 2894417104, 2011093004, 3892043962, 179270710, 171609757, 2005753233, 3572510316, 853454378, 1853617849, 1212099141, 2826014661, 3470423173, 1918417985, 3261746067, 1399092600, 2758095435, 481836795, 254557635, 1061976542, 3610644604, 344470735, 1013933072, 1979757656, 52395709, 3627430058, 724980029, 3876109078, 2895459606, 413243090, 1698765131, 4286396368, 4234072178, 3426245326, 936494554, 2958641801, 1648005749, 254657232, 1672152745, 2844024748, 2084529107, 2252314483, 722631119, 736205725, 1253963193, 1867369516, 20486274, 1261914637, 73607300, 2445045443, 2545293946, 1697157174, 3094360695, 570806539, 3242963648, 874205352, 1614994043, 191402798, 799072184, 817138501, 3774135744, 3652419821, 4072606545, 451787643, 2779150858, 3198256530, 2485677088, 2489494697, 838237304, 3372556631, 963412100, 3439502303, 234560292, 1395988686, 3196447272, 15056062, 2829239951, 401182623, 3021632055, 595724391, 3366327215, 1381195988, 3184761296, 1577059619, 2545417311, 492669554, 2732915505, 3040454723, 4003777124, 531888175, 2704625224, 821873653, 1343465938, 850082874, 2530664185, 2959238591, 240765211, 2794689802, 2554643637, 1235022176, 3976705861, 236347787, 179529616, 4117506022, 1880469939, 1080225564, 582765001, 1666904511, 46654508, 2030354532, 866242463, 2746852903, 2970484798, 2091763846, 2211267263, 4268944556, 3282607004, 2684991867, 452430721, 3667057147, 875481115, 1635825928, 106628910, 2071436815, 2584197720, 2879636918, 62777392, 78422111, 1887041112, 1390908137, 2045023446, 3297181601, 2882370520, 2509956198, 3439189434, 523159218, 4005641943, 1913558856, 874061789, 1852475467, 1696295078, 284484332, 1682282209, 1439753996, 3308283423, 308097024, 3052304641, 3388779724, 2272336906, 1729560529, 1441776764, 3516656458, 791208166, 2731312486, 1904037601, 229070413, 3191971746, 579279835, 2509823412, 1033776249, 417589421, 4087784557, 2988274391, 3603679457, 562811959, 3816969052, 1233200442, 1335071109, 3513639751, 2317799792, 2121624020, 196303969, 1240104510, 1821521612, 3302104038, 1723120600, 3904378835, 2605643108, 1457323661, 619662016, 3125953070, 294965247, 4077245628, 3552404158, 1056195136, 3062529981, 2112612832, 961855406, 290183337, 4054848151, 1682184502, 2703764195, 1894236850, 606708274, 2681569401, 2093068904, 3608523844, 2647171141, 1745478943, 4170175600, 18094090, 660178590, 2939021690, 2447547833, 203980885, 117038632, 2716937820, 1481013948, 838262568, 103471017, 2597335388, 657426520, 4240021559, 3463960081, 4135323739, 609979934, 323247684, 2614157640, 608807524, 4258204238, 1975620095, 131969101, 2286777063, 3390861451, 1301447801, 3842416075, 137), None)
Loaded weights: 113.16696609040507, 27.810737231248645, -1.5820329040382095, -0.9865901149235892, -1.4865901149235892
events: 
  ----
(3, (1934093487, 631738414, 2251774652, 3861401780, 452446339, 1107821789, 372051344, 2827936392, 2812920135, 3397701437, 1896415476, 2621801518, 3178625423, 1325210007, 994681076, 3312790056, 136019799, 2855574917, 1645098122, 2756557880, 1395911480, 3216161279, 4289079293, 3918734647, 2372998868, 3545701129, 1866127083, 1697440389, 197638003, 1897918972, 548324989, 387618169, 636137618, 3524987814, 2286295730, 4285842355, 1693344269, 3791939086, 376949330, 1881810112, 3851875700, 2876571230, 952067822, 965910648, 3761592182, 892552709, 141595541, 1911042698, 3918730151, 991713167, 3963328640, 3457810180, 1452101427, 2581684964, 4020066309, 4098515552, 3362570885, 1434807022, 1454322156, 3341721404, 2407450418, 197511797, 2729598107, 3899977398, 3077087160, 1550932409, 2819157636, 2216422644, 3996917939, 1342078577, 4259793175, 1399861186, 3997467948, 1463769017, 1715133315, 1939050076, 1846645643, 4102780615, 3572084642, 2754644247, 3454039941, 2739809609, 1968233208, 1422736558, 2193377329, 2615309429, 480704266, 1538106031, 3900463648, 1724898849, 2374838587, 3767122627, 509850650, 718212, 1107788017, 220671583, 2775714438, 2606582122, 1601244038, 3845867851, 1694405825, 404401595, 3401811295, 473064952, 2975467811, 4143925939, 3698120695, 1600536247, 4032530233, 1180601954, 3131799334, 3523578008, 3074799587, 4132670484, 70253674, 1333740278, 856755543, 3586457, 1356341049, 4040218570, 1287094059, 85444745, 4118935414, 3709417966, 2614905227, 3992737487, 34113766, 2406878143, 4263213158, 2983502669, 2698712337, 1511102834, 339929370, 4950016, 844008912, 3918989782, 1586832833, 2129105959, 928565379, 3248606781, 2903124163, 1009846643, 2440780836, 2373992334, 1248712599, 15793846, 3448113955, 4188002028, 557036678, 3812724611, 115617257, 3760450132, 1702223932, 3874729348, 106749299, 1568025479, 3688583760, 2570614751, 119758138, 1102150426, 2203716497, 2024491325, 2236071335, 3736959833, 2599615839, 4073469780, 3642073194, 2539177018, 116284014, 2942737439, 1833490035, 3676669568, 353093225, 3404833764, 3978503627, 1457462396, 679541186, 253262225, 4097635076, 2682771023, 2567071566, 1554723869, 65042916, 1427213874, 3322121067, 1151708748, 3021411013, 3835265601, 2859054402, 2685017714, 3893285656, 1085498953, 791203701, 2782656851, 1362366969, 3552506708, 2925276815, 1058394898, 1890226135, 3460937814, 1688164755, 1965754521, 2145912158, 2433087682, 1769920791, 2337961777, 33351137, 3630059791, 3664981860, 3101730410, 1983140801, 3944612860, 1158731827, 3801269716, 2031957618, 706088630, 2836920763, 3267930740, 2962515584, 2989055500, 3289373463, 3734394051, 3369782837, 2508466144, 1971312982, 1595080599, 2484509107, 2871353991, 3308751611, 3534570584, 1271150370, 2441638774, 837962060, 3269730085, 3381597360, 703345823, 3259192612, 1200743268, 2364725955, 2215437674, 3276546864, 2480532245, 297679684, 3383898698, 3315160544, 458663847, 870628754, 54968399, 2487354586, 185713781, 2899381932, 1229902432, 1126459671, 930325268, 1676634566, 1505537447, 4249172521, 1455744482, 18292393, 2630974072, 2438870055, 2513604303, 1942300261, 2137062723, 2733334961, 980497510, 1454207701, 4192214029, 3626663168, 3209022174, 552992884, 1979586035, 99477418, 2791971071, 277551952, 1401740958, 501379726, 1631310631, 305169111, 556191925, 1448500065, 2490289832, 2986329397, 270420047, 4142587262, 1218058839, 4000660815, 3023307558, 4057309657, 3339267106, 144145781, 3578236935, 1910457407, 634617189, 3035458144, 1150213359, 2626761293, 3873015890, 1822425075, 1683425289, 1071808671, 502545487, 756942188, 3667617936, 1686233828, 3269874430, 1371322256, 167079554, 2614331623, 3010754319, 2678409261, 3437943056, 1758229579, 2371150840, 2086821175, 48087130, 4167223064, 1538846180, 2908717438, 2619660864, 569101783, 2751169117, 2831359143, 3342289664, 2325716364, 220817130, 3142841584, 3751097493, 542150380, 3894425488, 1649464528, 1608085769, 1527665892, 3659282555, 3916246794, 1281155541, 2846200390, 2675498228, 2313191384, 2854674866, 3580784660, 51722134, 1127642010, 126224526, 953579156, 3522053595, 2504666658, 152039215, 1856352814, 2753514197, 4074246002, 1175541211, 3724304517, 2114191064, 2556903147, 809541701, 1721228324, 2202521156, 1728790117, 3415236698, 4288429483, 3613628726, 2169147470, 3590116161, 2143055723, 3521780160, 2829888482, 3218052774, 420875980, 2973377294, 2950882397, 364060503, 403618643, 35385255, 153827329, 1972126960, 2014225405, 394762024, 2802008053, 3919887836, 1532518002, 3465780418, 1994278078, 988733457, 425662408, 234782707, 2241109444, 124397758, 3460604899, 2632445421, 3956061594, 37780276, 2507462230, 2818350000, 2997800336, 2832410602, 95279939, 3421656686, 3099651738, 2894417104, 2011093004, 3892043962, 179270710, 171609757, 2005753233, 3572510316, 853454378, 1853617849, 1212099141, 2826014661, 3470423173, 1918417985, 3261746067, 1399092600, 2758095435, 481836795, 254557635, 1061976542, 3610644604, 344470735, 1013933072, 1979757656, 52395709, 3627430058, 724980029, 3876109078, 2895459606, 413243090, 1698765131, 4286396368, 4234072178, 3426245326, 936494554, 2958641801, 1648005749, 254657232, 1672152745, 2844024748, 2084529107, 2252314483, 722631119, 736205725, 1253963193, 1867369516, 20486274, 1261914637, 73607300, 2445045443, 2545293946, 1697157174, 3094360695, 570806539, 3242963648, 874205352, 1614994043, 191402798, 799072184, 817138501, 3774135744, 3652419821, 4072606545, 451787643, 2779150858, 3198256530, 2485677088, 2489494697, 838237304, 3372556631, 963412100, 3439502303, 234560292, 1395988686, 3196447272, 15056062, 2829239951, 401182623, 3021632055, 595724391, 3366327215, 1381195988, 3184761296, 1577059619, 2545417311, 492669554, 2732915505, 3040454723, 4003777124, 531888175, 2704625224, 821873653, 1343465938, 850082874, 2530664185, 2959238591, 240765211, 2794689802, 2554643637, 1235022176, 3976705861, 236347787, 179529616, 4117506022, 1880469939, 1080225564, 582765001, 1666904511, 46654508, 2030354532, 866242463, 2746852903, 2970484798, 2091763846, 2211267263, 4268944556, 3282607004, 2684991867, 452430721, 3667057147, 875481115, 1635825928, 106628910, 2071436815, 2584197720, 2879636918, 62777392, 78422111, 1887041112, 1390908137, 2045023446, 3297181601, 2882370520, 2509956198, 3439189434, 523159218, 4005641943, 1913558856, 874061789, 1852475467, 1696295078, 284484332, 1682282209, 1439753996, 3308283423, 308097024, 3052304641, 3388779724, 2272336906, 1729560529, 1441776764, 3516656458, 791208166, 2731312486, 1904037601, 229070413, 3191971746, 579279835, 2509823412, 1033776249, 417589421, 4087784557, 2988274391, 3603679457, 562811959, 3816969052, 1233200442, 1335071109, 3513639751, 2317799792, 2121624020, 196303969, 1240104510, 1821521612, 3302104038, 1723120600, 3904378835, 2605643108, 1457323661, 619662016, 3125953070, 294965247, 4077245628, 3552404158, 1056195136, 3062529981, 2112612832, 961855406, 290183337, 4054848151, 1682184502, 2703764195, 1894236850, 606708274, 2681569401, 2093068904, 3608523844, 2647171141, 1745478943, 4170175600, 18094090, 660178590, 2939021690, 2447547833, 203980885, 117038632, 2716937820, 1481013948, 838262568, 103471017, 2597335388, 657426520, 4240021559, 3463960081, 4135323739, 609979934, 323247684, 2614157640, 608807524, 4258204238, 1975620095, 131969101, 2286777063, 3390861451, 1301447801, 3842416075, 394), None)
Loaded weights: 114.65392085782135, 30.966722483894344, -1.5820329040382095, -0.9865901149235892, -1.4865901149235892
