Starting iterations: 50
(3, (1801394591, 124196040, 2493979412, 660527586, 2486971817, 621024471, 1469070880, 1107096958, 3840337559, 791308219, 3771046127, 3645693618, 2647779541, 1548579347, 2009474484, 874091177, 1310553695, 4294884107, 2353374479, 3816467059, 2985524822, 2925396676, 504837052, 2253523832, 3499050018, 3878233561, 1917967031, 3165019989, 4133056622, 2429725797, 2270997210, 3959352965, 3826412187, 3021596529, 2786099523, 2678049287, 1317854990, 635261882, 301957246, 1856832360, 807901191, 940283397, 3134324911, 531000412, 449850477, 3565754935, 476215239, 3549579925, 1710799953, 3171115570, 168513846, 2817199003, 2607589812, 1955539181, 3115238041, 74754603, 3619981850, 2161557196, 3788935045, 1771953610, 1971367604, 1396943070, 1256292896, 3670246154, 1772938851, 2664652818, 742850225, 20677649, 1552698663, 3989712780, 2364952315, 2704657712, 4079858950, 3974025752, 2728324141, 3266826229, 3252297740, 2507247084, 3943237721, 2133974380, 3172005488, 747471449, 4115929633, 3005788606, 1504389279, 3755299042, 2653650420, 1276946079, 3465290234, 3086964257, 1647570641, 1610352521, 1660815436, 3171450386, 2995973195, 663881053, 3326246465, 456752230, 919414021, 4014627293, 2634553838, 2724097311, 3193981387, 3385137216, 3020348791, 4042902967, 2934511140, 3669593996, 664006939, 4166785514, 1207504232, 1042983402, 4269500265, 4043514315, 4033465177, 3468271624, 505534462, 3138659785, 3111664225, 163973184, 1357819202, 4256777441, 2881198700, 566532676, 2108869618, 3669578620, 475118569, 4069021122, 1252257681, 1172068315, 3637785194, 2745973432, 536356471, 2658561925, 2559821109, 3197349219, 3864597034, 1492713651, 549250383, 854503290, 2249236928, 1238931187, 1392450749, 1194310534, 4109874511, 2965391607, 1243128662, 2250958608, 2667924398, 3840290975, 903160299, 1956655578, 2479758462, 1198676341, 1856412463, 2666482656, 298843890, 3259196117, 217603279, 451023495, 42722854, 2030934693, 2778361336, 1863515576, 3125783170, 258533220, 3754550765, 1030074504, 3442546257, 4072653924, 3516932879, 177971959, 367187041, 3703231202, 3262605341, 120629050, 2484189071, 360189614, 3336511008, 1135938984, 3306193144, 356182590, 2759950333, 3187125000, 2697599021, 2474354484, 3702912575, 935893520, 3041240793, 2728462073, 3845936518, 1140735982, 3582944303, 1261440627, 2387673090, 4179201263, 3589587017, 3624614396, 4129645157, 2113350668, 545839167, 897829328, 1280531721, 4059994190, 3443558741, 3724624034, 803777186, 2366892830, 3166596092, 198290072, 3265045118, 1443261869, 964653046, 2287245882, 2711718443, 3652283578, 477609346, 2329612776, 2893984373, 559532593, 741109624, 142618438, 2141654848, 190280758, 3677644847, 4167617929, 935652264, 4230274649, 302146022, 3919648664, 204647554, 2231665981, 1039818018, 2501412132, 3222034656, 4016643869, 1840801930, 320227751, 4049431658, 3530273726, 843978270, 2461172107, 2151579566, 3373514732, 3202716351, 1322009576, 1285720746, 3170013622, 3009981769, 2412270757, 2559414132, 269977073, 4120532355, 963583705, 1605866933, 835272291, 1041046474, 2430765053, 194248224, 1124860367, 333190493, 681586583, 1487071125, 3779221957, 482612784, 801557629, 614443852, 981902400, 874051205, 1242282739, 301742466, 1765227760, 2758478342, 2610561116, 3022784341, 2701477708, 578032835, 1093996084, 771665657, 1939747403, 1574762053, 376121107, 2520473710, 2865674033, 3963616312, 4237584660, 377260610, 1202914255, 1620524846, 1649085341, 1509632969, 2422043022, 1328309409, 1465165887, 1685558439, 829224308, 2307654250, 2549358425, 2845740945, 589217887, 2872649437, 3318668191, 384744925, 338004610, 2748781978, 3663050032, 679264624, 3057585203, 589187961, 1300864385, 3453708944, 4285443770, 528721388, 151130061, 2633499530, 2638823394, 1438663177, 3665718704, 2949296641, 2896147338, 1679496431, 1573423870, 4101074902, 447566006, 4214136758, 2091258607, 2954728058, 2177889641, 966307687, 395806905, 465293672, 1290332591, 4047613071, 1801708474, 1466325310, 3130955698, 204620208, 3076148104, 290468088, 2458873866, 3289449324, 283110047, 2166466452, 1846454502, 384767902, 2375826978, 4260180112, 2829088791, 804020262, 1134168480, 3497402448, 1520787662, 2785152042, 540368179, 1885804373, 3936000611, 269176300, 1702664650, 2594887360, 3067231303, 2784941656, 411712117, 2651783260, 208872142, 3889661471, 3704979760, 1684511233, 2603923680, 3808295055, 118803673, 3906605972, 1892285348, 3198960659, 3717497374, 3038229992, 291052653, 1894838979, 2541675638, 369913515, 1018425020, 3918280753, 4031820321, 2960687930, 3630262947, 1122753382, 3747319948, 2577367288, 98783704, 2331341812, 77871815, 2416823678, 1648373508, 266159192, 4052377952, 600802067, 1919544981, 2085459073, 2138066375, 2284084899, 3726693288, 2266217422, 1793139801, 310590917, 704950358, 2976003930, 4161357127, 1036513630, 1675105782, 3759376684, 145685857, 1580620661, 2643341788, 4016035800, 2920664514, 1118149073, 3236508115, 2457587736, 1840669957, 4079713910, 1142885238, 1706709673, 3274241563, 2128751586, 2558319033, 4040476781, 1488265773, 297204962, 2176041552, 3824566918, 525801185, 4116724118, 3068344027, 3791624953, 99204183, 3735311725, 3586289490, 1315978015, 3957793254, 1703219102, 2072371371, 402808778, 772610526, 2949357531, 3713084193, 1907747366, 279913258, 2738385858, 456562212, 2031539586, 41438713, 1182990248, 1475371501, 1311280775, 3078112838, 190262659, 2752659577, 1678994037, 602007925, 3476896874, 265606096, 2989364397, 3166071281, 4054549789, 1844091436, 207628075, 1922822671, 2988148189, 1472065121, 3853437143, 2425534057, 2067148893, 3152165369, 1101834583, 420379473, 3960243822, 169849484, 190596593, 719392248, 1239276357, 784431088, 2818243246, 3377223537, 167165542, 592922958, 82682865, 2594166911, 1964040549, 3244618335, 1019783382, 2984055349, 1127608054, 230654674, 1909677402, 2184369567, 306085252, 2934501996, 2582313897, 2666526214, 462672, 729972409, 1663306238, 587888888, 2635226461, 1052479363, 2760403639, 2011129800, 3305689084, 2016573431, 563580408, 193729771, 208313434, 2332182769, 2412827479, 1035487638, 1120834599, 142842855, 3163058371, 2468706867, 706804357, 774078353, 3147866893, 3096617510, 436672204, 1496579177, 4053882491, 2445954941, 2290729226, 3880810761, 2365639678, 1289329918, 389111701, 1021795177, 267372361, 2615842851, 194214192, 3496134824, 2174561029, 2665513767, 2285546084, 1434980981, 451700562, 1212589544, 1399222485, 2740220586, 1806204455, 833513082, 1435766881, 4292635665, 3300120191, 797047092, 309950464, 2806293242, 3147382043, 3946015578, 4180086788, 3268435184, 1058472098, 260472354, 2312740814, 2583653796, 719534161, 3074624492, 3836315647, 3748839190, 3962021192, 3796242639, 1150882903, 2141326491, 2983652058, 3664080287, 2568732019, 3566018235, 2611473077, 3905441609, 2245196048, 520992765, 3683142286, 2058434511, 3406068375, 128998159, 1593053371, 1839980145, 2413638368, 1415014225, 2513822307, 3759803412, 251772045, 1627799469, 2195376878, 1709761832, 3203446983, 1542949354, 128974046, 990268852, 3547407854, 548447047, 3613619438, 539384693, 3580866949, 744846381, 4029042290, 3991556288, 3114044978, 2652304394, 2913590561, 36872506, 93702999, 4016013432, 1481022196, 903512118, 3618629257, 263188462, 1525786604, 3752607815, 2942556734, 4220626775, 2435290155, 2604826495, 4116774412, 3783270540, 3990032810, 975273167, 692190748, 2431297681, 1), None)
Loaded weights: 130.523631362147, -4.441210285094821, -1.4555810017181807, 0.0, 0.0
events: me found the exit, 
  ----
(3, (1801394591, 124196040, 2493979412, 660527586, 2486971817, 621024471, 1469070880, 1107096958, 3840337559, 791308219, 3771046127, 3645693618, 2647779541, 1548579347, 2009474484, 874091177, 1310553695, 4294884107, 2353374479, 3816467059, 2985524822, 2925396676, 504837052, 2253523832, 3499050018, 3878233561, 1917967031, 3165019989, 4133056622, 2429725797, 2270997210, 3959352965, 3826412187, 3021596529, 2786099523, 2678049287, 1317854990, 635261882, 301957246, 1856832360, 807901191, 940283397, 3134324911, 531000412, 449850477, 3565754935, 476215239, 3549579925, 1710799953, 3171115570, 168513846, 2817199003, 2607589812, 1955539181, 3115238041, 74754603, 3619981850, 2161557196, 3788935045, 1771953610, 1971367604, 1396943070, 1256292896, 3670246154, 1772938851, 2664652818, 742850225, 20677649, 1552698663, 3989712780, 2364952315, 2704657712, 4079858950, 3974025752, 2728324141, 3266826229, 3252297740, 2507247084, 3943237721, 2133974380, 3172005488, 747471449, 4115929633, 3005788606, 1504389279, 3755299042, 2653650420, 1276946079, 3465290234, 3086964257, 1647570641, 1610352521, 1660815436, 3171450386, 2995973195, 663881053, 3326246465, 456752230, 919414021, 4014627293, 2634553838, 2724097311, 3193981387, 3385137216, 3020348791, 4042902967, 2934511140, 3669593996, 664006939, 4166785514, 1207504232, 1042983402, 4269500265, 4043514315, 4033465177, 3468271624, 505534462, 3138659785, 3111664225, 163973184, 1357819202, 4256777441, 2881198700, 566532676, 2108869618, 3669578620, 475118569, 4069021122, 1252257681, 1172068315, 3637785194, 2745973432, 536356471, 2658561925, 2559821109, 3197349219, 3864597034, 1492713651, 549250383, 854503290, 2249236928, 1238931187, 1392450749, 1194310534, 4109874511, 2965391607, 1243128662, 2250958608, 2667924398, 3840290975, 903160299, 1956655578, 2479758462, 1198676341, 1856412463, 2666482656, 298843890, 3259196117, 217603279, 451023495, 42722854, 2030934693, 2778361336, 1863515576, 3125783170, 258533220, 3754550765, 1030074504, 3442546257, 4072653924, 3516932879, 177971959, 367187041, 3703231202, 3262605341, 120629050, 2484189071, 360189614, 3336511008, 1135938984, 3306193144, 356182590, 2759950333, 3187125000, 2697599021, 2474354484, 3702912575, 935893520, 3041240793, 2728462073, 3845936518, 1140735982, 3582944303, 1261440627, 2387673090, 4179201263, 3589587017, 3624614396, 4129645157, 2113350668, 545839167, 897829328, 1280531721, 4059994190, 3443558741, 3724624034, 803777186, 2366892830, 3166596092, 198290072, 3265045118, 1443261869, 964653046, 2287245882, 2711718443, 3652283578, 477609346, 2329612776, 2893984373, 559532593, 741109624, 142618438, 2141654848, 190280758, 3677644847, 4167617929, 935652264, 4230274649, 302146022, 3919648664, 204647554, 2231665981, 1039818018, 2501412132, 3222034656, 4016643869, 1840801930, 320227751, 4049431658, 3530273726, 843978270, 2461172107, 2151579566, 3373514732, 3202716351, 1322009576, 1285720746, 3170013622, 3009981769, 2412270757, 2559414132, 269977073, 4120532355, 963583705, 1605866933, 835272291, 1041046474, 2430765053, 194248224, 1124860367, 333190493, 681586583, 1487071125, 3779221957, 482612784, 801557629, 614443852, 981902400, 874051205, 1242282739, 301742466, 1765227760, 2758478342, 2610561116, 3022784341, 2701477708, 578032835, 1093996084, 771665657, 1939747403, 1574762053, 376121107, 2520473710, 2865674033, 3963616312, 4237584660, 377260610, 1202914255, 1620524846, 1649085341, 1509632969, 2422043022, 1328309409, 1465165887, 1685558439, 829224308, 2307654250, 2549358425, 2845740945, 589217887, 2872649437, 3318668191, 384744925, 338004610, 2748781978, 3663050032, 679264624, 3057585203, 589187961, 1300864385, 3453708944, 4285443770, 528721388, 151130061, 2633499530, 2638823394, 1438663177, 3665718704, 2949296641, 2896147338, 1679496431, 1573423870, 4101074902, 447566006, 4214136758, 2091258607, 2954728058, 2177889641, 966307687, 395806905, 465293672, 1290332591, 4047613071, 1801708474, 1466325310, 3130955698, 204620208, 3076148104, 290468088, 2458873866, 3289449324, 283110047, 2166466452, 1846454502, 384767902, 2375826978, 4260180112, 2829088791, 804020262, 1134168480, 3497402448, 1520787662, 2785152042, 540368179, 1885804373, 3936000611, 269176300, 1702664650, 2594887360, 3067231303, 2784941656, 411712117, 2651783260, 208872142, 3889661471, 3704979760, 1684511233, 2603923680, 3808295055, 118803673, 3906605972, 1892285348, 3198960659, 3717497374, 3038229992, 291052653, 1894838979, 2541675638, 369913515, 1018425020, 3918280753, 4031820321, 2960687930, 3630262947, 1122753382, 3747319948, 2577367288, 98783704, 2331341812, 77871815, 2416823678, 1648373508, 266159192, 4052377952, 600802067, 1919544981, 2085459073, 2138066375, 2284084899, 3726693288, 2266217422, 1793139801, 310590917, 704950358, 2976003930, 4161357127, 1036513630, 1675105782, 3759376684, 145685857, 1580620661, 2643341788, 4016035800, 2920664514, 1118149073, 3236508115, 2457587736, 1840669957, 4079713910, 1142885238, 1706709673, 3274241563, 2128751586, 2558319033, 4040476781, 1488265773, 297204962, 2176041552, 3824566918, 525801185, 4116724118, 3068344027, 3791624953, 99204183, 3735311725, 3586289490, 1315978015, 3957793254, 1703219102, 2072371371, 402808778, 772610526, 2949357531, 3713084193, 1907747366, 279913258, 2738385858, 456562212, 2031539586, 41438713, 1182990248, 1475371501, 1311280775, 3078112838, 190262659, 2752659577, 1678994037, 602007925, 3476896874, 265606096, 2989364397, 3166071281, 4054549789, 1844091436, 207628075, 1922822671, 2988148189, 1472065121, 3853437143, 2425534057, 2067148893, 3152165369, 1101834583, 420379473, 3960243822, 169849484, 190596593, 719392248, 1239276357, 784431088, 2818243246, 3377223537, 167165542, 592922958, 82682865, 2594166911, 1964040549, 3244618335, 1019783382, 2984055349, 1127608054, 230654674, 1909677402, 2184369567, 306085252, 2934501996, 2582313897, 2666526214, 462672, 729972409, 1663306238, 587888888, 2635226461, 1052479363, 2760403639, 2011129800, 3305689084, 2016573431, 563580408, 193729771, 208313434, 2332182769, 2412827479, 1035487638, 1120834599, 142842855, 3163058371, 2468706867, 706804357, 774078353, 3147866893, 3096617510, 436672204, 1496579177, 4053882491, 2445954941, 2290729226, 3880810761, 2365639678, 1289329918, 389111701, 1021795177, 267372361, 2615842851, 194214192, 3496134824, 2174561029, 2665513767, 2285546084, 1434980981, 451700562, 1212589544, 1399222485, 2740220586, 1806204455, 833513082, 1435766881, 4292635665, 3300120191, 797047092, 309950464, 2806293242, 3147382043, 3946015578, 4180086788, 3268435184, 1058472098, 260472354, 2312740814, 2583653796, 719534161, 3074624492, 3836315647, 3748839190, 3962021192, 3796242639, 1150882903, 2141326491, 2983652058, 3664080287, 2568732019, 3566018235, 2611473077, 3905441609, 2245196048, 520992765, 3683142286, 2058434511, 3406068375, 128998159, 1593053371, 1839980145, 2413638368, 1415014225, 2513822307, 3759803412, 251772045, 1627799469, 2195376878, 1709761832, 3203446983, 1542949354, 128974046, 990268852, 3547407854, 548447047, 3613619438, 539384693, 3580866949, 744846381, 4029042290, 3991556288, 3114044978, 2652304394, 2913590561, 36872506, 93702999, 4016013432, 1481022196, 903512118, 3618629257, 263188462, 1525786604, 3752607815, 2942556734, 4220626775, 2435290155, 2604826495, 4116774412, 3783270540, 3990032810, 975273167, 692190748, 2431297681, 338), None)
Loaded weights: 136.6593240034251, -0.7023667869877424, -1.4555810017181807, 0.0, 0.0
events: me found the exit, 
  ----
(3, (2093205411, 2188890921, 2375008089, 335879621, 2708184813, 961225429, 184208105, 437908686, 915719749, 2494402038, 259947183, 938724761, 4286641335, 1708476847, 512378967, 1364843560, 149037208, 2643458953, 677172277, 3397545779, 983131239, 3156273064, 1194725066, 234746040, 699716648, 2663544422, 522667724, 2348314714, 2312422592, 1377347983, 1833174477, 150456084, 3696448902, 1063307752, 1612997383, 2260333950, 386340234, 3596326226, 3801411302, 3479914435, 1860852283, 3789864726, 878106245, 2355296547, 2638291994, 2029130983, 1838202548, 2587952337, 237933107, 3862813529, 2446041910, 882934104, 3778505040, 3277663803, 2361558055, 1707789194, 4145223968, 3803503262, 3504123548, 1590902063, 171982106, 3930979706, 582292053, 1609619267, 3017791992, 1048595098, 4102023419, 3140399463, 1149035977, 1835537023, 119998713, 2620920404, 3875397477, 3010590356, 1135701724, 557955409, 1404485031, 8434333, 1971805242, 366231241, 3853483019, 3934217866, 2002071343, 1378344510, 3869703936, 1189281948, 3696339678, 598455052, 1483260848, 2634131154, 2006073668, 230141168, 2941857084, 2205427724, 3346935971, 3422212773, 3484314540, 2421186521, 4550237, 3614373726, 1455976534, 3326057322, 1331753625, 2687489946, 3263049468, 3395737167, 1407666245, 1850286821, 1274112829, 2801027400, 1730618114, 2275577491, 3926209745, 3981887785, 3965622517, 3233822888, 3107646381, 2272934344, 1281400775, 2499749474, 888236188, 2147301299, 2126590643, 2239350516, 2513308568, 3441916903, 1618466440, 234361196, 707581007, 2766395455, 3062260821, 1542744090, 3672775651, 3262123472, 4205198599, 2093174364, 1855891621, 2193996616, 3373637397, 2190834661, 1661237377, 944608485, 1981796278, 3114208554, 2301505868, 912925054, 2688614690, 606788592, 3671445226, 2524328011, 3314316540, 3444889664, 3576718673, 3156378952, 2821916426, 4085170786, 1394240239, 643010236, 1453974892, 1045623729, 2852651951, 2601822514, 4000715640, 935652624, 4042750046, 1380304342, 2176870226, 1404542655, 2602169085, 3040982287, 2749852991, 573517877, 4097311982, 1630058914, 2534755622, 145195437, 2725529630, 2797434368, 2128032041, 4177529586, 808207056, 1078752694, 1498123915, 2543430770, 605425131, 2022668576, 263400025, 377455056, 675430327, 2107610702, 16326746, 823511078, 2574799566, 3117955270, 3195273026, 4099746853, 1459867978, 829105155, 1581987137, 1580181550, 988266397, 1783541726, 345651210, 261011975, 2196435089, 3999849315, 2560557445, 4093044959, 1205498998, 618371688, 492045937, 1157180687, 837864747, 511152963, 1668766131, 348813613, 3670132915, 1616131035, 842396304, 2268177303, 2667735260, 3400759724, 3828062871, 1497470306, 3743263444, 1923320776, 938506082, 901969744, 3064420581, 3415664920, 2408574852, 4288065660, 868704327, 1794959001, 4104506271, 1078522368, 70130170, 936430746, 1590039622, 2796027832, 4119116213, 1586853760, 902824926, 3466090776, 4209629821, 235770208, 3573229544, 4196762140, 1657568549, 191940976, 3707667103, 2322681398, 1534937557, 2851355849, 169107380, 2530363685, 3277937326, 680393437, 2960750380, 1286991863, 2990042876, 3581779986, 789604675, 1499799186, 1487946675, 4040899392, 3525842403, 3991835046, 1575604912, 1017694788, 3103352667, 2406785305, 893326537, 2928545217, 3401820023, 3323734157, 3332856899, 507266197, 2489788578, 1456579245, 1365249389, 2279552016, 2846171341, 2165106492, 2633952788, 2615339965, 3825339415, 973841037, 1113639019, 2537568110, 1474195332, 1296128887, 2351083098, 1598853751, 2744699869, 1085990140, 3214585100, 3403743214, 1421853348, 1785330900, 1218325380, 2446229741, 726891536, 1113405290, 1839884293, 565787778, 2546141199, 757655912, 1437800597, 1371052647, 764447075, 2842111478, 3681204133, 3526208283, 1829711101, 2877313643, 2956890122, 3112151195, 1543009589, 1146886036, 2911923571, 4249257800, 2259450622, 4063831159, 1997268593, 407611232, 243383605, 2467075898, 1425862633, 1119689261, 525538194, 1674987620, 3218548626, 2018796762, 1929799996, 233327589, 3176754316, 797916030, 2397386390, 2282599783, 1009880249, 3972942655, 3083300059, 2991415394, 2176067289, 848693135, 1504160438, 1661425807, 1580217187, 1459233435, 3895162515, 2261716365, 70608289, 3243044349, 2713578626, 1646883513, 2522715354, 3151171381, 2576729830, 2283106511, 389914677, 4121017641, 989519675, 3296582517, 3970923472, 573498058, 2400135061, 2339517465, 3805233750, 1114818172, 3254513912, 259040154, 1486905457, 4207598550, 4119782681, 2074412884, 2647212656, 394457974, 3540856606, 2029963670, 1560439943, 4027532951, 105301996, 846169948, 167659258, 442901776, 2091080541, 2943531605, 1078854798, 3866162631, 1189411474, 4145666674, 1786836326, 1227822596, 4086028586, 1010272354, 334570291, 1056830129, 1295997409, 3081885961, 2370870097, 123495195, 497408390, 3133494195, 1135699068, 540330374, 3370909705, 2459206, 2635316185, 4015526894, 2573120668, 1404691975, 797286337, 4159264366, 2936252902, 1635768251, 2454459411, 963420001, 1394232733, 850250565, 21295892, 3238193843, 1634463782, 3059811747, 3292071370, 1452297008, 1593198854, 1260166878, 3169686641, 774513857, 3455553973, 1797098802, 898938263, 784702444, 2568478582, 3119175974, 287836827, 1872134590, 3761466757, 1039262414, 158408620, 3986302593, 3815398498, 2719694240, 1745068622, 598330225, 3400198277, 2743665181, 1384640399, 3345671491, 3954251083, 1627479368, 1763682539, 3948106108, 3200477107, 1571183872, 1131326845, 2819715505, 3095189908, 3017333454, 2913952446, 360233422, 918404886, 2601958064, 2543158594, 3737347703, 1416738903, 1583049985, 2413075563, 3510872879, 1247933755, 53952009, 2608995351, 3808257247, 3207224154, 4268420866, 503336844, 1629020130, 2635199950, 1216361602, 1415227310, 1324286087, 2272914818, 1478441865, 3167397437, 1408874305, 4111410695, 3965467287, 1419483607, 1317707320, 1606082555, 1616506142, 1758126416, 2604084001, 4204456080, 2283020219, 1944006983, 4177191155, 62729882, 78450742, 3205181885, 1564621062, 4808595, 1307302343, 1708390257, 3068350300, 3015715209, 1101777809, 454135482, 2945478368, 495285147, 1109276512, 3309227894, 1550710491, 2806177697, 3308011733, 1205484200, 2613486105, 3277345888, 150621955, 50709348, 4003152059, 4113279511, 507688686, 453863567, 284893729, 2160685199, 236867195, 4154609298, 3116589829, 3307612673, 4082449278, 3041181772, 3523916951, 85560636, 2356493768, 2277534507, 1770904657, 1521194003, 3592193036, 4128176623, 3719603272, 3123342142, 1558323142, 2712181670, 3896167898, 3803877699, 1455502995, 2860940242, 2408630014, 3785061642, 3016738851, 1842483917, 1913795895, 4066687298, 192376760, 1165894972, 465558645, 791281334, 1940786021, 1677058348, 2556041756, 1649480814, 3410673192, 3349447622, 1973488738, 785646581, 618330580, 418663727, 1648493245, 1090740192, 1433363292, 3757740276, 458151486, 3045667758, 1945376292, 2997488035, 1419901703, 1545572565, 2991054115, 1855042074, 2790487538, 2433380814, 96458036, 3420326207, 1193126015, 564060102, 374392130, 2270547901, 3163173767, 2844139392, 4017653183, 1068352528, 2797057378, 1109579109, 3380541473, 2338937625, 1917098213, 3226118483, 1622361928, 2353001398, 2839585280, 883850577, 1377115199, 1453040619, 1221556842, 1330710954, 824254973, 3940681356, 3029959799, 1975021739, 612799756, 2897786348, 722646594, 1270012193, 2446687812, 853113511, 1012172180, 2279197236, 476675507, 2369198268, 3878364708, 2907335925, 4103630909, 30), None)
Loaded weights: 144.4660290016769, -0.7023667869877424, -1.4555810017181807, 0.0, 0.0
events: me found the exit, 
  ----
(3, (2093205411, 2188890921, 2375008089, 335879621, 2708184813, 961225429, 184208105, 437908686, 915719749, 2494402038, 259947183, 938724761, 4286641335, 1708476847, 512378967, 1364843560, 149037208, 2643458953, 677172277, 3397545779, 983131239, 3156273064, 1194725066, 234746040, 699716648, 2663544422, 522667724, 2348314714, 2312422592, 1377347983, 1833174477, 150456084, 3696448902, 1063307752, 1612997383, 2260333950, 386340234, 3596326226, 3801411302, 3479914435, 1860852283, 3789864726, 878106245, 2355296547, 2638291994, 2029130983, 1838202548, 2587952337, 237933107, 3862813529, 2446041910, 882934104, 3778505040, 3277663803, 2361558055, 1707789194, 4145223968, 3803503262, 3504123548, 1590902063, 171982106, 3930979706, 582292053, 1609619267, 3017791992, 1048595098, 4102023419, 3140399463, 1149035977, 1835537023, 119998713, 2620920404, 3875397477, 3010590356, 1135701724, 557955409, 1404485031, 8434333, 1971805242, 366231241, 3853483019, 3934217866, 2002071343, 1378344510, 3869703936, 1189281948, 3696339678, 598455052, 1483260848, 2634131154, 2006073668, 230141168, 2941857084, 2205427724, 3346935971, 3422212773, 3484314540, 2421186521, 4550237, 3614373726, 1455976534, 3326057322, 1331753625, 2687489946, 3263049468, 3395737167, 1407666245, 1850286821, 1274112829, 2801027400, 1730618114, 2275577491, 3926209745, 3981887785, 3965622517, 3233822888, 3107646381, 2272934344, 1281400775, 2499749474, 888236188, 2147301299, 2126590643, 2239350516, 2513308568, 3441916903, 1618466440, 234361196, 707581007, 2766395455, 3062260821, 1542744090, 3672775651, 3262123472, 4205198599, 2093174364, 1855891621, 2193996616, 3373637397, 2190834661, 1661237377, 944608485, 1981796278, 3114208554, 2301505868, 912925054, 2688614690, 606788592, 3671445226, 2524328011, 3314316540, 3444889664, 3576718673, 3156378952, 2821916426, 4085170786, 1394240239, 643010236, 1453974892, 1045623729, 2852651951, 2601822514, 4000715640, 935652624, 4042750046, 1380304342, 2176870226, 1404542655, 2602169085, 3040982287, 2749852991, 573517877, 4097311982, 1630058914, 2534755622, 145195437, 2725529630, 2797434368, 2128032041, 4177529586, 808207056, 1078752694, 1498123915, 2543430770, 605425131, 2022668576, 263400025, 377455056, 675430327, 2107610702, 16326746, 823511078, 2574799566, 3117955270, 3195273026, 4099746853, 1459867978, 829105155, 1581987137, 1580181550, 988266397, 1783541726, 345651210, 261011975, 2196435089, 3999849315, 2560557445, 4093044959, 1205498998, 618371688, 492045937, 1157180687, 837864747, 511152963, 1668766131, 348813613, 3670132915, 1616131035, 842396304, 2268177303, 2667735260, 3400759724, 3828062871, 1497470306, 3743263444, 1923320776, 938506082, 901969744, 3064420581, 3415664920, 2408574852, 4288065660, 868704327, 1794959001, 4104506271, 1078522368, 70130170, 936430746, 1590039622, 2796027832, 4119116213, 1586853760, 902824926, 3466090776, 4209629821, 235770208, 3573229544, 4196762140, 1657568549, 191940976, 3707667103, 2322681398, 1534937557, 2851355849, 169107380, 2530363685, 3277937326, 680393437, 2960750380, 1286991863, 2990042876, 3581779986, 789604675, 1499799186, 1487946675, 4040899392, 3525842403, 3991835046, 1575604912, 1017694788, 3103352667, 2406785305, 893326537, 2928545217, 3401820023, 3323734157, 3332856899, 507266197, 2489788578, 1456579245, 1365249389, 2279552016, 2846171341, 2165106492, 2633952788, 2615339965, 3825339415, 973841037, 1113639019, 2537568110, 1474195332, 1296128887, 2351083098, 1598853751, 2744699869, 1085990140, 3214585100, 3403743214, 1421853348, 1785330900, 1218325380, 2446229741, 726891536, 1113405290, 1839884293, 565787778, 2546141199, 757655912, 1437800597, 1371052647, 764447075, 2842111478, 3681204133, 3526208283, 1829711101, 2877313643, 2956890122, 3112151195, 1543009589, 1146886036, 2911923571, 4249257800, 2259450622, 4063831159, 1997268593, 407611232, 243383605, 2467075898, 1425862633, 1119689261, 525538194, 1674987620, 3218548626, 2018796762, 1929799996, 233327589, 3176754316, 797916030, 2397386390, 2282599783, 1009880249, 3972942655, 3083300059, 2991415394, 2176067289, 848693135, 1504160438, 1661425807, 1580217187, 1459233435, 3895162515, 2261716365, 70608289, 3243044349, 2713578626, 1646883513, 2522715354, 3151171381, 2576729830, 2283106511, 389914677, 4121017641, 989519675, 3296582517, 3970923472, 573498058, 2400135061, 2339517465, 3805233750, 1114818172, 3254513912, 259040154, 1486905457, 4207598550, 4119782681, 2074412884, 2647212656, 394457974, 3540856606, 2029963670, 1560439943, 4027532951, 105301996, 846169948, 167659258, 442901776, 2091080541, 2943531605, 1078854798, 3866162631, 1189411474, 4145666674, 1786836326, 1227822596, 4086028586, 1010272354, 334570291, 1056830129, 1295997409, 3081885961, 2370870097, 123495195, 497408390, 3133494195, 1135699068, 540330374, 3370909705, 2459206, 2635316185, 4015526894, 2573120668, 1404691975, 797286337, 4159264366, 2936252902, 1635768251, 2454459411, 963420001, 1394232733, 850250565, 21295892, 3238193843, 1634463782, 3059811747, 3292071370, 1452297008, 1593198854, 1260166878, 3169686641, 774513857, 3455553973, 1797098802, 898938263, 784702444, 2568478582, 3119175974, 287836827, 1872134590, 3761466757, 1039262414, 158408620, 3986302593, 3815398498, 2719694240, 1745068622, 598330225, 3400198277, 2743665181, 1384640399, 3345671491, 3954251083, 1627479368, 1763682539, 3948106108, 3200477107, 1571183872, 1131326845, 2819715505, 3095189908, 3017333454, 2913952446, 360233422, 918404886, 2601958064, 2543158594, 3737347703, 1416738903, 1583049985, 2413075563, 3510872879, 1247933755, 53952009, 2608995351, 3808257247, 3207224154, 4268420866, 503336844, 1629020130, 2635199950, 1216361602, 1415227310, 1324286087, 2272914818, 1478441865, 3167397437, 1408874305, 4111410695, 3965467287, 1419483607, 1317707320, 1606082555, 1616506142, 1758126416, 2604084001, 4204456080, 2283020219, 1944006983, 4177191155, 62729882, 78450742, 3205181885, 1564621062, 4808595, 1307302343, 1708390257, 3068350300, 3015715209, 1101777809, 454135482, 2945478368, 495285147, 1109276512, 3309227894, 1550710491, 2806177697, 3308011733, 1205484200, 2613486105, 3277345888, 150621955, 50709348, 4003152059, 4113279511, 507688686, 453863567, 284893729, 2160685199, 236867195, 4154609298, 3116589829, 3307612673, 4082449278, 3041181772, 3523916951, 85560636, 2356493768, 2277534507, 1770904657, 1521194003, 3592193036, 4128176623, 3719603272, 3123342142, 1558323142, 2712181670, 3896167898, 3803877699, 1455502995, 2860940242, 2408630014, 3785061642, 3016738851, 1842483917, 1913795895, 4066687298, 192376760, 1165894972, 465558645, 791281334, 1940786021, 1677058348, 2556041756, 1649480814, 3410673192, 3349447622, 1973488738, 785646581, 618330580, 418663727, 1648493245, 1090740192, 1433363292, 3757740276, 458151486, 3045667758, 1945376292, 2997488035, 1419901703, 1545572565, 2991054115, 1855042074, 2790487538, 2433380814, 96458036, 3420326207, 1193126015, 564060102, 374392130, 2270547901, 3163173767, 2844139392, 4017653183, 1068352528, 2797057378, 1109579109, 3380541473, 2338937625, 1917098213, 3226118483, 1622361928, 2353001398, 2839585280, 883850577, 1377115199, 1453040619, 1221556842, 1330710954, 824254973, 3940681356, 3029959799, 1975021739, 612799756, 2897786348, 722646594, 1270012193, 2446687812, 853113511, 1012172180, 2279197236, 476675507, 2369198268, 3878364708, 2907335925, 4103630909, 341), None)
Loaded weights: 152.4043912866043, 1.4630503941288704, -1.4555810017181807, 0.0, 0.0
events: me found the exit, 
  ----
(3, (2798562298, 2465216146, 1690036020, 82699512, 3270591150, 2177895469, 3083446740, 3253974913, 711069565, 375098753, 2194985045, 1004237149, 79300582, 252911720, 2064975891, 737447821, 1613110133, 1646621475, 3711324413, 1443370751, 662498485, 813779704, 877867801, 362715392, 3462648192, 788026176, 3013426574, 2161338282, 2794762024, 4049402687, 1332182356, 2462334642, 1905934389, 1693257961, 1749120909, 2115452754, 99111237, 3898451973, 1196935704, 4283799385, 1600446005, 588297752, 2731028096, 1204915617, 149658669, 3584164664, 909315863, 3055311752, 2311034370, 2186230046, 4191765169, 1646025511, 1070383745, 886630279, 333723789, 1385571451, 2584296499, 3601674493, 2881975112, 1179562992, 2637664012, 1882120289, 86507952, 3024129602, 1245224067, 2508913588, 1602835164, 1822639993, 1904205719, 3471478004, 1346855979, 1705165574, 2298171493, 733561429, 2325697150, 726790683, 2075495758, 2246702407, 1837646009, 3051307350, 338128039, 2142491270, 1637079965, 1728698414, 765362377, 2840672493, 164291087, 2432616421, 1568236584, 2395342501, 3934776559, 1127681865, 254839358, 2769123189, 2628531347, 253613190, 1243067410, 598798177, 2745394196, 414910828, 3689229638, 4245022473, 347798523, 3727959747, 2709119742, 4038216558, 3821533290, 3643011632, 2778295288, 3226712072, 3681696775, 4145783821, 1077131947, 4070739774, 578693940, 11209343, 533785151, 1484398749, 3478377444, 497192678, 1026591007, 1697676774, 172403833, 1239598760, 285232535, 2232435027, 415153752, 2534650487, 2609020641, 1115878010, 1675917942, 1138750396, 3640354285, 561874013, 2369035344, 453190849, 3546835251, 4170969705, 1412903141, 1867179956, 3970148092, 1638167496, 3402826393, 2996429129, 2256647415, 2852842415, 251097662, 2361556179, 973694240, 2155653949, 812341939, 1494677925, 3514926170, 3045258895, 3396380946, 2639763301, 1631318633, 3643821044, 2371266239, 3379729460, 1446349036, 1477637898, 676101613, 1536056579, 4051237111, 1655777223, 999932328, 1394657895, 3054069306, 3861841333, 3972387089, 585650008, 316038764, 1250556275, 2285114197, 3468735739, 1209036094, 1407851493, 1333007197, 3938199755, 1955054044, 3920815951, 3112897306, 2777809968, 2585053538, 266032189, 243275228, 1190635067, 2043831128, 568479723, 249176401, 2347362010, 3764793316, 4139769889, 207528818, 1412181173, 655005628, 4094689050, 3865652278, 252851208, 1197723402, 3389502806, 4269582996, 339884833, 1199341422, 3790163276, 3001473167, 896965072, 1520613214, 3639851597, 2320828325, 1796395206, 581631241, 3708513453, 3085637957, 416342378, 3257933680, 1386750057, 189079376, 2102939337, 1494038850, 1824831392, 1892267778, 2730085846, 2658853824, 3065141060, 4000910229, 613791575, 4147855902, 595333366, 2066136262, 35275346, 765906878, 345242820, 2715274881, 678757248, 229895116, 2914507382, 680038017, 3882937315, 1616485288, 1643973116, 213426945, 2220508820, 623098771, 4148937481, 723179505, 3474088696, 892939840, 2200224393, 1353072155, 987088309, 2735406587, 4137095764, 313717735, 3341025919, 1007859342, 1465632450, 1838578070, 1753642827, 240369888, 2797728755, 1386590235, 2964897859, 3492820389, 3075174454, 2309152650, 831534957, 1027920698, 666643954, 2573430258, 3413943958, 1542305031, 3394923635, 1276837649, 1944357116, 1415162763, 4092253920, 2424060590, 2389996776, 926383503, 3728611380, 303060965, 3564522297, 39122428, 1087292828, 2185482857, 621763558, 2072968150, 1858549362, 199791398, 1277807534, 1663304272, 3612182509, 217986311, 1857194257, 2879058691, 974685561, 1352023404, 2897495463, 3126244092, 3744918646, 176122286, 3563587987, 2503305990, 4284576865, 3813357026, 2817937458, 3462868842, 3998429171, 1941589717, 3642977220, 1498373567, 3863332014, 473325071, 90582061, 1265721911, 510879402, 1629029507, 2163215448, 3685627089, 3757705708, 4010407522, 2828728309, 798309585, 1038813777, 289227505, 680782445, 1163123392, 454259250, 4024369905, 3197268279, 2358802691, 3661942004, 1189046045, 3140869566, 2543068599, 3691030348, 706072161, 2267270184, 1573722750, 3767872902, 1502460494, 3322038668, 2553910149, 3816818367, 3039400574, 2334138481, 3611679860, 2807801839, 2475552945, 3390197656, 1019119474, 1214269465, 2131737588, 2427237516, 2254685503, 791582981, 2665347844, 174916904, 2191911446, 1229013778, 2687859108, 2772423899, 2844558092, 3401061360, 3019591015, 2646869975, 10293494, 3928947429, 4112625796, 869872656, 2540668484, 3979915373, 4044423033, 887997464, 3418215046, 435014972, 627678574, 1711801030, 344843547, 2303970020, 2220905675, 1707397396, 3556989308, 705674190, 1203993025, 907184811, 4062330166, 1262354596, 1610788922, 2218295876, 1176939717, 39595325, 221974102, 653870972, 1616464946, 1397935422, 2688029443, 3447104283, 2419030049, 2263285654, 1252699645, 701030144, 1139834662, 4060783494, 2863590376, 3808865519, 2652827320, 4112798036, 1430669292, 350139997, 875560714, 1493287215, 2940271929, 3925662094, 3831279748, 3193943872, 196588455, 3770963566, 1328948647, 2095799137, 3591642811, 1159075161, 2672286338, 3373402293, 714898279, 3223172589, 68818921, 1099944593, 1640824248, 3300824442, 4136337594, 3194828596, 1770255683, 2336096972, 4013488786, 591659448, 904536481, 638743263, 1926156082, 3328063348, 1239252922, 3056717399, 3665065230, 3071859661, 3046407960, 2839969370, 3598284254, 2618920312, 3526976370, 872253290, 2199650298, 672139411, 1246140887, 1334092927, 2927368433, 655937548, 1542860597, 2071035617, 1580179491, 3129544970, 637427416, 1182345581, 1541331346, 3686326901, 1364585916, 4273694018, 2421451956, 4034980163, 482961743, 2984904007, 524140985, 1955592796, 2955351417, 2050558342, 3014176120, 1580123388, 1586880500, 2301079084, 1223172808, 286131494, 841166692, 3145684303, 2813308349, 3457768010, 2275465951, 4246125780, 2172959983, 3832573753, 2157197004, 3830793485, 601380217, 4109347778, 3969026159, 3718511430, 2194271572, 3636329151, 3374984845, 3714096390, 2767941872, 3577143303, 3424244928, 4290306284, 3902501198, 1351917237, 2007572991, 985643730, 3388354372, 3319422711, 4118368393, 550212167, 3085995566, 149556582, 3734096723, 409200258, 4197242785, 1782888726, 2438749424, 1655104482, 2030606191, 4016263379, 563335782, 1058338715, 2876089526, 3388618228, 1924387397, 2173146549, 450882859, 4058303601, 2915210284, 3482782496, 258776821, 2714235772, 2714554070, 344959520, 60649732, 3353818115, 4063046082, 3141570967, 2292160138, 1092840336, 1796678606, 1537552356, 1785593927, 2303524093, 1922574286, 3471640888, 2553440915, 2680442087, 1752539963, 3228861800, 2649399317, 672079440, 1831361969, 1743571038, 2411998423, 4165729706, 508413018, 3177351573, 3597255162, 938994986, 2660270762, 4098253908, 2798657917, 2759294788, 2504962242, 3367996470, 1220320263, 2030835134, 3971348514, 3083131903, 2921819552, 2951547817, 4074384227, 1461217402, 1409542835, 613058564, 1245254102, 1274437247, 1531572960, 931824403, 3530776086, 981758335, 3584622053, 2383582439, 21325705, 403160343, 2383211022, 4109792868, 1267410651, 4133118212, 3655584065, 1273141002, 544459544, 3693153701, 168035912, 1275876594, 1132500916, 2440069023, 3113804141, 844067086, 2230319832, 2046342060, 1032482825, 46209467, 3884983015, 570222173, 1243068416, 1739906113, 2005375890, 3261006730, 2139545839, 4212303246, 1056454025, 843460794, 1427391086, 1676563744, 1392806978, 1086136475, 1909046831, 3264645363, 3317551037, 859707855, 39), None)
Loaded weights: 158.48950316360344, 1.4630503941288704, -1.4555810017181807, 0.0, 0.0
events: 
  ----
(3, (2798562298, 2465216146, 1690036020, 82699512, 3270591150, 2177895469, 3083446740, 3253974913, 711069565, 375098753, 2194985045, 1004237149, 79300582, 252911720, 2064975891, 737447821, 1613110133, 1646621475, 3711324413, 1443370751, 662498485, 813779704, 877867801, 362715392, 3462648192, 788026176, 3013426574, 2161338282, 2794762024, 4049402687, 1332182356, 2462334642, 1905934389, 1693257961, 1749120909, 2115452754, 99111237, 3898451973, 1196935704, 4283799385, 1600446005, 588297752, 2731028096, 1204915617, 149658669, 3584164664, 909315863, 3055311752, 2311034370, 2186230046, 4191765169, 1646025511, 1070383745, 886630279, 333723789, 1385571451, 2584296499, 3601674493, 2881975112, 1179562992, 2637664012, 1882120289, 86507952, 3024129602, 1245224067, 2508913588, 1602835164, 1822639993, 1904205719, 3471478004, 1346855979, 1705165574, 2298171493, 733561429, 2325697150, 726790683, 2075495758, 2246702407, 1837646009, 3051307350, 338128039, 2142491270, 1637079965, 1728698414, 765362377, 2840672493, 164291087, 2432616421, 1568236584, 2395342501, 3934776559, 1127681865, 254839358, 2769123189, 2628531347, 253613190, 1243067410, 598798177, 2745394196, 414910828, 3689229638, 4245022473, 347798523, 3727959747, 2709119742, 4038216558, 3821533290, 3643011632, 2778295288, 3226712072, 3681696775, 4145783821, 1077131947, 4070739774, 578693940, 11209343, 533785151, 1484398749, 3478377444, 497192678, 1026591007, 1697676774, 172403833, 1239598760, 285232535, 2232435027, 415153752, 2534650487, 2609020641, 1115878010, 1675917942, 1138750396, 3640354285, 561874013, 2369035344, 453190849, 3546835251, 4170969705, 1412903141, 1867179956, 3970148092, 1638167496, 3402826393, 2996429129, 2256647415, 2852842415, 251097662, 2361556179, 973694240, 2155653949, 812341939, 1494677925, 3514926170, 3045258895, 3396380946, 2639763301, 1631318633, 3643821044, 2371266239, 3379729460, 1446349036, 1477637898, 676101613, 1536056579, 4051237111, 1655777223, 999932328, 1394657895, 3054069306, 3861841333, 3972387089, 585650008, 316038764, 1250556275, 2285114197, 3468735739, 1209036094, 1407851493, 1333007197, 3938199755, 1955054044, 3920815951, 3112897306, 2777809968, 2585053538, 266032189, 243275228, 1190635067, 2043831128, 568479723, 249176401, 2347362010, 3764793316, 4139769889, 207528818, 1412181173, 655005628, 4094689050, 3865652278, 252851208, 1197723402, 3389502806, 4269582996, 339884833, 1199341422, 3790163276, 3001473167, 896965072, 1520613214, 3639851597, 2320828325, 1796395206, 581631241, 3708513453, 3085637957, 416342378, 3257933680, 1386750057, 189079376, 2102939337, 1494038850, 1824831392, 1892267778, 2730085846, 2658853824, 3065141060, 4000910229, 613791575, 4147855902, 595333366, 2066136262, 35275346, 765906878, 345242820, 2715274881, 678757248, 229895116, 2914507382, 680038017, 3882937315, 1616485288, 1643973116, 213426945, 2220508820, 623098771, 4148937481, 723179505, 3474088696, 892939840, 2200224393, 1353072155, 987088309, 2735406587, 4137095764, 313717735, 3341025919, 1007859342, 1465632450, 1838578070, 1753642827, 240369888, 2797728755, 1386590235, 2964897859, 3492820389, 3075174454, 2309152650, 831534957, 1027920698, 666643954, 2573430258, 3413943958, 1542305031, 3394923635, 1276837649, 1944357116, 1415162763, 4092253920, 2424060590, 2389996776, 926383503, 3728611380, 303060965, 3564522297, 39122428, 1087292828, 2185482857, 621763558, 2072968150, 1858549362, 199791398, 1277807534, 1663304272, 3612182509, 217986311, 1857194257, 2879058691, 974685561, 1352023404, 2897495463, 3126244092, 3744918646, 176122286, 3563587987, 2503305990, 4284576865, 3813357026, 2817937458, 3462868842, 3998429171, 1941589717, 3642977220, 1498373567, 3863332014, 473325071, 90582061, 1265721911, 510879402, 1629029507, 2163215448, 3685627089, 3757705708, 4010407522, 2828728309, 798309585, 1038813777, 289227505, 680782445, 1163123392, 454259250, 4024369905, 3197268279, 2358802691, 3661942004, 1189046045, 3140869566, 2543068599, 3691030348, 706072161, 2267270184, 1573722750, 3767872902, 1502460494, 3322038668, 2553910149, 3816818367, 3039400574, 2334138481, 3611679860, 2807801839, 2475552945, 3390197656, 1019119474, 1214269465, 2131737588, 2427237516, 2254685503, 791582981, 2665347844, 174916904, 2191911446, 1229013778, 2687859108, 2772423899, 2844558092, 3401061360, 3019591015, 2646869975, 10293494, 3928947429, 4112625796, 869872656, 2540668484, 3979915373, 4044423033, 887997464, 3418215046, 435014972, 627678574, 1711801030, 344843547, 2303970020, 2220905675, 1707397396, 3556989308, 705674190, 1203993025, 907184811, 4062330166, 1262354596, 1610788922, 2218295876, 1176939717, 39595325, 221974102, 653870972, 1616464946, 1397935422, 2688029443, 3447104283, 2419030049, 2263285654, 1252699645, 701030144, 1139834662, 4060783494, 2863590376, 3808865519, 2652827320, 4112798036, 1430669292, 350139997, 875560714, 1493287215, 2940271929, 3925662094, 3831279748, 3193943872, 196588455, 3770963566, 1328948647, 2095799137, 3591642811, 1159075161, 2672286338, 3373402293, 714898279, 3223172589, 68818921, 1099944593, 1640824248, 3300824442, 4136337594, 3194828596, 1770255683, 2336096972, 4013488786, 591659448, 904536481, 638743263, 1926156082, 3328063348, 1239252922, 3056717399, 3665065230, 3071859661, 3046407960, 2839969370, 3598284254, 2618920312, 3526976370, 872253290, 2199650298, 672139411, 1246140887, 1334092927, 2927368433, 655937548, 1542860597, 2071035617, 1580179491, 3129544970, 637427416, 1182345581, 1541331346, 3686326901, 1364585916, 4273694018, 2421451956, 4034980163, 482961743, 2984904007, 524140985, 1955592796, 2955351417, 2050558342, 3014176120, 1580123388, 1586880500, 2301079084, 1223172808, 286131494, 841166692, 3145684303, 2813308349, 3457768010, 2275465951, 4246125780, 2172959983, 3832573753, 2157197004, 3830793485, 601380217, 4109347778, 3969026159, 3718511430, 2194271572, 3636329151, 3374984845, 3714096390, 2767941872, 3577143303, 3424244928, 4290306284, 3902501198, 1351917237, 2007572991, 985643730, 3388354372, 3319422711, 4118368393, 550212167, 3085995566, 149556582, 3734096723, 409200258, 4197242785, 1782888726, 2438749424, 1655104482, 2030606191, 4016263379, 563335782, 1058338715, 2876089526, 3388618228, 1924387397, 2173146549, 450882859, 4058303601, 2915210284, 3482782496, 258776821, 2714235772, 2714554070, 344959520, 60649732, 3353818115, 4063046082, 3141570967, 2292160138, 1092840336, 1796678606, 1537552356, 1785593927, 2303524093, 1922574286, 3471640888, 2553440915, 2680442087, 1752539963, 3228861800, 2649399317, 672079440, 1831361969, 1743571038, 2411998423, 4165729706, 508413018, 3177351573, 3597255162, 938994986, 2660270762, 4098253908, 2798657917, 2759294788, 2504962242, 3367996470, 1220320263, 2030835134, 3971348514, 3083131903, 2921819552, 2951547817, 4074384227, 1461217402, 1409542835, 613058564, 1245254102, 1274437247, 1531572960, 931824403, 3530776086, 981758335, 3584622053, 2383582439, 21325705, 403160343, 2383211022, 4109792868, 1267410651, 4133118212, 3655584065, 1273141002, 544459544, 3693153701, 168035912, 1275876594, 1132500916, 2440069023, 3113804141, 844067086, 2230319832, 2046342060, 1032482825, 46209467, 3884983015, 570222173, 1243068416, 1739906113, 2005375890, 3261006730, 2139545839, 4212303246, 1056454025, 843460794, 1427391086, 1676563744, 1392806978, 1086136475, 1909046831, 3264645363, 3317551037, 859707855, 312), None)
Loaded weights: 157.7049939554521, -1.0160249594328523, -1.4555810017181807, 0.0, 0.0
events: me found the exit, 
  ----
(3, (439015031, 3529891993, 3472904551, 2975324534, 1594247519, 290355479, 3493442591, 2412365895, 1613747609, 852243229, 669230238, 2621697355, 4071473504, 4056183610, 2553037124, 2637447791, 4045129825, 416507288, 468738606, 1860859393, 2787054140, 2291571444, 3926596334, 1745341799, 731345601, 3487203452, 92251788, 3423440150, 682935797, 1294976461, 3380587188, 3856631596, 3941722682, 3437557409, 4222946003, 1836521671, 323703785, 170397775, 765229503, 427959639, 852253364, 613299937, 3706848464, 4021531131, 3968808680, 2345421038, 2906645395, 2662055439, 4131342146, 1349545631, 1094771478, 1352115265, 528305764, 1120129003, 2210276744, 387436860, 3662553138, 530915443, 748944775, 2699550583, 3322351843, 1499607021, 1632713152, 2721799869, 2957798608, 1245378486, 3911203342, 4201219718, 4241335311, 2692673398, 3429500097, 220296281, 1012201654, 428261488, 2102021269, 585565982, 4017336352, 1609270778, 1624680749, 1622387700, 1643589055, 4149510885, 3131261499, 3341800051, 2628659599, 4023316156, 705201762, 3373473705, 1349708231, 1810603127, 92638127, 2250045936, 1878942812, 1472896090, 2749083470, 114528112, 2084531373, 4249041509, 2449375216, 2939911159, 1060616676, 444588975, 1802649272, 4098326927, 2909783472, 3187288309, 2468944372, 3126314162, 817709745, 2199424803, 3627735051, 820462286, 4236974440, 2756068627, 3113658279, 554716142, 3185552887, 4181205665, 1454547441, 2109481969, 1490847717, 225950227, 1180139702, 3900703099, 1961083045, 1842122058, 2912263807, 2141465369, 2830847177, 1128394622, 2691198059, 2947215106, 944946816, 2874726916, 454961567, 3218086579, 1149418135, 1390405243, 590010874, 902603386, 3073707495, 1313609809, 2063913452, 1389886510, 2368646808, 745315025, 3301744978, 929739479, 276437436, 3013950024, 2070857013, 2968692926, 1544390527, 223213490, 400031237, 1954540030, 77020074, 2995502641, 55935556, 3839813793, 3561129519, 2472757875, 162338763, 2010975582, 3752316438, 2203869822, 1155445176, 3184824928, 1315458369, 2049239189, 2580261786, 1104655153, 3309328856, 1906786647, 1236021597, 3392101183, 521188996, 1281921554, 4216245440, 775948893, 2304461692, 385651803, 423582823, 373528145, 3916405202, 3576911096, 2163675837, 3913403465, 132842445, 2669725694, 502484602, 4265606652, 379664043, 228882274, 1162135425, 3395715743, 1910859911, 1397185795, 2611484577, 699785677, 1762627161, 1019134718, 1113182928, 2586238682, 45864872, 1150559808, 591658820, 282799014, 3081794626, 1001525738, 1416990270, 3259659867, 3493452488, 3044714479, 2385998655, 1587474263, 189662565, 995801633, 2514659073, 2039668431, 1435242224, 1801476035, 1373750896, 1056231375, 2580521809, 730462888, 4168905403, 565671800, 2212227298, 4069723908, 2958751839, 1238707840, 453478261, 1507517312, 3690154375, 1727406207, 605543974, 3937358593, 921905253, 2189495476, 3241867204, 125345819, 2669240613, 981640567, 3128833219, 3614816521, 1231243133, 4236477724, 269241199, 458274108, 3966082914, 2736438499, 3029403990, 3576590240, 1989623030, 1992138418, 1719805612, 4290025087, 1217662038, 3990358602, 1183629191, 200237569, 3961767993, 3797678564, 1368238164, 1766659706, 3628240446, 745419561, 927997976, 3494097449, 2316165808, 410082484, 938069512, 1379544260, 2807691889, 1159406168, 1770325487, 159317569, 397254197, 3723378812, 1843184625, 1405009573, 2753840255, 2607045324, 1069695677, 3028984940, 4066407044, 4223692040, 1845605588, 1688563795, 2217720682, 2178838008, 4170482847, 911708242, 1412985553, 1879600465, 1685724437, 3827374711, 2188633685, 1635754440, 1981658699, 947255362, 2447094536, 2783511971, 3109261077, 292762588, 860390381, 113555978, 427140547, 1517737358, 3955124113, 1761687439, 3706457323, 4246411706, 1386789216, 3972196355, 1691496226, 2885794097, 2254766044, 2602684139, 943167660, 3563017343, 3415622741, 3002941978, 2059276178, 6843991, 578436638, 496915588, 402021046, 3314880287, 839256523, 1915439598, 3503836815, 1766726309, 2815240813, 3800031413, 3977829509, 339251172, 863413466, 2456654935, 2483868624, 3578821248, 34697000, 1758188778, 300978465, 203843790, 2703524630, 863922655, 3352484155, 2526660657, 2374575799, 716997404, 3505658265, 2450670469, 2012377439, 1921130121, 2380141347, 2936443369, 3936120214, 956320651, 3489168269, 184849741, 1950826497, 272956177, 931393411, 3823095702, 3794145614, 4152067484, 3797145084, 26479022, 188442150, 2258202042, 3287839288, 625765937, 1830572251, 900002047, 4283686102, 1775897474, 2213980637, 3477325101, 165941952, 3438240959, 110985588, 781621012, 3884737494, 3116142203, 1725898027, 3981678772, 4143729185, 967593942, 1975602300, 633088171, 461030463, 1111701139, 2930258398, 2118445912, 1401785866, 283054788, 3194245731, 341792023, 852770460, 3052525436, 3737859263, 1055426839, 1970127825, 2920921396, 3335253237, 3327409184, 1819196657, 1939636113, 2233761184, 4084754007, 1622869168, 241163518, 2646581390, 1975868303, 3222215774, 3240109942, 3462256331, 3895628967, 2866375181, 4148590595, 837105900, 2118550982, 2932271494, 1475254989, 2427685860, 2987013490, 2238815081, 1925164044, 3094975591, 2046695413, 463650266, 3465196858, 356788928, 3224111371, 1779437878, 3616026161, 1212940267, 3915300177, 2522201173, 3940142306, 3700340899, 1718894562, 4192102168, 3475544205, 758243810, 1051767839, 627872127, 956135369, 1728711802, 2554485932, 3867758142, 1146588815, 2675807640, 233657413, 2703189762, 78208794, 3982827823, 2904090555, 1151232773, 2299291371, 3703702550, 167293679, 1585156836, 1582948027, 3185360405, 2299576734, 3861931109, 1215653213, 3145668363, 1827169472, 3979494439, 3363339550, 2174681567, 165158355, 1950865218, 3274666136, 2810801141, 3504674866, 3718868275, 1871096644, 4060775626, 2891792557, 2562210650, 2454508006, 2471711776, 2672185647, 3772769602, 2892616543, 158985149, 2573808183, 1396360091, 922974934, 1119866506, 1983174322, 622198697, 2005943593, 1992364599, 1704228464, 2712267800, 3243577361, 986141230, 499694920, 4164682180, 3044130325, 3232865557, 1227347027, 2824544513, 1200643300, 1376330544, 607782314, 4043285215, 1142958066, 3086065225, 3391057883, 294071512, 2357302546, 4035779593, 1561886711, 2565769444, 82942946, 4136281667, 1909247822, 2161901709, 1646444456, 4172602317, 2725965825, 2576297637, 3342530846, 3257040947, 1743614128, 26266210, 1672406150, 1283682074, 414915905, 3767402320, 2460545904, 2913587099, 2560870318, 2643111026, 1730357383, 3239084017, 3371016158, 833582992, 4280871995, 3159837303, 3978698042, 45466323, 648291607, 2462515374, 2906910535, 1416618367, 2380701721, 778580139, 2300378114, 3115381194, 2099309542, 4120034811, 3152850546, 850783280, 2827316024, 2556220063, 662207716, 1174614086, 2043804859, 4130493004, 1767517452, 3923144799, 877368121, 2854291914, 1189292017, 3268959685, 1094788728, 1492278754, 1960549565, 2229046323, 2828381788, 2521767164, 4249936105, 283095763, 1590419028, 3066599145, 1040375054, 1896311621, 859205261, 2886411743, 3372093066, 1904193151, 2290770867, 728353683, 3262823420, 2251195411, 4062180546, 1080275857, 2807158488, 663888855, 721104380, 388620970, 104641105, 2087442102, 1869327799, 1230547241, 2023642125, 4054988672, 691406961, 112527068, 753913536, 1715321408, 1029590205, 263788241, 21472126, 2218122428, 2695608112, 4101013737, 3698748182, 140207430, 1547897437, 2632583225, 3130436599, 4194353717, 1434347231, 3201521504, 3348125166, 37), None)
Loaded weights: 163.77822555729992, 1.5653767058763846, -1.4555810017181807, 0.0, 0.0
events: me found the exit, 
  ----
(3, (439015031, 3529891993, 3472904551, 2975324534, 1594247519, 290355479, 3493442591, 2412365895, 1613747609, 852243229, 669230238, 2621697355, 4071473504, 4056183610, 2553037124, 2637447791, 4045129825, 416507288, 468738606, 1860859393, 2787054140, 2291571444, 3926596334, 1745341799, 731345601, 3487203452, 92251788, 3423440150, 682935797, 1294976461, 3380587188, 3856631596, 3941722682, 3437557409, 4222946003, 1836521671, 323703785, 170397775, 765229503, 427959639, 852253364, 613299937, 3706848464, 4021531131, 3968808680, 2345421038, 2906645395, 2662055439, 4131342146, 1349545631, 1094771478, 1352115265, 528305764, 1120129003, 2210276744, 387436860, 3662553138, 530915443, 748944775, 2699550583, 3322351843, 1499607021, 1632713152, 2721799869, 2957798608, 1245378486, 3911203342, 4201219718, 4241335311, 2692673398, 3429500097, 220296281, 1012201654, 428261488, 2102021269, 585565982, 4017336352, 1609270778, 1624680749, 1622387700, 1643589055, 4149510885, 3131261499, 3341800051, 2628659599, 4023316156, 705201762, 3373473705, 1349708231, 1810603127, 92638127, 2250045936, 1878942812, 1472896090, 2749083470, 114528112, 2084531373, 4249041509, 2449375216, 2939911159, 1060616676, 444588975, 1802649272, 4098326927, 2909783472, 3187288309, 2468944372, 3126314162, 817709745, 2199424803, 3627735051, 820462286, 4236974440, 2756068627, 3113658279, 554716142, 3185552887, 4181205665, 1454547441, 2109481969, 1490847717, 225950227, 1180139702, 3900703099, 1961083045, 1842122058, 2912263807, 2141465369, 2830847177, 1128394622, 2691198059, 2947215106, 944946816, 2874726916, 454961567, 3218086579, 1149418135, 1390405243, 590010874, 902603386, 3073707495, 1313609809, 2063913452, 1389886510, 2368646808, 745315025, 3301744978, 929739479, 276437436, 3013950024, 2070857013, 2968692926, 1544390527, 223213490, 400031237, 1954540030, 77020074, 2995502641, 55935556, 3839813793, 3561129519, 2472757875, 162338763, 2010975582, 3752316438, 2203869822, 1155445176, 3184824928, 1315458369, 2049239189, 2580261786, 1104655153, 3309328856, 1906786647, 1236021597, 3392101183, 521188996, 1281921554, 4216245440, 775948893, 2304461692, 385651803, 423582823, 373528145, 3916405202, 3576911096, 2163675837, 3913403465, 132842445, 2669725694, 502484602, 4265606652, 379664043, 228882274, 1162135425, 3395715743, 1910859911, 1397185795, 2611484577, 699785677, 1762627161, 1019134718, 1113182928, 2586238682, 45864872, 1150559808, 591658820, 282799014, 3081794626, 1001525738, 1416990270, 3259659867, 3493452488, 3044714479, 2385998655, 1587474263, 189662565, 995801633, 2514659073, 2039668431, 1435242224, 1801476035, 1373750896, 1056231375, 2580521809, 730462888, 4168905403, 565671800, 2212227298, 4069723908, 2958751839, 1238707840, 453478261, 1507517312, 3690154375, 1727406207, 605543974, 3937358593, 921905253, 2189495476, 3241867204, 125345819, 2669240613, 981640567, 3128833219, 3614816521, 1231243133, 4236477724, 269241199, 458274108, 3966082914, 2736438499, 3029403990, 3576590240, 1989623030, 1992138418, 1719805612, 4290025087, 1217662038, 3990358602, 1183629191, 200237569, 3961767993, 3797678564, 1368238164, 1766659706, 3628240446, 745419561, 927997976, 3494097449, 2316165808, 410082484, 938069512, 1379544260, 2807691889, 1159406168, 1770325487, 159317569, 397254197, 3723378812, 1843184625, 1405009573, 2753840255, 2607045324, 1069695677, 3028984940, 4066407044, 4223692040, 1845605588, 1688563795, 2217720682, 2178838008, 4170482847, 911708242, 1412985553, 1879600465, 1685724437, 3827374711, 2188633685, 1635754440, 1981658699, 947255362, 2447094536, 2783511971, 3109261077, 292762588, 860390381, 113555978, 427140547, 1517737358, 3955124113, 1761687439, 3706457323, 4246411706, 1386789216, 3972196355, 1691496226, 2885794097, 2254766044, 2602684139, 943167660, 3563017343, 3415622741, 3002941978, 2059276178, 6843991, 578436638, 496915588, 402021046, 3314880287, 839256523, 1915439598, 3503836815, 1766726309, 2815240813, 3800031413, 3977829509, 339251172, 863413466, 2456654935, 2483868624, 3578821248, 34697000, 1758188778, 300978465, 203843790, 2703524630, 863922655, 3352484155, 2526660657, 2374575799, 716997404, 3505658265, 2450670469, 2012377439, 1921130121, 2380141347, 2936443369, 3936120214, 956320651, 3489168269, 184849741, 1950826497, 272956177, 931393411, 3823095702, 3794145614, 4152067484, 3797145084, 26479022, 188442150, 2258202042, 3287839288, 625765937, 1830572251, 900002047, 4283686102, 1775897474, 2213980637, 3477325101, 165941952, 3438240959, 110985588, 781621012, 3884737494, 3116142203, 1725898027, 3981678772, 4143729185, 967593942, 1975602300, 633088171, 461030463, 1111701139, 2930258398, 2118445912, 1401785866, 283054788, 3194245731, 341792023, 852770460, 3052525436, 3737859263, 1055426839, 1970127825, 2920921396, 3335253237, 3327409184, 1819196657, 1939636113, 2233761184, 4084754007, 1622869168, 241163518, 2646581390, 1975868303, 3222215774, 3240109942, 3462256331, 3895628967, 2866375181, 4148590595, 837105900, 2118550982, 2932271494, 1475254989, 2427685860, 2987013490, 2238815081, 1925164044, 3094975591, 2046695413, 463650266, 3465196858, 356788928, 3224111371, 1779437878, 3616026161, 1212940267, 3915300177, 2522201173, 3940142306, 3700340899, 1718894562, 4192102168, 3475544205, 758243810, 1051767839, 627872127, 956135369, 1728711802, 2554485932, 3867758142, 1146588815, 2675807640, 233657413, 2703189762, 78208794, 3982827823, 2904090555, 1151232773, 2299291371, 3703702550, 167293679, 1585156836, 1582948027, 3185360405, 2299576734, 3861931109, 1215653213, 3145668363, 1827169472, 3979494439, 3363339550, 2174681567, 165158355, 1950865218, 3274666136, 2810801141, 3504674866, 3718868275, 1871096644, 4060775626, 2891792557, 2562210650, 2454508006, 2471711776, 2672185647, 3772769602, 2892616543, 158985149, 2573808183, 1396360091, 922974934, 1119866506, 1983174322, 622198697, 2005943593, 1992364599, 1704228464, 2712267800, 3243577361, 986141230, 499694920, 4164682180, 3044130325, 3232865557, 1227347027, 2824544513, 1200643300, 1376330544, 607782314, 4043285215, 1142958066, 3086065225, 3391057883, 294071512, 2357302546, 4035779593, 1561886711, 2565769444, 82942946, 4136281667, 1909247822, 2161901709, 1646444456, 4172602317, 2725965825, 2576297637, 3342530846, 3257040947, 1743614128, 26266210, 1672406150, 1283682074, 414915905, 3767402320, 2460545904, 2913587099, 2560870318, 2643111026, 1730357383, 3239084017, 3371016158, 833582992, 4280871995, 3159837303, 3978698042, 45466323, 648291607, 2462515374, 2906910535, 1416618367, 2380701721, 778580139, 2300378114, 3115381194, 2099309542, 4120034811, 3152850546, 850783280, 2827316024, 2556220063, 662207716, 1174614086, 2043804859, 4130493004, 1767517452, 3923144799, 877368121, 2854291914, 1189292017, 3268959685, 1094788728, 1492278754, 1960549565, 2229046323, 2828381788, 2521767164, 4249936105, 283095763, 1590419028, 3066599145, 1040375054, 1896311621, 859205261, 2886411743, 3372093066, 1904193151, 2290770867, 728353683, 3262823420, 2251195411, 4062180546, 1080275857, 2807158488, 663888855, 721104380, 388620970, 104641105, 2087442102, 1869327799, 1230547241, 2023642125, 4054988672, 691406961, 112527068, 753913536, 1715321408, 1029590205, 263788241, 21472126, 2218122428, 2695608112, 4101013737, 3698748182, 140207430, 1547897437, 2632583225, 3130436599, 4194353717, 1434347231, 3201521504, 3348125166, 377), None)
Loaded weights: 169.9328826956687, 1.5653767058763846, -1.4555810017181807, 0.0, 0.0
events: me found the exit, 
  ----
(3, (2699383383, 1089260047, 1291106732, 3294604012, 610163496, 1876909679, 3758415339, 2624756162, 779554917, 3577364154, 1367177818, 356015169, 192824844, 3375521026, 619378623, 2168344671, 1110863410, 2420609433, 3686322256, 3540030784, 2238409228, 3143130044, 87671499, 639263666, 3500881981, 1935338410, 1480606541, 1670658979, 3899771124, 3020709566, 3236296420, 4027149940, 2378524547, 1554751953, 2521639753, 2333058289, 1385565634, 2592253632, 1441115007, 1937128556, 1556579742, 1714617731, 126866803, 3759286049, 2940201109, 320469429, 2955497530, 2193736889, 1041768221, 227643497, 2415122144, 718419533, 2157191395, 1725243070, 3553211442, 3417202215, 2458758761, 270850948, 2224425761, 1528061868, 4044421171, 3721248207, 621672506, 481844589, 3960544560, 3897694481, 1959555500, 3105222716, 241608960, 1122045098, 1451805549, 4162459710, 1152779621, 483557790, 2107369295, 3666582583, 2811084771, 687662486, 964806697, 3719622978, 1636663605, 1674607159, 712655316, 183945515, 409066522, 2802763771, 299663270, 1770651494, 1051832066, 144253224, 2621976023, 2535511916, 2274139506, 412367898, 3657495951, 4096640274, 2427082555, 172028274, 3097615254, 2056135515, 3819373601, 1131941227, 3334407784, 4145942208, 111195316, 1934876372, 1088642833, 963252291, 771049819, 899957199, 290747700, 2518592949, 2361118386, 2546647100, 1957830749, 1998111995, 2712962685, 1168146030, 1841942268, 2766266357, 322107588, 3550927954, 4031827861, 2073548905, 840424775, 2034817443, 2534828573, 227087926, 58869783, 1904762151, 4121921408, 3316019685, 3533083676, 379921443, 3775778102, 4208535542, 3553208164, 1561723879, 39668860, 1646250364, 1820741511, 2418780013, 2982689209, 2602433342, 2820527408, 3816173400, 173045354, 965901134, 3875172639, 1491638322, 4116662629, 4122718643, 537059022, 2379635, 2541493176, 1445231786, 229363678, 1875046793, 578500749, 1251541506, 2912550400, 676103873, 2147625181, 493226811, 3911932423, 4197681731, 965883348, 3091179065, 3721082926, 4208428929, 2428060747, 3413531827, 3583017805, 402629051, 4210834097, 2370832007, 1735749489, 1700084610, 3136497996, 2154899853, 2061718702, 64487952, 1870240542, 610827834, 877818920, 1874571112, 3551169525, 2885311100, 1017515378, 3807544034, 4158779508, 2737276405, 2388154370, 2428704908, 2118208108, 1741979791, 1119152796, 3569289374, 1787008737, 2317177892, 883182723, 906300354, 187686204, 1026964834, 1294057111, 1492735627, 1895023070, 3932818849, 1961820292, 747618755, 2495759666, 237066020, 4276858773, 3517587345, 4143997962, 412774097, 604920575, 1737057206, 968340654, 580739646, 4043018595, 3021662977, 1021607119, 1877975874, 12229515, 468049634, 2538335826, 2701698598, 967134605, 2379314524, 2696232364, 2966759501, 1127362479, 1425394167, 1979791650, 1014824822, 2036672485, 2467061431, 343464475, 1810054638, 327597520, 2993616882, 1165472315, 3322004620, 1660288450, 637649713, 3980482510, 1415970660, 3069182242, 856362362, 4003433756, 2330180758, 432921722, 587980086, 1489695994, 3677412258, 316581214, 2762993871, 3336923985, 2005633183, 3226771470, 961838986, 4196554755, 978377192, 2921606653, 2042948704, 3158938919, 1198495122, 3608908872, 1116283947, 2888468859, 3033206673, 973402071, 982326749, 3763099029, 2480024885, 2418433942, 489531685, 69539443, 1869803972, 3590517043, 1490233042, 2250011457, 1415856104, 174164402, 4255527523, 653551912, 2249204313, 1989653817, 656024975, 1549233041, 156495776, 3011105080, 3352885275, 404321867, 2773686101, 3925422414, 2394523800, 2292566234, 3870322335, 15236543, 1970683595, 293056057, 1647102134, 1615166584, 3106748672, 3738610759, 4097827595, 1324028144, 2259534531, 3883852339, 2938071728, 3649260326, 2022187798, 3336584120, 1289271443, 2274446703, 3749335609, 1136165062, 3684127012, 2880644858, 650340218, 2907923487, 3992277234, 2474407558, 2845623449, 1950419225, 3898354042, 4172954171, 112505426, 3456870967, 3083084588, 2667340633, 3389881080, 3512553670, 3262224326, 2142766653, 149890905, 102815553, 3334317914, 4251123068, 901421001, 1132277390, 809795122, 1135823369, 2103152503, 1683381189, 2849186950, 31623317, 798813201, 784964071, 2204459348, 2840152254, 1978131053, 2915084717, 2623926617, 3204687116, 2162274635, 3073279, 1818368261, 3392134746, 1109843433, 1811147425, 1359011962, 1828316204, 1934509275, 430050226, 498050425, 3504448442, 3025504938, 2555465187, 3387026476, 685287583, 2782326488, 3125326830, 3646136180, 738565619, 1840033108, 185787386, 1693505454, 3210431987, 3560102658, 1097807648, 1047395893, 2853439083, 3357279943, 2083573336, 1341090767, 1956290858, 3135409891, 2528161713, 2107541703, 1109041621, 784739643, 3340620693, 4094557995, 4072148707, 377740709, 407979751, 3438976003, 218581509, 210833457, 1261236947, 3301654086, 1918494488, 1084125161, 3814406045, 2514270729, 2736688391, 1844159950, 3302817230, 1141896816, 1754546455, 3715455922, 1209026404, 480346973, 2187497817, 164080590, 1312194425, 1111252443, 1919456338, 649319962, 1492632172, 1440194143, 641791271, 1658475283, 3541585565, 4011078120, 1331355076, 2384177104, 3636561479, 1089527930, 2143030294, 978441406, 1400158715, 31918111, 2655217156, 1777273368, 2743515475, 751419744, 2764503520, 5212292, 1805676832, 417425779, 2568331055, 1865368671, 2764933358, 2068146435, 829218874, 258046706, 1674480916, 1946041492, 3771115898, 2566202526, 2130099419, 690683404, 3481656017, 252648932, 2136075087, 3094719218, 3380300381, 408959785, 3783792350, 1448668823, 623378741, 2476619214, 795565345, 4187373373, 1331492227, 3250620769, 2960520940, 3445911310, 1111358910, 881223678, 2306949458, 2362698371, 312259894, 609454137, 3801165967, 3994147388, 1422428308, 1641002655, 337038123, 1585625331, 3985217596, 2404172097, 2703233239, 2956677807, 4134020858, 664149250, 2951540780, 1588722927, 1648709899, 2635493986, 2088107723, 1553587011, 3762927200, 239251647, 2248225961, 718281179, 3274646794, 3174038658, 2637591441, 2889375604, 3734882032, 4252330022, 2464787250, 1529336172, 991627424, 2937643737, 1182350653, 2870405122, 2679513498, 2751731411, 2048337259, 1045701461, 559607558, 3172554058, 4275527812, 3205403978, 2241869290, 3126105525, 3719655666, 1889501655, 4289255244, 771167715, 780510784, 3576126002, 384516676, 3916324607, 299528430, 1619859785, 2298104643, 4170652618, 1634393460, 2125328216, 3489250171, 681751841, 3813575015, 2537954591, 2450589578, 2137044127, 682522492, 3745969831, 2045154555, 2224788770, 2902745017, 1944155980, 2895758638, 2754667592, 576460686, 1615017702, 912729162, 3128795539, 3973207931, 2757903070, 2015676321, 1841972245, 3929175061, 3349583169, 3729772388, 75204950, 2446174644, 1555668510, 2903468507, 1027210855, 2987438556, 1350661516, 4137152138, 1450027627, 3393019157, 4225225780, 502996043, 1211069748, 179722759, 2592374355, 2077637439, 1710102425, 1690673663, 2016289032, 1518472519, 799822342, 3278151646, 512270449, 7485138, 2401486543, 136126016, 731429306, 3748355311, 2807021495, 1883094404, 3068532474, 172080826, 3768279717, 235359765, 438305422, 2703760468, 2479209654, 1408697819, 384648132, 191596764, 132929445, 2081686957, 349996595, 2688489907, 138961044, 1921462478, 2353369299, 1402293635, 3753577623, 1053699978, 2819549237, 2554977631, 2667593459, 567565892, 817304457, 231455506, 30219122, 3118296547, 2786226192, 3715214987, 3631511589, 2546324956, 1002575639, 60), None)
Loaded weights: 178.19123591006024, 4.428155622816997, -1.4555810017181807, 0.0, 0.0
events: 
  ----
(3, (2699383383, 1089260047, 1291106732, 3294604012, 610163496, 1876909679, 3758415339, 2624756162, 779554917, 3577364154, 1367177818, 356015169, 192824844, 3375521026, 619378623, 2168344671, 1110863410, 2420609433, 3686322256, 3540030784, 2238409228, 3143130044, 87671499, 639263666, 3500881981, 1935338410, 1480606541, 1670658979, 3899771124, 3020709566, 3236296420, 4027149940, 2378524547, 1554751953, 2521639753, 2333058289, 1385565634, 2592253632, 1441115007, 1937128556, 1556579742, 1714617731, 126866803, 3759286049, 2940201109, 320469429, 2955497530, 2193736889, 1041768221, 227643497, 2415122144, 718419533, 2157191395, 1725243070, 3553211442, 3417202215, 2458758761, 270850948, 2224425761, 1528061868, 4044421171, 3721248207, 621672506, 481844589, 3960544560, 3897694481, 1959555500, 3105222716, 241608960, 1122045098, 1451805549, 4162459710, 1152779621, 483557790, 2107369295, 3666582583, 2811084771, 687662486, 964806697, 3719622978, 1636663605, 1674607159, 712655316, 183945515, 409066522, 2802763771, 299663270, 1770651494, 1051832066, 144253224, 2621976023, 2535511916, 2274139506, 412367898, 3657495951, 4096640274, 2427082555, 172028274, 3097615254, 2056135515, 3819373601, 1131941227, 3334407784, 4145942208, 111195316, 1934876372, 1088642833, 963252291, 771049819, 899957199, 290747700, 2518592949, 2361118386, 2546647100, 1957830749, 1998111995, 2712962685, 1168146030, 1841942268, 2766266357, 322107588, 3550927954, 4031827861, 2073548905, 840424775, 2034817443, 2534828573, 227087926, 58869783, 1904762151, 4121921408, 3316019685, 3533083676, 379921443, 3775778102, 4208535542, 3553208164, 1561723879, 39668860, 1646250364, 1820741511, 2418780013, 2982689209, 2602433342, 2820527408, 3816173400, 173045354, 965901134, 3875172639, 1491638322, 4116662629, 4122718643, 537059022, 2379635, 2541493176, 1445231786, 229363678, 1875046793, 578500749, 1251541506, 2912550400, 676103873, 2147625181, 493226811, 3911932423, 4197681731, 965883348, 3091179065, 3721082926, 4208428929, 2428060747, 3413531827, 3583017805, 402629051, 4210834097, 2370832007, 1735749489, 1700084610, 3136497996, 2154899853, 2061718702, 64487952, 1870240542, 610827834, 877818920, 1874571112, 3551169525, 2885311100, 1017515378, 3807544034, 4158779508, 2737276405, 2388154370, 2428704908, 2118208108, 1741979791, 1119152796, 3569289374, 1787008737, 2317177892, 883182723, 906300354, 187686204, 1026964834, 1294057111, 1492735627, 1895023070, 3932818849, 1961820292, 747618755, 2495759666, 237066020, 4276858773, 3517587345, 4143997962, 412774097, 604920575, 1737057206, 968340654, 580739646, 4043018595, 3021662977, 1021607119, 1877975874, 12229515, 468049634, 2538335826, 2701698598, 967134605, 2379314524, 2696232364, 2966759501, 1127362479, 1425394167, 1979791650, 1014824822, 2036672485, 2467061431, 343464475, 1810054638, 327597520, 2993616882, 1165472315, 3322004620, 1660288450, 637649713, 3980482510, 1415970660, 3069182242, 856362362, 4003433756, 2330180758, 432921722, 587980086, 1489695994, 3677412258, 316581214, 2762993871, 3336923985, 2005633183, 3226771470, 961838986, 4196554755, 978377192, 2921606653, 2042948704, 3158938919, 1198495122, 3608908872, 1116283947, 2888468859, 3033206673, 973402071, 982326749, 3763099029, 2480024885, 2418433942, 489531685, 69539443, 1869803972, 3590517043, 1490233042, 2250011457, 1415856104, 174164402, 4255527523, 653551912, 2249204313, 1989653817, 656024975, 1549233041, 156495776, 3011105080, 3352885275, 404321867, 2773686101, 3925422414, 2394523800, 2292566234, 3870322335, 15236543, 1970683595, 293056057, 1647102134, 1615166584, 3106748672, 3738610759, 4097827595, 1324028144, 2259534531, 3883852339, 2938071728, 3649260326, 2022187798, 3336584120, 1289271443, 2274446703, 3749335609, 1136165062, 3684127012, 2880644858, 650340218, 2907923487, 3992277234, 2474407558, 2845623449, 1950419225, 3898354042, 4172954171, 112505426, 3456870967, 3083084588, 2667340633, 3389881080, 3512553670, 3262224326, 2142766653, 149890905, 102815553, 3334317914, 4251123068, 901421001, 1132277390, 809795122, 1135823369, 2103152503, 1683381189, 2849186950, 31623317, 798813201, 784964071, 2204459348, 2840152254, 1978131053, 2915084717, 2623926617, 3204687116, 2162274635, 3073279, 1818368261, 3392134746, 1109843433, 1811147425, 1359011962, 1828316204, 1934509275, 430050226, 498050425, 3504448442, 3025504938, 2555465187, 3387026476, 685287583, 2782326488, 3125326830, 3646136180, 738565619, 1840033108, 185787386, 1693505454, 3210431987, 3560102658, 1097807648, 1047395893, 2853439083, 3357279943, 2083573336, 1341090767, 1956290858, 3135409891, 2528161713, 2107541703, 1109041621, 784739643, 3340620693, 4094557995, 4072148707, 377740709, 407979751, 3438976003, 218581509, 210833457, 1261236947, 3301654086, 1918494488, 1084125161, 3814406045, 2514270729, 2736688391, 1844159950, 3302817230, 1141896816, 1754546455, 3715455922, 1209026404, 480346973, 2187497817, 164080590, 1312194425, 1111252443, 1919456338, 649319962, 1492632172, 1440194143, 641791271, 1658475283, 3541585565, 4011078120, 1331355076, 2384177104, 3636561479, 1089527930, 2143030294, 978441406, 1400158715, 31918111, 2655217156, 1777273368, 2743515475, 751419744, 2764503520, 5212292, 1805676832, 417425779, 2568331055, 1865368671, 2764933358, 2068146435, 829218874, 258046706, 1674480916, 1946041492, 3771115898, 2566202526, 2130099419, 690683404, 3481656017, 252648932, 2136075087, 3094719218, 3380300381, 408959785, 3783792350, 1448668823, 623378741, 2476619214, 795565345, 4187373373, 1331492227, 3250620769, 2960520940, 3445911310, 1111358910, 881223678, 2306949458, 2362698371, 312259894, 609454137, 3801165967, 3994147388, 1422428308, 1641002655, 337038123, 1585625331, 3985217596, 2404172097, 2703233239, 2956677807, 4134020858, 664149250, 2951540780, 1588722927, 1648709899, 2635493986, 2088107723, 1553587011, 3762927200, 239251647, 2248225961, 718281179, 3274646794, 3174038658, 2637591441, 2889375604, 3734882032, 4252330022, 2464787250, 1529336172, 991627424, 2937643737, 1182350653, 2870405122, 2679513498, 2751731411, 2048337259, 1045701461, 559607558, 3172554058, 4275527812, 3205403978, 2241869290, 3126105525, 3719655666, 1889501655, 4289255244, 771167715, 780510784, 3576126002, 384516676, 3916324607, 299528430, 1619859785, 2298104643, 4170652618, 1634393460, 2125328216, 3489250171, 681751841, 3813575015, 2537954591, 2450589578, 2137044127, 682522492, 3745969831, 2045154555, 2224788770, 2902745017, 1944155980, 2895758638, 2754667592, 576460686, 1615017702, 912729162, 3128795539, 3973207931, 2757903070, 2015676321, 1841972245, 3929175061, 3349583169, 3729772388, 75204950, 2446174644, 1555668510, 2903468507, 1027210855, 2987438556, 1350661516, 4137152138, 1450027627, 3393019157, 4225225780, 502996043, 1211069748, 179722759, 2592374355, 2077637439, 1710102425, 1690673663, 2016289032, 1518472519, 799822342, 3278151646, 512270449, 7485138, 2401486543, 136126016, 731429306, 3748355311, 2807021495, 1883094404, 3068532474, 172080826, 3768279717, 235359765, 438305422, 2703760468, 2479209654, 1408697819, 384648132, 191596764, 132929445, 2081686957, 349996595, 2688489907, 138961044, 1921462478, 2353369299, 1402293635, 3753577623, 1053699978, 2819549237, 2554977631, 2667593459, 567565892, 817304457, 231455506, 30219122, 3118296547, 2786226192, 3715214987, 3631511589, 2546324956, 1002575639, 208), None)
Loaded weights: 177.91490312744108, -0.33620459857196217, -1.4555810017181807, 0.0, 0.0
events: 
  ----
(3, (2699383383, 1089260047, 1291106732, 3294604012, 610163496, 1876909679, 3758415339, 2624756162, 779554917, 3577364154, 1367177818, 356015169, 192824844, 3375521026, 619378623, 2168344671, 1110863410, 2420609433, 3686322256, 3540030784, 2238409228, 3143130044, 87671499, 639263666, 3500881981, 1935338410, 1480606541, 1670658979, 3899771124, 3020709566, 3236296420, 4027149940, 2378524547, 1554751953, 2521639753, 2333058289, 1385565634, 2592253632, 1441115007, 1937128556, 1556579742, 1714617731, 126866803, 3759286049, 2940201109, 320469429, 2955497530, 2193736889, 1041768221, 227643497, 2415122144, 718419533, 2157191395, 1725243070, 3553211442, 3417202215, 2458758761, 270850948, 2224425761, 1528061868, 4044421171, 3721248207, 621672506, 481844589, 3960544560, 3897694481, 1959555500, 3105222716, 241608960, 1122045098, 1451805549, 4162459710, 1152779621, 483557790, 2107369295, 3666582583, 2811084771, 687662486, 964806697, 3719622978, 1636663605, 1674607159, 712655316, 183945515, 409066522, 2802763771, 299663270, 1770651494, 1051832066, 144253224, 2621976023, 2535511916, 2274139506, 412367898, 3657495951, 4096640274, 2427082555, 172028274, 3097615254, 2056135515, 3819373601, 1131941227, 3334407784, 4145942208, 111195316, 1934876372, 1088642833, 963252291, 771049819, 899957199, 290747700, 2518592949, 2361118386, 2546647100, 1957830749, 1998111995, 2712962685, 1168146030, 1841942268, 2766266357, 322107588, 3550927954, 4031827861, 2073548905, 840424775, 2034817443, 2534828573, 227087926, 58869783, 1904762151, 4121921408, 3316019685, 3533083676, 379921443, 3775778102, 4208535542, 3553208164, 1561723879, 39668860, 1646250364, 1820741511, 2418780013, 2982689209, 2602433342, 2820527408, 3816173400, 173045354, 965901134, 3875172639, 1491638322, 4116662629, 4122718643, 537059022, 2379635, 2541493176, 1445231786, 229363678, 1875046793, 578500749, 1251541506, 2912550400, 676103873, 2147625181, 493226811, 3911932423, 4197681731, 965883348, 3091179065, 3721082926, 4208428929, 2428060747, 3413531827, 3583017805, 402629051, 4210834097, 2370832007, 1735749489, 1700084610, 3136497996, 2154899853, 2061718702, 64487952, 1870240542, 610827834, 877818920, 1874571112, 3551169525, 2885311100, 1017515378, 3807544034, 4158779508, 2737276405, 2388154370, 2428704908, 2118208108, 1741979791, 1119152796, 3569289374, 1787008737, 2317177892, 883182723, 906300354, 187686204, 1026964834, 1294057111, 1492735627, 1895023070, 3932818849, 1961820292, 747618755, 2495759666, 237066020, 4276858773, 3517587345, 4143997962, 412774097, 604920575, 1737057206, 968340654, 580739646, 4043018595, 3021662977, 1021607119, 1877975874, 12229515, 468049634, 2538335826, 2701698598, 967134605, 2379314524, 2696232364, 2966759501, 1127362479, 1425394167, 1979791650, 1014824822, 2036672485, 2467061431, 343464475, 1810054638, 327597520, 2993616882, 1165472315, 3322004620, 1660288450, 637649713, 3980482510, 1415970660, 3069182242, 856362362, 4003433756, 2330180758, 432921722, 587980086, 1489695994, 3677412258, 316581214, 2762993871, 3336923985, 2005633183, 3226771470, 961838986, 4196554755, 978377192, 2921606653, 2042948704, 3158938919, 1198495122, 3608908872, 1116283947, 2888468859, 3033206673, 973402071, 982326749, 3763099029, 2480024885, 2418433942, 489531685, 69539443, 1869803972, 3590517043, 1490233042, 2250011457, 1415856104, 174164402, 4255527523, 653551912, 2249204313, 1989653817, 656024975, 1549233041, 156495776, 3011105080, 3352885275, 404321867, 2773686101, 3925422414, 2394523800, 2292566234, 3870322335, 15236543, 1970683595, 293056057, 1647102134, 1615166584, 3106748672, 3738610759, 4097827595, 1324028144, 2259534531, 3883852339, 2938071728, 3649260326, 2022187798, 3336584120, 1289271443, 2274446703, 3749335609, 1136165062, 3684127012, 2880644858, 650340218, 2907923487, 3992277234, 2474407558, 2845623449, 1950419225, 3898354042, 4172954171, 112505426, 3456870967, 3083084588, 2667340633, 3389881080, 3512553670, 3262224326, 2142766653, 149890905, 102815553, 3334317914, 4251123068, 901421001, 1132277390, 809795122, 1135823369, 2103152503, 1683381189, 2849186950, 31623317, 798813201, 784964071, 2204459348, 2840152254, 1978131053, 2915084717, 2623926617, 3204687116, 2162274635, 3073279, 1818368261, 3392134746, 1109843433, 1811147425, 1359011962, 1828316204, 1934509275, 430050226, 498050425, 3504448442, 3025504938, 2555465187, 3387026476, 685287583, 2782326488, 3125326830, 3646136180, 738565619, 1840033108, 185787386, 1693505454, 3210431987, 3560102658, 1097807648, 1047395893, 2853439083, 3357279943, 2083573336, 1341090767, 1956290858, 3135409891, 2528161713, 2107541703, 1109041621, 784739643, 3340620693, 4094557995, 4072148707, 377740709, 407979751, 3438976003, 218581509, 210833457, 1261236947, 3301654086, 1918494488, 1084125161, 3814406045, 2514270729, 2736688391, 1844159950, 3302817230, 1141896816, 1754546455, 3715455922, 1209026404, 480346973, 2187497817, 164080590, 1312194425, 1111252443, 1919456338, 649319962, 1492632172, 1440194143, 641791271, 1658475283, 3541585565, 4011078120, 1331355076, 2384177104, 3636561479, 1089527930, 2143030294, 978441406, 1400158715, 31918111, 2655217156, 1777273368, 2743515475, 751419744, 2764503520, 5212292, 1805676832, 417425779, 2568331055, 1865368671, 2764933358, 2068146435, 829218874, 258046706, 1674480916, 1946041492, 3771115898, 2566202526, 2130099419, 690683404, 3481656017, 252648932, 2136075087, 3094719218, 3380300381, 408959785, 3783792350, 1448668823, 623378741, 2476619214, 795565345, 4187373373, 1331492227, 3250620769, 2960520940, 3445911310, 1111358910, 881223678, 2306949458, 2362698371, 312259894, 609454137, 3801165967, 3994147388, 1422428308, 1641002655, 337038123, 1585625331, 3985217596, 2404172097, 2703233239, 2956677807, 4134020858, 664149250, 2951540780, 1588722927, 1648709899, 2635493986, 2088107723, 1553587011, 3762927200, 239251647, 2248225961, 718281179, 3274646794, 3174038658, 2637591441, 2889375604, 3734882032, 4252330022, 2464787250, 1529336172, 991627424, 2937643737, 1182350653, 2870405122, 2679513498, 2751731411, 2048337259, 1045701461, 559607558, 3172554058, 4275527812, 3205403978, 2241869290, 3126105525, 3719655666, 1889501655, 4289255244, 771167715, 780510784, 3576126002, 384516676, 3916324607, 299528430, 1619859785, 2298104643, 4170652618, 1634393460, 2125328216, 3489250171, 681751841, 3813575015, 2537954591, 2450589578, 2137044127, 682522492, 3745969831, 2045154555, 2224788770, 2902745017, 1944155980, 2895758638, 2754667592, 576460686, 1615017702, 912729162, 3128795539, 3973207931, 2757903070, 2015676321, 1841972245, 3929175061, 3349583169, 3729772388, 75204950, 2446174644, 1555668510, 2903468507, 1027210855, 2987438556, 1350661516, 4137152138, 1450027627, 3393019157, 4225225780, 502996043, 1211069748, 179722759, 2592374355, 2077637439, 1710102425, 1690673663, 2016289032, 1518472519, 799822342, 3278151646, 512270449, 7485138, 2401486543, 136126016, 731429306, 3748355311, 2807021495, 1883094404, 3068532474, 172080826, 3768279717, 235359765, 438305422, 2703760468, 2479209654, 1408697819, 384648132, 191596764, 132929445, 2081686957, 349996595, 2688489907, 138961044, 1921462478, 2353369299, 1402293635, 3753577623, 1053699978, 2819549237, 2554977631, 2667593459, 567565892, 817304457, 231455506, 30219122, 3118296547, 2786226192, 3715214987, 3631511589, 2546324956, 1002575639, 332), None)
Loaded weights: 177.56028812920965, -3.078164584493824, -1.4555810017181807, 0.0, 0.0
events: me found the exit, 
  ----
(3, (4026337405, 1043012145, 4006955381, 1596483473, 2725646297, 3794152697, 2331144871, 3161120757, 1778610356, 2347076272, 105391350, 2795613697, 1232243535, 262223566, 3717754496, 160396814, 1281237921, 634138444, 1965148669, 3235325023, 1416332816, 2510433987, 1362193410, 3275077779, 1595843535, 3990835989, 4246025041, 309858653, 953973836, 3010115055, 2534442706, 2427510490, 2034681831, 1257218876, 2625602269, 385288951, 923830238, 2693717147, 945559081, 2954929355, 3288253446, 961143605, 2244502063, 1783741813, 3503015041, 1941231933, 3230219248, 1594957950, 4042210484, 2738119582, 3072639738, 2821603476, 2081158573, 1244288781, 2401346392, 814272145, 3504818524, 3853846932, 1151390170, 1845827095, 4175524828, 769070930, 790705307, 4285777093, 4114712446, 2616077832, 1255282313, 1645958581, 3001987995, 2636613704, 3315282722, 3020900334, 3484010926, 397456788, 2032734666, 2297664144, 1626871093, 206116249, 2718536226, 4216505715, 2360542717, 4155248741, 1919028854, 1492674201, 3946866109, 1559819512, 1782990656, 4073803709, 2332053973, 906802915, 4222302489, 3048106051, 1809580815, 467941940, 614932070, 3004746313, 3627420379, 1613042432, 3101063729, 1217561775, 4143318741, 2774448029, 1365188283, 2155839312, 2223379432, 609184966, 696641418, 1366282882, 2125461534, 2588119464, 3374331753, 2101800953, 3841819335, 2770902476, 160578208, 375706235, 3335793124, 1291043349, 3039591536, 1757647716, 2496281443, 536328081, 1540213153, 94595990, 536365499, 1329001763, 911936204, 1734427544, 2352712623, 340944256, 788320799, 2141194314, 993295409, 559715957, 501320370, 3776878833, 253012710, 1615100746, 1336019942, 1622289511, 3116357192, 581051748, 3670597760, 3323981074, 249275187, 1837517897, 3280980736, 3549633707, 3908032827, 245582804, 2419334986, 4237863497, 1026192174, 702683730, 189860019, 817021861, 345270664, 1692892130, 2167325663, 1860712609, 2699343786, 1933299876, 270344195, 1943196344, 3765107880, 3439637342, 3652124125, 3286955468, 3646590328, 1665442598, 2889018122, 89595891, 2224736873, 1850470546, 611805096, 4148763436, 2055596277, 399494817, 1135893066, 111645032, 1677858449, 1400466544, 1780096533, 1084962643, 410092978, 1941531387, 1265995087, 1579233387, 3193604030, 1944970874, 3808676767, 2554818798, 4012782577, 253565106, 470083170, 723241972, 3401901802, 3796776378, 523151516, 1651673802, 2294757719, 1449192261, 141974901, 3035883336, 2996325439, 1148052802, 3101765692, 3662191089, 2265395370, 2028343895, 3411360577, 4125633174, 778482560, 1162747279, 2102095746, 323371263, 2898562856, 1024427027, 570008214, 2898183036, 3267943981, 2124931931, 2447745457, 1143231377, 3582367572, 2623546101, 1799767044, 707206756, 952344735, 3197097891, 2655667048, 1525131473, 1364490461, 2985487926, 2723455054, 3485029273, 460002612, 3581737252, 2471506166, 1085396391, 378948919, 640354114, 714052680, 1025826112, 2948890123, 1132552730, 2867190765, 1326679681, 3425151102, 1719577228, 2252629720, 335039986, 4233805198, 3513796908, 1071676556, 1907568355, 943062359, 1835697061, 1920838218, 1500288992, 373660921, 946216451, 1272931843, 3104449023, 3698109099, 3211816037, 3549916674, 3899854370, 3238380031, 181769805, 2839317090, 348193717, 4160415500, 1772593637, 2414904891, 3103527807, 1957300179, 742324508, 2677487734, 3456253419, 641975396, 354888231, 1522192741, 3587673477, 1114546298, 400221518, 4094015460, 446831007, 2807215434, 2550280588, 4225381141, 3976032226, 1628103386, 2681609587, 3921309376, 3323079484, 3665513476, 2177488719, 1583333502, 383076270, 3020102190, 3902436873, 3118855883, 1356507913, 283085081, 1416262878, 407209001, 3955658117, 1844593115, 2564149168, 259511233, 2273427502, 549250419, 1228298908, 230007595, 297813949, 3233361696, 2591521146, 2556805329, 1040552050, 1216711049, 2869304502, 3319947824, 2441621912, 2917384595, 1543392866, 2092732434, 329493271, 3859082932, 4015160191, 3684527814, 1391497883, 1095356858, 1093357545, 811014497, 2558217183, 121418459, 1396239382, 1578646612, 2588736633, 1727882999, 674016743, 239529314, 2114272319, 3948328305, 504357197, 2083127591, 1295241206, 2435936582, 3584144781, 68279100, 1264381412, 2899162314, 3115577029, 2958756843, 3552205097, 3442085370, 4158853311, 3499734039, 505647900, 3645327454, 2970668861, 3382634700, 963139824, 3236686328, 1131613759, 4151135748, 2446264213, 2022236209, 266925742, 2733579012, 3284092835, 2137864997, 2662044407, 3208303377, 669361949, 947199358, 2512219831, 3470836126, 3146736904, 1140553683, 1810273059, 3062664288, 2560023138, 2581710942, 4281771251, 3491184025, 2594826047, 4148307722, 3259877124, 2484413956, 1483676829, 1131353372, 1663608008, 551860870, 957233878, 2970484011, 957544614, 3122848045, 1527898036, 4044081237, 2565451294, 3576464399, 61414265, 2928167306, 3943788891, 3577838771, 2894454989, 629980823, 1215586546, 581749867, 3040024038, 1560528674, 796765949, 3380166938, 644054989, 923677597, 1561347324, 542240476, 3592059352, 474280895, 813631316, 2566435844, 1089219750, 1244376300, 2947170061, 368611902, 4016723893, 1366112429, 4246613641, 3565918069, 2370193972, 1497698077, 139713566, 1135848737, 2284225448, 202479451, 1134483255, 2743912998, 1007013744, 90823117, 1218139922, 2252227737, 960950368, 3549468387, 866084577, 1209321250, 3665735216, 2031574562, 2684544827, 2111524315, 3857040361, 3491410106, 2369104566, 1051877730, 2248801576, 4178073937, 954861072, 1188920744, 2900454700, 1690977149, 2458954529, 1033737229, 2432148849, 3702776771, 1575825081, 3849485030, 3895494441, 2680419117, 1924493118, 1536617159, 3470426324, 1505907173, 2921691972, 2423440159, 2238313189, 3982483023, 772034112, 1693491436, 2520709572, 2023695036, 2900601286, 3355099717, 250687817, 3015988186, 3152351998, 2558103144, 1836158852, 1806504066, 1546198549, 1331326807, 1950790385, 2986038612, 883237304, 1597461340, 4045478607, 3573317325, 859087081, 3634478983, 3597497737, 925917092, 1482886956, 4007673029, 467985579, 1384402191, 3605261807, 2744243549, 1003372596, 2611211156, 2693725988, 3227318660, 230011063, 3704643320, 268866958, 2625681642, 3086992073, 2257492777, 2226226007, 3011126599, 601552943, 1542776694, 2271270585, 659905288, 3853461410, 1312484705, 1226642270, 1011280567, 4285971212, 1160112553, 4043886268, 4187264882, 2376735847, 673315131, 1760619155, 3566238249, 3540397241, 1435248127, 2815961005, 1428848254, 1773430454, 2945363980, 434280597, 2808843313, 625137026, 2553983979, 1475305426, 1207249876, 1590258462, 4179521170, 2496424439, 2712251115, 3067106230, 3754438260, 2480737136, 1100122744, 52313531, 1086319018, 2005722131, 2821417188, 778974728, 51809090, 951176635, 4129785040, 2293479145, 2494342138, 1192256698, 4060890815, 1572245938, 3658663949, 2991649591, 65984037, 1017351051, 974674903, 3766066427, 3648602112, 1976753158, 2120093342, 2944121628, 2001468768, 411304630, 2925905862, 2447983620, 100055502, 3440580243, 1769620231, 2492939063, 200265665, 1878677238, 2076155961, 2977969678, 572216205, 2244687525, 3929411506, 694573521, 2631861970, 1746726427, 1175070965, 1377577270, 3368674881, 2061041483, 72681978, 406348056, 3028505819, 2975998328, 3516489469, 4154677753, 614800830, 3006882253, 3711149495, 3924532133, 362356391, 1288541742, 700320597, 2164069051, 469425700, 4054317699, 3266005693, 301146154, 191243413, 3034542726, 2518296581, 1795575912, 4259807618, 536594890, 136), None)
Loaded weights: 166.63376784914283, -3.078164584493824, -1.4555810017181807, 0.0, 0.0
events: 
  ----
(3, (4026337405, 1043012145, 4006955381, 1596483473, 2725646297, 3794152697, 2331144871, 3161120757, 1778610356, 2347076272, 105391350, 2795613697, 1232243535, 262223566, 3717754496, 160396814, 1281237921, 634138444, 1965148669, 3235325023, 1416332816, 2510433987, 1362193410, 3275077779, 1595843535, 3990835989, 4246025041, 309858653, 953973836, 3010115055, 2534442706, 2427510490, 2034681831, 1257218876, 2625602269, 385288951, 923830238, 2693717147, 945559081, 2954929355, 3288253446, 961143605, 2244502063, 1783741813, 3503015041, 1941231933, 3230219248, 1594957950, 4042210484, 2738119582, 3072639738, 2821603476, 2081158573, 1244288781, 2401346392, 814272145, 3504818524, 3853846932, 1151390170, 1845827095, 4175524828, 769070930, 790705307, 4285777093, 4114712446, 2616077832, 1255282313, 1645958581, 3001987995, 2636613704, 3315282722, 3020900334, 3484010926, 397456788, 2032734666, 2297664144, 1626871093, 206116249, 2718536226, 4216505715, 2360542717, 4155248741, 1919028854, 1492674201, 3946866109, 1559819512, 1782990656, 4073803709, 2332053973, 906802915, 4222302489, 3048106051, 1809580815, 467941940, 614932070, 3004746313, 3627420379, 1613042432, 3101063729, 1217561775, 4143318741, 2774448029, 1365188283, 2155839312, 2223379432, 609184966, 696641418, 1366282882, 2125461534, 2588119464, 3374331753, 2101800953, 3841819335, 2770902476, 160578208, 375706235, 3335793124, 1291043349, 3039591536, 1757647716, 2496281443, 536328081, 1540213153, 94595990, 536365499, 1329001763, 911936204, 1734427544, 2352712623, 340944256, 788320799, 2141194314, 993295409, 559715957, 501320370, 3776878833, 253012710, 1615100746, 1336019942, 1622289511, 3116357192, 581051748, 3670597760, 3323981074, 249275187, 1837517897, 3280980736, 3549633707, 3908032827, 245582804, 2419334986, 4237863497, 1026192174, 702683730, 189860019, 817021861, 345270664, 1692892130, 2167325663, 1860712609, 2699343786, 1933299876, 270344195, 1943196344, 3765107880, 3439637342, 3652124125, 3286955468, 3646590328, 1665442598, 2889018122, 89595891, 2224736873, 1850470546, 611805096, 4148763436, 2055596277, 399494817, 1135893066, 111645032, 1677858449, 1400466544, 1780096533, 1084962643, 410092978, 1941531387, 1265995087, 1579233387, 3193604030, 1944970874, 3808676767, 2554818798, 4012782577, 253565106, 470083170, 723241972, 3401901802, 3796776378, 523151516, 1651673802, 2294757719, 1449192261, 141974901, 3035883336, 2996325439, 1148052802, 3101765692, 3662191089, 2265395370, 2028343895, 3411360577, 4125633174, 778482560, 1162747279, 2102095746, 323371263, 2898562856, 1024427027, 570008214, 2898183036, 3267943981, 2124931931, 2447745457, 1143231377, 3582367572, 2623546101, 1799767044, 707206756, 952344735, 3197097891, 2655667048, 1525131473, 1364490461, 2985487926, 2723455054, 3485029273, 460002612, 3581737252, 2471506166, 1085396391, 378948919, 640354114, 714052680, 1025826112, 2948890123, 1132552730, 2867190765, 1326679681, 3425151102, 1719577228, 2252629720, 335039986, 4233805198, 3513796908, 1071676556, 1907568355, 943062359, 1835697061, 1920838218, 1500288992, 373660921, 946216451, 1272931843, 3104449023, 3698109099, 3211816037, 3549916674, 3899854370, 3238380031, 181769805, 2839317090, 348193717, 4160415500, 1772593637, 2414904891, 3103527807, 1957300179, 742324508, 2677487734, 3456253419, 641975396, 354888231, 1522192741, 3587673477, 1114546298, 400221518, 4094015460, 446831007, 2807215434, 2550280588, 4225381141, 3976032226, 1628103386, 2681609587, 3921309376, 3323079484, 3665513476, 2177488719, 1583333502, 383076270, 3020102190, 3902436873, 3118855883, 1356507913, 283085081, 1416262878, 407209001, 3955658117, 1844593115, 2564149168, 259511233, 2273427502, 549250419, 1228298908, 230007595, 297813949, 3233361696, 2591521146, 2556805329, 1040552050, 1216711049, 2869304502, 3319947824, 2441621912, 2917384595, 1543392866, 2092732434, 329493271, 3859082932, 4015160191, 3684527814, 1391497883, 1095356858, 1093357545, 811014497, 2558217183, 121418459, 1396239382, 1578646612, 2588736633, 1727882999, 674016743, 239529314, 2114272319, 3948328305, 504357197, 2083127591, 1295241206, 2435936582, 3584144781, 68279100, 1264381412, 2899162314, 3115577029, 2958756843, 3552205097, 3442085370, 4158853311, 3499734039, 505647900, 3645327454, 2970668861, 3382634700, 963139824, 3236686328, 1131613759, 4151135748, 2446264213, 2022236209, 266925742, 2733579012, 3284092835, 2137864997, 2662044407, 3208303377, 669361949, 947199358, 2512219831, 3470836126, 3146736904, 1140553683, 1810273059, 3062664288, 2560023138, 2581710942, 4281771251, 3491184025, 2594826047, 4148307722, 3259877124, 2484413956, 1483676829, 1131353372, 1663608008, 551860870, 957233878, 2970484011, 957544614, 3122848045, 1527898036, 4044081237, 2565451294, 3576464399, 61414265, 2928167306, 3943788891, 3577838771, 2894454989, 629980823, 1215586546, 581749867, 3040024038, 1560528674, 796765949, 3380166938, 644054989, 923677597, 1561347324, 542240476, 3592059352, 474280895, 813631316, 2566435844, 1089219750, 1244376300, 2947170061, 368611902, 4016723893, 1366112429, 4246613641, 3565918069, 2370193972, 1497698077, 139713566, 1135848737, 2284225448, 202479451, 1134483255, 2743912998, 1007013744, 90823117, 1218139922, 2252227737, 960950368, 3549468387, 866084577, 1209321250, 3665735216, 2031574562, 2684544827, 2111524315, 3857040361, 3491410106, 2369104566, 1051877730, 2248801576, 4178073937, 954861072, 1188920744, 2900454700, 1690977149, 2458954529, 1033737229, 2432148849, 3702776771, 1575825081, 3849485030, 3895494441, 2680419117, 1924493118, 1536617159, 3470426324, 1505907173, 2921691972, 2423440159, 2238313189, 3982483023, 772034112, 1693491436, 2520709572, 2023695036, 2900601286, 3355099717, 250687817, 3015988186, 3152351998, 2558103144, 1836158852, 1806504066, 1546198549, 1331326807, 1950790385, 2986038612, 883237304, 1597461340, 4045478607, 3573317325, 859087081, 3634478983, 3597497737, 925917092, 1482886956, 4007673029, 467985579, 1384402191, 3605261807, 2744243549, 1003372596, 2611211156, 2693725988, 3227318660, 230011063, 3704643320, 268866958, 2625681642, 3086992073, 2257492777, 2226226007, 3011126599, 601552943, 1542776694, 2271270585, 659905288, 3853461410, 1312484705, 1226642270, 1011280567, 4285971212, 1160112553, 4043886268, 4187264882, 2376735847, 673315131, 1760619155, 3566238249, 3540397241, 1435248127, 2815961005, 1428848254, 1773430454, 2945363980, 434280597, 2808843313, 625137026, 2553983979, 1475305426, 1207249876, 1590258462, 4179521170, 2496424439, 2712251115, 3067106230, 3754438260, 2480737136, 1100122744, 52313531, 1086319018, 2005722131, 2821417188, 778974728, 51809090, 951176635, 4129785040, 2293479145, 2494342138, 1192256698, 4060890815, 1572245938, 3658663949, 2991649591, 65984037, 1017351051, 974674903, 3766066427, 3648602112, 1976753158, 2120093342, 2944121628, 2001468768, 411304630, 2925905862, 2447983620, 100055502, 3440580243, 1769620231, 2492939063, 200265665, 1878677238, 2076155961, 2977969678, 572216205, 2244687525, 3929411506, 694573521, 2631861970, 1746726427, 1175070965, 1377577270, 3368674881, 2061041483, 72681978, 406348056, 3028505819, 2975998328, 3516489469, 4154677753, 614800830, 3006882253, 3711149495, 3924532133, 362356391, 1288541742, 700320597, 2164069051, 469425700, 4054317699, 3266005693, 301146154, 191243413, 3034542726, 2518296581, 1795575912, 4259807618, 536594890, 370), None)
Loaded weights: 165.97852231278952, -6.085929832774172, -1.4555810017181807, 0.0, 0.0
events: 
  ----
(3, (4279223649, 339801416, 2911722659, 2033745766, 1894910141, 157093251, 3298083932, 3683250640, 4007900163, 2523229896, 652052242, 3627895791, 1336212373, 207682347, 4059344609, 3794036269, 1033615707, 1793135931, 2667601213, 1564209301, 3469337410, 1221155037, 1854412110, 3938652807, 2677546497, 2138742131, 2430112983, 1447400138, 790091045, 1584451927, 2805086424, 3032935297, 3630825239, 1136453316, 1597341584, 1120750834, 2166096524, 2257917674, 155083026, 1844376920, 2251462258, 945834990, 3492126997, 3020196690, 2823392083, 2793068897, 1456365663, 3957786809, 1644517166, 327591519, 2389282426, 2652509227, 471825506, 2051775607, 615060606, 4167635988, 4293865084, 1558317455, 671336188, 3313033407, 1845595577, 3359987514, 173031313, 510296258, 3748117541, 3254529942, 955432820, 1556875985, 327084701, 2277499767, 2989958366, 4162263034, 963458548, 1728209442, 3399698844, 2964777888, 822690135, 2171996686, 1640505475, 839838830, 3436902061, 499230679, 592083543, 3560415421, 3265254330, 4074365413, 2928748104, 1867303919, 2045507920, 1017422395, 2930641786, 2269880794, 1373307663, 1560928356, 4106381066, 1156112614, 1152886840, 3662995099, 207677511, 1989135736, 4170402808, 688291845, 3595749921, 1970493008, 172276047, 4196585216, 861081066, 1842589952, 3686933819, 1577680438, 3697641239, 819305000, 4061835714, 2224415956, 2676975957, 4290398730, 4017603675, 2249623250, 3281914747, 367212103, 1380116544, 127168840, 554388964, 3439358836, 972233975, 1014554222, 3592390254, 3509557353, 53748126, 2989503335, 3232153385, 3250022254, 2024682841, 4150546987, 606986432, 1873521736, 1490212662, 4081156058, 2052557397, 1230229211, 4136187167, 2018381374, 180064319, 1911279946, 3056143982, 2259446193, 3582192392, 1967517609, 280951352, 1341072497, 3113062117, 2810926853, 2151507166, 1024040557, 931234491, 3582073520, 2712581761, 3624753992, 3982659892, 1355657855, 235998273, 959268922, 394747732, 857994518, 1580438548, 66603745, 3913731087, 4160873798, 917648681, 3826594618, 2249567892, 1096228326, 3312782206, 299197937, 117900829, 3729923954, 1922485108, 4171459877, 1988170930, 3579294985, 2261191972, 3679339189, 2715363776, 2724005151, 826098086, 3108294582, 2064334457, 1985413336, 3982608394, 2741410513, 601484929, 2501904670, 4128160343, 739844284, 2420560735, 3478420679, 1480672012, 3544732316, 1495640958, 3680568449, 2686774347, 1442478116, 1621167343, 3289489210, 2047775673, 2834549957, 1162796383, 2451228328, 316203021, 2550608065, 3385685126, 2315320439, 1380197821, 725395814, 3697673870, 1071402177, 1198678125, 184946543, 3891829565, 986158452, 4155007320, 2593932434, 1338370961, 3168363439, 3158241741, 2286199680, 182994680, 2053547505, 2450501190, 3802692887, 2369985489, 3243279372, 295991960, 2512295035, 626911427, 2740338329, 3168473690, 1869979497, 560796131, 3722931665, 527792266, 3836961989, 4239788173, 3010541185, 186754102, 326762516, 2746909450, 3906615165, 1005981083, 1839867426, 2738828414, 2713010374, 398637541, 3475548817, 4153718116, 2852494161, 4056752218, 2651647485, 2557517937, 1245938100, 3330758938, 3822222414, 3342920914, 1981998854, 1076203527, 1626723859, 433549897, 2142815826, 3825348631, 3300647972, 1735178839, 2478110933, 1268889932, 3359544221, 781300185, 2170086424, 93969105, 2174882369, 1611905537, 1329503824, 3922770363, 2432486419, 1267360265, 2664988225, 1460632360, 302062862, 287399087, 2108217116, 2219069436, 4004878020, 1746155315, 2950876488, 1461686768, 1278183444, 1069883215, 2118339743, 1582544911, 3709388001, 4085101613, 594327779, 2319968761, 257491494, 1104350971, 2691577092, 2873307233, 4108472904, 2665814643, 590046879, 296435727, 4260963176, 3623305386, 197726684, 3594701995, 826492674, 4272183534, 1505193664, 1906253446, 2073320397, 3628689891, 3968956180, 1217064511, 2519946770, 204273706, 2337208366, 3081501098, 842965070, 3864438828, 3415293090, 3349613925, 3147595074, 2231611330, 719344018, 1136646187, 2993697157, 4175864880, 22334601, 2006255677, 4083783997, 2767934667, 409776742, 160105208, 2561417188, 1504732362, 1137978940, 1343866539, 1686354743, 863687100, 1524256995, 4098628433, 1661182074, 3903718790, 798344850, 4188641747, 389722948, 570033186, 1705060195, 1355353063, 836949501, 2393288416, 1410175350, 920946026, 1088591014, 857702448, 2024219594, 200296474, 1105276247, 2562522574, 331740632, 2142926185, 466361789, 2302460484, 1352082211, 284233749, 320221791, 3217001720, 210007175, 3694732277, 3741183530, 4199343489, 2026401768, 2448582435, 751289483, 2580117377, 3982381742, 1050589678, 476167975, 2224156991, 1974476740, 1477159864, 1569573974, 3323775879, 2139365018, 845944965, 4180971852, 3834050605, 3074194275, 3097251689, 34369245, 752874044, 1693998987, 1570878206, 4103730373, 109978129, 1708322737, 337864023, 2234063412, 438171056, 1292493488, 4285821644, 696778538, 3099889644, 1606197815, 938649623, 1605869300, 3161329633, 1877893403, 2381232303, 871438831, 3190633970, 556036951, 874947350, 2621081949, 2938268308, 2102695290, 1570110917, 333046369, 1977393028, 1369096386, 4068335551, 2481747850, 2192751136, 2409932008, 2899976906, 4255103760, 2517206908, 3453524863, 549514117, 3624604053, 3556907983, 3388504452, 259064559, 1181848605, 1669281009, 4155677635, 3418426560, 3287480492, 402178668, 2334379593, 328566736, 2820734371, 388182660, 3560155536, 3470685915, 1437693513, 2036489061, 2005086769, 3202186783, 2922226949, 3609211546, 4207537145, 100561204, 3801846298, 841309438, 1267356516, 2559293674, 332672144, 821534362, 3382456771, 2649346906, 1215679793, 2484893419, 4274535451, 73973174, 1921733210, 862355152, 3562099299, 984088834, 2437374984, 2863283236, 1804413115, 3646520946, 224486553, 1953870634, 3895396791, 3288228994, 3561776965, 1023100534, 4082225499, 1422803867, 2045078438, 3574140577, 1490565805, 984041167, 911006695, 3726703594, 393527214, 69797007, 3526677835, 1636496078, 272209566, 3826193419, 2162761572, 1436690066, 3050523785, 870012009, 2832457840, 316259914, 3825290353, 3233526657, 732176075, 1091180229, 2036814932, 1510102985, 526450906, 3210708647, 1577824951, 904259504, 2829161807, 1728512384, 2061886027, 3600241559, 1819259595, 1284824910, 2688974432, 4187376974, 1951822249, 483911013, 1910353394, 937256312, 1025066306, 2142473192, 1717271587, 1502779358, 765827000, 3550527516, 3798327855, 1998422113, 3177349013, 1058218631, 3246757037, 3837442967, 1947807273, 185992193, 3834312620, 274986020, 4222876681, 3287663259, 1946540406, 1163776566, 3320880512, 3492205045, 3629117072, 2077238774, 2258627856, 1393988256, 3891853744, 424853396, 2434145200, 2111261334, 1110744458, 924870535, 3287639640, 3691357986, 1036212672, 2430708576, 83216203, 1991768767, 3179992609, 1485624992, 2169487111, 3297598246, 3558693791, 3451372949, 1606840764, 540229344, 3412270110, 1958641140, 2467035958, 601343945, 4003166768, 1607340358, 1661032645, 3659537653, 3179059899, 2728523961, 1381628383, 1676720653, 2452874665, 1478660001, 4212824361, 3813279815, 2129350595, 2354753888, 2530442919, 4274205194, 3317158348, 851577126, 877691323, 3035884633, 316380392, 520749779, 1022793290, 1412785211, 771570772, 1009054217, 2820565854, 4166807505, 1717765415, 3241851270, 1242384397, 3409484217, 3007909019, 2232911525, 3379338797, 3563803226, 2690039353, 359947331, 1520920850, 1709942745, 3765025880, 2360850808, 3665115372, 4173438854, 504569094, 37), None)
Loaded weights: 165.19316693955093, -10.060024846182694, -1.4555810017181807, 0.0, 0.0
events: me found the exit, 
  ----
(3, (4279223649, 339801416, 2911722659, 2033745766, 1894910141, 157093251, 3298083932, 3683250640, 4007900163, 2523229896, 652052242, 3627895791, 1336212373, 207682347, 4059344609, 3794036269, 1033615707, 1793135931, 2667601213, 1564209301, 3469337410, 1221155037, 1854412110, 3938652807, 2677546497, 2138742131, 2430112983, 1447400138, 790091045, 1584451927, 2805086424, 3032935297, 3630825239, 1136453316, 1597341584, 1120750834, 2166096524, 2257917674, 155083026, 1844376920, 2251462258, 945834990, 3492126997, 3020196690, 2823392083, 2793068897, 1456365663, 3957786809, 1644517166, 327591519, 2389282426, 2652509227, 471825506, 2051775607, 615060606, 4167635988, 4293865084, 1558317455, 671336188, 3313033407, 1845595577, 3359987514, 173031313, 510296258, 3748117541, 3254529942, 955432820, 1556875985, 327084701, 2277499767, 2989958366, 4162263034, 963458548, 1728209442, 3399698844, 2964777888, 822690135, 2171996686, 1640505475, 839838830, 3436902061, 499230679, 592083543, 3560415421, 3265254330, 4074365413, 2928748104, 1867303919, 2045507920, 1017422395, 2930641786, 2269880794, 1373307663, 1560928356, 4106381066, 1156112614, 1152886840, 3662995099, 207677511, 1989135736, 4170402808, 688291845, 3595749921, 1970493008, 172276047, 4196585216, 861081066, 1842589952, 3686933819, 1577680438, 3697641239, 819305000, 4061835714, 2224415956, 2676975957, 4290398730, 4017603675, 2249623250, 3281914747, 367212103, 1380116544, 127168840, 554388964, 3439358836, 972233975, 1014554222, 3592390254, 3509557353, 53748126, 2989503335, 3232153385, 3250022254, 2024682841, 4150546987, 606986432, 1873521736, 1490212662, 4081156058, 2052557397, 1230229211, 4136187167, 2018381374, 180064319, 1911279946, 3056143982, 2259446193, 3582192392, 1967517609, 280951352, 1341072497, 3113062117, 2810926853, 2151507166, 1024040557, 931234491, 3582073520, 2712581761, 3624753992, 3982659892, 1355657855, 235998273, 959268922, 394747732, 857994518, 1580438548, 66603745, 3913731087, 4160873798, 917648681, 3826594618, 2249567892, 1096228326, 3312782206, 299197937, 117900829, 3729923954, 1922485108, 4171459877, 1988170930, 3579294985, 2261191972, 3679339189, 2715363776, 2724005151, 826098086, 3108294582, 2064334457, 1985413336, 3982608394, 2741410513, 601484929, 2501904670, 4128160343, 739844284, 2420560735, 3478420679, 1480672012, 3544732316, 1495640958, 3680568449, 2686774347, 1442478116, 1621167343, 3289489210, 2047775673, 2834549957, 1162796383, 2451228328, 316203021, 2550608065, 3385685126, 2315320439, 1380197821, 725395814, 3697673870, 1071402177, 1198678125, 184946543, 3891829565, 986158452, 4155007320, 2593932434, 1338370961, 3168363439, 3158241741, 2286199680, 182994680, 2053547505, 2450501190, 3802692887, 2369985489, 3243279372, 295991960, 2512295035, 626911427, 2740338329, 3168473690, 1869979497, 560796131, 3722931665, 527792266, 3836961989, 4239788173, 3010541185, 186754102, 326762516, 2746909450, 3906615165, 1005981083, 1839867426, 2738828414, 2713010374, 398637541, 3475548817, 4153718116, 2852494161, 4056752218, 2651647485, 2557517937, 1245938100, 3330758938, 3822222414, 3342920914, 1981998854, 1076203527, 1626723859, 433549897, 2142815826, 3825348631, 3300647972, 1735178839, 2478110933, 1268889932, 3359544221, 781300185, 2170086424, 93969105, 2174882369, 1611905537, 1329503824, 3922770363, 2432486419, 1267360265, 2664988225, 1460632360, 302062862, 287399087, 2108217116, 2219069436, 4004878020, 1746155315, 2950876488, 1461686768, 1278183444, 1069883215, 2118339743, 1582544911, 3709388001, 4085101613, 594327779, 2319968761, 257491494, 1104350971, 2691577092, 2873307233, 4108472904, 2665814643, 590046879, 296435727, 4260963176, 3623305386, 197726684, 3594701995, 826492674, 4272183534, 1505193664, 1906253446, 2073320397, 3628689891, 3968956180, 1217064511, 2519946770, 204273706, 2337208366, 3081501098, 842965070, 3864438828, 3415293090, 3349613925, 3147595074, 2231611330, 719344018, 1136646187, 2993697157, 4175864880, 22334601, 2006255677, 4083783997, 2767934667, 409776742, 160105208, 2561417188, 1504732362, 1137978940, 1343866539, 1686354743, 863687100, 1524256995, 4098628433, 1661182074, 3903718790, 798344850, 4188641747, 389722948, 570033186, 1705060195, 1355353063, 836949501, 2393288416, 1410175350, 920946026, 1088591014, 857702448, 2024219594, 200296474, 1105276247, 2562522574, 331740632, 2142926185, 466361789, 2302460484, 1352082211, 284233749, 320221791, 3217001720, 210007175, 3694732277, 3741183530, 4199343489, 2026401768, 2448582435, 751289483, 2580117377, 3982381742, 1050589678, 476167975, 2224156991, 1974476740, 1477159864, 1569573974, 3323775879, 2139365018, 845944965, 4180971852, 3834050605, 3074194275, 3097251689, 34369245, 752874044, 1693998987, 1570878206, 4103730373, 109978129, 1708322737, 337864023, 2234063412, 438171056, 1292493488, 4285821644, 696778538, 3099889644, 1606197815, 938649623, 1605869300, 3161329633, 1877893403, 2381232303, 871438831, 3190633970, 556036951, 874947350, 2621081949, 2938268308, 2102695290, 1570110917, 333046369, 1977393028, 1369096386, 4068335551, 2481747850, 2192751136, 2409932008, 2899976906, 4255103760, 2517206908, 3453524863, 549514117, 3624604053, 3556907983, 3388504452, 259064559, 1181848605, 1669281009, 4155677635, 3418426560, 3287480492, 402178668, 2334379593, 328566736, 2820734371, 388182660, 3560155536, 3470685915, 1437693513, 2036489061, 2005086769, 3202186783, 2922226949, 3609211546, 4207537145, 100561204, 3801846298, 841309438, 1267356516, 2559293674, 332672144, 821534362, 3382456771, 2649346906, 1215679793, 2484893419, 4274535451, 73973174, 1921733210, 862355152, 3562099299, 984088834, 2437374984, 2863283236, 1804413115, 3646520946, 224486553, 1953870634, 3895396791, 3288228994, 3561776965, 1023100534, 4082225499, 1422803867, 2045078438, 3574140577, 1490565805, 984041167, 911006695, 3726703594, 393527214, 69797007, 3526677835, 1636496078, 272209566, 3826193419, 2162761572, 1436690066, 3050523785, 870012009, 2832457840, 316259914, 3825290353, 3233526657, 732176075, 1091180229, 2036814932, 1510102985, 526450906, 3210708647, 1577824951, 904259504, 2829161807, 1728512384, 2061886027, 3600241559, 1819259595, 1284824910, 2688974432, 4187376974, 1951822249, 483911013, 1910353394, 937256312, 1025066306, 2142473192, 1717271587, 1502779358, 765827000, 3550527516, 3798327855, 1998422113, 3177349013, 1058218631, 3246757037, 3837442967, 1947807273, 185992193, 3834312620, 274986020, 4222876681, 3287663259, 1946540406, 1163776566, 3320880512, 3492205045, 3629117072, 2077238774, 2258627856, 1393988256, 3891853744, 424853396, 2434145200, 2111261334, 1110744458, 924870535, 3287639640, 3691357986, 1036212672, 2430708576, 83216203, 1991768767, 3179992609, 1485624992, 2169487111, 3297598246, 3558693791, 3451372949, 1606840764, 540229344, 3412270110, 1958641140, 2467035958, 601343945, 4003166768, 1607340358, 1661032645, 3659537653, 3179059899, 2728523961, 1381628383, 1676720653, 2452874665, 1478660001, 4212824361, 3813279815, 2129350595, 2354753888, 2530442919, 4274205194, 3317158348, 851577126, 877691323, 3035884633, 316380392, 520749779, 1022793290, 1412785211, 771570772, 1009054217, 2820565854, 4166807505, 1717765415, 3241851270, 1242384397, 3409484217, 3007909019, 2232911525, 3379338797, 3563803226, 2690039353, 359947331, 1520920850, 1709942745, 3765025880, 2360850808, 3665115372, 4173438854, 504569094, 379), None)
Loaded weights: 171.3650148386955, -10.060024846182694, -1.4555810017181807, 0.0, 0.0
events: me found the exit, 
  ----
(3, (1210848377, 2735860914, 409231416, 4241491583, 1765786331, 616841279, 135665497, 4200206217, 3457920336, 1232287289, 4162844568, 28229593, 3065983584, 422996035, 3081118206, 4030186597, 4090471606, 719753632, 2558208398, 2861189390, 3466397022, 2305376085, 2370652875, 3806469321, 2056222523, 1044811808, 376855583, 3541477256, 2783525397, 1715831784, 2465269213, 121737451, 4063364328, 2905081320, 2931950225, 2891195276, 3201642597, 3533092853, 4214219219, 601465020, 2218472546, 1696103322, 2482650157, 3260905369, 2353285234, 2433790977, 1531555648, 3133384535, 1396251484, 281806161, 1562801283, 1570388449, 202212167, 91732155, 3892781978, 2972312037, 2731065937, 1835251739, 3426218673, 1356138524, 2316242584, 184589709, 4126976920, 3007651833, 2187691473, 1851523908, 4242859731, 138182011, 2298703348, 1777077493, 3046619710, 3244247456, 2079652896, 2974667301, 2794670539, 3320098242, 1915770717, 3666533966, 3444974676, 2244856459, 1185875772, 570929616, 3634251834, 3088488367, 3976537268, 591208462, 109173919, 4278949930, 1393985159, 732709835, 2968781238, 2771088067, 1466014612, 4016586020, 984369886, 419205843, 2188248181, 18366230, 741562642, 945856883, 532620694, 3551209217, 1786789302, 2015754355, 3187177700, 202088551, 2201654281, 2268263979, 3352780651, 2783169822, 3161162085, 4189514592, 1777265825, 2546274992, 112882001, 3031500091, 1550468019, 1201157061, 2381486411, 482644880, 2875960811, 2005051250, 1550179313, 325479731, 1918098940, 1738218617, 1373176459, 3087818113, 4098283717, 3851160110, 285613637, 3531788043, 2678316168, 765819784, 1368304135, 1979448389, 335882325, 931378665, 1606727069, 3578898993, 3242555530, 2739296839, 4184898568, 4289608864, 2923932206, 1641542021, 119582887, 406620472, 1162665710, 1178318134, 3200827947, 88301657, 41738857, 1391370359, 4069450696, 2987380329, 3935912116, 631757370, 378966096, 2270333291, 2374025133, 1981080892, 1537566465, 406433165, 1526854647, 1907257850, 1103342435, 1387266347, 922705622, 901590517, 3709950162, 2050380575, 1353563424, 1577478391, 4214510630, 3036454959, 4204754929, 1534309561, 2025879109, 937294694, 1738828467, 1933267753, 649939040, 122728853, 2141404958, 1051538198, 2253855447, 2484149436, 2598503528, 2870279570, 2560876838, 3123536469, 2903902583, 1919013175, 2152317311, 3766096102, 3212269545, 2454841269, 1896866643, 4225290204, 1588444585, 497801969, 819157877, 4211473360, 2978463991, 2946153035, 619732736, 3963630288, 1024803809, 2629490066, 3127626691, 823139207, 1603476670, 3842743038, 1974442532, 1067845196, 1441212741, 2124394267, 4248138883, 782265583, 401165147, 2600592078, 1728953680, 1268805953, 2656528684, 3182804218, 3123248929, 1093387098, 1263362790, 3352124687, 2625127545, 569245591, 3071523549, 3283112935, 1928962074, 2423661693, 2814462290, 1906429878, 3059071470, 4177890853, 2993122046, 1358271847, 814215162, 3059709613, 593203626, 2309384203, 1206903407, 175027020, 3216780356, 2631061748, 2990062762, 2825296662, 2161800631, 1841039021, 521984767, 3708791352, 2957723081, 1203889466, 1650479153, 3513886821, 3703651279, 3445781752, 3611643919, 131025081, 2078600227, 1858922536, 470139797, 791846070, 121997704, 2034553305, 1385151276, 3918828756, 738675984, 2500446067, 3127891291, 2298300139, 2299903150, 3022461276, 2047178441, 2716692293, 3556863597, 348824129, 659385882, 3377430469, 1684223644, 1571810361, 1845584786, 2284661094, 2086295279, 419299550, 2763290973, 3924446505, 1212925774, 2047793579, 2920639467, 1059193132, 3731414618, 1428279543, 165782798, 3890198531, 4141962038, 527597161, 3587422016, 3197730738, 2700867434, 455874994, 1297139995, 3614578660, 486219876, 3009800303, 4260503361, 1596781118, 2073854863, 970191080, 2479894346, 1809385924, 2406407922, 98043288, 3546532169, 2855033940, 3832649261, 2092578507, 492564164, 3652974752, 1476882225, 521669892, 1571307298, 3848541179, 2388990368, 671214167, 760598714, 86975534, 2352679034, 4283024913, 1586503856, 1695902634, 90157407, 1998494687, 3045110355, 1831562717, 2610109762, 1784824628, 2505773605, 3983413305, 3973144193, 2488267157, 2829126462, 138743964, 100890447, 1748162866, 1152159354, 3616514506, 738608603, 1092878490, 332693231, 1160441321, 1685442575, 374688053, 3095660464, 2228330045, 232010203, 1208052255, 1235774880, 301796440, 2390463389, 1402653562, 2628997341, 1737552609, 933815366, 4260240682, 250420718, 1060606715, 4048836725, 419395291, 3346400164, 4065918923, 692404771, 1525022772, 2032621485, 2475516199, 2642801389, 1734535383, 3298879294, 3050708035, 2996811126, 2379667472, 4253714057, 2709875313, 1490158359, 3785601565, 1744544448, 3678359402, 1295268188, 2861066154, 2418445381, 4089039293, 3987974724, 3410928076, 3510815749, 2122146911, 4248969802, 561772017, 522020648, 1770419589, 1508325795, 902728861, 291047998, 1478382549, 670608572, 987697046, 4052111441, 4250065866, 293010540, 23637496, 2062458094, 85846240, 1810153914, 2276817887, 1941433121, 3070580988, 3849594182, 3621319733, 2664454747, 146086356, 45459034, 1273080977, 3541413821, 4271628969, 1415438644, 1904871013, 3168250276, 3890925970, 3512035267, 1878301886, 329568176, 4101867260, 699919751, 1231189755, 1441539909, 2166566166, 1597759535, 3709382787, 2641886066, 805809957, 526832461, 3066631605, 2990095124, 1579387059, 370748608, 748430354, 1639556489, 1613816478, 1315288833, 529621580, 3823299229, 3442175286, 164839250, 4159200564, 3313613492, 4125917767, 4076706538, 736824933, 3048410575, 2877592871, 944495102, 2922280611, 1153639963, 4237525843, 2915549984, 2743166032, 1345575039, 1634717553, 2967716134, 1583144199, 3108940450, 3806866629, 2490458864, 3882721976, 1151909780, 2893466254, 2986607678, 623248234, 1880137276, 3518265224, 3035588167, 1008595722, 1909583895, 799976157, 4052795691, 1690920832, 4071351600, 4290772891, 3974247684, 857063008, 1686684513, 2623126288, 3377859491, 575324747, 3783810971, 2265479114, 3581757633, 3502163474, 186404976, 1240507973, 2689526116, 862562796, 182811042, 760481650, 3624934907, 2663437735, 4126987759, 3496652199, 1377791060, 3903197214, 2116042978, 1722328375, 2510715558, 3610769821, 1301286099, 4194885210, 2503061521, 2287928396, 788610588, 2728655101, 3053607164, 2659379043, 3744558842, 3977240970, 33479880, 3926553268, 347894140, 2352135301, 234803822, 1686153493, 1061705260, 4269625483, 886859642, 997408477, 3873867959, 2429120155, 3671578403, 257138069, 1503425042, 3344901344, 2701740867, 730962139, 3492720879, 3336535862, 1581414411, 3963631329, 3046903784, 636452298, 475528076, 874739314, 3600314147, 3268167274, 545974159, 1404990961, 607480555, 245599078, 3736302909, 814936865, 1005897546, 221209839, 2892810405, 399769555, 3940988434, 4157961746, 4090309736, 4145921974, 510135593, 318901396, 4222404939, 3099104334, 771006099, 2086422965, 1639392425, 2354044225, 3770817746, 1138838904, 3920370727, 2815213642, 2191265899, 2888670348, 3866166533, 276097641, 348183606, 4174235348, 3968112212, 2701515100, 4152367974, 2287389485, 2180760822, 3822242264, 88807943, 1858724053, 2127490344, 2375834397, 1985632399, 1742334403, 109329918, 1952711014, 3836109281, 2925497336, 1323906459, 2617364634, 2041860971, 3172511278, 2607610894, 2016680765, 1970940625, 1763493627, 1885874137, 2545889188, 1755743666, 2338364905, 3438282388, 3422994931, 3943403846, 191882720, 3350395868, 3964027782, 3165669182, 1353519271, 151), None)
Loaded weights: 169.12502469742134, -10.060024846182694, -1.4555810017181807, 0.0, 0.0
events: me found the exit, 
  ----
(3, (1210848377, 2735860914, 409231416, 4241491583, 1765786331, 616841279, 135665497, 4200206217, 3457920336, 1232287289, 4162844568, 28229593, 3065983584, 422996035, 3081118206, 4030186597, 4090471606, 719753632, 2558208398, 2861189390, 3466397022, 2305376085, 2370652875, 3806469321, 2056222523, 1044811808, 376855583, 3541477256, 2783525397, 1715831784, 2465269213, 121737451, 4063364328, 2905081320, 2931950225, 2891195276, 3201642597, 3533092853, 4214219219, 601465020, 2218472546, 1696103322, 2482650157, 3260905369, 2353285234, 2433790977, 1531555648, 3133384535, 1396251484, 281806161, 1562801283, 1570388449, 202212167, 91732155, 3892781978, 2972312037, 2731065937, 1835251739, 3426218673, 1356138524, 2316242584, 184589709, 4126976920, 3007651833, 2187691473, 1851523908, 4242859731, 138182011, 2298703348, 1777077493, 3046619710, 3244247456, 2079652896, 2974667301, 2794670539, 3320098242, 1915770717, 3666533966, 3444974676, 2244856459, 1185875772, 570929616, 3634251834, 3088488367, 3976537268, 591208462, 109173919, 4278949930, 1393985159, 732709835, 2968781238, 2771088067, 1466014612, 4016586020, 984369886, 419205843, 2188248181, 18366230, 741562642, 945856883, 532620694, 3551209217, 1786789302, 2015754355, 3187177700, 202088551, 2201654281, 2268263979, 3352780651, 2783169822, 3161162085, 4189514592, 1777265825, 2546274992, 112882001, 3031500091, 1550468019, 1201157061, 2381486411, 482644880, 2875960811, 2005051250, 1550179313, 325479731, 1918098940, 1738218617, 1373176459, 3087818113, 4098283717, 3851160110, 285613637, 3531788043, 2678316168, 765819784, 1368304135, 1979448389, 335882325, 931378665, 1606727069, 3578898993, 3242555530, 2739296839, 4184898568, 4289608864, 2923932206, 1641542021, 119582887, 406620472, 1162665710, 1178318134, 3200827947, 88301657, 41738857, 1391370359, 4069450696, 2987380329, 3935912116, 631757370, 378966096, 2270333291, 2374025133, 1981080892, 1537566465, 406433165, 1526854647, 1907257850, 1103342435, 1387266347, 922705622, 901590517, 3709950162, 2050380575, 1353563424, 1577478391, 4214510630, 3036454959, 4204754929, 1534309561, 2025879109, 937294694, 1738828467, 1933267753, 649939040, 122728853, 2141404958, 1051538198, 2253855447, 2484149436, 2598503528, 2870279570, 2560876838, 3123536469, 2903902583, 1919013175, 2152317311, 3766096102, 3212269545, 2454841269, 1896866643, 4225290204, 1588444585, 497801969, 819157877, 4211473360, 2978463991, 2946153035, 619732736, 3963630288, 1024803809, 2629490066, 3127626691, 823139207, 1603476670, 3842743038, 1974442532, 1067845196, 1441212741, 2124394267, 4248138883, 782265583, 401165147, 2600592078, 1728953680, 1268805953, 2656528684, 3182804218, 3123248929, 1093387098, 1263362790, 3352124687, 2625127545, 569245591, 3071523549, 3283112935, 1928962074, 2423661693, 2814462290, 1906429878, 3059071470, 4177890853, 2993122046, 1358271847, 814215162, 3059709613, 593203626, 2309384203, 1206903407, 175027020, 3216780356, 2631061748, 2990062762, 2825296662, 2161800631, 1841039021, 521984767, 3708791352, 2957723081, 1203889466, 1650479153, 3513886821, 3703651279, 3445781752, 3611643919, 131025081, 2078600227, 1858922536, 470139797, 791846070, 121997704, 2034553305, 1385151276, 3918828756, 738675984, 2500446067, 3127891291, 2298300139, 2299903150, 3022461276, 2047178441, 2716692293, 3556863597, 348824129, 659385882, 3377430469, 1684223644, 1571810361, 1845584786, 2284661094, 2086295279, 419299550, 2763290973, 3924446505, 1212925774, 2047793579, 2920639467, 1059193132, 3731414618, 1428279543, 165782798, 3890198531, 4141962038, 527597161, 3587422016, 3197730738, 2700867434, 455874994, 1297139995, 3614578660, 486219876, 3009800303, 4260503361, 1596781118, 2073854863, 970191080, 2479894346, 1809385924, 2406407922, 98043288, 3546532169, 2855033940, 3832649261, 2092578507, 492564164, 3652974752, 1476882225, 521669892, 1571307298, 3848541179, 2388990368, 671214167, 760598714, 86975534, 2352679034, 4283024913, 1586503856, 1695902634, 90157407, 1998494687, 3045110355, 1831562717, 2610109762, 1784824628, 2505773605, 3983413305, 3973144193, 2488267157, 2829126462, 138743964, 100890447, 1748162866, 1152159354, 3616514506, 738608603, 1092878490, 332693231, 1160441321, 1685442575, 374688053, 3095660464, 2228330045, 232010203, 1208052255, 1235774880, 301796440, 2390463389, 1402653562, 2628997341, 1737552609, 933815366, 4260240682, 250420718, 1060606715, 4048836725, 419395291, 3346400164, 4065918923, 692404771, 1525022772, 2032621485, 2475516199, 2642801389, 1734535383, 3298879294, 3050708035, 2996811126, 2379667472, 4253714057, 2709875313, 1490158359, 3785601565, 1744544448, 3678359402, 1295268188, 2861066154, 2418445381, 4089039293, 3987974724, 3410928076, 3510815749, 2122146911, 4248969802, 561772017, 522020648, 1770419589, 1508325795, 902728861, 291047998, 1478382549, 670608572, 987697046, 4052111441, 4250065866, 293010540, 23637496, 2062458094, 85846240, 1810153914, 2276817887, 1941433121, 3070580988, 3849594182, 3621319733, 2664454747, 146086356, 45459034, 1273080977, 3541413821, 4271628969, 1415438644, 1904871013, 3168250276, 3890925970, 3512035267, 1878301886, 329568176, 4101867260, 699919751, 1231189755, 1441539909, 2166566166, 1597759535, 3709382787, 2641886066, 805809957, 526832461, 3066631605, 2990095124, 1579387059, 370748608, 748430354, 1639556489, 1613816478, 1315288833, 529621580, 3823299229, 3442175286, 164839250, 4159200564, 3313613492, 4125917767, 4076706538, 736824933, 3048410575, 2877592871, 944495102, 2922280611, 1153639963, 4237525843, 2915549984, 2743166032, 1345575039, 1634717553, 2967716134, 1583144199, 3108940450, 3806866629, 2490458864, 3882721976, 1151909780, 2893466254, 2986607678, 623248234, 1880137276, 3518265224, 3035588167, 1008595722, 1909583895, 799976157, 4052795691, 1690920832, 4071351600, 4290772891, 3974247684, 857063008, 1686684513, 2623126288, 3377859491, 575324747, 3783810971, 2265479114, 3581757633, 3502163474, 186404976, 1240507973, 2689526116, 862562796, 182811042, 760481650, 3624934907, 2663437735, 4126987759, 3496652199, 1377791060, 3903197214, 2116042978, 1722328375, 2510715558, 3610769821, 1301286099, 4194885210, 2503061521, 2287928396, 788610588, 2728655101, 3053607164, 2659379043, 3744558842, 3977240970, 33479880, 3926553268, 347894140, 2352135301, 234803822, 1686153493, 1061705260, 4269625483, 886859642, 997408477, 3873867959, 2429120155, 3671578403, 257138069, 1503425042, 3344901344, 2701740867, 730962139, 3492720879, 3336535862, 1581414411, 3963631329, 3046903784, 636452298, 475528076, 874739314, 3600314147, 3268167274, 545974159, 1404990961, 607480555, 245599078, 3736302909, 814936865, 1005897546, 221209839, 2892810405, 399769555, 3940988434, 4157961746, 4090309736, 4145921974, 510135593, 318901396, 4222404939, 3099104334, 771006099, 2086422965, 1639392425, 2354044225, 3770817746, 1138838904, 3920370727, 2815213642, 2191265899, 2888670348, 3866166533, 276097641, 348183606, 4174235348, 3968112212, 2701515100, 4152367974, 2287389485, 2180760822, 3822242264, 88807943, 1858724053, 2127490344, 2375834397, 1985632399, 1742334403, 109329918, 1952711014, 3836109281, 2925497336, 1323906459, 2617364634, 2041860971, 3172511278, 2607610894, 2016680765, 1970940625, 1763493627, 1885874137, 2545889188, 1755743666, 2338364905, 3438282388, 3422994931, 3943403846, 191882720, 3350395868, 3964027782, 3165669182, 1353519271, 477), None)
Loaded weights: 175.43885276897112, -7.292754539328757, -1.4555810017181807, 0.0, 0.0
events: me found the exit, 
  ----
(3, (3670431637, 2641427481, 3642611647, 282424312, 2853266737, 2183060571, 3450061470, 1055584011, 3363809118, 760672754, 2176957670, 1017591180, 4014771048, 3931455662, 474056999, 1754345015, 1411114280, 1993541673, 1347996775, 212484885, 1510560938, 2887384731, 1602020935, 20655620, 3371940901, 216253579, 557730320, 3377040271, 952331621, 1130732940, 607361539, 1833231168, 656278673, 1925060659, 2982199380, 389500718, 2679601051, 4147875718, 2777765538, 732592054, 1005472566, 3306785164, 2030380549, 421118998, 211311196, 4040371410, 3027160145, 1996119779, 665298882, 94548362, 3924173980, 2300009916, 3073329296, 1438266436, 2712445619, 2248763126, 4029157022, 1559339802, 2772560184, 215267358, 727753517, 4286574456, 893828452, 717744349, 1556418503, 315215481, 1989286725, 1019899652, 1137754118, 1577646852, 2621187971, 3493707056, 573521309, 2591214661, 60660112, 1358125655, 1931063840, 3756374152, 956725599, 4146520430, 4134435408, 1760009097, 1769288070, 3297154660, 1958253421, 3931685036, 3996236701, 1147966939, 2965594672, 1772875980, 3828589411, 2585791713, 1400731922, 2952642655, 1791559213, 1960675297, 1939448299, 1922133992, 425810806, 3330906472, 2459427092, 2496151872, 571620140, 3414258867, 263431934, 2475272875, 2472635791, 1521350158, 1637371747, 3453487567, 1368355522, 904911732, 2502057215, 799628696, 1396350949, 2770533714, 1382201635, 3788618904, 684387583, 421207180, 2901846564, 4205466100, 1790138396, 2887278319, 580532911, 2665811846, 665675490, 1428784193, 3963937396, 247124231, 1564882640, 1311715980, 3168325488, 2775815328, 801632888, 2666854043, 3863593790, 2309143613, 1306342732, 1417599807, 4091061025, 2589898419, 4011749579, 2381578804, 3870348680, 3271858846, 3410059388, 2209293364, 143409728, 1447190821, 494305221, 3329538528, 1547687429, 2363194892, 3856673313, 1763400662, 1727044463, 3721602827, 1483584000, 4282517638, 682887023, 2431609268, 2612522367, 1782266905, 138791900, 2182980132, 3179271333, 3071502286, 2483411446, 3296074363, 331804482, 3684430584, 1091975954, 603072314, 3497323612, 535544428, 1275723469, 2291930478, 1739764742, 3412959535, 752534538, 4087134434, 3644958061, 3598549928, 3097123265, 415182303, 3861189330, 2868905777, 1174312096, 1485909157, 1020512033, 587670064, 1094549784, 1856785158, 4167811934, 1195958237, 871533277, 3838073713, 1394968379, 2291172131, 440469178, 4147856874, 1515918379, 3343871322, 3131174044, 3068022369, 2558497424, 2305500340, 2455550547, 3179873877, 2090341170, 3030741585, 1253168706, 263055299, 1993328093, 3281191844, 838355190, 3476328236, 1161304897, 1577849830, 3246796948, 2559397870, 3082251679, 3365490506, 2996608507, 2024573041, 809038090, 4284540646, 664724033, 237585756, 3643489516, 680528000, 2060338551, 3034518163, 2950254058, 2610889719, 1434850857, 2599116817, 3643621953, 3061792279, 455555778, 67272410, 3937805758, 95825405, 3943206131, 2863107471, 161290931, 1171735176, 3799029473, 107001874, 1426613135, 295581217, 3811931906, 3082327984, 3889061523, 4193156958, 545615633, 2349531844, 3707013037, 3497404841, 336536143, 1131075724, 3453508525, 994947413, 3227384722, 849020855, 1009990125, 944541682, 1622364607, 1346567059, 768839292, 1520172244, 1667202996, 1884395043, 2878098761, 1663924629, 1605451044, 233582375, 15293121, 1143426937, 2262291899, 2987005374, 1000761803, 2182714832, 3945719257, 2453756145, 146943149, 3427088517, 4076924695, 3188994325, 3342499478, 954264672, 3066434163, 4170194543, 1666936722, 1826926379, 2911937440, 2563568900, 2061160942, 1499436038, 1287865262, 695484976, 264234382, 593774997, 2457056337, 2259070221, 3701467804, 3088312930, 3898466145, 2391052025, 2870013819, 3497943669, 4138809560, 3889802296, 830476601, 3077836105, 726135296, 1418393368, 3476431563, 3092054747, 1218997221, 1684336975, 1476426673, 2257757868, 2099079530, 934626535, 1832067146, 3584388548, 1505756340, 884527985, 3373721252, 162407107, 1965422972, 4230577623, 1747403739, 4198442771, 1868559615, 3527908148, 3664960837, 2565591646, 1519942658, 3231688232, 1251820945, 3171067580, 855569549, 2090494304, 1564054722, 922722652, 3467853165, 1222975265, 2279575050, 3985746077, 3195473867, 3075467594, 4004790890, 1198963372, 2627257666, 1090794760, 2505002317, 1664771906, 410751344, 185844904, 2517266615, 2021440047, 3765426560, 3666619901, 3200127632, 3893154050, 2762586150, 2825453116, 191331222, 1192380781, 376672556, 3908723118, 1670114062, 3307623310, 2066833727, 3102565580, 1455077804, 2348130220, 1717746360, 3350223294, 2868438312, 1069498836, 2604157699, 3214950811, 914885985, 3721770555, 959840357, 3897179167, 1201970092, 1860163442, 2539229681, 1818501720, 1472672719, 3806072020, 2714847901, 3798940063, 1034809352, 2142710327, 3930549533, 3757727688, 2988460145, 4193440451, 192144383, 1864249625, 2120890394, 1059492436, 4008918825, 2022325658, 2832526925, 4028704759, 403405603, 3679607973, 2844717889, 1879897213, 3259179413, 3691020910, 948276814, 864523195, 2621997507, 772497068, 51532599, 849893872, 1480343014, 3819429946, 1859502760, 1886385696, 1459025415, 1144045817, 3032090003, 1258549154, 3240362046, 2444096840, 3008751562, 1603271759, 3182071, 3479613519, 3023365338, 3156514442, 3089698653, 947140708, 43541737, 2806223247, 1297659177, 472155851, 2819975008, 3398084340, 2395168231, 509808516, 4169219589, 212268708, 2003056983, 2562798747, 2582990973, 1668775400, 903703494, 3152798134, 3413047676, 61900802, 2015503742, 738753490, 1465252283, 161741526, 351595423, 574906771, 289296225, 1304746834, 1438829810, 463960414, 2886302362, 4084821088, 1551979475, 356143074, 2913723445, 2823301017, 1976985934, 928791621, 128275302, 3124196637, 3844838917, 3754299789, 3509863578, 3824839917, 3523607361, 2098515833, 1588186136, 3050304005, 823028556, 4102924597, 3717922375, 3056394512, 1796331655, 2541742210, 912282234, 2635130033, 2557422185, 2216628590, 421513009, 2431216395, 403633450, 3993134449, 3739064936, 1335249302, 1415117777, 94103056, 1384991936, 869755801, 1684197298, 3629167587, 1931768796, 2183222259, 2786218238, 2010254556, 1712970433, 4191408708, 1283947780, 955959328, 98861901, 1700166308, 3166673993, 886829212, 3837649802, 4136734686, 1317353066, 356673171, 802710723, 205270474, 477199210, 1172430128, 3161827080, 3566001510, 770591064, 3275473290, 505803512, 2989747420, 171286856, 23796735, 17982951, 47342486, 964219437, 491661360, 2497421113, 3805013886, 2555022250, 2116668003, 3676486976, 3196184383, 3410778848, 47086661, 3563395145, 1932956844, 765788126, 3749160708, 3032698609, 2425210796, 2221889878, 1107616526, 251651952, 3279221565, 1030272152, 1977426046, 1704994235, 3764461682, 10933250, 4009854540, 3808520535, 595520054, 3138484723, 2627859418, 3028525302, 2518687991, 549856071, 2462804820, 2446931289, 1734352870, 3620356446, 4156457059, 2355170849, 329888007, 3836316015, 921893504, 291534058, 1990784799, 2419519715, 2670666582, 1599898664, 1849285210, 1536239622, 3989470468, 2774495078, 2693938171, 2875541777, 1695756108, 1180733879, 2614021810, 934175597, 3913475854, 3992325459, 355569619, 3536347421, 3369102113, 2450101874, 2236435245, 3069021313, 3009945798, 2507786427, 735364287, 581100799, 156057759, 2453246582, 973400112, 3028276809, 1121669048, 1097680912, 1598948143, 390196281, 841044751, 728245634, 3028347935, 440861595, 161419344, 327300184, 364564872, 298), None)
Loaded weights: 158.8291219478428, -7.292754539328757, -1.4555810017181807, 0.0, 0.0
events: me found the exit, 
  ----
(3, (903870284, 3358305032, 937268171, 1715957594, 134054202, 3572607294, 1066341785, 793522256, 968182240, 2123032169, 1635059858, 3646257821, 228629965, 2147260929, 1566638131, 839289271, 2033412206, 413803949, 4015088936, 4014443456, 1392823804, 3459468722, 857343161, 557707022, 4050783286, 328037951, 2399415528, 2639608715, 3256168188, 3854876534, 1187874688, 3698410640, 3831987263, 2891605433, 9979957, 1475808044, 3929027211, 3785182363, 173721492, 499624044, 3991565449, 1371457287, 2963829889, 3194298995, 1945101, 3248992798, 1161170465, 1586194120, 519429646, 2632348974, 2382432298, 3579115951, 1958614438, 1902108547, 1336034783, 259014168, 4139377942, 2337645793, 622666215, 3110439567, 2220103178, 2446174158, 2413546675, 3477606978, 3160681521, 4111746246, 398904660, 891063196, 222305297, 2250828927, 635045322, 2648564451, 2409017251, 3989288530, 1107849620, 1695386307, 986223526, 1746954309, 2480625454, 249648230, 3660005726, 857721765, 2557754927, 109014892, 3941233115, 1059334539, 415536863, 3395570265, 163657503, 4122520950, 1641497770, 1487984581, 2054945221, 838258062, 357208639, 3419781293, 2922864502, 986775489, 3193186309, 3508853475, 3464180174, 1209457319, 740385165, 1607935573, 2127429883, 241540208, 583053969, 4254887103, 3128906280, 977991073, 689997347, 4160442642, 2407800111, 3283193073, 2427465050, 1445706928, 1195037328, 2876513377, 4116601858, 1526474774, 1169154266, 1891446595, 3931301132, 1962553793, 1000961887, 3077263611, 1158544673, 2024228688, 3407331023, 24870827, 724284556, 35462354, 391649120, 3952500276, 1123948276, 1590339783, 518139723, 2026596446, 17052060, 2865840135, 3578589305, 4019580253, 1143497356, 1243658473, 2093770111, 4051382023, 2736551268, 3691817610, 3422571054, 1284584061, 2646326223, 1012597053, 77841219, 1067302278, 129710407, 2278818486, 1754694750, 3639973873, 2938946543, 1228794430, 1249073108, 3660357904, 794942958, 961171830, 1960046956, 2719448886, 3152581525, 1252276473, 338836398, 2866945782, 246616906, 3684328570, 2371412039, 2629424856, 3654664641, 2680843518, 2525323747, 3791679322, 3688791982, 2175214427, 3463502866, 2043243592, 2023190739, 569120080, 3819297968, 577961347, 3122676824, 4073306803, 711919067, 3627931495, 2142915394, 2064640138, 3667679367, 2573897417, 1514071242, 731167904, 3464081963, 3069895413, 109985788, 2056183856, 3537847803, 433272729, 915814782, 2409142099, 179829966, 3728105274, 3254311287, 1724604791, 1956909875, 3946168610, 2827930952, 1207570398, 2542994337, 810991687, 466446818, 3968070194, 1698760750, 3136943471, 1883769564, 931329139, 2120742136, 3921355666, 3503049658, 3657563577, 3972129975, 194923741, 705340155, 4279776947, 3477014950, 457706941, 839871258, 2744259422, 1469485224, 1751364460, 4220191092, 3397317163, 3942115006, 2498435437, 459429193, 1077084332, 2113774956, 1748636396, 3923062678, 3586105032, 3572585397, 848779438, 3450612356, 4214502995, 2365788603, 2157348257, 2969191617, 3236476855, 1213283815, 1709945726, 3785491492, 190785963, 3821092372, 2982114441, 759357595, 929586631, 2381253119, 3212629308, 2472108889, 3391016770, 567836575, 2370563005, 31584149, 1153133705, 3767994897, 2789323711, 2468928537, 833753559, 1619511760, 3388512346, 3054856925, 825049244, 51958370, 394073493, 1850732236, 4007481252, 677041500, 2340012517, 243070192, 438708005, 1534965830, 4168386414, 105883154, 1692193118, 1473187739, 3964072952, 2469946482, 1041208791, 274004782, 1718319773, 2590403798, 461917633, 3394148093, 1488416061, 2977048800, 2851540596, 4185757514, 1171751763, 3988201174, 2868509009, 2994441756, 4254376544, 1390977367, 922820145, 3981786118, 1425340749, 4148752009, 2444422583, 1288241047, 3641454236, 1222048802, 1549979167, 3757954810, 3745834256, 2644436599, 2267512040, 2597062134, 2688687928, 3365727227, 3501845443, 3087199597, 2295183392, 4227230721, 2728080276, 3410101184, 145363679, 2181597163, 1146944581, 2843316804, 3487277987, 1502302185, 1423448200, 325662779, 3708901470, 3146692669, 3804767022, 3825098725, 1828077389, 1219162094, 2269976585, 2503551185, 3686962787, 1099167928, 4227780275, 2378633228, 3921486345, 2604291408, 4254744677, 3972834398, 844618772, 454826502, 3311131758, 1643734319, 3095700213, 1937780595, 459661272, 3995057248, 3505626736, 3153872143, 785761163, 2357579391, 1583036628, 3738642566, 2266508394, 3147928131, 26992455, 4037094528, 2012589545, 3305512912, 3537469667, 4271866701, 680544878, 1357348891, 4142327577, 966905579, 2006097439, 474321241, 1388792787, 3624641116, 4227993856, 506267619, 1835038080, 4276060668, 2413881145, 1996558272, 1286836280, 237353679, 3866593611, 3559222810, 151239341, 2076851859, 3721539135, 1121792742, 1348856654, 2101952958, 561243670, 4081383740, 432887078, 2050733376, 1244930243, 1283966729, 3840631715, 2654235249, 1610740569, 93090437, 4126521130, 3237230196, 917033470, 2530435854, 2012187943, 331837522, 2454070734, 3057489488, 603491429, 4223963528, 1303423161, 3463389599, 3267329422, 851480664, 3798445272, 2267615976, 1910824616, 1119427360, 1621921319, 2730747706, 3049491304, 3927531650, 707132625, 2531304862, 2555521682, 2416193423, 3988055319, 1435380186, 4069834533, 434652315, 1385116880, 1819073653, 2206853961, 1714063914, 2598756965, 769853141, 1682094444, 1388816137, 2685332180, 2794103888, 1971610727, 2622654187, 1316702403, 2666948175, 4294490650, 2393081927, 3587292229, 113114470, 1471682468, 3796522847, 1804042775, 2120715909, 1227443574, 3467579200, 2038768558, 482449787, 2331361830, 1725000965, 1461502741, 1709813315, 4291924699, 2885888248, 599345795, 940212063, 1114728513, 907580736, 4159186204, 36711260, 3005803890, 1157348838, 2748073530, 2466253671, 2302158441, 3819613954, 332100459, 1446880234, 34997911, 3028751386, 3580378201, 473084281, 1687989413, 2433269706, 3445105411, 2264145916, 1523697320, 3543903758, 900214778, 3830332168, 1185910622, 2697860237, 746632005, 1743854141, 3648759785, 1457939543, 2956730197, 363914909, 1191790764, 1849576119, 443265669, 1046030539, 2012138782, 2185117187, 141856825, 2208137472, 2890660781, 1479882876, 831303961, 4030437352, 146969867, 212117637, 2533590485, 1007059667, 2822282515, 1623231022, 2903248328, 3407802027, 1066838622, 2951288977, 4148505343, 1730637259, 4086156626, 3233781730, 3834423984, 3691594405, 502945835, 773384287, 2823810210, 3444163693, 1858694309, 2430327932, 3380356702, 3618323076, 3685974881, 755449248, 2480444207, 962113790, 2953820375, 1097809832, 4285147270, 2016252357, 2074531584, 2837619093, 2932904578, 2809555874, 949975974, 3940405314, 2306191211, 1772643160, 2239198291, 4243469572, 4157458440, 4113904540, 4065586667, 1692960945, 1396331066, 3935411064, 1392950345, 3010942517, 1736332227, 581355168, 317407125, 1431681197, 1548913069, 3534169033, 2422723275, 2286862656, 2787258531, 191550183, 1141007007, 759572537, 1200672822, 1764663636, 330047603, 1728517950, 4041911681, 4145230686, 472804711, 746140405, 3285657699, 3860242674, 3914592956, 3885264553, 1077926440, 752004978, 1693438082, 2331986739, 2038305578, 893037760, 525507318, 2758138591, 1969921921, 800654764, 3080407156, 4080951079, 2459563652, 2941450106, 3927284329, 3144699039, 2484884473, 3479788355, 3507972967, 2701157656, 2635750424, 202232412, 3731432948, 961500785, 3853076739, 3433793888, 462530574, 1698647963, 941832, 231486085, 1913332927, 3608102651, 1479723328, 156), None)
Loaded weights: 162.81043274426958, -6.4520349663109515, -1.4555810017181807, 0.0, 0.0
events: me found the exit, 
  ----
(3, (903870284, 3358305032, 937268171, 1715957594, 134054202, 3572607294, 1066341785, 793522256, 968182240, 2123032169, 1635059858, 3646257821, 228629965, 2147260929, 1566638131, 839289271, 2033412206, 413803949, 4015088936, 4014443456, 1392823804, 3459468722, 857343161, 557707022, 4050783286, 328037951, 2399415528, 2639608715, 3256168188, 3854876534, 1187874688, 3698410640, 3831987263, 2891605433, 9979957, 1475808044, 3929027211, 3785182363, 173721492, 499624044, 3991565449, 1371457287, 2963829889, 3194298995, 1945101, 3248992798, 1161170465, 1586194120, 519429646, 2632348974, 2382432298, 3579115951, 1958614438, 1902108547, 1336034783, 259014168, 4139377942, 2337645793, 622666215, 3110439567, 2220103178, 2446174158, 2413546675, 3477606978, 3160681521, 4111746246, 398904660, 891063196, 222305297, 2250828927, 635045322, 2648564451, 2409017251, 3989288530, 1107849620, 1695386307, 986223526, 1746954309, 2480625454, 249648230, 3660005726, 857721765, 2557754927, 109014892, 3941233115, 1059334539, 415536863, 3395570265, 163657503, 4122520950, 1641497770, 1487984581, 2054945221, 838258062, 357208639, 3419781293, 2922864502, 986775489, 3193186309, 3508853475, 3464180174, 1209457319, 740385165, 1607935573, 2127429883, 241540208, 583053969, 4254887103, 3128906280, 977991073, 689997347, 4160442642, 2407800111, 3283193073, 2427465050, 1445706928, 1195037328, 2876513377, 4116601858, 1526474774, 1169154266, 1891446595, 3931301132, 1962553793, 1000961887, 3077263611, 1158544673, 2024228688, 3407331023, 24870827, 724284556, 35462354, 391649120, 3952500276, 1123948276, 1590339783, 518139723, 2026596446, 17052060, 2865840135, 3578589305, 4019580253, 1143497356, 1243658473, 2093770111, 4051382023, 2736551268, 3691817610, 3422571054, 1284584061, 2646326223, 1012597053, 77841219, 1067302278, 129710407, 2278818486, 1754694750, 3639973873, 2938946543, 1228794430, 1249073108, 3660357904, 794942958, 961171830, 1960046956, 2719448886, 3152581525, 1252276473, 338836398, 2866945782, 246616906, 3684328570, 2371412039, 2629424856, 3654664641, 2680843518, 2525323747, 3791679322, 3688791982, 2175214427, 3463502866, 2043243592, 2023190739, 569120080, 3819297968, 577961347, 3122676824, 4073306803, 711919067, 3627931495, 2142915394, 2064640138, 3667679367, 2573897417, 1514071242, 731167904, 3464081963, 3069895413, 109985788, 2056183856, 3537847803, 433272729, 915814782, 2409142099, 179829966, 3728105274, 3254311287, 1724604791, 1956909875, 3946168610, 2827930952, 1207570398, 2542994337, 810991687, 466446818, 3968070194, 1698760750, 3136943471, 1883769564, 931329139, 2120742136, 3921355666, 3503049658, 3657563577, 3972129975, 194923741, 705340155, 4279776947, 3477014950, 457706941, 839871258, 2744259422, 1469485224, 1751364460, 4220191092, 3397317163, 3942115006, 2498435437, 459429193, 1077084332, 2113774956, 1748636396, 3923062678, 3586105032, 3572585397, 848779438, 3450612356, 4214502995, 2365788603, 2157348257, 2969191617, 3236476855, 1213283815, 1709945726, 3785491492, 190785963, 3821092372, 2982114441, 759357595, 929586631, 2381253119, 3212629308, 2472108889, 3391016770, 567836575, 2370563005, 31584149, 1153133705, 3767994897, 2789323711, 2468928537, 833753559, 1619511760, 3388512346, 3054856925, 825049244, 51958370, 394073493, 1850732236, 4007481252, 677041500, 2340012517, 243070192, 438708005, 1534965830, 4168386414, 105883154, 1692193118, 1473187739, 3964072952, 2469946482, 1041208791, 274004782, 1718319773, 2590403798, 461917633, 3394148093, 1488416061, 2977048800, 2851540596, 4185757514, 1171751763, 3988201174, 2868509009, 2994441756, 4254376544, 1390977367, 922820145, 3981786118, 1425340749, 4148752009, 2444422583, 1288241047, 3641454236, 1222048802, 1549979167, 3757954810, 3745834256, 2644436599, 2267512040, 2597062134, 2688687928, 3365727227, 3501845443, 3087199597, 2295183392, 4227230721, 2728080276, 3410101184, 145363679, 2181597163, 1146944581, 2843316804, 3487277987, 1502302185, 1423448200, 325662779, 3708901470, 3146692669, 3804767022, 3825098725, 1828077389, 1219162094, 2269976585, 2503551185, 3686962787, 1099167928, 4227780275, 2378633228, 3921486345, 2604291408, 4254744677, 3972834398, 844618772, 454826502, 3311131758, 1643734319, 3095700213, 1937780595, 459661272, 3995057248, 3505626736, 3153872143, 785761163, 2357579391, 1583036628, 3738642566, 2266508394, 3147928131, 26992455, 4037094528, 2012589545, 3305512912, 3537469667, 4271866701, 680544878, 1357348891, 4142327577, 966905579, 2006097439, 474321241, 1388792787, 3624641116, 4227993856, 506267619, 1835038080, 4276060668, 2413881145, 1996558272, 1286836280, 237353679, 3866593611, 3559222810, 151239341, 2076851859, 3721539135, 1121792742, 1348856654, 2101952958, 561243670, 4081383740, 432887078, 2050733376, 1244930243, 1283966729, 3840631715, 2654235249, 1610740569, 93090437, 4126521130, 3237230196, 917033470, 2530435854, 2012187943, 331837522, 2454070734, 3057489488, 603491429, 4223963528, 1303423161, 3463389599, 3267329422, 851480664, 3798445272, 2267615976, 1910824616, 1119427360, 1621921319, 2730747706, 3049491304, 3927531650, 707132625, 2531304862, 2555521682, 2416193423, 3988055319, 1435380186, 4069834533, 434652315, 1385116880, 1819073653, 2206853961, 1714063914, 2598756965, 769853141, 1682094444, 1388816137, 2685332180, 2794103888, 1971610727, 2622654187, 1316702403, 2666948175, 4294490650, 2393081927, 3587292229, 113114470, 1471682468, 3796522847, 1804042775, 2120715909, 1227443574, 3467579200, 2038768558, 482449787, 2331361830, 1725000965, 1461502741, 1709813315, 4291924699, 2885888248, 599345795, 940212063, 1114728513, 907580736, 4159186204, 36711260, 3005803890, 1157348838, 2748073530, 2466253671, 2302158441, 3819613954, 332100459, 1446880234, 34997911, 3028751386, 3580378201, 473084281, 1687989413, 2433269706, 3445105411, 2264145916, 1523697320, 3543903758, 900214778, 3830332168, 1185910622, 2697860237, 746632005, 1743854141, 3648759785, 1457939543, 2956730197, 363914909, 1191790764, 1849576119, 443265669, 1046030539, 2012138782, 2185117187, 141856825, 2208137472, 2890660781, 1479882876, 831303961, 4030437352, 146969867, 212117637, 2533590485, 1007059667, 2822282515, 1623231022, 2903248328, 3407802027, 1066838622, 2951288977, 4148505343, 1730637259, 4086156626, 3233781730, 3834423984, 3691594405, 502945835, 773384287, 2823810210, 3444163693, 1858694309, 2430327932, 3380356702, 3618323076, 3685974881, 755449248, 2480444207, 962113790, 2953820375, 1097809832, 4285147270, 2016252357, 2074531584, 2837619093, 2932904578, 2809555874, 949975974, 3940405314, 2306191211, 1772643160, 2239198291, 4243469572, 4157458440, 4113904540, 4065586667, 1692960945, 1396331066, 3935411064, 1392950345, 3010942517, 1736332227, 581355168, 317407125, 1431681197, 1548913069, 3534169033, 2422723275, 2286862656, 2787258531, 191550183, 1141007007, 759572537, 1200672822, 1764663636, 330047603, 1728517950, 4041911681, 4145230686, 472804711, 746140405, 3285657699, 3860242674, 3914592956, 3885264553, 1077926440, 752004978, 1693438082, 2331986739, 2038305578, 893037760, 525507318, 2758138591, 1969921921, 800654764, 3080407156, 4080951079, 2459563652, 2941450106, 3927284329, 3144699039, 2484884473, 3479788355, 3507972967, 2701157656, 2635750424, 202232412, 3731432948, 961500785, 3853076739, 3433793888, 462530574, 1698647963, 941832, 231486085, 1913332927, 3608102651, 1479723328, 453), None)
Loaded weights: 168.99693786440565, -6.4520349663109515, -1.4555810017181807, 0.0, 0.0
events: 
  ----
(3, (1953513162, 3215931524, 307253691, 4038736289, 867533241, 3170144083, 1569863915, 1348297721, 1118216264, 2928602680, 3584294600, 3662974140, 1392724725, 2001471154, 3064145402, 2857031481, 3803328302, 611304134, 3857047598, 3753898158, 81865404, 994124555, 1563320126, 4141229956, 309425742, 893552172, 902136258, 3861087638, 50757907, 568318176, 1318333551, 1241049594, 2061896043, 861795399, 31357255, 988810244, 1905540096, 3576253509, 3814142241, 4201882433, 54750329, 2561986052, 2494895414, 3043670956, 2740597318, 2646162917, 3047182593, 580512210, 1781629947, 365372188, 1403791068, 3704991363, 3559078777, 579540187, 1237538767, 2779419844, 593156277, 1160095851, 1349241309, 1150809699, 526304323, 1018102233, 203655990, 3109890114, 866348821, 2236377578, 1661691488, 2204706732, 283706566, 876376032, 3237642939, 3140110669, 2301774322, 3439792178, 2285322045, 627979916, 4016696508, 1073037015, 2962788143, 790858739, 1940895871, 3519615534, 3774083468, 1065190229, 1336050291, 1992316082, 2951866008, 2346027194, 952782892, 3295458895, 1614341988, 3087531332, 2087176802, 44385802, 1908035466, 3522146375, 2662402455, 1427704531, 3291673172, 2205393903, 3148632786, 802559124, 2590216368, 3248401055, 3729353169, 3733884352, 402299349, 1217351561, 2200208035, 3819354489, 563485196, 3767768707, 2403253177, 3395692718, 1667321441, 2684414024, 553207106, 580523645, 1559405842, 3538708357, 2845094517, 965597699, 1953902058, 3101329827, 713393585, 2605630561, 2438966880, 2006810899, 3861095764, 3128738519, 4132152470, 1821075067, 3326534216, 2713754776, 1390497292, 1248912863, 564128772, 781906065, 607124606, 1055329422, 2148215508, 4073712954, 1969539829, 1892006116, 2047255613, 2089355026, 4259235434, 1599641065, 1330614582, 3602535056, 944707783, 3816079547, 1684539843, 871861737, 2906297305, 3544000909, 2381119617, 608371050, 3991624308, 1284622514, 2824938715, 2875120627, 3949519027, 3478965034, 3814216304, 2685694372, 2942369433, 3767043759, 1182249778, 4096712592, 1253270014, 4244768348, 1555551481, 2696407186, 330809298, 15541223, 3781682534, 3852598935, 2147029457, 1817361646, 954651835, 2282037391, 1466358430, 1492930316, 3684560493, 2048341266, 277266439, 992739692, 2839033355, 1403262804, 4266712102, 1380990062, 1022231815, 2324372684, 1442153592, 2464597688, 2795114791, 3384300749, 1144611634, 2237513442, 3400774117, 3207513696, 3954074871, 1793260491, 2558552041, 181044035, 2029319904, 201870908, 3750722296, 4013369915, 4158739478, 1571318348, 271891355, 2900808169, 2874909953, 2125289035, 1511878556, 1097552671, 1734378469, 4086854428, 793524679, 223963718, 4094038283, 3802427393, 2932650510, 1526900569, 4273365702, 334477849, 1795395205, 190309430, 3782422542, 1484704237, 2294634213, 1616361553, 2892671539, 937251607, 2113131089, 18506931, 4199353578, 1845336131, 1129385924, 2185867825, 3230996573, 297940523, 2099539601, 3274962284, 992828248, 3681030846, 3791835396, 2623262081, 262851712, 4015085666, 129458067, 85230544, 981770652, 853941785, 3758674555, 2168319229, 3410261958, 3843636555, 1826856665, 3514464308, 1610574757, 3094393616, 1250167108, 984577588, 1093051866, 2852149678, 1385998084, 1143589861, 1958413208, 2467944110, 3108336072, 2007127216, 2047822236, 1807608522, 2272336137, 1686884794, 3954903377, 2148422103, 3191817462, 251473335, 833697673, 249824406, 2032135132, 323754708, 1996070604, 2914120529, 176977957, 1170192655, 2136101494, 998838914, 795960443, 1849184267, 1470476691, 2898722663, 3245304225, 3628308171, 4023504503, 4119626327, 920936772, 3203182678, 3910826747, 3058969522, 1094676455, 1088712539, 2913711156, 1157965436, 582737495, 1113536023, 4004267345, 2966310247, 1514554364, 3415906441, 1022123882, 389331793, 2882454727, 3086951552, 4220797744, 822200473, 1384401302, 2365360808, 549188985, 1538838526, 293590723, 549549195, 3527293477, 3725415218, 4069240100, 40854426, 985162850, 3405095155, 543943886, 3795291902, 1659061197, 328773217, 3442349398, 3847878349, 2448918292, 1741235348, 622168023, 1194604950, 984536211, 4084031989, 3597921683, 1009998158, 1981526019, 4017568371, 3562798040, 971704130, 1595873614, 1558435742, 3261409899, 2630984547, 1429237540, 265791260, 1060512626, 377684976, 1631160727, 4048108664, 3384365984, 2518146132, 2215818437, 3201678308, 1102540027, 189032509, 2104171195, 1154700074, 722121286, 1295277237, 2453135055, 1485155285, 2364372924, 463058707, 185643230, 4264878564, 1958842819, 4254551917, 1102397291, 4081217968, 2208078047, 2168406775, 2906398989, 1542665135, 317930410, 3531905674, 2456357873, 3554779963, 2366051311, 1970441483, 1701822288, 2303387005, 2107448365, 193810703, 1466507631, 655960641, 3692833335, 1947713825, 3988518231, 1695918183, 3964748289, 782919026, 3170861913, 1579988541, 1323106201, 2850788406, 2237330845, 2737331494, 3003120410, 924631460, 61351923, 3505676266, 2565358430, 426080302, 839848843, 4062641443, 2605769145, 3283260642, 2910902509, 2194744599, 3956580875, 211143764, 2748649684, 3842938963, 2974432153, 1701179042, 738412846, 3687989880, 3855549396, 2661471414, 2801317244, 2481992998, 1189320202, 2852016632, 3822750824, 3041422869, 1333118326, 572376708, 1961881636, 3205129598, 875205778, 3629047828, 3939964838, 2514770985, 1934233513, 3607879870, 3818849910, 2080992239, 4002670762, 1663558305, 479290559, 952054262, 620690004, 552539706, 3759133924, 677212214, 546041828, 1230941054, 3031808057, 788406648, 1153638122, 2336042387, 1260372672, 3936071219, 73434528, 271387319, 3749398806, 3903678522, 615107459, 2526317601, 3642106805, 4163494369, 2063856019, 539038200, 3768320048, 2736440490, 2244983608, 1842811507, 4273437567, 3611290367, 3632275515, 1263662621, 3792377715, 3407217550, 423518057, 3506961867, 379950008, 3153229498, 2050793145, 1467692096, 1205080654, 167642810, 1472697696, 1757115101, 4040445523, 1622915712, 662572106, 4258576641, 1548828627, 330648585, 3256301467, 2289355624, 3937097151, 1419893400, 1192195564, 1168940245, 338901066, 941318220, 889867064, 2846267479, 3554081877, 2026974044, 3697367005, 451085042, 746527490, 848409553, 2564178773, 3758667499, 2835374263, 3900347853, 3811356253, 667284612, 3124820355, 1038659115, 2273887204, 1630401248, 388409335, 3699337086, 2267698943, 2303045898, 3289546474, 3056828010, 2534536081, 598700228, 1361236013, 3709308094, 2889035930, 3871452015, 3564133960, 831774398, 1061939686, 1785708986, 2278572569, 4150435000, 921716788, 2602818788, 246734042, 3080335787, 2972705064, 2904692076, 214992575, 1120199442, 2089732440, 3880833540, 62862424, 2254412936, 2581358956, 1154449120, 2970830071, 1525773568, 35047636, 2308945738, 973440892, 4167489770, 366090294, 289709265, 2373893546, 877061255, 3611891331, 2299312154, 1145869820, 1713949864, 3976724724, 842846371, 628003581, 149299828, 2195883730, 3501505933, 2133573509, 4143086273, 202310533, 1723065531, 2930393347, 1153415901, 3248260508, 3993870386, 1235884182, 3132228569, 3804112138, 1859138382, 3737802480, 1474181954, 959676540, 3776712701, 946625215, 832037926, 1117589966, 420316031, 3141031114, 2603742570, 5509929, 3951505298, 3078101670, 594078334, 294990470, 2231740923, 541386899, 2099283361, 1891387291, 4256961409, 360586659, 1425396356, 4256172144, 1472598038, 2017310565, 3948074847, 951736588, 3472402498, 2303576825, 3799233968, 2877322127, 3857068749, 1258311393, 3861132626, 131), None)
Loaded weights: 168.29236754122348, -10.564371727481143, -1.4555810017181807, 0.0, 0.0
events: me found the exit, 
  ----
(3, (1953513162, 3215931524, 307253691, 4038736289, 867533241, 3170144083, 1569863915, 1348297721, 1118216264, 2928602680, 3584294600, 3662974140, 1392724725, 2001471154, 3064145402, 2857031481, 3803328302, 611304134, 3857047598, 3753898158, 81865404, 994124555, 1563320126, 4141229956, 309425742, 893552172, 902136258, 3861087638, 50757907, 568318176, 1318333551, 1241049594, 2061896043, 861795399, 31357255, 988810244, 1905540096, 3576253509, 3814142241, 4201882433, 54750329, 2561986052, 2494895414, 3043670956, 2740597318, 2646162917, 3047182593, 580512210, 1781629947, 365372188, 1403791068, 3704991363, 3559078777, 579540187, 1237538767, 2779419844, 593156277, 1160095851, 1349241309, 1150809699, 526304323, 1018102233, 203655990, 3109890114, 866348821, 2236377578, 1661691488, 2204706732, 283706566, 876376032, 3237642939, 3140110669, 2301774322, 3439792178, 2285322045, 627979916, 4016696508, 1073037015, 2962788143, 790858739, 1940895871, 3519615534, 3774083468, 1065190229, 1336050291, 1992316082, 2951866008, 2346027194, 952782892, 3295458895, 1614341988, 3087531332, 2087176802, 44385802, 1908035466, 3522146375, 2662402455, 1427704531, 3291673172, 2205393903, 3148632786, 802559124, 2590216368, 3248401055, 3729353169, 3733884352, 402299349, 1217351561, 2200208035, 3819354489, 563485196, 3767768707, 2403253177, 3395692718, 1667321441, 2684414024, 553207106, 580523645, 1559405842, 3538708357, 2845094517, 965597699, 1953902058, 3101329827, 713393585, 2605630561, 2438966880, 2006810899, 3861095764, 3128738519, 4132152470, 1821075067, 3326534216, 2713754776, 1390497292, 1248912863, 564128772, 781906065, 607124606, 1055329422, 2148215508, 4073712954, 1969539829, 1892006116, 2047255613, 2089355026, 4259235434, 1599641065, 1330614582, 3602535056, 944707783, 3816079547, 1684539843, 871861737, 2906297305, 3544000909, 2381119617, 608371050, 3991624308, 1284622514, 2824938715, 2875120627, 3949519027, 3478965034, 3814216304, 2685694372, 2942369433, 3767043759, 1182249778, 4096712592, 1253270014, 4244768348, 1555551481, 2696407186, 330809298, 15541223, 3781682534, 3852598935, 2147029457, 1817361646, 954651835, 2282037391, 1466358430, 1492930316, 3684560493, 2048341266, 277266439, 992739692, 2839033355, 1403262804, 4266712102, 1380990062, 1022231815, 2324372684, 1442153592, 2464597688, 2795114791, 3384300749, 1144611634, 2237513442, 3400774117, 3207513696, 3954074871, 1793260491, 2558552041, 181044035, 2029319904, 201870908, 3750722296, 4013369915, 4158739478, 1571318348, 271891355, 2900808169, 2874909953, 2125289035, 1511878556, 1097552671, 1734378469, 4086854428, 793524679, 223963718, 4094038283, 3802427393, 2932650510, 1526900569, 4273365702, 334477849, 1795395205, 190309430, 3782422542, 1484704237, 2294634213, 1616361553, 2892671539, 937251607, 2113131089, 18506931, 4199353578, 1845336131, 1129385924, 2185867825, 3230996573, 297940523, 2099539601, 3274962284, 992828248, 3681030846, 3791835396, 2623262081, 262851712, 4015085666, 129458067, 85230544, 981770652, 853941785, 3758674555, 2168319229, 3410261958, 3843636555, 1826856665, 3514464308, 1610574757, 3094393616, 1250167108, 984577588, 1093051866, 2852149678, 1385998084, 1143589861, 1958413208, 2467944110, 3108336072, 2007127216, 2047822236, 1807608522, 2272336137, 1686884794, 3954903377, 2148422103, 3191817462, 251473335, 833697673, 249824406, 2032135132, 323754708, 1996070604, 2914120529, 176977957, 1170192655, 2136101494, 998838914, 795960443, 1849184267, 1470476691, 2898722663, 3245304225, 3628308171, 4023504503, 4119626327, 920936772, 3203182678, 3910826747, 3058969522, 1094676455, 1088712539, 2913711156, 1157965436, 582737495, 1113536023, 4004267345, 2966310247, 1514554364, 3415906441, 1022123882, 389331793, 2882454727, 3086951552, 4220797744, 822200473, 1384401302, 2365360808, 549188985, 1538838526, 293590723, 549549195, 3527293477, 3725415218, 4069240100, 40854426, 985162850, 3405095155, 543943886, 3795291902, 1659061197, 328773217, 3442349398, 3847878349, 2448918292, 1741235348, 622168023, 1194604950, 984536211, 4084031989, 3597921683, 1009998158, 1981526019, 4017568371, 3562798040, 971704130, 1595873614, 1558435742, 3261409899, 2630984547, 1429237540, 265791260, 1060512626, 377684976, 1631160727, 4048108664, 3384365984, 2518146132, 2215818437, 3201678308, 1102540027, 189032509, 2104171195, 1154700074, 722121286, 1295277237, 2453135055, 1485155285, 2364372924, 463058707, 185643230, 4264878564, 1958842819, 4254551917, 1102397291, 4081217968, 2208078047, 2168406775, 2906398989, 1542665135, 317930410, 3531905674, 2456357873, 3554779963, 2366051311, 1970441483, 1701822288, 2303387005, 2107448365, 193810703, 1466507631, 655960641, 3692833335, 1947713825, 3988518231, 1695918183, 3964748289, 782919026, 3170861913, 1579988541, 1323106201, 2850788406, 2237330845, 2737331494, 3003120410, 924631460, 61351923, 3505676266, 2565358430, 426080302, 839848843, 4062641443, 2605769145, 3283260642, 2910902509, 2194744599, 3956580875, 211143764, 2748649684, 3842938963, 2974432153, 1701179042, 738412846, 3687989880, 3855549396, 2661471414, 2801317244, 2481992998, 1189320202, 2852016632, 3822750824, 3041422869, 1333118326, 572376708, 1961881636, 3205129598, 875205778, 3629047828, 3939964838, 2514770985, 1934233513, 3607879870, 3818849910, 2080992239, 4002670762, 1663558305, 479290559, 952054262, 620690004, 552539706, 3759133924, 677212214, 546041828, 1230941054, 3031808057, 788406648, 1153638122, 2336042387, 1260372672, 3936071219, 73434528, 271387319, 3749398806, 3903678522, 615107459, 2526317601, 3642106805, 4163494369, 2063856019, 539038200, 3768320048, 2736440490, 2244983608, 1842811507, 4273437567, 3611290367, 3632275515, 1263662621, 3792377715, 3407217550, 423518057, 3506961867, 379950008, 3153229498, 2050793145, 1467692096, 1205080654, 167642810, 1472697696, 1757115101, 4040445523, 1622915712, 662572106, 4258576641, 1548828627, 330648585, 3256301467, 2289355624, 3937097151, 1419893400, 1192195564, 1168940245, 338901066, 941318220, 889867064, 2846267479, 3554081877, 2026974044, 3697367005, 451085042, 746527490, 848409553, 2564178773, 3758667499, 2835374263, 3900347853, 3811356253, 667284612, 3124820355, 1038659115, 2273887204, 1630401248, 388409335, 3699337086, 2267698943, 2303045898, 3289546474, 3056828010, 2534536081, 598700228, 1361236013, 3709308094, 2889035930, 3871452015, 3564133960, 831774398, 1061939686, 1785708986, 2278572569, 4150435000, 921716788, 2602818788, 246734042, 3080335787, 2972705064, 2904692076, 214992575, 1120199442, 2089732440, 3880833540, 62862424, 2254412936, 2581358956, 1154449120, 2970830071, 1525773568, 35047636, 2308945738, 973440892, 4167489770, 366090294, 289709265, 2373893546, 877061255, 3611891331, 2299312154, 1145869820, 1713949864, 3976724724, 842846371, 628003581, 149299828, 2195883730, 3501505933, 2133573509, 4143086273, 202310533, 1723065531, 2930393347, 1153415901, 3248260508, 3993870386, 1235884182, 3132228569, 3804112138, 1859138382, 3737802480, 1474181954, 959676540, 3776712701, 946625215, 832037926, 1117589966, 420316031, 3141031114, 2603742570, 5509929, 3951505298, 3078101670, 594078334, 294990470, 2231740923, 541386899, 2099283361, 1891387291, 4256961409, 360586659, 1425396356, 4256172144, 1472598038, 2017310565, 3948074847, 951736588, 3472402498, 2303576825, 3799233968, 2877322127, 3857068749, 1258311393, 3861132626, 548), None)
Loaded weights: 176.6079961631427, -8.47754970337255, -1.4555810017181807, 0.0, 0.0
events: 
  ----
(3, (1807768931, 1033596245, 3292529768, 746795522, 2849542660, 1262366707, 4010456862, 1871687613, 3199001386, 4018866937, 3456244600, 1115090623, 213566205, 419017998, 484017321, 3920712905, 1263704397, 16638876, 2650342772, 3642782951, 1192932792, 2199385970, 3115988693, 2733381932, 372543298, 3107442741, 3592379032, 1774308303, 1971978962, 2453794758, 4281218693, 1102362558, 503619146, 1059010816, 2391290660, 2116651018, 442648325, 192521255, 1366888298, 2547827605, 776446342, 1052080831, 3854514344, 1703382449, 261803577, 688885753, 3299387584, 3747249803, 3722998064, 3393787160, 3412790385, 495633865, 2875906067, 2709028743, 711621524, 3965396689, 2608165584, 1362264277, 2468232152, 3056352538, 3456211789, 2997124514, 844150105, 2216303039, 2308643174, 983200240, 3945741797, 1276381123, 171130183, 1712240788, 741407811, 1613819770, 4028040248, 67439860, 2862545575, 1287063501, 3872603724, 1641609080, 1837347212, 621860824, 1161010020, 2395898809, 294230922, 1717162461, 1882315844, 4126401599, 2398930899, 1163622271, 1782126131, 1723457546, 2817624088, 68123528, 1445566277, 2131309963, 3087101510, 2174198132, 2604615531, 3536664441, 3087719336, 2057839907, 2856301387, 1365309323, 3933383065, 876295084, 3878915464, 945727882, 3924741507, 3751117922, 2910286006, 1157117260, 2438601682, 3952977467, 3432352768, 997125050, 1758551928, 2350773628, 2460399891, 33966475, 2196713676, 1427417776, 633793333, 2470147650, 1830773187, 795270234, 3010078315, 4075761331, 3744390781, 3029930318, 2770019156, 1812166076, 858940572, 2752063451, 3651534662, 2908936684, 168016986, 2279474579, 2917840979, 1127558674, 3261336313, 2889262576, 2678480370, 936020973, 166789836, 2604665639, 1412121139, 3107922220, 29779603, 290947247, 2961110444, 3415990374, 522772777, 1511216406, 768697159, 2202369932, 2991769355, 2742090183, 3044102833, 894081378, 3759634641, 350505950, 2288559046, 1571783793, 1029640341, 1941627372, 3650457496, 4106045679, 287976290, 1995030959, 726922009, 3894873429, 180873129, 538594336, 2572635219, 228018709, 4283886980, 3720081991, 3655638839, 3281693386, 1053785091, 127491152, 1304337685, 345559754, 3666632007, 3100197996, 465075762, 1071747551, 1495906923, 1275604550, 2279582616, 1988261509, 3550092782, 1707186006, 1804975400, 3023082700, 1588418590, 4084611120, 482907460, 1517349670, 859388759, 3201071587, 1184555087, 1474811502, 2001221712, 2501677058, 938139372, 2332189142, 627887456, 1045598202, 1805028409, 1538540184, 334803079, 3786320521, 1925696426, 3655041020, 2997602686, 3502161854, 4001040710, 3531949640, 3533631185, 4128568624, 3360955745, 709259939, 170474863, 4242942600, 292540862, 1952153474, 920344705, 3343461118, 942710606, 4109999215, 3652511275, 884115881, 2719826692, 1614238424, 2909386473, 425573085, 1980663935, 4079262989, 2910884417, 756172063, 2161499337, 3852187736, 945356547, 3972538074, 560208170, 3228543192, 4103372216, 907795770, 1412604269, 4268707989, 2504307997, 3437727828, 3149763037, 3411872342, 3921310748, 3699825456, 1272424807, 2592869734, 2855311812, 4051558905, 396494106, 2021602857, 1645334914, 2132820903, 372121405, 1911184775, 2195517250, 1191834116, 2242457490, 3756177764, 1812686566, 1396209373, 1390323105, 4188998670, 3934555118, 1196969323, 3087859141, 1740519430, 3297074685, 4101339752, 2131646851, 2881114255, 3945342106, 2818213694, 1486130623, 2825057470, 972846189, 307173248, 158536186, 234462306, 2581500158, 120265604, 2492393770, 1509250547, 3279931567, 4086053192, 2468856622, 3268455335, 2214469262, 2875536538, 460543199, 1192982277, 396169748, 524564832, 3634524170, 2069261206, 1200768230, 3446064272, 921282669, 3218541053, 2805352369, 487783866, 1228282020, 3498764390, 3620313608, 3872834703, 1028026954, 3661343104, 3313970971, 2137764750, 2037870815, 1901339685, 2890647179, 176692437, 1537555939, 136148581, 363760826, 3548014041, 274155078, 4147026856, 2286506762, 3070655471, 155545333, 26729658, 1330733965, 2346744349, 2942074613, 3651262552, 2558080113, 1192754996, 418707313, 3968763374, 748942681, 1620573957, 1545594156, 552228882, 4222060374, 1340806873, 3486447075, 1116794212, 18298773, 189793153, 630149085, 3048663535, 3010642624, 3128963821, 1732441156, 2594574472, 2628631015, 3178845846, 3865655238, 3506591463, 3635730529, 1413070577, 3751783123, 1708734331, 2388593765, 2317550801, 2287474024, 2581749108, 1846177298, 1381890541, 1845185146, 72236796, 776859741, 1393986962, 1817769743, 3875196483, 1672637902, 4111966199, 1523740200, 2110023506, 1468125391, 3154693988, 470340647, 808144374, 3827051164, 1474534126, 3189666347, 266915645, 3994493837, 1045672273, 1752387767, 2744519434, 4235060304, 2622838493, 186932506, 2769464797, 3415746764, 913792396, 1522694316, 2015468791, 732240262, 1736593444, 3614400721, 3848975890, 1443721923, 348217496, 1326887448, 1112604257, 2427677593, 1473011613, 1934831048, 3643179889, 3960725512, 1400859547, 391855348, 475185479, 3181491458, 2272746738, 4068111078, 1330106484, 419022022, 3714398295, 683809911, 624467904, 2468698335, 880632229, 414628917, 607412974, 3705965201, 1419449833, 2684176682, 1417775956, 4261283887, 204238466, 1253745114, 696469653, 4264269878, 684884451, 4126937078, 3351265965, 54796661, 248954445, 4177573399, 2740022762, 286847000, 4280150324, 3269276460, 2640920559, 3770266227, 51424404, 1680667807, 115127027, 2473038565, 678783164, 3495348688, 1525058280, 1674418453, 2155662449, 4238439630, 3370538889, 3038305563, 876530351, 1648011401, 2185049802, 1497690370, 1267304919, 2010730135, 3453705734, 164912885, 3320664380, 3497992228, 3302653344, 1737932655, 383089905, 294414707, 857192573, 1047582196, 1324691743, 939344263, 1102532474, 3104692983, 2655008268, 721896284, 3781316632, 3968129700, 4088724121, 1405266953, 1107024037, 2078228730, 1036899725, 3703526454, 599685300, 928264004, 2518034871, 2013287739, 2603305424, 3286917126, 3940388531, 3180685754, 114921966, 755540007, 2609596211, 3697329843, 3466379736, 3900230222, 1703640095, 643935355, 466283119, 3683783312, 4021065358, 3843257799, 801372652, 2450489015, 2618327183, 3841292232, 1414926458, 3927892413, 2081427163, 169324465, 1196885169, 879812226, 2430837468, 2990953175, 291896746, 2237302565, 3253653375, 62500736, 1972645217, 1146979925, 170015005, 713151476, 4127956015, 3823960783, 1626353696, 1438608533, 3440273557, 1171985125, 1452534871, 3854371003, 1294535643, 2640808659, 1715361360, 3618260978, 2195538294, 4256045956, 568361035, 667233939, 1932211467, 736783708, 1709332815, 1001725799, 1416697494, 3495275421, 1555657456, 2504598744, 164118958, 3665740143, 139332255, 89655071, 307470387, 3084064360, 3853873902, 1208690415, 2663803556, 2218540456, 2857946351, 2819152355, 1317388199, 1401133393, 1788601686, 3774644380, 1880653559, 1268254691, 3468670602, 3015836541, 3884603528, 2837548606, 4202725056, 535276397, 1026511518, 1104633692, 1200404106, 3986735249, 4168660396, 958982053, 2536908099, 2791984960, 4157731609, 1071031120, 3271977709, 3428810842, 1264685541, 2464741058, 2836831631, 208415764, 1939227767, 533005144, 3034182449, 831367477, 1978793230, 44234925, 1687318092, 2104535649, 2862131544, 1385131512, 4219796794, 3658669645, 2218159809, 2524063270, 584110111, 1539851773, 1091191281, 4215423390, 3796065965, 680827676, 867792430, 1332374409, 2763774383, 1215144627, 15037439, 2940685428, 3888956276, 200), None)
Loaded weights: 175.32092149552793, -11.939425762886732, -1.4555810017181807, 0.0, 0.0
events: me found the exit, 
  ----
(3, (1807768931, 1033596245, 3292529768, 746795522, 2849542660, 1262366707, 4010456862, 1871687613, 3199001386, 4018866937, 3456244600, 1115090623, 213566205, 419017998, 484017321, 3920712905, 1263704397, 16638876, 2650342772, 3642782951, 1192932792, 2199385970, 3115988693, 2733381932, 372543298, 3107442741, 3592379032, 1774308303, 1971978962, 2453794758, 4281218693, 1102362558, 503619146, 1059010816, 2391290660, 2116651018, 442648325, 192521255, 1366888298, 2547827605, 776446342, 1052080831, 3854514344, 1703382449, 261803577, 688885753, 3299387584, 3747249803, 3722998064, 3393787160, 3412790385, 495633865, 2875906067, 2709028743, 711621524, 3965396689, 2608165584, 1362264277, 2468232152, 3056352538, 3456211789, 2997124514, 844150105, 2216303039, 2308643174, 983200240, 3945741797, 1276381123, 171130183, 1712240788, 741407811, 1613819770, 4028040248, 67439860, 2862545575, 1287063501, 3872603724, 1641609080, 1837347212, 621860824, 1161010020, 2395898809, 294230922, 1717162461, 1882315844, 4126401599, 2398930899, 1163622271, 1782126131, 1723457546, 2817624088, 68123528, 1445566277, 2131309963, 3087101510, 2174198132, 2604615531, 3536664441, 3087719336, 2057839907, 2856301387, 1365309323, 3933383065, 876295084, 3878915464, 945727882, 3924741507, 3751117922, 2910286006, 1157117260, 2438601682, 3952977467, 3432352768, 997125050, 1758551928, 2350773628, 2460399891, 33966475, 2196713676, 1427417776, 633793333, 2470147650, 1830773187, 795270234, 3010078315, 4075761331, 3744390781, 3029930318, 2770019156, 1812166076, 858940572, 2752063451, 3651534662, 2908936684, 168016986, 2279474579, 2917840979, 1127558674, 3261336313, 2889262576, 2678480370, 936020973, 166789836, 2604665639, 1412121139, 3107922220, 29779603, 290947247, 2961110444, 3415990374, 522772777, 1511216406, 768697159, 2202369932, 2991769355, 2742090183, 3044102833, 894081378, 3759634641, 350505950, 2288559046, 1571783793, 1029640341, 1941627372, 3650457496, 4106045679, 287976290, 1995030959, 726922009, 3894873429, 180873129, 538594336, 2572635219, 228018709, 4283886980, 3720081991, 3655638839, 3281693386, 1053785091, 127491152, 1304337685, 345559754, 3666632007, 3100197996, 465075762, 1071747551, 1495906923, 1275604550, 2279582616, 1988261509, 3550092782, 1707186006, 1804975400, 3023082700, 1588418590, 4084611120, 482907460, 1517349670, 859388759, 3201071587, 1184555087, 1474811502, 2001221712, 2501677058, 938139372, 2332189142, 627887456, 1045598202, 1805028409, 1538540184, 334803079, 3786320521, 1925696426, 3655041020, 2997602686, 3502161854, 4001040710, 3531949640, 3533631185, 4128568624, 3360955745, 709259939, 170474863, 4242942600, 292540862, 1952153474, 920344705, 3343461118, 942710606, 4109999215, 3652511275, 884115881, 2719826692, 1614238424, 2909386473, 425573085, 1980663935, 4079262989, 2910884417, 756172063, 2161499337, 3852187736, 945356547, 3972538074, 560208170, 3228543192, 4103372216, 907795770, 1412604269, 4268707989, 2504307997, 3437727828, 3149763037, 3411872342, 3921310748, 3699825456, 1272424807, 2592869734, 2855311812, 4051558905, 396494106, 2021602857, 1645334914, 2132820903, 372121405, 1911184775, 2195517250, 1191834116, 2242457490, 3756177764, 1812686566, 1396209373, 1390323105, 4188998670, 3934555118, 1196969323, 3087859141, 1740519430, 3297074685, 4101339752, 2131646851, 2881114255, 3945342106, 2818213694, 1486130623, 2825057470, 972846189, 307173248, 158536186, 234462306, 2581500158, 120265604, 2492393770, 1509250547, 3279931567, 4086053192, 2468856622, 3268455335, 2214469262, 2875536538, 460543199, 1192982277, 396169748, 524564832, 3634524170, 2069261206, 1200768230, 3446064272, 921282669, 3218541053, 2805352369, 487783866, 1228282020, 3498764390, 3620313608, 3872834703, 1028026954, 3661343104, 3313970971, 2137764750, 2037870815, 1901339685, 2890647179, 176692437, 1537555939, 136148581, 363760826, 3548014041, 274155078, 4147026856, 2286506762, 3070655471, 155545333, 26729658, 1330733965, 2346744349, 2942074613, 3651262552, 2558080113, 1192754996, 418707313, 3968763374, 748942681, 1620573957, 1545594156, 552228882, 4222060374, 1340806873, 3486447075, 1116794212, 18298773, 189793153, 630149085, 3048663535, 3010642624, 3128963821, 1732441156, 2594574472, 2628631015, 3178845846, 3865655238, 3506591463, 3635730529, 1413070577, 3751783123, 1708734331, 2388593765, 2317550801, 2287474024, 2581749108, 1846177298, 1381890541, 1845185146, 72236796, 776859741, 1393986962, 1817769743, 3875196483, 1672637902, 4111966199, 1523740200, 2110023506, 1468125391, 3154693988, 470340647, 808144374, 3827051164, 1474534126, 3189666347, 266915645, 3994493837, 1045672273, 1752387767, 2744519434, 4235060304, 2622838493, 186932506, 2769464797, 3415746764, 913792396, 1522694316, 2015468791, 732240262, 1736593444, 3614400721, 3848975890, 1443721923, 348217496, 1326887448, 1112604257, 2427677593, 1473011613, 1934831048, 3643179889, 3960725512, 1400859547, 391855348, 475185479, 3181491458, 2272746738, 4068111078, 1330106484, 419022022, 3714398295, 683809911, 624467904, 2468698335, 880632229, 414628917, 607412974, 3705965201, 1419449833, 2684176682, 1417775956, 4261283887, 204238466, 1253745114, 696469653, 4264269878, 684884451, 4126937078, 3351265965, 54796661, 248954445, 4177573399, 2740022762, 286847000, 4280150324, 3269276460, 2640920559, 3770266227, 51424404, 1680667807, 115127027, 2473038565, 678783164, 3495348688, 1525058280, 1674418453, 2155662449, 4238439630, 3370538889, 3038305563, 876530351, 1648011401, 2185049802, 1497690370, 1267304919, 2010730135, 3453705734, 164912885, 3320664380, 3497992228, 3302653344, 1737932655, 383089905, 294414707, 857192573, 1047582196, 1324691743, 939344263, 1102532474, 3104692983, 2655008268, 721896284, 3781316632, 3968129700, 4088724121, 1405266953, 1107024037, 2078228730, 1036899725, 3703526454, 599685300, 928264004, 2518034871, 2013287739, 2603305424, 3286917126, 3940388531, 3180685754, 114921966, 755540007, 2609596211, 3697329843, 3466379736, 3900230222, 1703640095, 643935355, 466283119, 3683783312, 4021065358, 3843257799, 801372652, 2450489015, 2618327183, 3841292232, 1414926458, 3927892413, 2081427163, 169324465, 1196885169, 879812226, 2430837468, 2990953175, 291896746, 2237302565, 3253653375, 62500736, 1972645217, 1146979925, 170015005, 713151476, 4127956015, 3823960783, 1626353696, 1438608533, 3440273557, 1171985125, 1452534871, 3854371003, 1294535643, 2640808659, 1715361360, 3618260978, 2195538294, 4256045956, 568361035, 667233939, 1932211467, 736783708, 1709332815, 1001725799, 1416697494, 3495275421, 1555657456, 2504598744, 164118958, 3665740143, 139332255, 89655071, 307470387, 3084064360, 3853873902, 1208690415, 2663803556, 2218540456, 2857946351, 2819152355, 1317388199, 1401133393, 1788601686, 3774644380, 1880653559, 1268254691, 3468670602, 3015836541, 3884603528, 2837548606, 4202725056, 535276397, 1026511518, 1104633692, 1200404106, 3986735249, 4168660396, 958982053, 2536908099, 2791984960, 4157731609, 1071031120, 3271977709, 3428810842, 1264685541, 2464741058, 2836831631, 208415764, 1939227767, 533005144, 3034182449, 831367477, 1978793230, 44234925, 1687318092, 2104535649, 2862131544, 1385131512, 4219796794, 3658669645, 2218159809, 2524063270, 584110111, 1539851773, 1091191281, 4215423390, 3796065965, 680827676, 867792430, 1332374409, 2763774383, 1215144627, 15037439, 2940685428, 3888956276, 509), None)
Loaded weights: 181.65056443987604, -5.706557871406172, -1.4555810017181807, 0.0, 0.0
events: me found the exit, 
  ----
(3, (584559528, 3921160952, 1614201997, 1311650222, 2226535377, 471876105, 2303538981, 3359183172, 195527601, 822902655, 3975325464, 3494077369, 1311515878, 131537170, 4196156710, 2415055281, 3646452415, 3807339186, 2800214327, 1960207912, 500775678, 2020875959, 3590410340, 3110090055, 3402926257, 1945528714, 814574959, 302456094, 739797027, 1975186242, 1420245626, 397734672, 1002176110, 3684733699, 730845676, 197450359, 3358976408, 3577909146, 2664087447, 496595225, 2949727509, 3438543970, 3273258980, 1798953013, 1246705038, 554726677, 4168298967, 2549386895, 3329615718, 3987064575, 684735247, 1314975738, 1423814899, 3045887929, 2889191203, 697716215, 4149035590, 2598932233, 1935898161, 777958569, 62174265, 2750247782, 460943473, 3094149245, 2511040369, 428340022, 3409738129, 4264265461, 2973395584, 3595845628, 2073165418, 1339214987, 2413418620, 2241041273, 985555461, 3809918722, 3023439388, 1364682665, 73209629, 857056449, 2910341502, 1991514161, 3838929198, 266710949, 3796241850, 1736116673, 1709522284, 2266200218, 3527319581, 4286324392, 2981316445, 3789477748, 3883397823, 1742731225, 2097546551, 136857436, 3553645527, 1800487568, 1917488121, 4095163457, 1788052170, 1876657173, 2965378917, 2383196030, 1526121771, 2163701305, 4097934594, 2329640680, 2900417406, 3772106663, 2303533021, 1076587131, 1182638002, 4026187052, 3919735856, 893950353, 4157107702, 2474174161, 4137342423, 1864282765, 1573628763, 93970819, 1805869302, 2326400091, 2804425527, 3270443363, 3400477307, 3771450237, 1734625140, 2630071659, 1256385613, 1869303843, 589644183, 22829176, 2428865291, 3850125058, 2542865190, 1540863852, 921395928, 443302508, 266575292, 1092850563, 3258669339, 379591037, 1370921805, 1150028101, 4154271448, 3482664228, 3876630853, 724753359, 216607424, 2821009391, 1921616589, 3955998214, 2907870579, 4161079008, 248797735, 2035722026, 382424863, 2440918331, 4262933321, 1574566394, 831748713, 697483475, 4043682971, 4282778585, 1204364006, 3299504060, 870145233, 1482129059, 3126192895, 1034669845, 2437327474, 1814622099, 2639178922, 352747480, 299182994, 2381777213, 3446872226, 202767656, 3989189101, 493817922, 2800016630, 1379636340, 3151440558, 4098568886, 1636344233, 3998160221, 439434801, 283502930, 3856068328, 2476773844, 3989420415, 1350569823, 4206720757, 2184956664, 1717167222, 310172598, 796397985, 4129942764, 1483059008, 610344816, 3193420592, 1786299971, 1886440933, 1343528477, 2075863473, 3518192802, 2269284372, 3263006052, 1381701793, 2742107032, 2832978239, 3475489433, 1250922432, 754303326, 675865301, 184911401, 2571707445, 3585484147, 4287823776, 3547743713, 2596850923, 14305900, 986238014, 757223659, 3295172107, 2127553551, 1254904848, 2514749255, 2373961125, 2511903315, 1815866213, 116481166, 496991477, 2846390097, 2442559782, 591027943, 532869609, 3612244573, 1964688702, 1060670072, 3113672412, 2313846314, 3268982494, 3702382571, 802916533, 2932398743, 3729458722, 95140405, 3742629229, 235073664, 374926497, 1146115937, 2084860038, 3506113615, 2029843953, 29324952, 4127372083, 1886059747, 2123872456, 445069613, 2908507003, 1512724185, 1958678918, 2678376502, 2115864603, 2902840028, 2735036624, 3038528663, 3685569412, 4196980609, 499643154, 2368828448, 1833965797, 1132144987, 2658851580, 2476352814, 878334670, 2991729901, 962139937, 3651214702, 2053836392, 34583622, 2396648790, 3063282904, 662257513, 118308036, 2769403223, 395720718, 4227429823, 2683050980, 3967150352, 1938500889, 2280495697, 4171860759, 775215856, 980349229, 442521286, 1533592268, 1058445348, 829483791, 3971261362, 2556902937, 754733666, 664024430, 363251337, 1862544791, 4032244752, 776141353, 1097650552, 3336372712, 1329495538, 235008104, 1836100098, 2359138616, 3529624168, 1249402895, 2657816243, 1120205327, 3330102548, 4062926509, 3563387369, 1728740857, 4132915581, 2023607716, 1151516274, 582492649, 1414318529, 4108631776, 1283924566, 2271003278, 2151454820, 1256293403, 371454777, 1648776411, 2349149067, 1551447354, 597726689, 3540997333, 3653107675, 653993539, 2618021580, 3653738336, 2198719192, 3410564732, 2447608126, 3810812277, 1691457329, 4062202851, 369802564, 753349638, 1094501707, 2467711771, 612592340, 348470614, 2442181935, 2646376545, 836238184, 1343347316, 4040541140, 1704417252, 375935141, 559312528, 2956172302, 2831963189, 3329585371, 1271895816, 231914809, 3040767506, 2793821524, 1732984432, 1185617467, 2041802281, 3860757485, 1211398685, 2168917041, 2100304935, 195449035, 534822361, 3576270255, 530238923, 3858850130, 3654844651, 1631781329, 616907345, 4203526220, 2014362243, 2200252091, 2677037936, 4021528740, 1546955807, 4002219612, 973066446, 327709709, 1984918108, 3554056338, 3751411353, 1720738259, 3156710948, 3375403319, 2291933289, 650598346, 2741644069, 4282536500, 1065160988, 108350820, 3394070753, 2773475245, 934664677, 2698316645, 2189343818, 1104200657, 394351021, 519573583, 295477323, 2277783854, 4211487849, 3491446701, 2499051532, 925099877, 4139881622, 897705484, 2872072850, 14718038, 3219262737, 891284705, 3442884997, 914042375, 153964199, 2570976360, 2140039536, 978607031, 3696008569, 2544200675, 2719996153, 1337233905, 1833882810, 1846594486, 2451953348, 902779664, 2451910565, 2996186791, 2378172673, 1521299676, 3519372345, 3929592297, 2667341366, 80374473, 1939645709, 1095900198, 2446722734, 3074734413, 1423126438, 720719953, 1659318520, 4170662451, 630307312, 210652340, 309022978, 4220176277, 3726353063, 1790943961, 964912573, 572835202, 1935706472, 1803685481, 3623801514, 433399163, 1685340537, 2870793908, 2867275468, 3200311611, 3306711005, 1017828400, 1334149700, 2234046164, 3224082327, 2960185552, 2494495933, 1686892764, 4190776610, 2681935689, 763319391, 823025300, 2151734881, 2427990384, 2390646291, 2742183328, 2427710214, 3720613056, 1524677533, 3464229996, 1706532793, 1057388248, 1175306898, 3096043647, 3126354823, 374251527, 1124943823, 3462249687, 3806132265, 3619043869, 1765935482, 4107552194, 1080440809, 1503601213, 3009507779, 1296881798, 1470236448, 1977220865, 1700331370, 3782475822, 3077976301, 3490565212, 3614115507, 2109550643, 1476310462, 2028776534, 1886817815, 3374849950, 2648044816, 4040710777, 3995026244, 1927024632, 2177213835, 2727810476, 2127187940, 2461158752, 1469239367, 75403848, 968670104, 2241416102, 4250466097, 528233863, 1132472965, 2446163644, 3129600213, 1956398876, 3840428400, 4053648730, 4207665076, 4286755344, 4189383057, 186040500, 3770418033, 2335967989, 1284993666, 1387691255, 3247558471, 3438535041, 1921349137, 1386563311, 4118862691, 1290049681, 1592286125, 2952830519, 4172345918, 1517516574, 462957364, 3670074589, 231372813, 278719916, 1896351779, 1394212968, 1639877429, 522945149, 347153397, 3635497295, 750955195, 3968495051, 3010693782, 709728728, 757545488, 3296442928, 2755143248, 2179295143, 1117420123, 1369901926, 2546442274, 2374099540, 73975162, 922969619, 1044934072, 3783318199, 4098570341, 3263330314, 2749424756, 2272730807, 1233322253, 2581457721, 3592182819, 1416899608, 3472952250, 2253154576, 1273277235, 368966902, 2841957624, 3828315959, 2271572606, 1129025710, 2118629220, 2055032123, 653781470, 1752975499, 1658971703, 572703556, 556290646, 3297331828, 2906157633, 297293883, 3585053680, 2638795382, 3341654147, 2419696906, 3614401333, 2253185127, 1359883711, 3613519895, 330524634, 2693126638, 69980727, 94966758, 2193444166, 279), None)
Loaded weights: 185.72745643070047, -1.2985115254788948, -1.4555810017181807, 0.0, 0.0
events: 
  ----
(3, (584559528, 3921160952, 1614201997, 1311650222, 2226535377, 471876105, 2303538981, 3359183172, 195527601, 822902655, 3975325464, 3494077369, 1311515878, 131537170, 4196156710, 2415055281, 3646452415, 3807339186, 2800214327, 1960207912, 500775678, 2020875959, 3590410340, 3110090055, 3402926257, 1945528714, 814574959, 302456094, 739797027, 1975186242, 1420245626, 397734672, 1002176110, 3684733699, 730845676, 197450359, 3358976408, 3577909146, 2664087447, 496595225, 2949727509, 3438543970, 3273258980, 1798953013, 1246705038, 554726677, 4168298967, 2549386895, 3329615718, 3987064575, 684735247, 1314975738, 1423814899, 3045887929, 2889191203, 697716215, 4149035590, 2598932233, 1935898161, 777958569, 62174265, 2750247782, 460943473, 3094149245, 2511040369, 428340022, 3409738129, 4264265461, 2973395584, 3595845628, 2073165418, 1339214987, 2413418620, 2241041273, 985555461, 3809918722, 3023439388, 1364682665, 73209629, 857056449, 2910341502, 1991514161, 3838929198, 266710949, 3796241850, 1736116673, 1709522284, 2266200218, 3527319581, 4286324392, 2981316445, 3789477748, 3883397823, 1742731225, 2097546551, 136857436, 3553645527, 1800487568, 1917488121, 4095163457, 1788052170, 1876657173, 2965378917, 2383196030, 1526121771, 2163701305, 4097934594, 2329640680, 2900417406, 3772106663, 2303533021, 1076587131, 1182638002, 4026187052, 3919735856, 893950353, 4157107702, 2474174161, 4137342423, 1864282765, 1573628763, 93970819, 1805869302, 2326400091, 2804425527, 3270443363, 3400477307, 3771450237, 1734625140, 2630071659, 1256385613, 1869303843, 589644183, 22829176, 2428865291, 3850125058, 2542865190, 1540863852, 921395928, 443302508, 266575292, 1092850563, 3258669339, 379591037, 1370921805, 1150028101, 4154271448, 3482664228, 3876630853, 724753359, 216607424, 2821009391, 1921616589, 3955998214, 2907870579, 4161079008, 248797735, 2035722026, 382424863, 2440918331, 4262933321, 1574566394, 831748713, 697483475, 4043682971, 4282778585, 1204364006, 3299504060, 870145233, 1482129059, 3126192895, 1034669845, 2437327474, 1814622099, 2639178922, 352747480, 299182994, 2381777213, 3446872226, 202767656, 3989189101, 493817922, 2800016630, 1379636340, 3151440558, 4098568886, 1636344233, 3998160221, 439434801, 283502930, 3856068328, 2476773844, 3989420415, 1350569823, 4206720757, 2184956664, 1717167222, 310172598, 796397985, 4129942764, 1483059008, 610344816, 3193420592, 1786299971, 1886440933, 1343528477, 2075863473, 3518192802, 2269284372, 3263006052, 1381701793, 2742107032, 2832978239, 3475489433, 1250922432, 754303326, 675865301, 184911401, 2571707445, 3585484147, 4287823776, 3547743713, 2596850923, 14305900, 986238014, 757223659, 3295172107, 2127553551, 1254904848, 2514749255, 2373961125, 2511903315, 1815866213, 116481166, 496991477, 2846390097, 2442559782, 591027943, 532869609, 3612244573, 1964688702, 1060670072, 3113672412, 2313846314, 3268982494, 3702382571, 802916533, 2932398743, 3729458722, 95140405, 3742629229, 235073664, 374926497, 1146115937, 2084860038, 3506113615, 2029843953, 29324952, 4127372083, 1886059747, 2123872456, 445069613, 2908507003, 1512724185, 1958678918, 2678376502, 2115864603, 2902840028, 2735036624, 3038528663, 3685569412, 4196980609, 499643154, 2368828448, 1833965797, 1132144987, 2658851580, 2476352814, 878334670, 2991729901, 962139937, 3651214702, 2053836392, 34583622, 2396648790, 3063282904, 662257513, 118308036, 2769403223, 395720718, 4227429823, 2683050980, 3967150352, 1938500889, 2280495697, 4171860759, 775215856, 980349229, 442521286, 1533592268, 1058445348, 829483791, 3971261362, 2556902937, 754733666, 664024430, 363251337, 1862544791, 4032244752, 776141353, 1097650552, 3336372712, 1329495538, 235008104, 1836100098, 2359138616, 3529624168, 1249402895, 2657816243, 1120205327, 3330102548, 4062926509, 3563387369, 1728740857, 4132915581, 2023607716, 1151516274, 582492649, 1414318529, 4108631776, 1283924566, 2271003278, 2151454820, 1256293403, 371454777, 1648776411, 2349149067, 1551447354, 597726689, 3540997333, 3653107675, 653993539, 2618021580, 3653738336, 2198719192, 3410564732, 2447608126, 3810812277, 1691457329, 4062202851, 369802564, 753349638, 1094501707, 2467711771, 612592340, 348470614, 2442181935, 2646376545, 836238184, 1343347316, 4040541140, 1704417252, 375935141, 559312528, 2956172302, 2831963189, 3329585371, 1271895816, 231914809, 3040767506, 2793821524, 1732984432, 1185617467, 2041802281, 3860757485, 1211398685, 2168917041, 2100304935, 195449035, 534822361, 3576270255, 530238923, 3858850130, 3654844651, 1631781329, 616907345, 4203526220, 2014362243, 2200252091, 2677037936, 4021528740, 1546955807, 4002219612, 973066446, 327709709, 1984918108, 3554056338, 3751411353, 1720738259, 3156710948, 3375403319, 2291933289, 650598346, 2741644069, 4282536500, 1065160988, 108350820, 3394070753, 2773475245, 934664677, 2698316645, 2189343818, 1104200657, 394351021, 519573583, 295477323, 2277783854, 4211487849, 3491446701, 2499051532, 925099877, 4139881622, 897705484, 2872072850, 14718038, 3219262737, 891284705, 3442884997, 914042375, 153964199, 2570976360, 2140039536, 978607031, 3696008569, 2544200675, 2719996153, 1337233905, 1833882810, 1846594486, 2451953348, 902779664, 2451910565, 2996186791, 2378172673, 1521299676, 3519372345, 3929592297, 2667341366, 80374473, 1939645709, 1095900198, 2446722734, 3074734413, 1423126438, 720719953, 1659318520, 4170662451, 630307312, 210652340, 309022978, 4220176277, 3726353063, 1790943961, 964912573, 572835202, 1935706472, 1803685481, 3623801514, 433399163, 1685340537, 2870793908, 2867275468, 3200311611, 3306711005, 1017828400, 1334149700, 2234046164, 3224082327, 2960185552, 2494495933, 1686892764, 4190776610, 2681935689, 763319391, 823025300, 2151734881, 2427990384, 2390646291, 2742183328, 2427710214, 3720613056, 1524677533, 3464229996, 1706532793, 1057388248, 1175306898, 3096043647, 3126354823, 374251527, 1124943823, 3462249687, 3806132265, 3619043869, 1765935482, 4107552194, 1080440809, 1503601213, 3009507779, 1296881798, 1470236448, 1977220865, 1700331370, 3782475822, 3077976301, 3490565212, 3614115507, 2109550643, 1476310462, 2028776534, 1886817815, 3374849950, 2648044816, 4040710777, 3995026244, 1927024632, 2177213835, 2727810476, 2127187940, 2461158752, 1469239367, 75403848, 968670104, 2241416102, 4250466097, 528233863, 1132472965, 2446163644, 3129600213, 1956398876, 3840428400, 4053648730, 4207665076, 4286755344, 4189383057, 186040500, 3770418033, 2335967989, 1284993666, 1387691255, 3247558471, 3438535041, 1921349137, 1386563311, 4118862691, 1290049681, 1592286125, 2952830519, 4172345918, 1517516574, 462957364, 3670074589, 231372813, 278719916, 1896351779, 1394212968, 1639877429, 522945149, 347153397, 3635497295, 750955195, 3968495051, 3010693782, 709728728, 757545488, 3296442928, 2755143248, 2179295143, 1117420123, 1369901926, 2546442274, 2374099540, 73975162, 922969619, 1044934072, 3783318199, 4098570341, 3263330314, 2749424756, 2272730807, 1233322253, 2581457721, 3592182819, 1416899608, 3472952250, 2253154576, 1273277235, 368966902, 2841957624, 3828315959, 2271572606, 1129025710, 2118629220, 2055032123, 653781470, 1752975499, 1658971703, 572703556, 556290646, 3297331828, 2906157633, 297293883, 3585053680, 2638795382, 3341654147, 2419696906, 3614401333, 2253185127, 1359883711, 3613519895, 330524634, 2693126638, 69980727, 94966758, 2193444166, 414), None)
Loaded weights: 185.365686576412, -4.386365747507467, -1.4555810017181807, 0.0, 0.0
