Starting iterations: 50
(3, (1661077065, 1398572550, 2554622954, 1242889503, 3328927720, 133098386, 4028236073, 4275813310, 3037802967, 4070403857, 718786549, 1945120153, 290779447, 1681037993, 3400717016, 139461099, 4238636725, 2473276375, 2943407028, 229861828, 2853890097, 194833675, 3676856932, 2921389713, 870177006, 1657154920, 1840164048, 406860532, 3039143032, 3387049877, 2287294238, 1964452509, 1150829950, 1751668347, 661368084, 680700105, 1664939644, 3515156800, 2232875277, 1018877230, 1280306044, 1042426190, 1402906151, 1089487287, 3525283608, 2880607270, 3627623645, 2880073650, 3720712546, 1357712831, 3241618174, 4022195000, 1579542935, 463680581, 3444370219, 1465782692, 254025879, 4106025598, 2434472481, 1568752091, 4220571165, 2525374527, 168337764, 732004262, 486940991, 1826223000, 2680387297, 457465274, 2682297802, 94312789, 787942506, 1048264232, 2812474932, 2149585862, 661285216, 537304712, 3150347462, 2404090716, 4001032381, 3511686397, 2692411550, 2873976138, 1493517720, 3807740366, 4063943440, 918396897, 1831022956, 1327841044, 2228097826, 2494232617, 3494631243, 3294077433, 3148771612, 2035825206, 2168797115, 2893177514, 1309951172, 1041409378, 477012477, 3888208042, 844626500, 3920497103, 1256158579, 3248867878, 2306908985, 1863920833, 3111349867, 3275775236, 254780753, 3362026388, 2632984387, 236264256, 2649930733, 3495622279, 4063565827, 2240068513, 2752645723, 706053054, 614671070, 3358478073, 1287793717, 4176801936, 2007299514, 740371977, 926908359, 2821791653, 3743658012, 3323433856, 3878351119, 3629731500, 2108229301, 2812546820, 3116570951, 3201034463, 4204132465, 1311137108, 619671616, 1435504152, 3872380953, 1406294541, 3427801675, 2104963855, 4110431806, 3224001270, 2996884234, 150738745, 2392066596, 252253015, 1454826786, 2011855818, 347765736, 2407735566, 3084060140, 3465213432, 1857578189, 2387297151, 2247278103, 3285107061, 2852543328, 788592622, 1045900837, 1866605225, 4053301721, 1092986323, 4200133853, 2583847368, 1440024974, 1084990237, 1012094451, 1478089515, 3443570316, 1096664223, 1751355841, 2206166841, 3932032731, 851603139, 336663230, 671793723, 1675766560, 1173628112, 2023095107, 2535252910, 2045143171, 2090302342, 237251650, 1851981201, 446673273, 3153539241, 153548641, 1968409290, 663112210, 1243215081, 2960370625, 2608564435, 3400282777, 2886817263, 829754151, 2195307350, 589197044, 410196976, 873385469, 3852998085, 3859943298, 3773968309, 3362464840, 1088489115, 3496698286, 1257785029, 639283164, 1440857037, 975135425, 1474979473, 1391447568, 2050303034, 3817379532, 141120349, 2394506347, 878648071, 2013241760, 2368660733, 1200225216, 4230208237, 1274383598, 624366035, 4039036170, 256283111, 4185371303, 519842273, 3789005545, 1456251299, 2000621536, 779343457, 89266477, 3031408328, 446260814, 3938696644, 2173349755, 390191773, 2905413601, 2026134099, 1391819833, 3028888794, 1591670358, 358208226, 3574620106, 573350792, 3249984987, 1573980767, 2782010726, 1579388044, 916660944, 1997160504, 1484343545, 254517982, 1608014158, 2824609823, 2618382684, 2813412802, 3855125551, 3343290763, 1000578777, 1026301529, 211463662, 214279334, 3465893834, 121489915, 1869362312, 2609364015, 279279325, 2616031107, 2227675608, 4033503683, 2482632028, 4067788525, 1351212317, 166431108, 2474666010, 3711455849, 2080709575, 346914388, 2839824005, 88726026, 3240714716, 358798474, 1127571902, 2402188576, 814346266, 3680512104, 3206452346, 2150641805, 2135649575, 522527002, 1416240196, 1984901663, 3108307736, 2637691133, 3528360634, 1185063183, 2390660847, 3107709637, 3587045067, 2520070432, 293669116, 3154548395, 3255149720, 1532116831, 969123609, 193158108, 1949679043, 137672942, 1602121300, 2759678261, 2141618161, 4118799980, 1749314688, 888818792, 626153403, 3209522216, 4274723870, 629709428, 2593953827, 2620774879, 4164601839, 1912251827, 3267103393, 359977650, 2386731079, 4226169580, 3327369660, 348179133, 3741602373, 3540452473, 2011566535, 1964872252, 518554679, 668226461, 1531256271, 3573007015, 495245823, 2417824675, 259388824, 4023874505, 943771332, 3587505728, 2387152166, 1315569672, 4028789713, 2377005004, 3514788696, 3976259648, 757424446, 2828448097, 2960481914, 2346400495, 2204263008, 37693131, 3426033813, 1888299224, 540900513, 4142057088, 1619077593, 316203738, 3711255521, 846611428, 1725359696, 290196732, 1256853555, 32517932, 1237945568, 1036509880, 3799525123, 3507202654, 1015611470, 267694139, 2661581864, 3639606192, 3438548879, 3947530282, 1187763685, 3611854431, 1050612650, 4260546346, 2318744843, 3151873011, 689493155, 716737619, 1233851603, 2495632463, 3161139108, 3600489885, 702693623, 1769730847, 2589237218, 3508992405, 4293630479, 2321948686, 297579904, 609891489, 3844004289, 1909794696, 4239946731, 3128326115, 2129084530, 1567959776, 1440105950, 3977891226, 2636678899, 3727513095, 940544305, 2953109570, 1070825959, 87739539, 3610022080, 446567336, 4000569579, 3265742347, 2201102008, 2090110195, 2790012754, 1251062752, 2885968074, 1607629366, 324497211, 1192991535, 1237515607, 228346371, 795599186, 2526219621, 77216508, 737909412, 4100581884, 1363702341, 2755797126, 433376340, 3058800809, 3901932167, 521369027, 140013280, 2819691895, 3473327392, 1364936550, 675102392, 4093013039, 402357567, 2339791789, 1350193278, 2383998436, 1065565417, 1747519314, 490356482, 4013909122, 4069828833, 1124973513, 3863773565, 981618138, 814457816, 3483817752, 1027704733, 2828035326, 1433831284, 650565552, 2761586961, 4157326710, 4178612083, 2260783534, 4217319687, 3044631343, 895499723, 2327821881, 3467694014, 172243458, 578216058, 1892730062, 188675568, 71885906, 3759017345, 2120240926, 712204109, 3688859592, 4114595475, 3834523402, 1997862400, 3969612909, 4162508895, 134519286, 150991464, 2143331002, 3426100404, 3439208873, 350646646, 1112516065, 2239775208, 2811916252, 3828673987, 55139558, 2330893832, 318776476, 1259272039, 2904058281, 3561153737, 2104367904, 2770190984, 3982395524, 3599007148, 3534632758, 3250637719, 3550522694, 2106041908, 1016595467, 582531465, 1986520380, 2238169945, 431551459, 23545889, 4115031442, 609417295, 1043323101, 879502960, 3736994427, 2892548607, 4023597893, 2806761381, 479390783, 1821673602, 106821826, 119662058, 485719169, 1164872537, 2565713897, 1881372075, 2651344037, 1811030044, 1498324394, 3664430368, 3969247701, 1717984439, 1368406942, 1069661769, 3098344497, 2230253986, 3202188488, 1951316420, 1429974250, 589788515, 1441274581, 1976692092, 390029414, 715657075, 911552239, 2402878609, 195473558, 1569674193, 3056428803, 3608565525, 3536317554, 412058919, 275064693, 761913622, 3894868793, 833519199, 2158432041, 3644398361, 2753321504, 864824138, 719918743, 475005077, 718209653, 371018244, 3503178233, 2699491879, 1463179772, 3018204608, 2308047071, 3051365282, 4256080439, 3673555479, 1950472856, 2956954804, 1100482856, 3296562839, 2480670644, 2605432044, 4149590958, 3839657253, 1531158429, 4291825736, 3048376518, 2504622818, 808192827, 3359077167, 2909931967, 2688307037, 1372050330, 972281130, 2569335104, 2543586310, 3364806898, 263749300, 139898026, 2965127555, 2434601869, 3825464699, 130089895, 3533723617, 1976342066, 3131068298, 1518865563, 1966892174, 4128348226, 834068824, 1966320274, 2408029820, 3062675924, 1598951404, 4033392832, 968972709, 327845676, 1220024885, 1180286739, 41535884, 1127468681, 3991093490, 2548856126, 4181001851, 1), None)
Loaded weights: 10.0, -14.736047329597236, -0.16564436444686387, 0.0, -2.4471206642975973
events: 
  ----
(3, (3564578415, 3971568162, 1764233917, 3507066892, 942433577, 3796837791, 1773335861, 3163465226, 3740948028, 919234658, 565424539, 4268415974, 4142781896, 699091399, 3044333929, 3029353039, 2151668234, 1958703305, 721725588, 3136979258, 2266001437, 970976861, 394333073, 2712529451, 3922174459, 2870277143, 60738773, 1440099738, 1493452672, 2232960057, 3074259923, 4197670655, 278093128, 3945922852, 4086525717, 219154364, 754079860, 3962669877, 1296918807, 1039426413, 3526178679, 522716639, 2720381191, 2371601121, 3443072039, 2318692367, 3919108968, 1813382281, 769567238, 1372451528, 1279246908, 3909062757, 4034961676, 2710627762, 1412343743, 3170160994, 2724966291, 2455690286, 2526808477, 2054186101, 2539118045, 226801673, 2747252027, 3849479416, 34716271, 4043571827, 150246129, 2642657862, 1531149041, 2720158134, 1472205678, 1842220431, 931440164, 1750454269, 2823084025, 3909864658, 4112826663, 2482541991, 2248672314, 446033587, 2353428516, 2603706912, 2245707574, 4192434116, 3523738870, 1390947470, 3059395613, 4173814666, 3028770933, 4059095416, 825516123, 3474863243, 147948776, 1754476918, 2006762081, 4230310071, 3502893940, 3946618434, 3437559060, 742690933, 4030444374, 2146725433, 1709251563, 2173895388, 2860730082, 3037768764, 166862558, 4289370158, 3158365457, 3590147889, 705667297, 2332235455, 3206020905, 4041974469, 3849050524, 2786096163, 2709279491, 3223704218, 1506339185, 2554594026, 3654776023, 1192763637, 903177253, 4212053923, 579900313, 812091678, 487002187, 2039534309, 2431729353, 2562223400, 2498229074, 883576728, 3531851895, 1264946083, 3697296376, 1907305664, 2664011261, 53071928, 2354954582, 893569104, 1502265144, 3221482282, 129231526, 87645603, 2361221603, 3554816031, 1153091553, 1745298856, 2437865768, 3472557674, 2844122458, 3783987931, 1244456558, 1744682735, 2274275152, 598270463, 2328713599, 2747326190, 2952808456, 2455385108, 1460717127, 2745810549, 1480259464, 2466310506, 1658464424, 1525868949, 2008970352, 2993515699, 164120453, 2216282474, 104288518, 3153949559, 432927998, 1325990998, 3692801348, 3462658065, 4209355637, 3732945321, 3889599864, 1112923438, 2837780667, 389017387, 2130007079, 3124114621, 2960674979, 790062548, 4288697079, 3207952309, 3386841390, 3989652546, 1745692418, 179140996, 780464794, 496506079, 2473192353, 282144294, 3229717821, 2733538677, 3647075044, 549600628, 2832995525, 3174882461, 1843632079, 1601249361, 1184125117, 840470156, 3669781199, 2149601226, 4209734721, 202627563, 1812656262, 1872496174, 843328960, 3417297818, 155922490, 1752957011, 304285572, 1628419239, 363416142, 3037203402, 2418214703, 1271111062, 3996842436, 1439771407, 1440252628, 3054741859, 2889761738, 4162720402, 3962824337, 3856508847, 686479913, 829104119, 3860085344, 3684734087, 3546847469, 2719434373, 3922148690, 2249401424, 1394390897, 1058471987, 1760966329, 3833358323, 3352997564, 1744977869, 3527388754, 4205555260, 1694738820, 2884554685, 1920908708, 2418157714, 1779163099, 4223713138, 1945014150, 3265461971, 1269589478, 1864333933, 3366344388, 1691811731, 2796298320, 2143704240, 2709751434, 507660273, 1305464543, 1155520197, 535262238, 2177277537, 1034620692, 4274474401, 3966713204, 556173351, 2700543622, 1508913596, 2875480291, 4139362835, 1843268711, 2522300325, 511885080, 357436870, 2347258550, 4113738598, 3663433150, 3321632081, 488172613, 2799151629, 2272423160, 3037433313, 38421243, 1941557885, 160394759, 2604276372, 412628618, 3837314999, 1361955747, 885746554, 1571088490, 144792195, 2442121508, 1127035302, 2583457262, 2222196038, 2563063945, 1427503780, 3378148829, 201852993, 4285795592, 1580260953, 2682234556, 2611002933, 3176254082, 4282816105, 920517503, 3803915714, 4080142271, 553380230, 2933927565, 1288723729, 869519534, 3845559278, 2937214565, 2731680015, 4221723318, 540577112, 757774898, 4143025202, 3063164650, 158015150, 2137800469, 730684358, 3664368226, 3567337410, 2111772042, 1473772766, 3272355682, 3599744801, 1956915701, 4109846693, 4211359353, 1125965873, 2587184477, 571398361, 2147208711, 4218982339, 3253184312, 2557230061, 836060302, 2230395436, 1487438962, 1644207407, 507176891, 2114006546, 2831586908, 1829133282, 198753633, 3165791519, 4216095265, 4249377103, 749109155, 3488068244, 3177705638, 3218304861, 3172864955, 1426814108, 2296476357, 1403012538, 3084441436, 1793413959, 990379015, 460368515, 1883479061, 2909320356, 2261575519, 439162462, 11306630, 1646950196, 3839617546, 3145333806, 1009938676, 1606852382, 3505023400, 3195196610, 2712006937, 120917462, 1876968762, 2380654388, 394560026, 886220917, 3168018718, 3375954764, 877749347, 496136775, 813957759, 1596595006, 2060830699, 2175988111, 1042849348, 3107049175, 3202338278, 4078010863, 3272973147, 1875397209, 3009328113, 3950462485, 644573967, 1013385827, 3085029307, 904359849, 2981905879, 87975023, 1120835503, 366285117, 399745388, 1027637092, 719450910, 4293350168, 1639653528, 3947081095, 881565911, 574224412, 1930081937, 801349744, 3111015944, 1041949053, 2672119591, 726411798, 2529057668, 3967488469, 539818299, 1145868410, 2740001436, 2417957215, 2975161164, 169832359, 1079530404, 1396631953, 1837991540, 1718954232, 3707404125, 2149121785, 592062373, 1218938130, 2541331941, 3042564352, 1081766691, 3336981830, 4227863291, 2976651920, 984274261, 1147093866, 3315723961, 4059296056, 576216172, 1811974526, 1238501873, 1150514094, 1568917905, 2973769774, 3196192123, 288417181, 1303138133, 2566908316, 2423958327, 3970850606, 4144445066, 2039660927, 1535401687, 1824552735, 392848747, 3554253498, 3910189112, 431329844, 2729907949, 3003853183, 2556787877, 1770524768, 2061678683, 3031637308, 1963054611, 1614134645, 924345432, 777036956, 356836999, 1182047428, 530878018, 3187615864, 2193127575, 620144387, 2912293819, 3252059093, 1664661340, 1412582003, 2405447089, 1848634331, 3835483764, 1704184, 2953553118, 907492487, 1793153783, 2814793383, 2848356660, 4022860520, 1291167985, 209871452, 3992817121, 35962900, 849172322, 3777476495, 100069090, 865940876, 4104835099, 3189876967, 3821320281, 2370016675, 2289377531, 1993774188, 3034369734, 1663235521, 4072944611, 2919847525, 372948683, 712259558, 2919325749, 2279269473, 2411028686, 88873862, 645680459, 3651639421, 3362201257, 3461372616, 3193760382, 2090699856, 4160500976, 2076676826, 851424177, 477509532, 579737917, 3754921504, 875409712, 597256726, 2866868164, 2772452440, 2901991297, 98979746, 1898569635, 2061822636, 2561442074, 2150568378, 4225175671, 1564136677, 3015538252, 3406945543, 3315661065, 1226750542, 222686679, 1678486864, 2769299837, 1815983910, 323630970, 3755591421, 1245481340, 3223835756, 735422638, 4049420582, 928377961, 233938931, 1094824952, 1886778974, 2380946967, 3634233305, 306820687, 1692683649, 1625153054, 1094632267, 1560182753, 725584455, 1998912095, 2653054474, 2450277525, 2382924124, 1114798104, 792502988, 1389982802, 4058780491, 3370228821, 781971674, 67350260, 3987248691, 647439731, 470378429, 1801151189, 2911638237, 1187355010, 3264731827, 948134993, 132417981, 2931983807, 2387568840, 3811696342, 251419588, 1598920779, 2179537211, 4260481813, 4119314896, 2212223407, 3903349851, 3865769034, 2500832722, 930248976, 588611009, 3202419680, 2392181719, 2375297435, 2357620326, 789547783, 189685255, 959875589, 375764557, 3342460773, 661852288, 2372271513, 3351070895, 2201260543, 2005775896, 3765174809, 1307373070, 141), None)
Loaded weights: 6.457695078688736, -20.867519669368992, -0.16564436444686387, 0.0, -2.409417151355871
events: 
  ----
(3, (3622377393, 1776451978, 111218284, 601674079, 436059996, 1658028494, 2910516391, 4036120983, 3801610025, 4047323998, 2155171905, 2979048496, 2155187588, 433862008, 140836061, 1692891473, 3391046471, 3393658438, 3347318719, 2759003651, 2440030858, 967027978, 2508168015, 1406818755, 1100741196, 2992491816, 1593255825, 128138168, 2435415661, 616524735, 3047786463, 3606117155, 3119118375, 4237050342, 3365399152, 1690560848, 2251130401, 498567720, 2343934054, 4119507430, 2032172709, 3529937584, 1993452170, 1763378331, 3842817850, 1963383067, 2136392593, 734399654, 3483546734, 3236524387, 2472609628, 2901355374, 4030193376, 2669995958, 500807842, 3387465475, 3106531189, 52059206, 3309548919, 3200461109, 2172101385, 1909202514, 2376129107, 1033360164, 2040070260, 1418823521, 1514039394, 3097179722, 1045824636, 1893830013, 1142055220, 4000644289, 346485804, 218989462, 3143275653, 1879380407, 3190162404, 2912311331, 2199506576, 2969437685, 2016409810, 526940936, 952817778, 23797370, 2592413846, 3421844344, 509462978, 700338517, 2743837250, 2486956140, 3697085426, 2591931277, 1193465440, 4055201664, 4138357322, 584594372, 70238314, 3422816106, 1122540206, 2517462400, 386612591, 2411882453, 4262775007, 110705164, 789362371, 2617692558, 3410606552, 3673950445, 114960852, 3976776177, 3821913346, 2626447656, 297414270, 4212702785, 3470214231, 260343175, 1317414726, 60852596, 2518699318, 1736657102, 4290403301, 532599018, 4013123440, 3876436123, 622982407, 3917884397, 1930611569, 2471433843, 1200330507, 3228314459, 3959002021, 480985762, 376079195, 1840856759, 4097257966, 689931678, 335916048, 4270730558, 4044777243, 4213043933, 2176728960, 3929053110, 388535896, 363481944, 2654856774, 108494842, 3351041624, 1625066453, 2251302247, 584987715, 4219324798, 2032649790, 2995436358, 1091978031, 152679292, 3616583505, 3947111294, 2108443068, 28061689, 2900700320, 3463299998, 2561902147, 1655916444, 289668772, 2029359111, 2456808648, 1992521930, 660602602, 2450193775, 3868675934, 1745173296, 827969385, 210402116, 3112578018, 601070837, 1363103232, 3913478238, 2631059280, 1838958328, 89212103, 2874768333, 1392268438, 1627026037, 184452485, 4097345451, 1788154448, 1868532167, 233679783, 1836446014, 3041499567, 4153365295, 1649619600, 241988757, 972714687, 759254188, 637542908, 2786379235, 606163363, 2010133490, 2644694708, 4192393976, 376041475, 2055295385, 3296221837, 233700978, 807595409, 2894470954, 3727262720, 1123751814, 3178044774, 2070518851, 2774251076, 4177730146, 3356074738, 2283228691, 2792736134, 95276927, 2359666708, 1260027592, 2188998583, 2510791218, 125233098, 3796554718, 1049326675, 3581870410, 2592085577, 3103625127, 689661074, 4050054618, 3797595211, 1148693146, 2944532339, 2862093630, 1716822089, 1178044566, 1228560447, 2078876991, 1163165531, 3409862788, 1730183483, 3466140177, 104990534, 936917343, 2963117128, 821406053, 17155498, 789756885, 647522377, 153101119, 3484949670, 2330867591, 3344178125, 236123119, 4165533674, 2414552506, 2479123532, 2385384955, 3452190944, 3087470000, 3687319431, 562735131, 3831632028, 1627524742, 2836288167, 3206289503, 50931823, 283087591, 2306480385, 3584275612, 3845723133, 2764310238, 2621687218, 2146339875, 959219015, 2562527552, 3629931675, 2926456964, 1021715112, 354864291, 532041210, 2500777351, 4263643383, 2526724943, 794037885, 3207650134, 384305309, 3115689618, 2700491594, 204666330, 2057976547, 1644482586, 24760254, 1947242538, 184362643, 598810429, 3333345438, 2416716411, 894895377, 3540256464, 3033672293, 2171146425, 2894695888, 2605401857, 2676080867, 4043955633, 3384198617, 95207008, 110490776, 3498786268, 1128993943, 876913251, 1782466532, 157755290, 144692718, 1677773046, 3674060552, 3711128114, 378632195, 4152749364, 1088612541, 2938901779, 2471696587, 2403135629, 811355559, 1537250794, 3672125035, 3899018657, 3560255343, 2641678290, 2597366099, 1024702173, 2310674755, 3220176974, 2622289581, 865115666, 2629708548, 1316075657, 4219711802, 2215782145, 4166533795, 2859358434, 1450850521, 2640290809, 79760885, 2766947456, 514777229, 1549453395, 2925713716, 1368817363, 3845935047, 1694932884, 2455698574, 49319190, 3141872439, 1163036671, 1607060741, 2420936761, 2552937570, 2961448409, 1612860313, 3851507945, 458642127, 3167973340, 458648253, 1712240350, 2505937739, 4068842166, 11907668, 230554730, 3292163266, 1449711915, 996202216, 3991954902, 2832824697, 575239827, 4180866253, 3534654081, 3021960456, 594094893, 3604113739, 102364754, 565061023, 614038455, 3444936401, 2372273707, 2616086252, 1002251944, 1559772123, 3095527808, 413734668, 3826078676, 1004878793, 2615423646, 1275242672, 3566910500, 2858257129, 2052351674, 1120777313, 347647538, 98155804, 2069879818, 1150052493, 2996298245, 922445679, 3613162279, 1833552270, 1439717077, 3286941715, 1314257756, 466374966, 2330369799, 2935558013, 1917599567, 3023134333, 686905698, 3633070789, 105843205, 4168205237, 4050532862, 350225810, 3755404867, 1645817782, 3914955736, 2140204213, 3727621323, 4216388124, 3991408021, 3113401768, 3056349246, 1370418471, 1467509488, 1247271615, 84782390, 1607799795, 3455665742, 1812716875, 1286853545, 1199102532, 1861611172, 4219150909, 4096687445, 2185228612, 1228030069, 456196490, 3977249794, 2647313188, 3373069867, 3424700663, 3114200417, 741396682, 43819272, 1760689520, 2135913373, 1236393649, 1418565984, 929972127, 1429091709, 3779169828, 818896330, 3449320033, 1730025795, 385167665, 2540369196, 3067652296, 3688157401, 1995154191, 3560460722, 917589941, 3424970296, 3330161329, 3053555517, 1852355083, 858191079, 1399395765, 1545844481, 1235067786, 3530446022, 1757822125, 3376519809, 3028779403, 1302587523, 524553780, 4013384006, 3145323192, 856455808, 2339937799, 2239220675, 2691949167, 1517001274, 3207496797, 3581810135, 4237936270, 4288544562, 329953778, 2202828134, 1406653915, 2875037269, 3665277885, 4187502930, 2579558002, 3282568274, 2644361808, 2666752543, 1409646316, 3860279458, 454620332, 298254040, 309442293, 1966535871, 943390064, 3357548877, 1723630900, 2116316398, 3362017286, 3681949147, 3893233786, 1380719342, 3348964609, 2152240394, 4235628659, 2187243127, 1759331943, 1326636497, 3667777058, 3702501329, 3833525702, 1497091200, 3552998354, 270480724, 2598756932, 1063770033, 871882482, 3558949917, 2729184473, 3454134695, 1710660632, 1929561846, 1833785030, 1280061787, 2159183197, 3648007090, 831025078, 4085123762, 4140780297, 1608152418, 2741288440, 3605159353, 3802365411, 3904785223, 1829105510, 1405761378, 102896898, 4251423360, 393686351, 2277696776, 262071089, 1048564254, 3694773430, 2734767198, 4120624693, 615484779, 126049775, 2669519327, 4177159827, 897243615, 1350235020, 3951036442, 3736606926, 3006859216, 847986849, 4177149738, 1816761248, 3385218280, 2151569015, 3906822975, 793012915, 2794707174, 1057062968, 3311298431, 1467802434, 2304839116, 2595662911, 3948797983, 357377288, 710831042, 2010394992, 3406536361, 1713469268, 3416542084, 2683803049, 3343814805, 118154157, 1903903368, 1099966953, 2840531633, 1094561143, 545368107, 1309166503, 1243829651, 3601793966, 2654815286, 1009547529, 716822114, 2405191800, 3755371553, 2794200463, 2215829592, 529855183, 3532650186, 2611939425, 3459593102, 2282879539, 1286571925, 2075445786, 489950576, 1528744257, 3520700296, 3619516302, 1043761982, 1734847927, 1220477026, 1626235445, 1474890520, 3366477245, 378), None)
Loaded weights: 3.126764909963859, -27.24776953468258, -0.16564436444686387, 0.0, -2.318226717102627
events: me found the exit, 
  ----
(3, (909964452, 401090820, 2369742188, 2007040932, 1977985130, 1025648777, 3619356539, 1059008620, 366438433, 2363641386, 2602735115, 242171294, 1461865354, 400314806, 92406538, 3461033523, 3507671390, 3527141986, 331183387, 1324941120, 2761954608, 1658406022, 3825572268, 4279964517, 2067253538, 522868943, 2084663657, 1337127714, 805830428, 1848934053, 1273131238, 1943043314, 803786196, 859021256, 943074839, 2668879609, 286185191, 3357772413, 382633400, 2838191140, 1850446620, 362626017, 1459490991, 3332907720, 1639197974, 4019294562, 248645593, 3401670197, 1689699146, 2159834501, 2589416768, 3246719505, 1671602961, 1282440537, 3574399534, 3134402808, 138211474, 4012176132, 4043774938, 2359120934, 2577891597, 2937552956, 2471730163, 1540528505, 2780119646, 3128279325, 2861904877, 2231358183, 3616789870, 4130431272, 2558755082, 2255985710, 3237542778, 849638816, 2405599759, 741733653, 2628422011, 498028617, 2297041327, 2927208623, 1735524649, 3575969464, 3023179446, 1088513224, 2059310984, 2686027175, 917392077, 583642017, 3244647985, 3948498490, 1950715766, 972747018, 2280931229, 2922069234, 2918571884, 4253687559, 900248135, 3795333169, 1490117403, 2043721789, 1151217800, 530247138, 3666637684, 1294397420, 2476649111, 4216829683, 2691942981, 2776245320, 3029606539, 1612717145, 1547141729, 1038869376, 2629702287, 910373817, 3094771496, 1499955021, 3384022204, 3496358720, 2614078493, 4103702467, 2286046580, 3083937458, 385416417, 1237771307, 3306611534, 2945648822, 1244851652, 644011147, 1564496052, 3050288525, 2643710595, 2183316518, 892456384, 92032838, 1735924797, 3726873109, 2649430598, 744647413, 2171655593, 870177078, 408231197, 131627639, 2322047217, 3597588625, 1924386891, 3500171678, 531217980, 3318404878, 1795364614, 3948722438, 2653986556, 4059764452, 2491842094, 1464266460, 3034772085, 2294645567, 1772161425, 505168427, 434926945, 1497969617, 157857608, 3529023376, 4248453479, 2178807223, 246721419, 3833339322, 3948255718, 2776045495, 590435363, 2676135298, 1595690917, 3044817522, 776492368, 807092623, 1154888864, 4251397319, 3461821919, 2652061763, 3034871823, 708302303, 1451207283, 1814818458, 3406500191, 712376006, 4026279191, 1174049827, 2327003140, 484741981, 4101524856, 700745697, 386461212, 1436205329, 436345897, 3522049731, 336261971, 4219048102, 2324181479, 2460420936, 1340917293, 1550894423, 2620654457, 4000009600, 1838915127, 3637230351, 3174416158, 1023072759, 3762852472, 3198937058, 3090846524, 1622056614, 221850093, 2920184827, 4289452312, 322315352, 3677034736, 2540818677, 2112232976, 2025402900, 3274359365, 2601143953, 2483428459, 252961489, 2703927105, 1644200135, 3030833614, 2459925524, 2619731956, 244286025, 4291675134, 4010061857, 4184427714, 547988213, 3607152754, 4104207152, 2190126252, 2972404321, 926990680, 3200099913, 3841445340, 3915806301, 1425887765, 2271653754, 3590710295, 274773299, 3535341751, 2637994030, 3300686779, 960017520, 1157974741, 947532464, 96054876, 2771779594, 588130106, 1001710516, 105956612, 3994567998, 148266709, 400684606, 2268909550, 3861195014, 16947078, 1219963220, 312231797, 3616041495, 279948949, 2276064276, 882827387, 77220178, 4262003392, 77337536, 2290728977, 2269895640, 1779393310, 42766201, 1072152743, 864148232, 3738133713, 164400078, 3462276332, 4029511949, 2859059709, 122213206, 1953597209, 396664121, 1029195669, 3990734995, 3706079619, 3753835488, 189410706, 2723279870, 1533968038, 2679966283, 637788811, 574950572, 2812852904, 110981260, 898782079, 2969666146, 1159084483, 423937017, 1692447560, 1540331856, 4210927035, 2099697532, 3766256250, 3392949919, 2905821923, 1329045447, 764005420, 924381016, 1979598650, 2114782277, 2757128016, 78524086, 263680037, 2952580904, 957956836, 1334278636, 3229824395, 157976011, 2122973256, 1935874037, 1017940235, 410581170, 1447073755, 3052074260, 2328010581, 170153825, 3422161300, 487397573, 3505607570, 3429280432, 746159482, 4189816140, 2871341514, 1252281360, 1575077060, 2268471614, 3637473806, 3381214974, 3296108298, 802231819, 2182039912, 3686938364, 104461273, 753563883, 3819498329, 2038547138, 474460558, 1685828395, 1089051244, 2221843909, 725167602, 2979208932, 2425258710, 3429804151, 4191873980, 1557753008, 1799049525, 2666647915, 3521107710, 2031201235, 176166804, 2934718761, 3217298319, 4164032754, 1938227228, 512484136, 633687062, 2019261627, 3420369893, 1145823904, 499412477, 3615864234, 1616584119, 2606555801, 2975007618, 1452063669, 1134203550, 3616179463, 3734588620, 1067908977, 929559688, 3055204955, 1407935837, 1144186421, 3997015779, 355055496, 2651591702, 3476875405, 1160239244, 54964932, 2189248994, 3239626740, 1766941212, 1578854270, 669843309, 1430263996, 3079726332, 333953877, 2337654038, 3298129277, 1058156463, 2096216211, 3904349316, 117760954, 2462713097, 827676637, 1640875521, 1467018755, 3825322407, 265456239, 3337259970, 3737906357, 2846491360, 777484453, 2364856036, 1874850531, 535479256, 2900483031, 2699206936, 547770047, 498685475, 1016594269, 4010767942, 2685431864, 12163971, 3340901222, 531925964, 1177004879, 1692984975, 3216206213, 2316886225, 3333697887, 1369880984, 124504631, 1125315460, 977526463, 180050490, 481580909, 1378475258, 649758741, 2598981680, 1265507345, 912021382, 1050937743, 1678940725, 1371658756, 1493928628, 2690971589, 1450737279, 302633183, 793715603, 3059950404, 2351967577, 1280469407, 3752097587, 2702107175, 2674731802, 1032287244, 1725109111, 2302662202, 3930529285, 3282180587, 1556137745, 3471566085, 724984152, 1928274185, 2102461181, 336434006, 4267465961, 1378009627, 763404843, 1940197604, 502687157, 1815240886, 3574701113, 3088176067, 1719496720, 3705103268, 873915566, 835417511, 3013913698, 1364222869, 2337606114, 1552915152, 789866734, 1815567003, 3458784165, 3777756481, 2848229712, 1868648716, 3464275181, 892919496, 4101575520, 1924102453, 4038032065, 4098219192, 3417025761, 198926647, 1279422033, 3918972279, 1501783166, 3989109888, 1145106840, 3334298496, 1612518056, 167379837, 458599918, 3379111776, 1694162851, 38433250, 3387941008, 676721585, 2881093597, 1651253477, 412602785, 457847843, 2022634157, 4263773551, 3475185472, 422143135, 735288221, 3268228168, 3275683969, 697032579, 816314896, 753871330, 1455253618, 1011285692, 1692219397, 1399099563, 40040492, 1389041391, 1036833227, 336113495, 29246523, 3402690376, 3881629236, 3371072137, 1550457197, 906524028, 1301535347, 1458862165, 1580541712, 855288712, 3778251749, 2480772404, 98689094, 357143226, 459928115, 1760779931, 1733940076, 2300833233, 3571684902, 3569737883, 856816286, 2171850173, 799262069, 3878030096, 1668455268, 1034113530, 2949762950, 2656311540, 2936756472, 3977213443, 2798989977, 2649365730, 4019979908, 3195164413, 2917596972, 584767917, 4127056655, 248441369, 3073066820, 252599805, 1006334775, 4216199436, 4023440484, 797551380, 1707145252, 2083045894, 2261269235, 3975536221, 1731425288, 3619040958, 3990973121, 4094554940, 2950877656, 4029673217, 1952546848, 2272899787, 1106427097, 4264049051, 3877471564, 2894932188, 3327650231, 2009573875, 1864131447, 1390071782, 278608369, 1963456134, 2633157285, 1202750797, 2629961133, 26469042, 21515455, 4158568361, 3950627742, 1350397263, 1796929437, 2897483336, 2045281080, 3769079899, 2712560631, 3068189650, 2766298954, 440179987, 2851984576, 2787297747, 1751598641, 1118168976, 3813144959, 2096268607, 599), None)
Loaded weights: 8.848409734515242, -26.242696069871005, -0.16564436444686387, 0.0, 5.0
events: 
  ----
(3, (2472787321, 3068862894, 663870351, 4190066839, 3527805589, 2412763078, 1366988421, 212739424, 3348689725, 974530280, 2664235159, 2676216799, 4046210973, 2669319423, 2256178987, 4077750195, 3830471037, 3154375989, 3772699015, 2197176347, 321633415, 2169011542, 891348817, 2682578685, 1143885412, 1871839129, 3636321733, 3816821339, 1737661884, 1874387810, 1471939331, 3684915966, 1349960930, 2479950553, 3318117755, 398944396, 1260084384, 1076608348, 1153333109, 2720472337, 1593684404, 92084921, 2203039711, 71869627, 2542893429, 4249169039, 1001269511, 3679925350, 579531738, 1974181632, 1589624846, 2002461412, 1986980029, 4276097316, 3561890357, 2155343135, 169307387, 116390566, 2911565791, 3008927917, 89052349, 572873959, 3740830503, 1632396803, 436967695, 3397928838, 161833906, 906154226, 2801648257, 1622778801, 4123189806, 2698971081, 3036039473, 2168186556, 2585970259, 1526790913, 3925332457, 3623770672, 4245926318, 695355399, 350558120, 1662370035, 1115653233, 3072128448, 156172809, 1104853623, 3007237625, 3720669320, 2633622551, 310642393, 921043848, 2159799169, 1345783605, 3574761562, 1908470315, 950893965, 2242288959, 3001628307, 1656372097, 2020982204, 1680370991, 834651327, 2018738678, 1419555661, 2906986249, 4073210770, 2930242467, 104244741, 3209338659, 2563106520, 3989120528, 2849267855, 1105132329, 1732185833, 3744269729, 2440780331, 2296228446, 2073246942, 2771857904, 493867164, 3040388461, 1740544703, 2999117112, 1638050683, 3943610769, 204403023, 1585430329, 3477318963, 3420053270, 3372638275, 2073080160, 3075850976, 1729201228, 1073094896, 847072535, 1465265822, 4159203774, 1363377792, 3515975589, 1873365569, 3340573584, 1702001639, 787408741, 2709819588, 675232570, 576922352, 106954381, 2870785870, 4291735285, 1903881079, 686091234, 3698778784, 1286678347, 6079146, 3182439861, 2296443295, 3061578970, 2939463353, 2606388829, 351445920, 1576066191, 1382579623, 3289866757, 1943390411, 71861068, 708638006, 2694972665, 927668431, 4021534643, 1864809696, 29497731, 4179314755, 751191159, 2216027664, 3681387350, 3625993488, 4137647573, 1328270686, 1371107633, 2555234969, 1330098798, 2061294994, 2024518280, 833752096, 3995327250, 4069587680, 3243560842, 3056111975, 1564259092, 1652320248, 2600142090, 310964071, 754136939, 3562388459, 840176062, 1792936427, 228293945, 2243239810, 1312923800, 1433424556, 3910938854, 1868389447, 130734747, 2245739313, 3138832819, 4265724655, 1398993249, 3775082976, 3025623069, 3677887784, 279894878, 1394960408, 944460743, 2549106337, 1457818496, 3191853002, 2234277930, 133652558, 2952460039, 1252704862, 3414860714, 4186967887, 1707151331, 2136351311, 4185267729, 3249363303, 3106003302, 3849702156, 502740505, 453940778, 2206772004, 2060243411, 3544338821, 971137303, 576516154, 3226707441, 691964882, 1907862356, 2834491421, 2744116421, 3935507549, 2743614561, 541976254, 1373192643, 1510286040, 2945816230, 1866179764, 777712352, 101284511, 678362571, 620375538, 1645573750, 1976858930, 2536885708, 1668472784, 2326663932, 2745006047, 4134944748, 1117205017, 3603821752, 3395818705, 1271539720, 2712918086, 384187931, 2291706363, 4195427803, 2132083056, 3629562819, 866143549, 3075171826, 1252062722, 2201360849, 391743687, 2613705292, 288197511, 1528102806, 4202170948, 3905829430, 355731986, 3644072023, 129142378, 2940220888, 3594774892, 1973187926, 2840103670, 3539926284, 2329314108, 2818838256, 3198427300, 1308976655, 3596632615, 1903557145, 3694974476, 2868385125, 469929148, 2779708744, 1473088278, 2262940448, 2902083247, 2419952584, 2518360921, 1455259409, 3981787661, 2186610352, 1831387284, 3765022867, 1593085413, 90549230, 2731906281, 3662634337, 1001824262, 3152804172, 2179521993, 1321744436, 540148627, 1237691376, 3798215981, 2856191560, 3313802837, 3031349999, 282135358, 2031712707, 3113158731, 2623238666, 979809260, 2397586869, 635117053, 787015907, 1102941101, 2278264667, 4060063103, 2273251902, 2314279058, 2363109861, 3025540057, 1329759114, 3456336147, 979649561, 1069754451, 3792398500, 1250380999, 220569405, 3446474446, 3252050328, 3244081285, 3005235162, 3410097854, 3430573958, 549938414, 3943437916, 2145499014, 2447279165, 3342527027, 1139593825, 819049411, 2797824331, 2832041378, 168974691, 238627609, 1497615041, 1160480919, 2777030719, 3731211158, 983134142, 230939550, 697224158, 3716991714, 248286911, 959349881, 1100545794, 3254511263, 2729883636, 2002981069, 3059167097, 638519006, 780570381, 2489704395, 3382836058, 2591060989, 3839973365, 1149060813, 406036360, 108556663, 3829756278, 522540929, 31853329, 1053703234, 371526595, 946466041, 1933730812, 702737124, 1532753395, 2375737319, 3877396131, 184678087, 3729080121, 3526992130, 3988096900, 948684043, 3641669765, 2837428464, 113657406, 2918912781, 4158215725, 3584082486, 1934608912, 339195116, 304140241, 1847195294, 3453225168, 3143439582, 2882915162, 1534842262, 1422988277, 778878745, 203344504, 1776927354, 1565177941, 880948866, 2385365069, 471459038, 2654789579, 2114166334, 2922050801, 576568349, 624435889, 3403482332, 920920635, 77307699, 1176155628, 1707809052, 3358802639, 1832262632, 3524043736, 1110587857, 2400579595, 1413479659, 3718017530, 3674317754, 1623617482, 2114277660, 2607702433, 1821468230, 1474802141, 3515100899, 1807858283, 3315309970, 3963992513, 3542766053, 4261637288, 3031779171, 2456446643, 2013261379, 2610504855, 2006584391, 1844305829, 3973548628, 1139023930, 847528849, 3142359665, 1937890896, 32799558, 1950734056, 733183229, 21044030, 1208351753, 805717936, 2786591367, 3548027795, 1914135892, 2754687805, 2448447594, 240522231, 733147986, 1690905100, 2735338177, 3711788655, 2853159300, 1393352708, 3079897947, 265632847, 3085094484, 2565556427, 1231027712, 3942563952, 2277548378, 1548221866, 847205652, 245094493, 2117174190, 3888246528, 1164696379, 845765417, 1428847597, 3968346328, 1341739369, 2892233363, 1300056667, 3816612690, 3560516318, 1515215028, 2344481723, 2683696411, 4041442770, 1163173062, 619546920, 3996358363, 3383086835, 77665335, 3586822754, 3545959431, 1115397566, 415673308, 1513661415, 2807109155, 11317547, 4294371015, 3014167764, 1248572638, 2965489967, 113670204, 2473372152, 1072581016, 3874156866, 3404391535, 72562368, 491218824, 4144632836, 2241931054, 3088148752, 468172277, 2732819664, 4233397798, 4046901254, 2707755751, 2496240378, 2019013617, 3413103214, 1416385473, 1987342256, 2643144014, 2961003170, 3883528771, 3972563346, 1752400871, 2179490236, 1075448334, 517655401, 3775594543, 1720077312, 1833656681, 3012884959, 1647593167, 1145762192, 35408529, 1805829571, 854917198, 3057440951, 258557753, 445495106, 2697207240, 751039011, 418663445, 2009498746, 399628467, 2192840719, 2152077383, 4020422463, 191429489, 1775822157, 3625339234, 839626942, 2165490898, 270737606, 3365625369, 54352886, 2234261790, 4125176796, 1533166026, 52987706, 3789420557, 3989905298, 1308335772, 730727824, 2590054448, 2753580822, 342362937, 1214281248, 2536574860, 3874695621, 3892412993, 692125990, 1968021715, 558431584, 3467162476, 2703424037, 4080148102, 443501891, 2027713555, 3160464798, 3762469992, 554597412, 3902077167, 23628321, 3285691013, 397453240, 249944810, 3684072328, 2775443078, 866774127, 713481516, 2868197735, 1812065003, 2248284545, 532586921, 2098212658, 2408662049, 1113122937, 1106177280, 3393074255, 3249026073, 491978357, 3925438657, 41996129, 251), None)
Loaded weights: 5.814277467065491, -32.56113703182675, -0.16564436444686387, 0.0, -2.442224028370271
events: me found the exit, 
  ----
(3, (1866988877, 2531846111, 2328853584, 1331416551, 4291419943, 545145791, 4091286038, 399171556, 2636387887, 2313901233, 558408770, 209020382, 1995143823, 2794138631, 2013371405, 3621645476, 2636190194, 2563148243, 4249930660, 3226412598, 552099880, 3392533993, 618321782, 1063460296, 1183132365, 2666328681, 1517737422, 728689447, 2465303516, 140271765, 1507611224, 1934164871, 1517292008, 1093710413, 3588292260, 136830935, 3041552316, 3723598240, 227788097, 3529578843, 3193141788, 1305906939, 1899088141, 841059232, 3615820972, 3779766072, 1951638927, 2351009077, 2531397313, 3078806861, 797904286, 4122926695, 3422745994, 142747878, 2324521288, 1843057156, 2010959743, 2557080091, 185831065, 957431509, 3865096181, 2237625391, 3551647464, 722116030, 1831108963, 3998455918, 649185730, 2755318380, 2200973158, 1252778435, 1360344967, 2066985644, 733196338, 1570119340, 523284636, 3591315068, 135629090, 3778691328, 1058831909, 518731078, 2316792187, 1204916529, 1997541079, 1806291993, 2374017139, 2907922962, 680168222, 307974033, 176130044, 3211012280, 440708615, 1598359651, 2855566991, 3036294791, 1351118758, 414866223, 1665183583, 3639588183, 1300576599, 2656132873, 3008016876, 785119206, 2071433806, 1315503817, 2321976386, 2552836600, 3723861801, 4215493644, 4294343700, 2757452611, 3049368112, 3963354975, 326466450, 3834647130, 1779917753, 1338907994, 1782029265, 3019365091, 3795350766, 2511435427, 1250842261, 1044562226, 866950024, 289191654, 1542665083, 2514742182, 3798543405, 2664391243, 653518440, 3982149569, 3149565583, 3307670736, 3801400238, 4194600312, 932065533, 2895794064, 1410707733, 1686720937, 1322502760, 3290328878, 297312347, 2677725626, 3424648419, 2788488174, 2373140559, 746531244, 3092560967, 540675404, 4024863895, 198048436, 2617588553, 2632278445, 2105540529, 2799267205, 1849120811, 107442312, 2052703570, 272680250, 1581267863, 3734431425, 1389157057, 3327161446, 3487118571, 2052346542, 972835779, 3083899982, 193142915, 4184327589, 3233264417, 3520346378, 2649393211, 4101864087, 2475721269, 3898604625, 1148298995, 3245990322, 2612888465, 3666041141, 2354417960, 2706862133, 629443144, 3129616206, 4087855407, 3850879106, 2352123043, 2360346841, 3418460051, 1781254617, 3694575914, 877751882, 1470275284, 3219866817, 1868673430, 2303023260, 3532141563, 2360745291, 3056050591, 2954737930, 2039501771, 3893390140, 3585672672, 2534392607, 2637983930, 3646256014, 3783510003, 2871474074, 2283912421, 2451518546, 1207975544, 2304206058, 3826549814, 615006387, 2123506425, 3401927201, 4144090338, 2252989182, 275058246, 1755189328, 102854447, 3699297590, 1672547807, 4115236712, 2969177612, 353172808, 4167720560, 2774983741, 3716432557, 1352766670, 1903054785, 225093158, 933222151, 3004328773, 1345215999, 2566825662, 4088373629, 2154118854, 3978788265, 49067995, 2935337281, 3140611309, 1916615001, 3788931126, 3367012554, 4114728921, 3376336299, 2860261743, 2747163521, 3304213776, 1449675708, 2588957634, 2741041975, 4293527904, 1548342211, 3911162063, 109037375, 3546930918, 2700051201, 977228247, 1714036467, 1737673301, 146030360, 2558587793, 2139689853, 3153637375, 3786653394, 2477396249, 2434298951, 1264482298, 4219684096, 186300842, 3155763901, 2236617522, 3030616129, 3154018610, 1664943502, 2578693766, 4181445520, 1305253718, 769883967, 2753530799, 2176250387, 2719221869, 3002543236, 2789221208, 3967337282, 3819312528, 860301751, 34948520, 742031553, 161878490, 3075814560, 1398108109, 2433364227, 3007931167, 1483329265, 1593010722, 1521397977, 1025430175, 3531397583, 1787611132, 955997402, 1853314270, 2372125052, 2292413659, 2908686616, 1440932355, 3264507997, 3315414845, 2134033901, 282588750, 2572982787, 4060930314, 3120922555, 1681825968, 763565505, 1131051097, 2534694727, 70200671, 1361914221, 3152210933, 3590807147, 1665655184, 3850399542, 772809918, 2231168412, 2416727474, 3840895456, 144583518, 3028752346, 810903350, 2356207883, 3439527518, 3972062822, 382811856, 2415939845, 2441328532, 1006954194, 3554679975, 884479546, 4149373929, 656712460, 2906552953, 4193082127, 471520074, 3861515262, 1981767559, 137865197, 2043162659, 758561525, 779856125, 173008069, 593546465, 3111261371, 2967383010, 286845155, 2025109443, 218636045, 57828875, 3407645230, 1938912961, 3376004178, 2063086190, 2049555979, 2402026440, 1323345043, 3573587563, 263588129, 4125091602, 4030426011, 426817960, 1590083200, 734346700, 2036303105, 1631044885, 428470461, 3082472894, 967140152, 3868501873, 3526000347, 239008741, 1170047375, 2997512440, 675705870, 3304081302, 253657123, 1439682147, 3741904589, 338256204, 2971615011, 2231091151, 1767405924, 1147796319, 2200006129, 202796280, 4151971546, 772124723, 1332332824, 3844913855, 1926967126, 2834388958, 429922617, 78204516, 2412425739, 2613697082, 1301251043, 4112385703, 2660672280, 1164592187, 11342387, 1799123428, 1913929, 3274337437, 1718530385, 4072250832, 2748725229, 308429649, 3966700435, 2374309380, 4060454785, 2096044868, 761156938, 969552191, 3110867827, 2116120595, 1047470427, 2726015119, 1189006751, 1815071876, 1152865259, 2446609489, 2173428146, 3105257285, 2413521129, 3340420002, 3598894993, 1010727332, 530438937, 353226950, 730180356, 2369723991, 840748078, 541009242, 4233127418, 3082566934, 1977241658, 3180782357, 4160499360, 1228061666, 1000797403, 3941141032, 3476660068, 3904667907, 890346223, 602555316, 879894488, 1058627342, 333612036, 2483291083, 2200545459, 3104566705, 4006438828, 2292901995, 1149034559, 241615619, 1833514414, 158809360, 246514692, 3658413394, 3833673842, 715737697, 2989542752, 1260553688, 3831660839, 1560392246, 1529045468, 2696283528, 270135159, 1040426353, 703872433, 3541320188, 1892179859, 1496913063, 2286828480, 2963601436, 4156890605, 2144786114, 3428456271, 2276745849, 3423634788, 905539958, 1818024390, 490205163, 1454493559, 1947444657, 4191149271, 839746562, 2967879942, 2653385160, 3775994497, 4011951033, 522879142, 1762778270, 1052743983, 3199844103, 948416583, 2337535412, 2712594664, 3304602785, 3001023014, 2219607476, 1911383432, 2187559565, 1313051518, 1438534384, 3038334507, 3920975642, 2015595264, 733919130, 211099500, 3934827024, 155868068, 612949731, 3171864082, 733949043, 1447358053, 1727084461, 2480097574, 1938965736, 2890250065, 2662858568, 2919766132, 1149191646, 465658611, 3805405991, 562984247, 2348995957, 3616010903, 909430773, 334158847, 407144037, 500215777, 4032945962, 1021788010, 4280168663, 3008011355, 3447673353, 4277331691, 3445341575, 3730202444, 1490763063, 390719107, 2315061555, 3633234755, 3359487510, 1728004384, 801151396, 2367761200, 2445484998, 2186775344, 3214775583, 239363228, 1069172173, 4135998039, 3899800879, 3646190670, 2606175999, 3827543550, 728417209, 2769961278, 4198777258, 4084963898, 251109901, 1704086488, 1819709569, 3536711181, 54169029, 2625420069, 2298357751, 3590890952, 2006916253, 3507997578, 2485969711, 543924324, 1566205147, 187458801, 2537492824, 3881336909, 1446291385, 3624057053, 1606598406, 1170374990, 752578289, 1568270003, 2044344599, 4101805861, 3045413509, 2662119816, 1881437270, 3043225429, 71087781, 2935347731, 3589064564, 715099782, 1847710554, 112524588, 2315321167, 3442226895, 2260160241, 613871456, 6186686, 232646535, 3293359082, 2888006477, 416964050, 3299107705, 592094920, 2678230955, 1683982290, 3692736117, 1158202211, 3295777795, 206249677, 2172907162, 2713880417, 18), None)
Loaded weights: 11.756471056968781, -30.791538976131733, -0.16564436444686387, 0.0, 5.0
events: 
  ----
(3, (906000045, 4281367713, 22408086, 1568207013, 1262687177, 1408192603, 3025884508, 3670772368, 1459771144, 377162109, 3459326580, 1366400164, 657752103, 3428814622, 1155621396, 2136106189, 2428551167, 3991239714, 311727392, 429140661, 66568151, 3155774785, 863590092, 4214708281, 1808835758, 2311732863, 236162584, 3839261932, 3986272259, 2363822829, 423326281, 2680750209, 2563660246, 3872921300, 3370310409, 1342478842, 2833419698, 188175928, 2860007307, 3202897559, 509669587, 925622859, 907823955, 4198443546, 885051362, 2849002569, 1906298744, 3276127477, 1802948158, 560589915, 1243507978, 1565596778, 2276312326, 1049161384, 4105988669, 334162164, 2963780812, 3903328795, 284335075, 1065937251, 3379433958, 2282443572, 3779985606, 4003510061, 1062828250, 3040393570, 3126652606, 1333134712, 1505161800, 1921083188, 1747312116, 3556818646, 3513196861, 2083451968, 4230711606, 2307288195, 2980558682, 2152343095, 1986579476, 1267413932, 3403379277, 2543100582, 3307548087, 3868806121, 1610309962, 2520958260, 3324214963, 1858077959, 2615591438, 3113457098, 2224293672, 2422348423, 1828720639, 476357555, 1868722265, 1336628791, 1724947919, 424822797, 3568133726, 914429099, 2859818145, 1712588477, 4262927478, 1792380708, 1925007734, 635117156, 759762649, 540362351, 729956596, 3444605427, 2705619901, 2124180299, 111152073, 43268107, 3762312810, 1707849048, 3834243933, 739823477, 3741397691, 3264111875, 2174128583, 1527884532, 1469561186, 2832531566, 3513896245, 2301743430, 2429353720, 1917204270, 2594532205, 1581137045, 3796783417, 2477217246, 2414445640, 2417205048, 3563449481, 1559235219, 1246620494, 1909681610, 4193885747, 2054995449, 3917134405, 2853035059, 3813764328, 2272656350, 1842226811, 459772799, 3579219222, 1544492793, 39535315, 2921162225, 52054251, 963202210, 1374314439, 1244773064, 1922788312, 3068618213, 2342773690, 3617006166, 844044461, 963818073, 3178152785, 668686412, 1445509801, 3135154819, 90184215, 593717698, 434833582, 698664078, 1341168484, 1813066846, 2623705662, 2466056447, 1261813973, 1701470734, 2552795449, 925306366, 2628167922, 763807203, 1063583711, 1895735027, 682602000, 1615624221, 3411001657, 140461928, 2624125674, 2709155037, 2988491326, 2828611774, 2641560927, 1158466264, 4156587958, 537037529, 4213486340, 1109596556, 4096382648, 692610816, 4190989881, 2306202267, 3565666284, 1304826640, 1443115043, 3819036767, 4150729577, 4193401858, 563540689, 2083791739, 3203718058, 2674667722, 1831597573, 1883985721, 1925650771, 3668726673, 1898047824, 650415349, 569128788, 3926090763, 2483087040, 484773356, 538400769, 3732133697, 4255918493, 2767328400, 3759821867, 3428414144, 3374282416, 967646128, 3303364090, 283775492, 736318077, 3408586768, 3291611021, 2936934148, 1859253126, 2824592880, 1947231346, 2744620866, 209633041, 2036518891, 688450817, 1856158362, 2177388810, 2329704491, 3996233830, 2474895998, 2489238012, 4042966978, 1495119774, 1636928424, 755189331, 2550897825, 1531318645, 1305813937, 3208231355, 635919031, 295368334, 3587445523, 1341281691, 2630598294, 2421143877, 3783147879, 3960039176, 2996002993, 2997532650, 845515115, 1339295556, 503148690, 3396061710, 2471222375, 1849407072, 3747754976, 1263825659, 327431831, 1310853710, 86182448, 2022610045, 4169881108, 891274538, 2590502074, 3161468284, 1729785809, 420321688, 4253531974, 1997225244, 3299980583, 2060832753, 1880699573, 3853171082, 3867246695, 1109698668, 4184497707, 1750469629, 1121475762, 43618959, 3485900988, 3860512347, 3803113066, 2210315699, 427760745, 1931029516, 3265035652, 2094774592, 3064979809, 3045056477, 1987790995, 1551511709, 1061142285, 2186807881, 1601536854, 2256083829, 3803775195, 3100095369, 4031912896, 2789078458, 1622918196, 1280696837, 857109257, 2531478643, 1884923575, 3481114345, 2545219354, 459535915, 3488471423, 1965685629, 2253354935, 3316567156, 26138760, 128062467, 133998062, 1174702904, 2485170907, 543630702, 4080630400, 952407263, 1690606719, 1748070142, 282749207, 3017862695, 440268154, 1012073249, 3596753036, 276597185, 3810839614, 3862562764, 1422050246, 2885052516, 2184653766, 2822023108, 2526031438, 677307670, 3934063131, 838731992, 2487218854, 1435426492, 1487686720, 3516745933, 3632602335, 1839095358, 2949176068, 3080889378, 2719929057, 3708287551, 3028101012, 3649521562, 2480113299, 3217590489, 1430373416, 2629290562, 3897359830, 76993271, 1029333979, 2456631945, 2583110699, 4128624421, 3064738836, 4113876204, 3172440102, 2693635239, 1571179822, 1806699629, 3769327083, 1805027871, 2066539, 4121317497, 3559719019, 3631930431, 283334257, 929487630, 1341339855, 728659921, 2885521232, 298634609, 1389998676, 1115279295, 3221293718, 2177195243, 1131257907, 1574895651, 4126976997, 3548013156, 2554515767, 394657408, 2464485292, 784383674, 3955619060, 2005522323, 435444318, 1440643295, 1426986295, 2312988730, 2503062181, 1318556794, 806026069, 1905301172, 2503066309, 2038484224, 1435931712, 298422240, 3875717307, 1122526644, 169594899, 750457493, 2019086494, 2284294722, 4207788519, 1225640334, 409316136, 1862824381, 326307835, 3321649237, 4290135304, 3528261985, 268674433, 2633312544, 3839697841, 3411890655, 2992048028, 107086708, 1292509271, 1975840213, 504530179, 3158932268, 1269385420, 815459403, 403716395, 579378708, 1051450548, 1536724419, 117434220, 1071709664, 2480571315, 4049497916, 1071759783, 3806020200, 2450694223, 3348482059, 2250337793, 2709014448, 813398907, 27218708, 4175183408, 115339710, 3006703642, 751495873, 3086179332, 3796245184, 4065212880, 2524481272, 3428379231, 1726519528, 1976179370, 246503338, 2584958513, 1023417584, 3842406479, 1732597712, 3422729858, 4187187063, 3611249512, 2310704571, 1869892048, 296177439, 507079302, 136952930, 76785091, 2551854151, 2089717259, 820606064, 1218999842, 3229948487, 1908386587, 3258127035, 656344441, 1478174560, 493110637, 2851387469, 2043630969, 3167735649, 3631777843, 1710851624, 3004237122, 118948119, 2561580229, 261608924, 3377981835, 1404591334, 2488043775, 998049709, 982293058, 3942285754, 1197014950, 350611542, 2226910398, 2891854089, 3375083440, 3432320868, 3979736325, 942649961, 2873125414, 3732325572, 669025777, 3020434948, 3550380608, 4108974628, 1340336865, 3174358090, 3754869804, 2601798672, 4212523260, 573710979, 3633729501, 1859435947, 1900340533, 4089922387, 1347077814, 1685899997, 3630436203, 1210038200, 3293286849, 1038428899, 2111270358, 1468523022, 1236402656, 1657178655, 1074368052, 723001274, 1230219468, 3639238119, 2440369567, 3338490655, 1728089647, 1423508461, 2982798580, 1183188903, 3925577813, 1691656165, 1716637841, 858419584, 2291138306, 2699044517, 2304443793, 1262431666, 1962736906, 3438578289, 712370632, 1766645064, 1060622563, 821931294, 3289073493, 577645564, 4247929291, 960704718, 3273467241, 237307658, 1112115748, 1266485596, 4001393546, 1876425805, 3417437763, 2303249248, 1382007409, 25016227, 2232968813, 1873024768, 1372335658, 2102090317, 232655906, 1734849292, 2332017249, 881896305, 3068843885, 825568012, 841224461, 3169186005, 2237010249, 2901707725, 2242932669, 2207171064, 174658525, 601087903, 742846798, 3374294229, 2569345064, 1750488532, 1442087384, 968207852, 443157856, 12973288, 4167176074, 1001742544, 1223078334, 1968938069, 3898556949, 1659148644, 40896637, 3351150244, 3602901465, 4106620868, 119347673, 1722723942, 2989144600, 678766630, 1211055189, 638505109, 3755445162, 317), None)
Loaded weights: 10.383034456487119, -30.791538976131733, -0.16564436444686387, -0.7513896995691507, -3.202056236154544
events: me found the exit, 
  ----
(3, (1399596394, 2479921071, 804657594, 2871838651, 572135262, 887952404, 2258645436, 470350871, 2344709695, 1925638629, 1035393893, 55548150, 3005117738, 753345904, 2527820268, 3774380436, 3821239508, 818579344, 3226743237, 2302337236, 1611060932, 458542802, 2928200912, 1498628290, 3853877118, 3475920206, 3366387601, 2798231888, 3340735105, 3130882118, 2241806180, 2308666558, 2363117154, 791993402, 2013391228, 2290380793, 2705754285, 1198128837, 1949015048, 3495611330, 3482804653, 4156717219, 588058638, 3861454045, 3326726711, 1213533175, 2696566670, 1463023883, 3071777350, 2123873094, 676817241, 1010179939, 3432969447, 1376316157, 1981068765, 4203255822, 2135824797, 384054565, 15575663, 2244955971, 1954468577, 1899516791, 377804153, 1500728787, 2846553259, 1910807966, 3494403768, 3466421220, 3406727754, 2724882434, 3864573236, 2538846377, 199057546, 816091953, 1205391535, 1708377949, 1009507211, 477180378, 3922145108, 1173778062, 2633308731, 1914743743, 2234539259, 2119892922, 353896476, 4063278052, 3942324127, 2515096896, 541541614, 1923315684, 2576468926, 789425511, 3867494941, 1821022792, 2579635901, 4068202840, 2294665652, 2208435042, 3146215411, 821940718, 846871474, 1525811219, 3329999568, 1045013932, 2319651831, 2151408239, 1078327907, 1182366876, 736917721, 4074212012, 3704233784, 1889678465, 3743044476, 616940387, 4133367314, 118649976, 103774421, 2048730854, 360347483, 3790359125, 3335044956, 4122810485, 864683462, 1169717313, 2533780195, 3163522392, 918614390, 695130403, 702114489, 859558995, 2999298579, 1707532455, 2426372161, 2649684784, 2251575459, 3605116660, 1755541587, 3246961947, 1012064584, 3853146693, 138792711, 1280154775, 1047367737, 3093840364, 3708385408, 1215155348, 3070670231, 3007122956, 3344280299, 7326029, 2378281934, 1996540963, 1108890443, 1838462465, 867362521, 56096378, 2184184190, 2767954796, 3823122786, 3029704951, 3680654116, 318556974, 222093327, 2424803430, 1699564011, 3221294630, 1051167631, 1320456442, 155142860, 1053615105, 343766005, 3741088585, 3481759948, 2891958413, 2559484822, 7754611, 2374129674, 3452421740, 1341625388, 2071997253, 1654618770, 904370979, 376463813, 256494294, 1286463708, 917796383, 92321397, 2868537405, 1868065102, 1552387287, 1140209618, 151188211, 3623574443, 186761296, 1719673485, 420214550, 1491356891, 3333903419, 3813893685, 830761270, 2729530157, 3244876532, 1354755919, 14445922, 1043839306, 1999386625, 440572349, 3593004593, 3141998115, 2695809182, 1279039133, 1126536312, 3263973147, 1705871359, 1146503375, 686090756, 1275235979, 1321034363, 1619964582, 320383957, 1432621969, 2410362028, 3557163896, 1291490174, 351908237, 75266664, 2544009896, 3751099531, 3058033575, 3571865251, 4239114297, 1433595549, 549518060, 4238869381, 230897590, 1425441128, 3615440591, 2956598586, 874431931, 3019529647, 4035029434, 3786645983, 2839121067, 2850823210, 1220011121, 2900027914, 3119654144, 4019176754, 2388242525, 1512273077, 3870384581, 1663112060, 81086666, 3228271830, 355145734, 971901075, 3036194573, 1420841753, 1613554898, 4208917990, 4017478845, 559198857, 1220418451, 2259454735, 1234650764, 1360951567, 16225582, 3096099485, 3631440211, 3752827308, 1994635081, 3780695824, 1254395631, 99986799, 1802916353, 3986192595, 1940147483, 1987018727, 3602094164, 3222812715, 1825256798, 227617619, 1104736834, 2603372218, 3084917920, 842593962, 1871134639, 359433943, 3565538493, 4222050392, 2015323018, 837717299, 1443352000, 978170186, 3217690833, 333014092, 2010994409, 3755221810, 3055388267, 1974516778, 3002848094, 2221903774, 2280051659, 2334028570, 2598788739, 1910741679, 709668645, 113321822, 2591333133, 1079719392, 108261978, 1174860481, 2188202494, 1440306754, 359324699, 2990428680, 2475103328, 656912405, 1691866858, 842793431, 3530868264, 2053002204, 1750389340, 3927095182, 3278202662, 559863085, 855868185, 293109294, 3387613601, 2521321575, 131406060, 1328146759, 726736015, 1952271644, 3609000136, 2870263573, 3217649681, 1542139511, 1536374983, 237807427, 358065532, 2235772404, 1836258715, 332680423, 990294789, 1096819897, 2862898546, 2464665047, 1502293415, 1802830250, 1336377618, 4257285565, 2430182264, 2265376207, 3693406099, 1595295142, 618641873, 3910465538, 2915121416, 1729416577, 3352324346, 3942118254, 100713826, 2924446944, 2871547663, 839451753, 2441880750, 3540391587, 3420986789, 2924723618, 1838900006, 1057697741, 322688670, 3449608161, 3988177439, 236704871, 1857875930, 554763559, 3730690569, 2933630619, 4103324395, 2422832698, 4031366800, 1996873662, 1971501195, 4166210789, 174361679, 1474156563, 117574790, 3704764008, 3119204684, 3715702507, 3758197613, 3880621349, 3054170172, 3201858050, 2637824300, 2109752007, 198550285, 2219151244, 2771210075, 3488545995, 898935049, 1867383580, 3242060611, 4228913308, 3356463361, 1718734479, 3866620590, 1899736056, 2386823075, 1952820102, 2770610082, 2034290933, 2150703645, 1740418750, 4128136277, 578946312, 2500307493, 1487823422, 923641887, 1653861292, 4251297594, 1013098524, 3397747119, 1306521140, 2704629268, 424136664, 3199451248, 2693914400, 3520401277, 810364378, 2622101766, 3873735053, 2399364607, 4168488857, 522414186, 4023799976, 3575932454, 3702061709, 7938969, 3306391093, 3185854030, 1564918145, 1374194721, 3561637016, 275208291, 1251241313, 525256106, 2896770278, 2315436914, 630460601, 3565001360, 1835062898, 93141844, 3875127423, 366173121, 4234439091, 1763504517, 1672413747, 3845347208, 3266245129, 1326395242, 2791060399, 3374121426, 2132969159, 1289656415, 2213930446, 3679890570, 2925602686, 1038944237, 372763145, 122775282, 3394277096, 3381567091, 1805169465, 834457857, 996448199, 345716628, 2500747162, 3480695189, 289392183, 2729405101, 570232305, 3019875523, 2019057386, 3733636855, 1447027009, 3229865947, 4038009361, 1277933932, 1704645948, 3332696934, 2365946327, 1566941438, 1595684412, 714829162, 69170269, 4174402993, 2420620987, 2427081682, 750631151, 1346059465, 444097384, 3846277959, 302361437, 3713955082, 1505129859, 1849513088, 1269433961, 2574365925, 2026353915, 1454186866, 164476957, 4211002506, 295347542, 3993457995, 388235752, 4212555540, 1275321026, 1401090154, 3317624259, 3978306019, 1766275276, 2956149028, 4221018211, 138132564, 2062185152, 824973487, 1770274241, 716484959, 973950965, 432470516, 2172287636, 3019608116, 4269490385, 4218834399, 3247036404, 2028815402, 2846793977, 1895847602, 3170970059, 2453312786, 2248874941, 59663475, 3517597894, 3817749447, 671276920, 2429985812, 3677414261, 4076226036, 959370282, 2360061400, 3630267444, 3143116473, 3498039649, 2450501606, 3467492193, 2458704720, 1322158678, 1310929817, 1752042799, 4264446961, 2339315381, 3715659481, 1139666504, 3038884918, 1147187330, 584236494, 835882492, 2874306188, 2081697920, 1615126955, 2400901596, 2779248658, 3077071710, 3617933908, 184804514, 233198682, 158320758, 478307878, 2885086227, 2012238515, 2205328424, 4026269203, 2658328718, 4217609326, 76582301, 1753884679, 1587171556, 777338041, 743579578, 3920280594, 1593758103, 148279714, 2318368089, 1919911059, 3849993270, 690509674, 2931602475, 2165201909, 2577262837, 618763403, 1919301932, 740557719, 3728681085, 2464850270, 2840162947, 3021612773, 1408022629, 3659714155, 82900025, 1617158148, 700166941, 2777324576, 2103511908, 106170971, 2327584383, 3295429607, 3023773566, 1515371472, 1006971049, 2436087767, 4102820761, 9), None)
Loaded weights: 16.73492626640273, -30.791538976131733, -0.16564436444686387, -0.7513896995691507, 4.248610300430849
events: 
  ----
(3, (1210093273, 2003615611, 59856465, 4259609242, 1149989076, 2780220622, 3161957958, 3651463803, 1328747492, 3263382130, 3743660372, 2642918108, 518424196, 133825550, 997535526, 1628636821, 1456306362, 3510861872, 2103079756, 3745745748, 3173185051, 834683842, 1649523532, 4276302911, 1822557967, 206175254, 858758362, 3066346825, 255630157, 2025216065, 1240230536, 2120526294, 3342858410, 3254618327, 3005425254, 4262217983, 2058195221, 3111325922, 3128153149, 1407086374, 1536770556, 3193390056, 1344278160, 3171862603, 394027121, 2075930451, 2318924021, 1917390324, 3695394820, 2828589302, 1553317113, 1305786730, 2639619975, 790057308, 3491858804, 3611552995, 170086745, 3556245795, 2523774602, 308717350, 4057047799, 259043955, 1019555580, 3851464476, 549970353, 2081112255, 3755218410, 1640626110, 3283751371, 4012077399, 3631114224, 470506670, 3242515969, 1681524127, 1633941914, 3272270746, 3331543140, 3970037556, 5500941, 461818449, 459610725, 3935171407, 1093011249, 2619481545, 2439259498, 2048924435, 1205701275, 163064344, 2512841062, 1096004020, 212778059, 2616548110, 1342080852, 109166088, 2125756696, 2084313062, 231939453, 3587156356, 329487617, 3660012052, 48325993, 4188142410, 4135509407, 389219917, 953953152, 2007938260, 1516179675, 1804263139, 1949979239, 834898515, 3341724331, 3813790559, 3825035596, 3936812738, 1713587619, 792297797, 2324449171, 1646967143, 580400575, 3352221503, 3137622407, 4159748734, 2498635057, 2049543517, 1778718655, 761699222, 3032314010, 1041486922, 793467618, 3619958232, 3746054202, 515637889, 135690659, 3101087763, 1978807364, 876634043, 3163897958, 185570915, 3402951858, 3498963417, 1282784191, 1865754115, 3490476880, 569786839, 774951618, 612279909, 1160967654, 3295586808, 238564608, 604073746, 3565093258, 3024287442, 3839774311, 4163681088, 4114830471, 298071444, 964653999, 1499489849, 3430492770, 1108772564, 239984585, 1279435211, 557556320, 2953528895, 2275908178, 924952123, 4170704098, 2865783009, 146610405, 3672170854, 4234681133, 3549030840, 1698662927, 1029191093, 4137725211, 807675435, 3003736021, 3682201868, 528597415, 4064404495, 1847638013, 1763611249, 2234651935, 617270514, 1567079439, 623239298, 2466616805, 4073391740, 1759079933, 154633186, 1247261450, 451120859, 503775849, 1382618228, 4172790968, 1196016839, 2199601126, 1453151791, 668151004, 1777305181, 273025208, 313579941, 317119252, 976146064, 2083661255, 3917471874, 3277347964, 4233069084, 3809447758, 1547165906, 375623205, 2253480854, 2996510702, 4210353302, 3150320455, 1883438238, 1156197806, 2165727851, 2260982109, 1910729110, 3009732705, 146320445, 2797455489, 1290837841, 646009824, 2978802394, 3992952899, 1592419249, 498168315, 1803301362, 3418728556, 287713373, 3340739369, 2934993549, 226008658, 1503639334, 1716987250, 2652001473, 378248454, 1307622115, 3134215474, 4117047254, 2584687608, 3980345904, 2242716830, 1673261982, 1921003966, 1496194221, 2557393788, 2918043294, 4116219676, 871596855, 1631964317, 473616093, 2813276182, 2918961788, 1981942056, 3285707353, 4128809469, 2339610417, 619815178, 2806547198, 1679615827, 1357478522, 3562590186, 2855546221, 3221743898, 839352154, 2734631969, 1652205041, 4241096927, 3183250806, 2588745401, 2918526718, 2644576191, 4064487839, 783691877, 831876649, 3633290068, 1636869338, 1794403470, 2968830013, 2378496525, 3659955797, 272964001, 2456106848, 1478094481, 2495974353, 3347524282, 1434163360, 2134993988, 3867494956, 2933865957, 4207794890, 646086358, 1699361363, 1152141554, 82005015, 602154824, 2965955151, 3602777442, 2148395826, 4252379612, 3891839025, 573781028, 2644851524, 1552461319, 299604240, 517974201, 3471119879, 2496416761, 4169306474, 3443653800, 2222836869, 3077324182, 3222215733, 1338587404, 1583857554, 3496735557, 3201543732, 346429854, 3028379425, 668865501, 1253407457, 3296244751, 398323638, 2573253062, 950260713, 3372874577, 4082101871, 1407311465, 2286197544, 4218123409, 2081060651, 3027004257, 1988356531, 1445683638, 1056712161, 3062072153, 2563877806, 4190273985, 3046415656, 4173974170, 4033310252, 1651715122, 791326374, 358725085, 2245763689, 1113591325, 3638652724, 2968839795, 1810546175, 1577104042, 1478528519, 3598937474, 1063975608, 3819999777, 2655384180, 2997281110, 3344189152, 741088261, 4247096689, 1995362517, 529916887, 2347702948, 1686647497, 3892375834, 2519553191, 1279876928, 410636271, 3798215984, 2779725693, 3942392972, 627479663, 3339111146, 2346056200, 31132018, 2191629581, 3985751098, 3257902149, 409910713, 290723775, 1272405315, 2838188219, 2360491056, 3648451879, 874537352, 3478112101, 3727974819, 2433735695, 515706591, 3925371129, 877107828, 1154750042, 146658940, 3458500351, 3802359151, 2290411492, 2294995968, 3882006160, 744318830, 1955608033, 3511371147, 2374716666, 2678606062, 3959514416, 3698304900, 3677595285, 3009125256, 1536330234, 2960813458, 3594600080, 2773084367, 3547202928, 3711401697, 1330785787, 720252311, 342639896, 8191318, 741240000, 3496490897, 2066095058, 2393177392, 1360472180, 1633118083, 2180576206, 456347270, 4140567250, 3393816616, 1865139388, 438090286, 1223450285, 3981272725, 1080910727, 2136801279, 2552296362, 837797536, 881151575, 472489342, 1777973882, 1565429874, 4199835053, 889552468, 1842725910, 4264182072, 2864280854, 4118373152, 169208010, 154490580, 757583394, 3478990314, 3406827228, 891989622, 3589421767, 378270884, 770272677, 2907992189, 741122182, 1697928998, 951333617, 549574774, 2239175421, 3333008361, 3726487725, 832015957, 2648529300, 2361733802, 1980329267, 3177226902, 707171714, 1081170546, 3527592610, 1990988759, 2384778398, 1116801171, 776127159, 1840230795, 2781433028, 489125564, 1873098290, 4029126064, 4267158452, 1741998340, 3175217691, 1602459927, 2149813075, 4219221284, 2115752319, 3249842076, 4160527483, 1975739468, 1853369649, 1989891377, 4116249321, 3781384270, 1018794435, 1509448753, 3800645833, 74514010, 1108660223, 1308811250, 930989156, 4059455185, 553424404, 2455368795, 4168087623, 4235002394, 2418451248, 902637559, 2364375479, 967816303, 3379895467, 1249684229, 2017789770, 3920710586, 2740885407, 227990338, 141244394, 1070456452, 1379175791, 2370093255, 2596346770, 1272094699, 2805732971, 1672090770, 2485896569, 1181861166, 2211616682, 3177983722, 3952310751, 308522826, 180202038, 3212967799, 3765113843, 420648641, 1608551539, 2644073063, 2122531080, 1529338548, 2740677357, 2799744673, 1966719025, 4190200583, 3101636267, 2278951964, 1700277500, 880655181, 3768600600, 46665824, 3693598089, 3459082690, 3869526754, 1611586132, 857625658, 508855860, 2122259293, 3521461554, 2238843196, 2921979549, 3463355242, 3281825341, 2988082147, 256660294, 738738986, 3174587861, 1522049299, 2625408425, 223638905, 959949648, 3301122217, 3223493422, 1104695633, 2905755595, 3638559037, 199876622, 2415141124, 2166793099, 1309638446, 3033128752, 2554664117, 297988456, 2668922479, 1643713838, 3121754566, 1563576327, 3985682288, 123358768, 909948895, 569814331, 3406433400, 3134512594, 2141236244, 1951226410, 1542726957, 1552640049, 2237329219, 3887284433, 1011371924, 2925027438, 334411361, 613214231, 3700666790, 1016522787, 58045673, 1005610354, 2793605120, 297875092, 1370369739, 3849219614, 1789811154, 1774975540, 3616519114, 3729122636, 3041549144, 591532526, 3012537142, 3337473669, 2683813996, 774238325, 3958355590, 2072736121, 2915944619, 1216731703, 1606128348, 244), None)
Loaded weights: 14.028278287879955, -35.18583943729001, -0.16564436444686387, -0.7513896995691507, -3.174372210862618
events: 
  ----
(3, (2136971358, 2463718279, 2142738450, 2184186224, 2436525034, 3806014186, 3745633025, 776524412, 121522311, 1586754105, 602718848, 2377439967, 355831015, 3652642699, 2214901804, 1338581627, 620608866, 423827352, 787950599, 3884427313, 530070181, 2234523934, 3823673496, 3557156982, 1990270953, 1433757512, 1172821408, 4013632126, 636963108, 625166135, 1529424486, 546578633, 3714017329, 410552429, 1003189925, 2675255003, 2385383267, 2622278863, 2278231503, 1771329602, 303375578, 56765241, 829816761, 4197360149, 550875718, 3299860631, 2942927208, 1161009341, 2983539885, 691186135, 3476251780, 3586299947, 4020968481, 4271744995, 88238261, 3208905180, 3033823313, 1971568576, 4014472579, 2589584298, 191534617, 12147262, 1816071143, 800549021, 2567608602, 4248246378, 466905305, 619253073, 3140400343, 3807562445, 580826429, 1305580506, 1892819703, 1710716710, 2504154997, 1498875843, 1090412086, 3074797176, 3202173464, 1725037798, 3714211650, 2876592710, 842225758, 2771113630, 1358243416, 2501710526, 2975006073, 3731627737, 1014130713, 62346636, 986447017, 4162255363, 2768993611, 2125186040, 2483356284, 3691254788, 1281823383, 1760081722, 3976170455, 1871546607, 120889729, 2865367964, 2064916300, 2117626321, 2287104268, 1224498773, 2660456198, 3068767690, 796153495, 771754975, 1020855998, 2918898928, 233722439, 3205657146, 1820467115, 3688764698, 1214611073, 1393038918, 4012307070, 527001310, 4024914497, 3989725015, 1851092085, 478280617, 2675799197, 964792652, 898380453, 2944760190, 1268649602, 697858585, 559249907, 3326964314, 877140613, 2410935642, 1333881242, 3272962503, 2072973410, 3661678219, 3737729653, 3822404214, 66527986, 1648081703, 323096890, 3803605925, 3945776599, 3061500724, 191685345, 1490509507, 2149541197, 3108061504, 2570570937, 3765568272, 1684216953, 4028156465, 1341682354, 1774851821, 1841305229, 624409285, 71630796, 14485478, 2568090815, 3796125693, 300111962, 582767259, 3834873290, 1916927806, 3256565085, 1144900793, 1585018294, 3778692080, 2659035358, 2352878040, 14443806, 3416522405, 3372205291, 1838857564, 4278893416, 301050653, 4057496265, 371683981, 1826126102, 3978067121, 2907015320, 358359246, 1197384229, 873595373, 2984924524, 2729826486, 36164779, 286937183, 3850579399, 3764437546, 3342872761, 539723413, 904952905, 2605779317, 4104142221, 1840640237, 1381575173, 424797586, 3442619586, 1614357932, 4233080566, 3368822188, 1524536430, 673304995, 2876859079, 3636505336, 2863408630, 3765149524, 3117518059, 132457587, 3655245546, 44221892, 1523585915, 3129699162, 3198060603, 403178526, 1630528495, 1174184323, 313581994, 3542133705, 2465347278, 3830309976, 474101448, 2453014877, 1369617558, 3215417196, 3231675993, 2751972185, 2778694457, 3651984142, 2552818311, 1402429010, 129578163, 3988014600, 1283288276, 1769603207, 1872376983, 551086820, 2802062982, 224379602, 3695241747, 1095898936, 1780139039, 1507402228, 4018378478, 2295254977, 1703271226, 4169689696, 1701000498, 3380459946, 12747770, 2095896409, 1175522890, 3800152430, 2742934416, 3529802026, 688041702, 31949538, 2217242283, 1875268791, 2903476813, 9566064, 3468687063, 268634010, 2824659108, 2141312668, 1692947240, 4118018121, 545969709, 273593934, 3041645700, 524974185, 3895371465, 2607430336, 446178240, 244392024, 1502227241, 2457082059, 3100666127, 2932180156, 1967252267, 1695711824, 2447303114, 1460271024, 2524590221, 4047849211, 3184605729, 4169487636, 2452817062, 1549836652, 483035642, 3470820782, 3118640675, 2362958767, 524310076, 4264555069, 1024481930, 4268248616, 734173350, 3461674129, 3552519769, 2741805951, 1749596759, 3335461537, 3371066791, 227018386, 502497217, 1952162340, 1795268650, 3751631457, 3207406674, 1221758768, 608209231, 1844018783, 3575385411, 2925178086, 1082858125, 1851289237, 2007372916, 989132442, 4173286263, 831096169, 566676084, 649828223, 3340893515, 1859779368, 2126302493, 49597545, 1326687821, 3564500349, 2693275606, 320424212, 3016007290, 2575852242, 3665713984, 2360961238, 4147373785, 3283404706, 1816823206, 3015634847, 1580517607, 1827876852, 2347603544, 475042670, 1458709034, 146062203, 1245600354, 3363171960, 2814920408, 3572180603, 2991288355, 3074762039, 906647804, 76299708, 2671927347, 248012787, 557275440, 373949633, 2748722257, 3850919628, 511078065, 243736002, 827228434, 2366230346, 3527132873, 3432407300, 2206111885, 784483622, 1838402782, 3998201511, 2054505894, 267111005, 1867462160, 1870532516, 2946000975, 3056668066, 2634400991, 3653213176, 1330045118, 3844874480, 3361207956, 2041936905, 1897220844, 1755450486, 2711555220, 3943962053, 2830121934, 1089385961, 4126914793, 3352277370, 1582247443, 1716025514, 2057013251, 781905011, 774716243, 3338930388, 2942435957, 3120391139, 3396231100, 1899949585, 1000110243, 2074548612, 1291665078, 378895056, 708478690, 1568634383, 2716765956, 1146975706, 43173748, 3393097762, 1124674575, 3489283194, 2148270931, 525363996, 4008624062, 1534532204, 2796675443, 1023264354, 2508759391, 4055761683, 3021364213, 3179940150, 696941465, 2429013530, 2872692113, 1983555085, 3074226458, 3501267332, 3618779712, 4261162442, 3545767122, 2462101157, 766681287, 2814750462, 3868725212, 2365929429, 4110546723, 65702397, 3420979201, 3288156460, 707932545, 335432393, 3596931779, 3529954940, 2751752030, 2172442507, 2962422574, 1681372584, 3106859193, 2948462032, 3359830809, 640831617, 365337524, 546815809, 3503853079, 257983853, 2557334798, 3379803395, 1222014015, 2001205221, 2854239796, 3933319557, 4079393687, 709409863, 1824570217, 3272649160, 2030175342, 1674535828, 2799252322, 3361848401, 299355736, 1321832, 1730138718, 2782964421, 247120444, 3121128443, 3762933185, 3938996806, 2137457746, 114037335, 4031187744, 393544541, 3322793197, 2091445794, 1092042087, 1646089332, 1845001268, 2856034463, 2922408011, 3509096890, 132174148, 4209168680, 113544983, 1797388566, 1574860071, 3767634151, 3489195630, 1968660096, 1314328341, 3637278796, 1027084631, 1294518397, 3796270271, 154809910, 2640591141, 2829087525, 656788150, 3043644575, 2678802128, 1405507555, 213196024, 1511857008, 1192281139, 2222327303, 456982377, 3101189916, 3577522030, 3325089833, 1638990634, 1257951821, 4178709520, 39710107, 2440519263, 2060049057, 3174146731, 620429416, 1807904710, 1035838304, 3502824583, 198649884, 1628931934, 957684859, 827195638, 673983011, 61193078, 3593787135, 2082379377, 1123028609, 1952214248, 165557999, 2095724680, 3904809641, 2036606534, 3602904707, 3463302193, 3945580448, 150719171, 3734829628, 1103501429, 915422799, 613386322, 1217359566, 1124192306, 3764053502, 417081607, 1220471659, 2534712861, 3034328718, 2738014294, 2116365303, 3109971198, 4233596748, 3576485699, 487586583, 1842706435, 362738241, 1252222713, 3374712065, 993870661, 2411975221, 1966748096, 901477409, 2809424885, 3032480167, 2253359527, 3465814341, 2726593195, 1867514566, 2726614715, 2119185403, 3155262996, 696406970, 699090378, 1115509689, 4066314458, 1084735948, 2344447483, 22640661, 1343756227, 3686714560, 3584899319, 3965727545, 1310509183, 2691824605, 2418872087, 2757567063, 1533778587, 1609216062, 204040151, 1043317529, 3084746518, 2207319713, 3355688157, 1448776820, 287038649, 2804451200, 1429632691, 1307575417, 112467893, 1635953870, 2107836551, 1703691868, 2896323444, 1134861558, 909567436, 2857931445, 199848566, 982404345, 1459653419, 4214683101, 2274071078, 293795708, 302), None)
Loaded weights: 13.173847624133634, -40.34699931837413, -0.16564436444686387, -0.7513896995691507, -3.090899279537578
events: me was killed by aggressive, 
  ----
(3, (1465914824, 3501837948, 3102041947, 2196990537, 5471076, 3442745852, 746811578, 3597314602, 2698261267, 1003284386, 3266161599, 1920793000, 4052661952, 1083218786, 886223296, 1366815422, 3277567926, 243213711, 3046838235, 942281267, 1508838115, 3611668799, 1459565145, 2010160756, 3674517687, 2531635493, 2316803081, 2071060235, 460250462, 2259507362, 4286056118, 10223069, 92663149, 1398749645, 1800277624, 222800828, 1173256221, 4150236927, 3541009119, 4019363249, 364679830, 1957935136, 2817878056, 2609043746, 2023885240, 2105995573, 3899602504, 1468463178, 536293960, 2208159004, 1922378561, 1582286305, 2188498566, 1653042236, 2954884414, 186679278, 1559465825, 3144537514, 1840990868, 207975876, 255600754, 930799650, 1201713554, 1146304690, 165444560, 2126690951, 1628276722, 2008641827, 3258542590, 2760331560, 3858260005, 3630409162, 1362417671, 896576519, 1036160879, 833151299, 464976980, 946960210, 3599258806, 537652637, 4021422808, 3109052910, 4166891785, 387815294, 205691656, 837207363, 3779837166, 20727870, 2104706276, 3313136620, 3340671402, 2792714830, 3580772707, 2754799989, 3207240632, 4175161552, 3465972405, 2847144483, 2247069118, 3343684920, 4126444841, 2993875400, 3544439479, 1249785747, 633006009, 846314196, 375135896, 754247467, 2268234502, 2198387322, 3193773405, 4175057738, 2867031426, 1893923290, 2116640110, 4052685671, 1939411027, 1887681804, 3418535272, 3049776790, 1463285864, 991863179, 1366856994, 4144433595, 372906731, 2061280669, 362762532, 4105722142, 4144846706, 882093709, 131971397, 2834223707, 979655117, 3070781514, 3008700448, 483397487, 2369638369, 3340905747, 1506183960, 1113467407, 2116139955, 1975492332, 3936586636, 2562932444, 1390629749, 2689923367, 1574810903, 3764593727, 2317309475, 469670578, 2601895464, 3821204512, 2140680187, 641343788, 2608694758, 2338796491, 3273393011, 1092857812, 3761530381, 2371642247, 2694084682, 3756329520, 1015723804, 2440759987, 117822568, 22760079, 121756111, 4195380632, 764599023, 585870444, 1401027245, 181228662, 1979665036, 3326743023, 4178480283, 1254059124, 3830124912, 110159438, 1722085438, 2955130156, 1628614594, 4096149223, 637407905, 404961142, 4249977810, 2766427298, 2027470817, 4054851392, 3556297545, 1503014630, 815243481, 1897252216, 3359902592, 3555236152, 1327429797, 922064622, 62028688, 4265143714, 2899904788, 3065255286, 3561074817, 1699499488, 999072488, 1631989216, 3006765847, 996769450, 4025570269, 2639638054, 644832222, 3573262867, 2110956902, 2044279238, 211904155, 3000280791, 2093422947, 3152346181, 696796243, 87892572, 4166155496, 1064211737, 448821134, 1116760337, 1219018453, 421630031, 1797603756, 4015704173, 240212170, 2921799227, 464690959, 1931613720, 3995404238, 3578773240, 2768211669, 3059178044, 3769665838, 3337258361, 2524534590, 1818755371, 1645251802, 3792485763, 104823307, 2214229014, 836696354, 1868457318, 580105589, 2186986668, 3846554892, 724428670, 3942745103, 609134784, 1399734945, 2607149386, 832268886, 2837388076, 1244726204, 1255157910, 4020181047, 2885243333, 6831276, 2660854503, 3182732105, 3837885313, 1292849156, 4223218601, 3210614066, 3340890765, 2420274943, 667466498, 3607295195, 1857598433, 2477097477, 1644684282, 2871754206, 1165022707, 439608618, 1387996072, 2228569392, 3344469514, 3464329563, 1192317662, 904244834, 1404548212, 967392966, 1411186564, 3504942706, 4287554061, 3989792358, 3369862589, 1261980328, 247018433, 711157764, 129580845, 1504901200, 2767478844, 2832871467, 2375631584, 43522281, 3144699232, 3881272030, 81106004, 2337433232, 3440749724, 4178968611, 4137292192, 2183023325, 737662650, 1724903124, 2017658343, 2206052604, 3453839644, 2715519633, 1406404897, 1435468507, 1784891542, 2931836878, 3472224922, 2455184799, 1045668915, 139589083, 4005383001, 3108540984, 444436188, 957848251, 3732270991, 602308931, 1064813508, 2954913964, 1403149176, 704659235, 1841477966, 4182539762, 1979639890, 2080185950, 264130981, 1613813314, 3926765222, 3310620177, 1556897518, 2566926491, 3703975761, 4030021322, 2285603266, 3354821789, 1987042175, 1051456699, 3770393725, 680856564, 1915278681, 522475191, 43824718, 75115097, 3591836197, 3094775769, 1318747482, 4143859648, 1638193076, 3942592939, 390469085, 985882852, 2995257146, 3318499116, 1701226407, 462651790, 2509934440, 3248933558, 2849233059, 605362829, 2794866474, 585022591, 3697962467, 921458000, 802812326, 1051307222, 1786392095, 3621528557, 81515227, 1088822371, 1285526680, 2401057244, 406544292, 346829140, 4283858604, 1857371408, 4220954117, 1970448879, 4043038791, 1641994682, 4107036077, 647684123, 2675956663, 4070363662, 4046123966, 847214298, 2734992657, 1951771518, 2743924633, 23701510, 2637712200, 3476772184, 281568594, 668849720, 2110259221, 2003624118, 3258289707, 232413990, 1941549903, 127188724, 1910892608, 2517171210, 616001819, 1027374951, 98411786, 2199472799, 2715160215, 3189254862, 3834614934, 875406288, 3133661375, 795551305, 1535699952, 842999918, 2350736768, 1748013685, 3464492675, 4133161647, 1615683331, 1419900591, 3487550476, 219463970, 1347795912, 532167429, 3667629438, 3942750503, 539013985, 2394388825, 1428380720, 191988006, 2656759336, 2703543783, 2958939716, 3542745665, 2966860156, 722692606, 2612174317, 1812875618, 2857389895, 3872935427, 1116277273, 814461893, 3442965078, 1325361831, 2517403903, 625692914, 78779664, 660894020, 2866178267, 2912609393, 3792956745, 687789222, 1503396885, 352063761, 4120942132, 718990692, 1994566186, 2688872407, 3447218609, 3280267623, 2059302972, 2988295644, 582115475, 2456161169, 1786270297, 2186334488, 3603573795, 2698314435, 2891769105, 2688698850, 3124892830, 3993098345, 1311303807, 863085272, 1913816620, 2556559847, 1435586206, 3584894676, 3119190720, 2945958109, 2336791891, 1758731025, 2199901438, 2469231476, 4239293840, 4199586329, 1244168619, 307775369, 1625652887, 3354969933, 4099535154, 413945018, 352864907, 1763109333, 3718733150, 3978819401, 754895792, 2210764049, 1506268438, 2320096147, 1719094073, 3490328292, 1987878318, 2767676586, 3602096142, 3531632565, 1464841376, 1408218721, 2679014851, 315949135, 1090337715, 4255769574, 694843845, 411154885, 2488481315, 1438582002, 2469070617, 1595674863, 1623712596, 1453855840, 3199422835, 3553328428, 1216011967, 3010561454, 2996144498, 2926962776, 2120806063, 4116553769, 2192534855, 2144318140, 1188852086, 3953442494, 1872868527, 4152681278, 2427804554, 1671567121, 4007999164, 2349133741, 4134511388, 2603296905, 1681770374, 892597186, 3237750366, 1546993783, 832652650, 456160419, 2443215029, 1670326663, 4284914559, 3499457572, 1808703011, 798031637, 711228021, 3919869057, 2090853437, 2485545216, 919262575, 2336428986, 920796229, 1325524654, 1282162025, 899693469, 56661472, 3901129402, 1144450139, 1668198066, 2720501457, 2977929557, 3305841339, 4242413107, 3425754067, 2713654086, 809262171, 2830816376, 3908499658, 895876713, 4264203086, 2943356126, 65856649, 3537117148, 1494892814, 3166874482, 2862037680, 3091589384, 846784018, 1189835232, 3658731117, 799410715, 4089482027, 390876183, 3260098754, 2927033, 2713038818, 3966074700, 3425868902, 3692814676, 3186586322, 666033826, 513304415, 196025444, 3879713490, 1084673103, 4108812821, 3411538018, 3534462323, 3258827625, 2005919744, 2501782486, 1031901949, 324739634, 3077073717, 1969579293, 2163704720, 127362848, 932209261, 3947727911, 718906082, 254), None)
Loaded weights: 12.49317379506677, -44.01340189790006, -0.16564436444686387, -0.7513896995691507, -3.2513896995691507
events: me found the exit, 
  ----
(3, (1465914824, 3501837948, 3102041947, 2196990537, 5471076, 3442745852, 746811578, 3597314602, 2698261267, 1003284386, 3266161599, 1920793000, 4052661952, 1083218786, 886223296, 1366815422, 3277567926, 243213711, 3046838235, 942281267, 1508838115, 3611668799, 1459565145, 2010160756, 3674517687, 2531635493, 2316803081, 2071060235, 460250462, 2259507362, 4286056118, 10223069, 92663149, 1398749645, 1800277624, 222800828, 1173256221, 4150236927, 3541009119, 4019363249, 364679830, 1957935136, 2817878056, 2609043746, 2023885240, 2105995573, 3899602504, 1468463178, 536293960, 2208159004, 1922378561, 1582286305, 2188498566, 1653042236, 2954884414, 186679278, 1559465825, 3144537514, 1840990868, 207975876, 255600754, 930799650, 1201713554, 1146304690, 165444560, 2126690951, 1628276722, 2008641827, 3258542590, 2760331560, 3858260005, 3630409162, 1362417671, 896576519, 1036160879, 833151299, 464976980, 946960210, 3599258806, 537652637, 4021422808, 3109052910, 4166891785, 387815294, 205691656, 837207363, 3779837166, 20727870, 2104706276, 3313136620, 3340671402, 2792714830, 3580772707, 2754799989, 3207240632, 4175161552, 3465972405, 2847144483, 2247069118, 3343684920, 4126444841, 2993875400, 3544439479, 1249785747, 633006009, 846314196, 375135896, 754247467, 2268234502, 2198387322, 3193773405, 4175057738, 2867031426, 1893923290, 2116640110, 4052685671, 1939411027, 1887681804, 3418535272, 3049776790, 1463285864, 991863179, 1366856994, 4144433595, 372906731, 2061280669, 362762532, 4105722142, 4144846706, 882093709, 131971397, 2834223707, 979655117, 3070781514, 3008700448, 483397487, 2369638369, 3340905747, 1506183960, 1113467407, 2116139955, 1975492332, 3936586636, 2562932444, 1390629749, 2689923367, 1574810903, 3764593727, 2317309475, 469670578, 2601895464, 3821204512, 2140680187, 641343788, 2608694758, 2338796491, 3273393011, 1092857812, 3761530381, 2371642247, 2694084682, 3756329520, 1015723804, 2440759987, 117822568, 22760079, 121756111, 4195380632, 764599023, 585870444, 1401027245, 181228662, 1979665036, 3326743023, 4178480283, 1254059124, 3830124912, 110159438, 1722085438, 2955130156, 1628614594, 4096149223, 637407905, 404961142, 4249977810, 2766427298, 2027470817, 4054851392, 3556297545, 1503014630, 815243481, 1897252216, 3359902592, 3555236152, 1327429797, 922064622, 62028688, 4265143714, 2899904788, 3065255286, 3561074817, 1699499488, 999072488, 1631989216, 3006765847, 996769450, 4025570269, 2639638054, 644832222, 3573262867, 2110956902, 2044279238, 211904155, 3000280791, 2093422947, 3152346181, 696796243, 87892572, 4166155496, 1064211737, 448821134, 1116760337, 1219018453, 421630031, 1797603756, 4015704173, 240212170, 2921799227, 464690959, 1931613720, 3995404238, 3578773240, 2768211669, 3059178044, 3769665838, 3337258361, 2524534590, 1818755371, 1645251802, 3792485763, 104823307, 2214229014, 836696354, 1868457318, 580105589, 2186986668, 3846554892, 724428670, 3942745103, 609134784, 1399734945, 2607149386, 832268886, 2837388076, 1244726204, 1255157910, 4020181047, 2885243333, 6831276, 2660854503, 3182732105, 3837885313, 1292849156, 4223218601, 3210614066, 3340890765, 2420274943, 667466498, 3607295195, 1857598433, 2477097477, 1644684282, 2871754206, 1165022707, 439608618, 1387996072, 2228569392, 3344469514, 3464329563, 1192317662, 904244834, 1404548212, 967392966, 1411186564, 3504942706, 4287554061, 3989792358, 3369862589, 1261980328, 247018433, 711157764, 129580845, 1504901200, 2767478844, 2832871467, 2375631584, 43522281, 3144699232, 3881272030, 81106004, 2337433232, 3440749724, 4178968611, 4137292192, 2183023325, 737662650, 1724903124, 2017658343, 2206052604, 3453839644, 2715519633, 1406404897, 1435468507, 1784891542, 2931836878, 3472224922, 2455184799, 1045668915, 139589083, 4005383001, 3108540984, 444436188, 957848251, 3732270991, 602308931, 1064813508, 2954913964, 1403149176, 704659235, 1841477966, 4182539762, 1979639890, 2080185950, 264130981, 1613813314, 3926765222, 3310620177, 1556897518, 2566926491, 3703975761, 4030021322, 2285603266, 3354821789, 1987042175, 1051456699, 3770393725, 680856564, 1915278681, 522475191, 43824718, 75115097, 3591836197, 3094775769, 1318747482, 4143859648, 1638193076, 3942592939, 390469085, 985882852, 2995257146, 3318499116, 1701226407, 462651790, 2509934440, 3248933558, 2849233059, 605362829, 2794866474, 585022591, 3697962467, 921458000, 802812326, 1051307222, 1786392095, 3621528557, 81515227, 1088822371, 1285526680, 2401057244, 406544292, 346829140, 4283858604, 1857371408, 4220954117, 1970448879, 4043038791, 1641994682, 4107036077, 647684123, 2675956663, 4070363662, 4046123966, 847214298, 2734992657, 1951771518, 2743924633, 23701510, 2637712200, 3476772184, 281568594, 668849720, 2110259221, 2003624118, 3258289707, 232413990, 1941549903, 127188724, 1910892608, 2517171210, 616001819, 1027374951, 98411786, 2199472799, 2715160215, 3189254862, 3834614934, 875406288, 3133661375, 795551305, 1535699952, 842999918, 2350736768, 1748013685, 3464492675, 4133161647, 1615683331, 1419900591, 3487550476, 219463970, 1347795912, 532167429, 3667629438, 3942750503, 539013985, 2394388825, 1428380720, 191988006, 2656759336, 2703543783, 2958939716, 3542745665, 2966860156, 722692606, 2612174317, 1812875618, 2857389895, 3872935427, 1116277273, 814461893, 3442965078, 1325361831, 2517403903, 625692914, 78779664, 660894020, 2866178267, 2912609393, 3792956745, 687789222, 1503396885, 352063761, 4120942132, 718990692, 1994566186, 2688872407, 3447218609, 3280267623, 2059302972, 2988295644, 582115475, 2456161169, 1786270297, 2186334488, 3603573795, 2698314435, 2891769105, 2688698850, 3124892830, 3993098345, 1311303807, 863085272, 1913816620, 2556559847, 1435586206, 3584894676, 3119190720, 2945958109, 2336791891, 1758731025, 2199901438, 2469231476, 4239293840, 4199586329, 1244168619, 307775369, 1625652887, 3354969933, 4099535154, 413945018, 352864907, 1763109333, 3718733150, 3978819401, 754895792, 2210764049, 1506268438, 2320096147, 1719094073, 3490328292, 1987878318, 2767676586, 3602096142, 3531632565, 1464841376, 1408218721, 2679014851, 315949135, 1090337715, 4255769574, 694843845, 411154885, 2488481315, 1438582002, 2469070617, 1595674863, 1623712596, 1453855840, 3199422835, 3553328428, 1216011967, 3010561454, 2996144498, 2926962776, 2120806063, 4116553769, 2192534855, 2144318140, 1188852086, 3953442494, 1872868527, 4152681278, 2427804554, 1671567121, 4007999164, 2349133741, 4134511388, 2603296905, 1681770374, 892597186, 3237750366, 1546993783, 832652650, 456160419, 2443215029, 1670326663, 4284914559, 3499457572, 1808703011, 798031637, 711228021, 3919869057, 2090853437, 2485545216, 919262575, 2336428986, 920796229, 1325524654, 1282162025, 899693469, 56661472, 3901129402, 1144450139, 1668198066, 2720501457, 2977929557, 3305841339, 4242413107, 3425754067, 2713654086, 809262171, 2830816376, 3908499658, 895876713, 4264203086, 2943356126, 65856649, 3537117148, 1494892814, 3166874482, 2862037680, 3091589384, 846784018, 1189835232, 3658731117, 799410715, 4089482027, 390876183, 3260098754, 2927033, 2713038818, 3966074700, 3425868902, 3692814676, 3186586322, 666033826, 513304415, 196025444, 3879713490, 1084673103, 4108812821, 3411538018, 3534462323, 3258827625, 2005919744, 2501782486, 1031901949, 324739634, 3077073717, 1969579293, 2163704720, 127362848, 932209261, 3947727911, 718906082, 611), None)
Loaded weights: 18.347193363114837, -44.01340189790006, -0.16564436444686387, -0.7513896995691507, 4.248610300430849
events: 
  ----
(3, (1406217834, 2121672210, 730656151, 3700901420, 90178954, 2640638572, 4222910506, 3952218186, 556204791, 1537745769, 313410362, 1152386228, 1898115262, 3504416284, 3330818127, 2395691914, 913427330, 3642529336, 1130730868, 2052224484, 1271561201, 95886781, 4255212195, 519983989, 2490799514, 3895417125, 1000572191, 2316311237, 3136972457, 1209554733, 858484593, 2130524032, 4056283121, 3436538474, 2093584009, 2837269574, 3278021106, 2589647948, 3143765341, 1503198721, 2600288686, 3352958596, 350044535, 1796748251, 2656768690, 850167662, 371107931, 1830877530, 1067026210, 1391118347, 2215091991, 217374588, 3845995854, 448761795, 1341055540, 2274648379, 2966598596, 2293092412, 3950259148, 4580376, 3054414105, 1864396772, 4289990388, 1615968167, 3135894714, 2617636427, 3992907329, 3819556595, 2162234625, 2103545192, 4207689782, 4022109389, 39704697, 2688021140, 561679167, 101346748, 1278236891, 1144304606, 454969378, 1530437735, 2874280937, 613058100, 1691332562, 1585557222, 4286274704, 2688706512, 1013725314, 2973758314, 2793986639, 1262603448, 1201527844, 392308638, 372991251, 3812739162, 1105110642, 685225734, 1574001212, 1497596152, 257978434, 1575608187, 2669773625, 2788493087, 294572303, 3142331524, 3015335295, 2954857872, 4220458086, 386919106, 3811396422, 1879634357, 1657957111, 3707740539, 722086945, 3059382622, 1223253198, 2205244826, 2652191166, 145981777, 472065902, 1902942178, 547769601, 2938952242, 561362069, 1460872898, 714811094, 3748002410, 3708556271, 3679226404, 2953757218, 4038475375, 2897305907, 248561868, 1155110688, 3348035102, 3023011165, 1971865708, 1869465867, 2451989133, 3640208054, 1827056012, 3984687241, 3844694600, 2631075010, 1788072871, 3447144008, 3785243846, 3703912517, 3092546133, 2834200333, 1114906796, 4276590489, 1526253827, 3540312546, 4115232088, 1505263995, 1727292709, 2085208893, 3270083231, 3301916615, 600557061, 491867463, 3252383930, 3560918205, 3186946977, 3511828258, 35883376, 2562539688, 3266623177, 2691397854, 2421623342, 3082660538, 3730373888, 1847874522, 775499989, 3450491653, 1795451923, 4207181187, 3369196812, 857640183, 2471581022, 1476697240, 3778813655, 3147715659, 517116412, 2594140349, 2510954911, 494893046, 667755933, 2873971123, 3854551314, 4016932659, 1599668077, 1010269807, 109700189, 2687380019, 2801474779, 141195694, 1175597218, 1099419982, 3484084645, 3435892465, 2486246994, 1908420727, 212972555, 1741292041, 2362609572, 3476250754, 3539897936, 2942823389, 273121884, 4028218617, 904693761, 4112581401, 240125312, 1283756474, 3715730968, 3522200984, 1336653688, 616557269, 911571028, 3805129298, 3716082164, 3637771060, 230938525, 1556731682, 1658146966, 3874629063, 3574831618, 3734844332, 3427483900, 3423129797, 88856790, 1715596523, 2842309179, 4056713102, 2019063478, 1585823059, 1033289641, 3909484741, 2580784965, 2601571576, 1739557004, 630907420, 462649900, 4180991448, 1877426740, 1316891631, 2979531952, 3538618498, 2969151431, 358500424, 2745739825, 3849894801, 1258851529, 3268356415, 1951015122, 250955183, 2897533427, 1708657314, 1849529929, 1645153911, 1766025525, 4181318021, 935484127, 64140456, 2541851464, 2962135266, 1141119499, 3162173226, 1892095920, 3878981430, 3480982259, 3016461613, 3342294400, 2425004629, 870211263, 3629288027, 801937924, 87816977, 2512450553, 477559192, 1384740113, 2260424709, 861854889, 2694338736, 1977922762, 533132047, 2528052317, 1889199101, 374233294, 927774601, 163811253, 3278047015, 2689956913, 610564693, 2459368056, 536943402, 1791069046, 2361010942, 1132678514, 3056932340, 2983046969, 1248080387, 2126487033, 2933059295, 2218432136, 1879967516, 3704473996, 1215898511, 3759919056, 1691015722, 3039232945, 863655355, 1553375131, 896173704, 723104557, 3450490347, 2868702976, 1158122518, 1081223572, 1469755771, 678698420, 2131783903, 2865267639, 2254583704, 1958587830, 3923361110, 1923969634, 1894721145, 8506721, 3725288908, 3965864642, 2513242300, 3378338599, 2905992927, 2614757987, 1692875181, 754303268, 2693086887, 3507458017, 2161110257, 1194482798, 349454855, 1794561464, 3814738500, 4037638248, 2695083496, 891410722, 1821255477, 1715440362, 2684672158, 413814283, 2352819137, 1648205832, 3278368449, 2161525367, 2994684868, 4160597775, 2833081279, 474462493, 1807523328, 2145925755, 3420713235, 533451696, 2647099427, 3647127862, 353724359, 990954968, 2347252632, 50025429, 14047178, 548998385, 2727756772, 216092985, 1074416413, 2035133381, 3118132546, 2737297859, 2887373053, 584758387, 319649138, 2705788939, 1228280952, 2821966070, 2761079655, 342272887, 1827202873, 2464579784, 1830834841, 1741199659, 3405768442, 317287962, 3674829323, 3556518187, 3449153933, 237619494, 1017916082, 2319051411, 626706031, 1630503890, 4087403367, 3653439675, 773649039, 1137542767, 154544894, 3763519072, 1147096720, 787859965, 2198357244, 2160936551, 3282352670, 1225689441, 1831938395, 3868755234, 1648309648, 4135086145, 2973905655, 3471732964, 950838000, 1160709880, 4081295308, 2292507222, 740790499, 1471783133, 3495037378, 962290439, 2077609463, 2231160923, 3877912138, 2863462232, 3270804386, 792762755, 3068149011, 926099957, 92136953, 2171751002, 2713526462, 1465556159, 2411985445, 291849390, 1104980495, 2103530801, 1780247002, 2110967065, 3051038857, 667734624, 1686889329, 263577218, 3695997995, 2286889361, 3572127524, 853906580, 3850574001, 3159405403, 365874108, 2685760437, 460348174, 1169404039, 1052377355, 2705157862, 3327717896, 2383721363, 3076557753, 2169906025, 1900912108, 2455982593, 4231913841, 3034790151, 1122346035, 2051573426, 4213384993, 3364792569, 869213271, 712311486, 369155264, 399076734, 1285052555, 3985462057, 24001677, 1919322941, 837681957, 3648618325, 1970157345, 4046280656, 1513380431, 2145600682, 136813975, 511538286, 944464429, 4028996963, 1992970922, 1625548089, 4277478411, 3440777159, 2123784574, 3961512459, 2981190385, 2303642930, 274319962, 2543557468, 4274817354, 1299443804, 1698127464, 2688842317, 1150548215, 4272476282, 1918755064, 1677687014, 542035202, 2395980169, 1866884039, 1503781954, 1704480624, 3899512588, 3037608383, 2605078738, 1630565304, 3132826023, 1914757173, 1239684362, 204357527, 2312874737, 454785120, 3845329470, 2991268340, 1480941112, 1697367124, 1163738716, 2821360902, 1284968241, 3527147121, 1247538182, 3586993273, 1200492606, 977923348, 983251755, 2122718546, 543839319, 2316241137, 2882825456, 3998663152, 2117633882, 3640079552, 2537765588, 611641771, 233326551, 486489531, 547224407, 893837019, 3237223136, 1037461622, 4109030357, 124152199, 3059242186, 2317512931, 1208061278, 1371045350, 2264000825, 3774934169, 1091071212, 2616542854, 3705672775, 389372356, 724763135, 1531378836, 2107958760, 2945024742, 4172341778, 1777934806, 925520857, 2764600506, 3590021806, 288093599, 3960691707, 615817239, 2475965234, 533105209, 596396499, 1818948085, 204115440, 2287661576, 2392090687, 2879647405, 2380190785, 716666105, 1185725803, 32753660, 423445831, 2171682138, 1805354264, 3759096545, 402438383, 744679119, 1191456162, 3486573011, 3427518270, 1996141017, 1206431815, 4189591703, 2074282254, 1234102985, 3708744567, 1843732097, 3900627173, 1136255953, 1543911744, 2770762962, 3439360017, 476742764, 3005936127, 3919627709, 4165918345, 2465940850, 3963385692, 3568241870, 3129076393, 935942408, 1094413885, 2302271620, 3591276531, 2381468773, 313868757, 1689209695, 1430568327, 225), None)
Loaded weights: 16.28142186337539, -48.43629272164017, -0.16564436444686387, -0.7513896995691507, -3.044053978278007
events: 
  ----
(3, (380832013, 530907552, 2252815731, 166894133, 1188450732, 1196350872, 1655541556, 2543650059, 353125476, 227437686, 2795482306, 526286722, 1790897119, 1026958693, 3312390347, 717570049, 1955329855, 743237326, 3932323680, 1088678011, 1607885591, 1944274580, 3421704750, 2623876174, 146551142, 1206244450, 3537185170, 2467973104, 3343229113, 3650194727, 924396654, 736657484, 222399878, 458994789, 2107407239, 1101480288, 862042362, 1551330384, 4242351146, 2253630929, 680875311, 665824571, 3863980863, 786899853, 564799098, 3342370951, 1541757080, 3768426341, 3031970366, 1930442629, 136146974, 1154854597, 1344689417, 1600765054, 3070289244, 3582857668, 3389801246, 1986710809, 2348648073, 2740298449, 2299661326, 2982986775, 3696835165, 1344443553, 1741818554, 1720289488, 579155910, 1755861242, 851836207, 2582033721, 4036114626, 599587243, 3576675471, 1590508611, 1051653464, 3518331330, 1877846963, 166674978, 2851154876, 3692727832, 2465333343, 2145090966, 1895104383, 2687071244, 169323405, 912374779, 2352381146, 2314397567, 3843970142, 2944689096, 2063883776, 2799238405, 545399183, 2399400248, 2394546340, 202630841, 1471877851, 3415164262, 3159628387, 359110968, 2883522248, 2062727981, 294021458, 4017689589, 4162508108, 2249535534, 3984823377, 3393796144, 4053477156, 770845104, 1523656975, 928060671, 2460178169, 3265517700, 1504659397, 2046218456, 623725568, 4114580449, 1442497018, 1176206835, 2835466612, 1689537938, 1430061522, 2076498298, 2753556993, 2969813339, 389473398, 1968462244, 651473434, 382660864, 1966839777, 415554847, 1725315749, 4287853710, 1091750631, 418693202, 44443448, 2832774490, 1696142104, 2282559618, 4197966506, 3313622751, 754646971, 4222775506, 4192833563, 1549381015, 240528247, 1386956047, 3388715573, 1459757479, 4066022395, 3618191488, 1394396714, 1431877903, 1489530824, 2553842889, 2088695573, 4168386879, 502198265, 1973616694, 865729991, 2994302370, 151858094, 863043232, 2937063119, 1640731890, 1941076444, 1429039319, 2777809995, 3516470578, 4165148165, 2438161468, 779107679, 1685094612, 84700305, 1553249221, 1413873410, 841759428, 3504979780, 339290578, 301426342, 608294930, 1137466598, 1457295618, 3682540148, 291597905, 3981119157, 1169554804, 3658901176, 1332927595, 2012517414, 36421988, 3507378912, 2622544835, 1433144645, 2955704598, 2769054563, 45538901, 380711264, 4018852513, 2367070121, 992949019, 2593348042, 3670601166, 3381787304, 1856087940, 645404668, 2261428365, 3224665251, 2331145687, 927129326, 422920714, 1285133622, 2508745615, 3345036619, 3637528101, 449614259, 2115087921, 2330933027, 3839671139, 862096498, 2231073095, 3281902272, 1097262800, 1335366882, 25707192, 2837896974, 247909767, 3304601371, 2838590969, 2763044335, 2977580641, 3624285229, 170866616, 4011197035, 2155745465, 741659318, 1838494948, 3597847767, 2820412932, 1624238751, 21547014, 609066849, 1556820687, 2782586309, 1152847655, 3406191347, 3335774003, 4168486949, 3288304228, 1912141376, 2760832682, 4048987716, 2709334834, 3479002545, 3627769296, 832902025, 871580764, 3738326361, 2107452413, 3873457651, 1345412835, 3841881205, 2761345624, 2677981808, 647654547, 2562225440, 1303064261, 1960383669, 2765976000, 1201216551, 1548626583, 1007020721, 404414467, 3228162571, 2375995489, 3934998887, 1033207342, 4055605797, 1199648392, 1525867541, 630898073, 524202241, 1165446838, 3474818035, 3071488730, 3326096986, 1061369644, 3957871816, 399517042, 28752048, 4048627320, 1760401216, 3709871846, 2004346153, 2403806317, 4225062165, 440226658, 1979101735, 238898652, 558275452, 3440700386, 3916763251, 793374882, 179147106, 2778427596, 2557578708, 365875428, 518138568, 1678232918, 1206787538, 3840434611, 985532501, 90853961, 619356163, 494244401, 2713498136, 3817848663, 2427629757, 2624895145, 3850752678, 826399142, 475908400, 2892554523, 1030753099, 3326641204, 2535183169, 2285705230, 3238182740, 3225647534, 4141777020, 3093673865, 479863183, 1747837666, 1874831933, 1111359472, 2882087364, 3033631597, 162982387, 2837936436, 1105181196, 1257947003, 3807680447, 905733132, 3334485882, 3611504525, 1868410433, 1542730997, 2356745076, 3277335251, 3717640584, 857495326, 908694369, 1368672509, 3419187647, 2100786988, 3770701495, 708757392, 3082450325, 858740949, 4197325690, 1638343003, 3517746951, 3010137192, 3597092082, 4211364155, 2997711597, 2776672706, 231394955, 769842534, 819999339, 2288783640, 2963635193, 1775362913, 1548101661, 1693329683, 398801841, 1785052258, 2313349427, 2524600451, 1401253244, 4287312559, 1962872765, 1408583352, 3088760990, 2221832228, 779265669, 2552723620, 4284698866, 2546358793, 3420723135, 4184956270, 1129068477, 587636762, 2344812260, 1331017102, 2789848835, 474655633, 1076897127, 200573146, 3501904533, 4192215439, 194923039, 1330115957, 2216122600, 400423715, 3557823572, 3827192454, 38546725, 4184262968, 3154961924, 2856260246, 884420916, 878575481, 2626189153, 3886092218, 553322115, 3136628448, 2007627424, 3554857097, 4057339377, 3229486749, 2074213168, 3669171219, 1516319048, 931522297, 2671366800, 2759386726, 883880023, 397067042, 2168108440, 4034431576, 3939349676, 4105042663, 1330234033, 1729371660, 2725263347, 252364591, 421381547, 2882812355, 2699213316, 4281746218, 2453267536, 1481544212, 664150718, 1259099029, 256457979, 2167212265, 1448657851, 3424247381, 860274002, 835078534, 3669554656, 4000202381, 102895026, 2515501049, 2701391639, 1797115051, 2254569696, 527020123, 14344934, 3412212561, 553535125, 3821842816, 327510902, 1536517276, 840474885, 2701367599, 3691825209, 3909873827, 3760193991, 2417332807, 2190970441, 4223712354, 89609736, 2240744140, 2457307117, 2202422417, 2160775602, 508896371, 2586259029, 4222100741, 2246419955, 1806143492, 3084989153, 1598339545, 1145485301, 3867204958, 188947129, 2632293036, 2703672371, 3245230383, 2876664470, 929414636, 4177079518, 1422003192, 764534227, 1814101701, 3040109649, 69383546, 855806761, 2228603077, 1172438483, 204955123, 1524410850, 1717817195, 2340756677, 453554489, 1704040326, 403923542, 3138803277, 938533932, 1206927088, 2636716055, 3508620683, 264616924, 2812414744, 2575184470, 3904161438, 1896289236, 2791150250, 402233532, 937035014, 3902377119, 1788653105, 2455360811, 169760238, 3204357352, 3921073108, 453487261, 3650352976, 4041099702, 1563692154, 3709128540, 2245720631, 1402442604, 1687257656, 1130023169, 2195682828, 2759258015, 1645693667, 2827976282, 246865172, 272937700, 1681973168, 493470525, 3486363815, 3473044532, 2141209767, 896105524, 1637390775, 3876947200, 1882057954, 451536764, 660484548, 3798508021, 624808282, 1938555475, 2332085274, 8039640, 4067771335, 3757396730, 4137818278, 2105541126, 3734764023, 3023019800, 916952057, 1282259496, 114611117, 3230873471, 968852579, 1372856061, 723842475, 2312416087, 1663705698, 1407906045, 2258249668, 2533388216, 1577459542, 1107410126, 1876180615, 1721824549, 3151287023, 1999562120, 132994123, 145114864, 1443271369, 3420327671, 279940693, 406032386, 4086101641, 1381013468, 258793767, 3961881468, 609501983, 3832000164, 3609039260, 3058052783, 991188829, 1313460309, 1000229232, 699514932, 194162820, 90679005, 4273906650, 354418232, 1520205219, 1131624457, 4133439024, 3181929215, 1060233301, 2167038228, 3853519043, 3355819501, 4102305535, 4052386073, 3368956496, 4006331516, 1277587063, 4135692473, 3586276105, 1112793083, 2808778695, 874021722, 14), None)
Loaded weights: 15.940522643758607, -50.542862497946274, -0.16564436444686387, -0.7513896995691507, -2.5343990255760245
events: 
  ----
(3, (2896296450, 2316661130, 3779252957, 608795925, 3733515476, 3175166685, 934058384, 3578101683, 3247671689, 1279062979, 387900793, 3629646, 1464175907, 2599905780, 2015704175, 3738825718, 2376582769, 2669370946, 3195430543, 558082748, 66467138, 3531604947, 3722857240, 3598101084, 2119204571, 106481084, 3959154505, 2495091829, 3253842295, 1444636432, 1345777164, 1492422880, 1530629391, 2244599560, 24501376, 2508052620, 630904466, 543111721, 3829020835, 268580570, 2172396704, 17892552, 735874276, 1604081741, 1903125784, 914237207, 2906032305, 1113820017, 3861777408, 4048697550, 3511277757, 1305885129, 1121358331, 3371598874, 1538120766, 3938673387, 3074616278, 1534501840, 2391725908, 1408349276, 4292400610, 2022837887, 1667878852, 2453533021, 3956800051, 3580385943, 3664358742, 1167937316, 4162669192, 542835851, 1505635001, 3853285409, 3164504254, 3364825415, 1413132586, 3207676941, 2180494435, 1693291259, 1921845863, 264064261, 1397543385, 3611868687, 3288903461, 4139713889, 968269959, 2711189912, 1865886461, 2156962763, 1057591189, 2654385585, 2365627433, 4004519582, 3146548449, 1122763841, 2049237154, 2823690343, 278273496, 2445498804, 596081424, 184531985, 1186890462, 143869586, 3382244297, 2712647188, 2492702855, 984212253, 2174856824, 739243063, 3258599169, 4219799831, 1191113422, 3022829177, 1078432858, 1224182218, 2619648055, 1714240575, 1599162670, 946461544, 3486547484, 535357254, 322242824, 2387326663, 304312213, 3298196264, 506705131, 4226505346, 86070638, 1282940425, 1648526297, 3334201073, 2659065669, 1886866478, 1472007744, 3383089280, 3309180600, 3082729748, 3663171280, 3024955695, 509538271, 1773306634, 3976506422, 2005714203, 3708872463, 2302680326, 2435749033, 4184197639, 98820517, 396502754, 3706852144, 1635131838, 1782755304, 3602706603, 3641164385, 3024317670, 2473346747, 3845625143, 4011179738, 2648979432, 514495852, 3619654168, 3733225712, 2303672687, 301040306, 1538447868, 2447254257, 2818049, 789439807, 2942410600, 1238451265, 2148133051, 1412604699, 3881214338, 418134342, 1386638746, 2801938408, 2564382937, 3883389567, 1284470873, 2004015437, 1404651185, 2953723644, 307691396, 225516657, 676521820, 3536002418, 1093688054, 1280769691, 4128694044, 3242940145, 3631200502, 2300926456, 556674730, 1001684957, 636858152, 2611471633, 2531052878, 3838536363, 1894036480, 3211970168, 4291587427, 17458090, 3987354338, 1549213398, 699880563, 4256603150, 1236068916, 2457914969, 290963652, 1844342066, 884818163, 1765155436, 1844600337, 3188734299, 2536441050, 1014311751, 1190393207, 2648201734, 3994795777, 1404389670, 3735484487, 3714168396, 3574881628, 1701795373, 2900599932, 3102658578, 4146164643, 2683940775, 3103448656, 3607304798, 711459241, 1210329834, 3405684873, 1474607469, 41026542, 1476419311, 4079526606, 2393953058, 3051630110, 2921746520, 313546732, 3247281854, 502778251, 2019149524, 1461117346, 658173070, 720717273, 1102303610, 1503762005, 2381184740, 3209585762, 2501278770, 2351742117, 3371465935, 3790241126, 2422027215, 3988554070, 1001247155, 1684834193, 3965737451, 4158652290, 3835224723, 796819365, 4148146376, 480168223, 2324428003, 918011516, 430865761, 1757219718, 2329444352, 462630967, 1685465090, 1910288009, 2867092518, 4229893368, 2726161774, 2141658274, 2322534814, 11480777, 1147918494, 3347646849, 1110525783, 988768155, 3289675024, 663732789, 3130478801, 1645383116, 2351819948, 2199274568, 157358373, 1504284917, 4201973000, 1568980048, 996511075, 4126177138, 2656996445, 652257634, 2694359760, 2229621725, 1564867605, 2612794728, 1841200080, 1983029006, 2901087198, 2692864473, 3734150382, 3063556717, 1013769127, 3904843879, 2527129796, 3174783919, 1313522989, 4182202553, 2804668437, 866342078, 3989996638, 2479536038, 2077518711, 1592522848, 423764615, 1467797959, 1984939497, 1051001810, 3603875541, 1859869922, 1644572955, 1671354415, 473353318, 3241227848, 4185033760, 3588417984, 1977365572, 1724116518, 782232426, 2617845689, 1014450446, 770577321, 256680952, 2801940824, 4159879623, 1590550381, 2517780874, 3430967916, 3402769159, 2634468507, 2489713763, 3210042273, 3878286608, 2347151711, 3534579683, 1632346709, 910079514, 1928101094, 683801905, 4218597377, 1878971303, 1714378744, 897827540, 3175398829, 4169875638, 3821370308, 272381716, 1323720916, 2266912337, 851735374, 2625697994, 1126971480, 915486959, 1328032626, 4155112450, 209488572, 1836540460, 4166869459, 2721050430, 3788592949, 4203308685, 3701455517, 2700268377, 3426753167, 3231845744, 3725747100, 893511235, 555991242, 1532300741, 3496724563, 1615620706, 1968773590, 290684818, 3387555171, 1022079430, 1463908022, 1333342589, 1685187291, 807792183, 1655750641, 2276366988, 945335257, 2577144130, 2163676126, 3138348424, 2042870432, 327092062, 1036677010, 1850403150, 2047855336, 3647054504, 422191241, 2826359009, 70329600, 975561657, 3769470344, 1708713578, 1199338860, 41224343, 142788502, 283117236, 1412009371, 227941597, 3714606207, 1097445893, 561118856, 1850799431, 4026869925, 3672006311, 1954720538, 3918385093, 3269154959, 723127633, 1363383253, 1525718437, 1090247288, 2481574647, 1690957340, 1468828377, 810827224, 517614727, 1666251956, 1066072477, 2943854462, 3684703435, 1694373106, 3766872509, 29548882, 4178378696, 1495111461, 3095200987, 3206154466, 457206684, 3715502601, 3374325900, 936860640, 1053168721, 466085549, 3043565090, 813400623, 89776861, 3862965245, 4282315139, 2192397312, 1416538855, 2331338414, 110198495, 2605745356, 2030953302, 2343568334, 2232867178, 3308882190, 2004353097, 2291437832, 1250320887, 91947312, 3067051053, 1629694487, 1925619775, 2040830167, 3105568564, 308425919, 4003933762, 1180824969, 2307765895, 4129229389, 3060334370, 442341219, 3718268279, 1839438132, 3484650370, 3483975418, 181685814, 3546738857, 1455958656, 1531398370, 3399538997, 3740743043, 2534285094, 2385104869, 3252979365, 3644528513, 200468167, 4035013791, 2628938944, 216137, 571115486, 3847479402, 3871506963, 583838840, 2443039234, 1772405570, 1924225023, 2065421977, 2565740058, 3530169572, 2444950996, 697990391, 221988249, 967736021, 4225338980, 123882381, 1926854903, 4047335561, 4100079561, 3502381762, 1116939535, 3864494911, 3256462159, 1799065125, 1360266675, 2934301181, 158332154, 877044661, 3241534940, 1371780062, 3283849026, 1554574910, 336150981, 2991418348, 445405318, 2890228252, 1623003402, 3861600508, 1600781261, 3900498455, 665702530, 1305914733, 1494203722, 1305184967, 990222535, 28851406, 540631093, 3560075074, 4128117307, 3723495774, 3581603329, 1933056767, 1060636799, 3492089326, 1987511764, 3740455684, 616147647, 1000359806, 3524819901, 1211762948, 1313246515, 1052767299, 3374661474, 3007650672, 3490750864, 2728358608, 113869650, 1516535756, 3073088382, 3269076118, 3145509954, 3706732218, 3634965373, 488391457, 3704776100, 1563599267, 3597714619, 3696109608, 252893035, 1107300125, 995449915, 426169242, 3163214236, 2792349771, 3686133146, 450267423, 2666363695, 1433281698, 787380606, 23780169, 724061121, 2488730776, 3196134129, 688102585, 3149634131, 1180380520, 3576149097, 2649408000, 3713037787, 824832047, 1355543211, 4216307652, 420648740, 3832143145, 3928081882, 2386502132, 900056056, 861400382, 238059253, 2682409674, 754820371, 2940999117, 60403270, 1895140744, 1125864066, 3063609124, 3103850434, 2852003684, 69278614, 2536565091, 2503318076, 2860016763, 4264151856, 3486311491, 563), None)
Loaded weights: 14.953197016304783, -52.51847337225202, -0.16564436444686387, -0.7513896995691507, -3.4254038025521307
events: me found the exit, 
  ----
(3, (3321735963, 1386658873, 3002053877, 1010528564, 4200744483, 899458438, 3383084526, 547411635, 3862751671, 988877442, 69899303, 2291111415, 3990239602, 2160249986, 1745915031, 3719191408, 1192192183, 3604186412, 76044485, 208471676, 1830868297, 798660489, 1246407590, 2289072885, 4079569531, 1982537180, 2815824383, 276670369, 2849434375, 50428503, 2100943781, 3999656957, 1109341692, 3545447607, 1853299290, 88203664, 3111325715, 3050274825, 726788057, 1060432845, 4026475802, 3461241529, 3526920203, 3627178801, 2213888518, 1990134607, 2703548994, 2338980571, 3350402181, 3941349149, 580238898, 1900271790, 330045933, 1393621582, 3081692935, 4006112201, 1572918215, 35555703, 2411262419, 3235027826, 1743578080, 1708805381, 451096287, 3933352729, 1760303448, 339293693, 3917390940, 3105389614, 203209620, 3266291146, 592059847, 348725672, 4164166988, 3704759480, 3887282382, 2872429265, 2463818101, 425001688, 2360615650, 1577711217, 4107082321, 1921077706, 340277282, 1941643198, 177286063, 859005142, 4108548110, 155188375, 1505416445, 3579621629, 2755592166, 2449922095, 2738485789, 4155681124, 1406699887, 3745845706, 2261279551, 2418490157, 1162639702, 682469288, 4106801110, 561423867, 1356109635, 4048283458, 554672443, 3859961135, 3989038780, 696795485, 2372859670, 298725016, 4161092986, 4174240823, 4128364545, 111155472, 3280228919, 580116750, 630888289, 3694244202, 1217804334, 2068053107, 1863326517, 612055260, 4069074774, 2491568037, 3684839038, 2156462584, 3557765630, 4181587072, 347127386, 3747105671, 1283261858, 3941294844, 1964072862, 2703524894, 125285044, 2032305837, 1902333860, 3433799606, 2560369561, 1446987537, 82152110, 3907598485, 2900159636, 4130482697, 2825713841, 2197224775, 1176148406, 360485215, 1896033297, 353908673, 1717872584, 59065300, 2278670125, 96763267, 2561368251, 1219680018, 2664896026, 958549858, 4113372680, 1274800839, 3859765014, 2598419172, 1709401594, 3751881876, 3886204060, 1202421026, 2767574212, 770749295, 999503442, 4124598784, 1775185677, 4217210845, 3951628891, 2835200950, 160710153, 840594077, 3797110738, 2120464861, 3991319076, 3463961541, 2506446826, 2426595724, 1445559475, 305451650, 2046754529, 61414926, 2640613317, 572061245, 1994478948, 3665811411, 100217847, 2856121935, 328207581, 3220375958, 3745079871, 1441539963, 1366410937, 2751658351, 2696260358, 2510456252, 2873088881, 3011246768, 3170560713, 1846590636, 2677656286, 2304393431, 2898410827, 3705074499, 224997714, 20894414, 2628154089, 2284900999, 3564490919, 3956244591, 356343721, 225805125, 2666586839, 717354513, 12663768, 3618645220, 3279172042, 4020109407, 2168535901, 3376607797, 1222667637, 685616188, 2477886315, 2927371828, 2660895794, 2533204352, 2152501679, 144222794, 883270769, 2091735622, 422873044, 2707718182, 1610810765, 1396292619, 3252141569, 3440439853, 1462868120, 1413246973, 4129631137, 1418862320, 1520539423, 609333368, 3115679113, 1809197627, 1883088312, 12686783, 1466864760, 240895171, 115221359, 1995454663, 1722017546, 1829286657, 2822736192, 3523299215, 2508854332, 2841375850, 501527482, 1441317438, 3523622336, 624843453, 4002701111, 3197004214, 191524366, 3935528218, 445608573, 3758332938, 2043985066, 2525457429, 143691059, 4028241141, 4105800842, 3263470666, 867373222, 10506877, 3415207089, 3954969241, 3614439772, 2510609807, 604453388, 3649293168, 1930940305, 2309883781, 2170141014, 3126124461, 3490067872, 668576859, 2226154801, 3965087542, 784404036, 1062818477, 3932694687, 475066108, 433437947, 3571471122, 420948764, 2397771940, 3888868159, 4056330529, 1652397794, 4254314242, 3675301681, 1267393518, 4083080861, 3214762547, 3038006466, 3932547691, 3591373629, 3222042490, 1793247881, 3255450145, 1088071492, 3176681881, 4197010637, 832003706, 548405267, 18262070, 3907004557, 3786889946, 2821242811, 784583533, 954263525, 1264000869, 137706636, 2289142214, 1267192091, 708480353, 3257536593, 910185614, 1897821740, 3019391547, 2792880214, 2328405738, 38744628, 452251974, 245597022, 4246273220, 1625304102, 1072034667, 4112005020, 4137756047, 445885541, 990036646, 2813858819, 2672695323, 3453376809, 3918953563, 2918478294, 1456103481, 607709479, 989391090, 3391774588, 242310960, 1492297102, 809018873, 2601115422, 1024410644, 2253894772, 2649762115, 541114122, 2133013441, 2906489754, 450629425, 1907053224, 1060205743, 2933358027, 2590465410, 1393830463, 4185591598, 1796662786, 2723584559, 3795582158, 3094541666, 3929049689, 104178032, 1821143578, 1148845267, 357932518, 738809478, 4186932196, 4008780587, 59687817, 4253329857, 4127696041, 3095039989, 2973761983, 3679931803, 1955686694, 1723368280, 4026241541, 2804062594, 3906229852, 928856819, 3047418863, 877174217, 2277268109, 3795227124, 3055062143, 1051806382, 253597673, 3471023750, 2885556550, 1624599179, 2356103493, 293541609, 2700357448, 616894342, 831186996, 3788294773, 132677061, 2501151903, 2432991279, 3911379925, 1841517875, 4232403498, 3129215243, 3182479009, 519646491, 727645619, 799896310, 4240413060, 1550312951, 1815092593, 604765321, 525280636, 2466649996, 738636653, 477382562, 760692589, 2440060475, 984062935, 3984493849, 2342845763, 377815409, 1753140307, 4199536894, 2101318822, 2871980230, 700129357, 4176738312, 466014309, 1967977056, 1298206230, 1610849599, 2816745868, 3027611055, 120226218, 1571402172, 1381294692, 3924352500, 135645914, 72647445, 2014168108, 3618311040, 1936946179, 232921373, 4008029121, 1896159264, 1706194559, 2763817409, 579365176, 832927884, 593694458, 3378166441, 2876905660, 1451356005, 1951016296, 3171629860, 4207572959, 2173390028, 2771969555, 3153035451, 1198404249, 4210679716, 3399548900, 3965514042, 1575640318, 2731951017, 3514529134, 467238811, 2414234753, 3050690802, 3504354087, 434126049, 1988142842, 2018207311, 1851713925, 3545067683, 2769506468, 1620197019, 4069563779, 520510981, 3330191809, 1095473818, 932022986, 1334737646, 429248220, 3266569408, 516980060, 2481113718, 998111655, 1953641436, 1809840017, 1329156362, 3675845201, 4237415421, 1826243814, 340149716, 3967999362, 208767536, 3166010980, 1626163892, 1885485316, 2253366464, 1737081354, 2218222167, 3598724124, 2507809773, 309087719, 4039481649, 2824277757, 1520046899, 1570820449, 230750625, 3344013777, 2569496782, 1134580035, 2479347741, 1209841420, 1387025944, 3189306078, 2847920957, 3310011463, 3648013845, 548163076, 1832564398, 959718088, 2112478280, 1818065377, 45425701, 2124623985, 827015197, 2846097622, 722444183, 183472463, 2404343413, 1537046628, 3461838541, 3195294469, 1665505682, 1930346086, 2802376772, 2161357979, 938127070, 1915657552, 1381847052, 3476389994, 900663493, 2196072423, 3546950482, 1783063292, 1270573102, 1304904439, 3492463394, 2071323033, 1586028832, 2829476285, 2564373202, 4023355652, 3968095209, 2312185553, 1759508501, 2145815467, 2276550735, 1937091260, 4005746536, 2694510565, 910917951, 3564058546, 3293454282, 891835203, 3831189929, 225956438, 1471698501, 2434828491, 72217656, 2900109877, 1963504013, 1802871357, 3612701106, 4118687582, 1545396763, 491525920, 3566353538, 2763300877, 954681318, 3665538952, 2683389389, 2930947932, 323922729, 2669701300, 1093284234, 912167910, 1574046284, 2336559683, 603488227, 922345906, 1616877842, 1111626922, 3321786117, 3616148968, 2738353255, 3988815454, 2410168873, 914482413, 4096280374, 2774621979, 1796610912, 2545988548, 3384014861, 1314229949, 270), None)
Loaded weights: 21.243403141834783, -52.51847337225202, -0.16564436444686387, -0.7513896995691507, 4.248610300430849
events: 
  ----
(3, (115644197, 3712615583, 4005852545, 2977172663, 3836461361, 4177631683, 987965666, 2845332856, 2354785264, 2208595624, 3646546169, 2783369745, 2667636206, 3302479948, 3908844279, 104860092, 1233282563, 2620439172, 931419266, 1378234931, 3601619205, 1126020228, 3278611471, 4262885178, 2650463567, 2541134697, 948306328, 1610756450, 2640300967, 3591435178, 2374930474, 3888256287, 1340508055, 2439895238, 1909439363, 618139105, 2535141516, 3722410848, 4097213208, 1821834745, 778023346, 860510483, 602108164, 2196380837, 212987288, 2110813800, 4286737326, 1281395964, 934654847, 1800019000, 1226947286, 3763135499, 1504147312, 2018537287, 4166650180, 358643541, 1442970044, 1650615056, 1967577104, 3925846679, 475126092, 674569980, 1872944747, 2611192613, 1258632262, 1676312071, 2229400502, 3161479871, 231286054, 1242492385, 1905365202, 1513442284, 935987413, 3043274589, 2841285699, 210970182, 3030225645, 3901810369, 3463874812, 4003456405, 4233811088, 1338680581, 152990958, 3407636964, 4198016808, 2389472111, 2960518931, 996912844, 1453553761, 4199557712, 3170450855, 2065202972, 3877929304, 2580775141, 1404025425, 3104188678, 4234711035, 1211445723, 3193987339, 3491604133, 539896495, 3555109500, 1839432621, 3894897334, 2511306615, 1193858547, 1916983005, 133759226, 1333025684, 2007117633, 3835966024, 2408840221, 782544274, 2168267061, 2612376918, 2529987003, 3411188653, 2730582013, 2637674018, 2426030818, 4143110685, 292200485, 4182241574, 4061836225, 2508730008, 2845429661, 2544087637, 4140259176, 2281275430, 3933530827, 2339743796, 3592911041, 1325053829, 2530659619, 2217227220, 2615669213, 754582467, 157894676, 3530783413, 427934965, 900163129, 2358997676, 1714600143, 1579529865, 1865059570, 2390864135, 3673739163, 4279316388, 3922548343, 3088992603, 3339366109, 710438988, 1043950323, 1305966332, 1606297754, 1634918228, 1650228240, 1016042084, 2993820389, 3214256947, 4033660772, 2612434727, 1545542093, 224983658, 1050439187, 1172770163, 2846743135, 609318330, 2414006835, 2493634362, 1544587651, 1953556729, 3523589237, 2682696747, 3636155611, 4094413819, 2769881566, 742841454, 2900466219, 1998272921, 868791122, 79269160, 206381759, 675163231, 3308202183, 980927365, 3075656714, 3854265019, 3503452569, 370322570, 4142157502, 1800497594, 4157528085, 4146900345, 1766808695, 1242339440, 2897695700, 651939268, 3374608457, 1199168639, 920175962, 3122785207, 2004178782, 3000696380, 2874133318, 2910960293, 2708856896, 2754350532, 1010699136, 3830797383, 882372938, 2426224906, 1922927759, 562151597, 1902964645, 1628505752, 2179513478, 3944380699, 2111457358, 2915990219, 2164165952, 2820273302, 1966439964, 2615856053, 2629624852, 2674736978, 1078405523, 1622828881, 4022922284, 3321024715, 2196156914, 930061808, 4237367990, 2873546389, 448957774, 1184953734, 3645767457, 3449167333, 997210123, 835066353, 4065802541, 2053353780, 3663340495, 1706165332, 2840824316, 551043527, 3999382298, 3586706025, 1183200280, 1782784499, 1107865343, 3731222138, 2551882734, 125986146, 3914951599, 3834909417, 1925215828, 1205082966, 2397632261, 792416863, 186581691, 1583662645, 1331509189, 828341547, 1620462593, 1730651007, 3566297406, 2860150909, 153645769, 1605163660, 280812995, 671347806, 1665377697, 2297276610, 805542518, 4206227011, 982473110, 4095203331, 466539717, 1609638156, 3594855092, 2704996860, 3022025566, 1437468067, 1309034895, 3698440819, 4055193296, 3974546876, 2650795081, 2399567679, 2336280219, 5689717, 3556685575, 3625999018, 781431614, 1477096360, 2093245202, 2658015429, 1649562326, 1616293715, 266300174, 2663987671, 35284058, 28135980, 964330857, 1490471401, 2586500389, 544419887, 1154552885, 1716935264, 3646022059, 1877123294, 1315629931, 3014107699, 3788404876, 2251407017, 3988639522, 1037808314, 661124043, 2392692107, 588098459, 1776570120, 863445034, 98668997, 3122986797, 3253468610, 3513204472, 2153390479, 3748686009, 2628084752, 3993502903, 3881085698, 3437572050, 697457484, 2952662214, 1884588062, 1798412764, 4104833768, 963011580, 1000335151, 462817935, 1883974698, 3048925605, 3351314517, 2379135331, 990860374, 1287199530, 2662000026, 955474392, 1697389553, 1200359349, 1331668124, 1216287427, 4234068886, 3581533237, 1803844688, 2510588251, 1290349166, 3190529146, 3560199622, 2281980067, 2070081393, 3700297657, 3787280808, 1319991094, 4240064080, 2169553535, 2543608308, 4215578, 1611133795, 1056396487, 468141673, 3229985332, 630059385, 2483617961, 492202189, 2796277135, 3494318360, 4131282135, 1488847989, 2124548675, 2274984367, 450558770, 2793311088, 865688498, 3533597661, 3236860706, 56856010, 1340667553, 3213278337, 3011680992, 2933135412, 755621166, 2060387792, 3340819978, 4036386579, 1865146493, 2109686167, 723439034, 3743689818, 2806024692, 1021180325, 805885957, 666299215, 4198174148, 1001608956, 1655987574, 2375953563, 471562359, 3362578394, 798865179, 2082248491, 1814362016, 2920010525, 3471811368, 3387234467, 3819202529, 3209332285, 1509535212, 1767626735, 4035080555, 2618989009, 1319815417, 1679075316, 3516625065, 469612859, 3828631529, 1855221952, 848147055, 2712838244, 2206802473, 2121877418, 393421238, 1440703281, 3597265079, 3605631447, 3521922967, 599590868, 1851065673, 227794943, 2286795931, 853431435, 2830870976, 2199604166, 2626875437, 1126853963, 2038223646, 3086227465, 2467812246, 4087331032, 3225931301, 3523760145, 2655619371, 2195968718, 319706565, 3977413104, 942676854, 2135002871, 2565506873, 3974716467, 3863011362, 3241824054, 2150790611, 309595593, 1585686243, 3476577342, 1059878535, 2579845398, 3888051262, 880200740, 702592304, 3120225135, 1442573507, 3060880933, 2282893036, 1907723133, 1635002526, 1348751578, 12821781, 2048970477, 317982225, 3061271282, 1763839300, 4004292364, 2121955234, 594185342, 1567622763, 1601604119, 697876420, 1302125000, 2747000645, 2382300271, 108788777, 2827335993, 3339053003, 2812382078, 2835898208, 2223992594, 471667880, 1516529983, 1651665388, 1849404154, 1789476744, 3828418924, 2212978251, 1661349935, 3004164927, 2590920353, 4249589809, 2538107114, 1964874544, 1833909385, 1300073149, 4125566166, 499265660, 2296372897, 1647009425, 3993217058, 4225192973, 200619281, 1297907018, 1139372464, 2011953541, 2297049353, 2808956426, 2657994024, 3364577849, 2299061090, 2015857396, 2123631493, 2687928171, 2115922601, 1905628291, 2471038187, 529149349, 669103748, 2337827226, 3310444886, 3846361146, 16237991, 1700023978, 4048521824, 2407350486, 691116730, 2596176429, 891798304, 830193269, 4013219580, 3585511250, 1125635447, 498161984, 3455987357, 3080870170, 4239201260, 3571200455, 3480030504, 2033506222, 1659026035, 759715318, 185980005, 2677075158, 1030281285, 3297915200, 1750574995, 698757727, 616721611, 2030474714, 513298922, 1686850365, 2906614778, 1711237095, 1429864185, 1921818775, 3286741095, 3147487329, 1840761482, 3807855868, 1336993416, 4104033976, 1703588526, 1069057400, 3607698391, 1264827644, 270642817, 186078485, 2666201756, 803850891, 141373214, 1827075847, 1421242850, 3760713584, 2906551068, 3924826716, 1590870333, 3112917446, 809153055, 2432948713, 1220238699, 3713676593, 3844938960, 1806142945, 3101242761, 1083140810, 746675581, 3497929806, 604859571, 1514351972, 2573319759, 3735125505, 3907709601, 3870232417, 1231884574, 2520496019, 1575814267, 1175076702, 1671038636, 2552084703, 682948035, 1146742987, 1075257730, 239979756, 3259563685, 1206828590, 3041991472, 62), None)
Loaded weights: 19.551995586889884, -62.378674465765144, -0.16564436444686387, -0.7513896995691507, -3.2513896995691507
events: me was killed by stupid, 
  ----
(3, (1061307467, 1208670176, 1800401681, 3904384533, 4274674685, 466802574, 3056309506, 465907984, 3364483553, 1157025473, 622945399, 1236226727, 1016180648, 912208361, 1628373012, 615054539, 3775796011, 3438576882, 1942791946, 3933246521, 846761104, 4038387166, 1917578474, 857649115, 1514302620, 3325831017, 29191909, 4141489410, 1408861889, 218848819, 1143649630, 938361611, 3419867512, 476452230, 1408154224, 351203354, 3803235413, 3307610652, 3809796771, 1843874935, 1157246666, 1388818127, 871182963, 2855848395, 76698059, 3984992565, 4159361167, 3452806976, 2005519067, 563577614, 1180628852, 1358934055, 1936253316, 1071790221, 2675306186, 4064940048, 572142530, 2287542845, 2381841284, 1152888045, 384071850, 488201251, 3054678633, 552171022, 1245271311, 1050176247, 2412635038, 2615532880, 2343043862, 1829968652, 3779881079, 3160232739, 3951014852, 345433868, 1792600616, 520415143, 2221613385, 3119725900, 948713444, 569066413, 2129458031, 16465873, 409543409, 3286196485, 429476911, 1340473277, 2508931295, 564309769, 88609723, 2686133474, 351595583, 3517635977, 1780802598, 2905814278, 3385853191, 67117216, 4282187898, 820241576, 2731685421, 2256103594, 1907860535, 3135292927, 1197721158, 3542921889, 3685642573, 1037170854, 3650681585, 1310493417, 599130904, 252276363, 724321917, 545801288, 3825046302, 4217645412, 2499086031, 2566828448, 463083733, 3448013688, 1163835291, 4022214885, 3842626229, 297362658, 995519956, 2715076768, 2317243789, 1783749260, 46523311, 3613163110, 3767872900, 1760184860, 3212316957, 1121141872, 1033205353, 2677178932, 2132864611, 1923196721, 3956285370, 1058381509, 3970689249, 2574659140, 4029650446, 2713071636, 493997806, 1424415597, 4236101567, 2339731922, 1131252167, 3176032364, 3199995324, 2065515960, 1419964753, 2436854178, 377019505, 3785732641, 3099008592, 2220359156, 1070370975, 4084452911, 648796306, 956261507, 1131316353, 2740407652, 2248661795, 4049257637, 2951067997, 3586268420, 1700245636, 1253634923, 3766734224, 2351053248, 73739088, 1425145578, 204626377, 3510755812, 2929514876, 3216715960, 1810216861, 3649927444, 3000426683, 2177325841, 1045272601, 1904855538, 3443310099, 959635532, 3511957385, 1016749028, 3268527396, 3340367963, 629979556, 2124834385, 1110066292, 3766856744, 871285588, 3110674357, 86157928, 2208563741, 1872317943, 480651153, 1938966486, 967090899, 224414653, 1542097548, 4048440577, 1063429141, 2765961399, 2876822637, 2033052079, 459300594, 4264261391, 2201013508, 3381418314, 1648518458, 1927138305, 3469507327, 1822418582, 2204746173, 1818330116, 877836690, 2107185282, 537429176, 3699011925, 159494460, 2463836086, 700684218, 1454823909, 2336687779, 633074139, 2115195360, 1255491259, 1136627844, 897715139, 2491392699, 200162568, 441542923, 4002239034, 3419375412, 1702686683, 644782944, 3167103960, 537422497, 2171984177, 3528327200, 3786986832, 445168700, 2182578716, 3138379356, 2850454186, 766348549, 3696005003, 2575488758, 341331675, 939236856, 2924857030, 395755152, 2188048877, 3212352820, 2177896531, 3776917175, 1151504023, 2288303635, 1113305723, 4259052193, 2165643024, 3131578560, 2781342438, 689177448, 429146494, 1346155161, 88466038, 922229732, 678803258, 3972000812, 1317972069, 1963629964, 3983049019, 3128358294, 1357927438, 1863325430, 3408957026, 3899626567, 2549378674, 371557052, 550189707, 3768306483, 2105770759, 825221195, 1920908601, 4244010642, 2544120178, 207923206, 876777808, 479310697, 1523866793, 3732246103, 2560193677, 4161096380, 2555481619, 1034569673, 2720288328, 2401201348, 1132290748, 2554742160, 2497668749, 449456099, 1817983503, 434598117, 2629772547, 3117558976, 3357976531, 3215715566, 370590973, 3821660096, 1794613491, 946483826, 1614050433, 108955101, 2127194931, 3378847370, 1868078804, 3741636040, 1345290481, 1913528305, 143076669, 4089416806, 3185132527, 697138143, 4292925758, 577129582, 43779695, 3462922739, 3250444659, 2654850351, 3848120253, 480849222, 1758465344, 541840351, 1804983046, 102680132, 470383763, 3199702672, 1086807356, 3798504295, 2220770781, 1315762081, 462410617, 2189751297, 802437954, 3319736043, 3307499346, 4243581923, 1352427710, 2992839602, 1981253037, 1129529660, 3134967899, 2441605589, 2046151563, 2102157919, 1489308237, 1082340091, 1198127821, 3201841394, 3832329773, 4273242690, 344183220, 1836846957, 2791885540, 3593534175, 473209374, 3519352825, 3143596947, 2318977599, 3662069994, 2174444039, 1555222491, 210078538, 1282016289, 85389664, 2378007147, 513451921, 23988590, 2187399797, 2027982190, 1432880777, 370477337, 831648669, 2140687282, 1110772017, 658874695, 1575821809, 2166109064, 2118080120, 2533057950, 3267810198, 4083901471, 1522801270, 2660566339, 96003795, 1506645936, 2433206867, 2763866195, 4005640080, 337705993, 1639541503, 2964605267, 90971498, 813322704, 3558543670, 1512615587, 3118521409, 1279581520, 1238350476, 403163239, 3252350423, 845439827, 3713978787, 1631549894, 2827501572, 2145289981, 333970281, 1047274119, 1797505765, 5591794, 4056255907, 3818163637, 1432619225, 1700605536, 155109127, 2678529549, 2672622244, 3326990590, 734009052, 1260001544, 215151134, 1795008857, 186763558, 3417932705, 3228319358, 1840089470, 2013447933, 813451281, 987284805, 362620503, 1397359355, 1554725691, 1340517776, 79127155, 3065689331, 8407921, 1857639576, 1341005920, 54706706, 2349664987, 3472599625, 764768580, 683618018, 3495888463, 4228159465, 3589254049, 3754681612, 4057264437, 2506830298, 1951876531, 759765472, 4254628199, 3282472054, 73229040, 1538144986, 3637513558, 1673769822, 129853010, 553624074, 2647743249, 1619624542, 2137480208, 2558243631, 467981139, 265053664, 585165649, 4031234498, 3070571562, 1885053884, 3894159330, 2513652827, 2976546810, 1204450255, 4035601647, 360804568, 2575766530, 64606654, 3306874015, 1823858569, 290154397, 4183169800, 2160657483, 398532676, 398741519, 2729809643, 3205964907, 3268665607, 144077466, 1371823268, 2788085805, 901475444, 3652882840, 3139547735, 3999361012, 1012949626, 1113886731, 50882725, 774724852, 3690692977, 268840203, 77520620, 2274287525, 3876919996, 1122949793, 1926648304, 4224686483, 2394114601, 4148411137, 1920337370, 2778485950, 2555691612, 4041329600, 3755211395, 3980427291, 2587911190, 4260405865, 224562881, 3997151557, 3579713063, 2030723876, 568195685, 2781724959, 919698627, 1537800142, 1355532949, 1196371560, 3993664038, 1132649702, 956921690, 1433980056, 3454076456, 3634523213, 2659057473, 2746825265, 1763865148, 3737838364, 3473581423, 983652180, 1651955739, 2705907788, 1328740202, 3267343401, 918598492, 2096507184, 3612138844, 4207525313, 4216767410, 4290901211, 1328291105, 1735093973, 3188914156, 4151346642, 115862676, 2246255919, 651694287, 2038468638, 173156619, 3113990095, 108968191, 3641770005, 4099806331, 2754874817, 1462196263, 723631174, 2892037134, 3870436318, 1542265712, 1919344415, 522262662, 591492464, 1615285688, 721573744, 3517173761, 2304880108, 362099760, 380495070, 3538852711, 3702138586, 150446933, 1772963398, 3624287322, 978701419, 2438300708, 3406663778, 1138880783, 3964240449, 248822631, 849647202, 3543171544, 3665580550, 1433155199, 765576253, 1602964939, 2493631113, 735207392, 4015202738, 745852119, 3989437672, 311879077, 2984462900, 715120251, 4230660057, 2654029196, 797710222, 345060977, 1050535667, 4172863474, 1870281312, 1070390600, 1105886470, 1480366009, 276), None)
Loaded weights: 19.06640896331026, -63.29145773409402, -0.16564436444686387, -0.7513896995691507, -3.2513896995691507
events: 
  ----
(3, (905937756, 2437919850, 353644436, 4205856703, 1283776461, 188086698, 3099548362, 3281878673, 1484641808, 786538167, 4198995695, 220808463, 338312616, 3780626335, 2973040458, 3640561668, 3110214923, 1399782863, 2604778984, 3246929226, 862750078, 4105280630, 2679468030, 43976717, 971418076, 103538842, 176016891, 833726999, 3115694404, 875808486, 3383002528, 153287645, 2354158654, 370893512, 2296509942, 2399521387, 3780839541, 2765532535, 3570998991, 3702196640, 1182312183, 1968245475, 1399929469, 3649793010, 182262857, 3262298546, 2172263037, 2552616062, 1490656045, 986985015, 470195220, 2018584876, 856933324, 585503104, 4216203482, 182647436, 441135245, 2674540058, 1083898218, 1825331587, 4096081942, 1716993598, 2203572021, 2010493013, 185884093, 3514422651, 3849847428, 4132107492, 774868206, 1050570971, 4113542176, 1736030873, 802970063, 3431586222, 1913584359, 675317187, 2060373007, 1069206022, 2669250844, 1751998690, 2660469541, 1952115774, 900850488, 800961294, 3419712904, 1481887966, 947348805, 2989001887, 1002548834, 2400719585, 2092633651, 1444519002, 1473494561, 2505704519, 419983649, 2556822895, 3367746789, 1889156070, 471756928, 1596628857, 2237586773, 1463293924, 267334119, 2911671799, 1447755412, 3853702993, 768566233, 1924518723, 777573615, 2999057105, 3407140579, 933014020, 3083024057, 2567467814, 1745119738, 2954960228, 596498724, 3528582120, 1059341393, 608877971, 1619762995, 3136611164, 4050685603, 3882218997, 1017022386, 3431355229, 2018441601, 4189994525, 1957912266, 1585911745, 172041519, 2776536829, 1594563758, 2637144284, 2696273120, 3524290777, 4063836874, 2873717540, 45438795, 3753984986, 1197023034, 1877281796, 2126636552, 1763216216, 1956304394, 1611743865, 3040622987, 2926443380, 213229313, 2200943952, 1575573935, 2600570795, 1792170853, 3199258370, 2103305912, 4046356590, 3518543787, 2036953664, 124224934, 3323019820, 336663092, 1109877232, 1917579261, 1907327788, 4239985562, 712551229, 3325117779, 3785441131, 2711043955, 4217716489, 155758010, 332651282, 3625403735, 3889090863, 579821635, 2176971052, 117933068, 3810477074, 4255042460, 3304319462, 4229455085, 2527410851, 508343852, 2050052397, 2520388398, 4058407115, 1113410956, 380884894, 1468595114, 3120476039, 1085986320, 2994504374, 236748121, 1553748903, 1174608517, 3157400158, 1239464264, 3906401359, 3113087521, 2724077344, 2367061092, 30919693, 513798665, 4274670786, 208630256, 3722790403, 1831671827, 430121141, 923798171, 420451199, 1640136464, 1064427521, 3189212324, 1852291250, 2518686925, 3378071020, 3336915850, 644767177, 2717289753, 3374647631, 2590988268, 2693684104, 3470911934, 3615403729, 1597703903, 1210703431, 1651352260, 243319546, 2169505933, 4055627958, 602734922, 3133549160, 1051268879, 673888802, 3962051377, 1013200748, 3648137432, 667542581, 130779124, 999093155, 20828171, 1972934461, 1005263630, 518247224, 1336856509, 1905958683, 111972326, 141903005, 3136875830, 1453469367, 3244733182, 4179927376, 4211341127, 1679216223, 1489017511, 989470561, 4128376836, 797268897, 2700253928, 2321704472, 3309468373, 353392538, 2038088803, 2851851726, 3044336223, 1775613624, 1433300706, 3823413958, 3898092905, 3600762137, 584369076, 2743438412, 4199409815, 2775251515, 2482015700, 273541152, 1696026956, 4213348056, 792895348, 3322182615, 3481999796, 1636953141, 846915911, 973248410, 2394798601, 849491682, 3116386508, 792263369, 2339385759, 1394080228, 533153240, 1934084095, 821626247, 4211749575, 3969445509, 230317959, 1941680307, 3432473583, 469253158, 1827380884, 4183838770, 858503708, 630025322, 1182782148, 3739770371, 3817745757, 1400392369, 545367611, 2093390023, 2079421563, 945683615, 879278866, 3496997561, 349605996, 3567094982, 401059148, 2796988796, 2081426614, 2841319845, 2364914621, 2483394717, 4221844680, 1925321002, 778687261, 439365853, 1848673538, 2102735131, 2998249620, 644531924, 1627125485, 1060421290, 764708649, 4187958306, 1063221675, 1676407505, 1432266824, 1436667804, 2798587074, 205152348, 2382319363, 4160573849, 964264818, 3850049683, 3927423132, 829521470, 1568542457, 2611618575, 1787975124, 3819540270, 438224143, 3830441508, 4070435541, 4250898776, 2777118863, 3539064675, 1474734621, 475280795, 3963032673, 2959774096, 2687552410, 3411203989, 3049144348, 3761714025, 2182443065, 3575899131, 4049080301, 2810099046, 2777920548, 1542625656, 3838548924, 3947352754, 3152765167, 873234102, 3029621308, 3408836033, 2586817254, 3790787023, 1475953941, 4104559777, 1043464436, 2486883009, 3390816897, 2455991646, 2151297524, 1436096197, 1976795289, 2155049728, 2712335757, 2571328301, 1018514361, 2307085990, 3810614002, 276830963, 646227282, 901834523, 2046330946, 2346059107, 2329210557, 3902755835, 789547800, 1010993094, 2773809960, 3508773302, 336144964, 2942166113, 2424979567, 2308954785, 416152590, 1487292433, 1191835640, 3978348472, 2567906646, 1777004310, 221491039, 2303706154, 2731762639, 100816947, 2938011466, 3139965416, 1520699731, 2232825350, 2333198315, 1603701771, 102445637, 1484139329, 3760723128, 3664876952, 4272077889, 570898418, 289104840, 1553774891, 474911450, 1741978508, 3553081982, 3503524465, 3874365687, 3782522759, 1149524283, 596878952, 2349279015, 102829807, 2615751265, 1410212076, 412346246, 646333143, 3753796001, 3234012100, 1139558005, 887458380, 782531956, 2704574353, 1532540019, 1263788363, 1876661213, 1868551127, 3578649210, 3268832049, 2290737525, 342538051, 1241173394, 2499306208, 2153323051, 3362531451, 2100366807, 3652139967, 3066477383, 3511510228, 127651910, 151861267, 3020142784, 1427953682, 1307647062, 1652508278, 867495259, 3607675784, 764095353, 2688186237, 2850364626, 2261018329, 3449004274, 1455668178, 3576136165, 245636040, 1496933242, 617538922, 1476782927, 493711232, 2196851515, 3692947368, 668688424, 1643715707, 1362482732, 3054241943, 479392787, 1550256715, 2133660601, 2184356769, 3152071075, 719702004, 3030782719, 1125160616, 236859966, 3630323532, 2274764330, 4142451493, 2164455996, 3699291071, 3812252510, 4159869465, 3709153242, 2670113293, 428144978, 1416429146, 4021033901, 3550238703, 432849338, 68708389, 1922777999, 1478845042, 1901396016, 2389788486, 4267247800, 3925470842, 1070355546, 1642517619, 2763384368, 1098300551, 1713413392, 707967068, 2942022340, 2358237146, 1771685227, 3656218788, 2148696548, 3101967072, 2977090924, 818155386, 775217928, 1220230107, 3947654351, 1302453438, 2183675412, 3283662088, 350251634, 2022215314, 3807709855, 1687125213, 306204281, 3552364759, 2903945674, 3877291076, 1002617860, 3504894867, 2971301723, 2370933701, 1689577281, 623051011, 3487399422, 907556568, 1791118405, 1309993783, 3979302635, 2839972368, 2400179952, 1807181023, 1097860576, 2062237076, 592090356, 531184433, 1909786235, 3855003311, 1907937012, 1436857960, 23621774, 3977162379, 1404534216, 1725342680, 2289889131, 2341862682, 3492946129, 727149308, 918579778, 1263924232, 3866981035, 2952713198, 399841378, 2165714159, 1607993281, 4029335442, 258276472, 1516686906, 2729329327, 3390435572, 1563125481, 2862501642, 3213553218, 2486552445, 3351256954, 939081594, 4005399364, 1206425720, 2240107798, 3943750910, 3721594850, 495892537, 3378205691, 3609003522, 2324365857, 372077319, 3751556379, 339439077, 591178265, 1739779059, 3668682904, 1985895155, 1883241980, 3279697384, 828912567, 2063003641, 2446954442, 1800741793, 2823923291, 1482715487, 3509175501, 470), None)
Loaded weights: 17.372102228168576, -66.00795960124725, -0.16564436444686387, -0.7513896995691507, -3.0211581858428325
events: 
  ----
(3, (2987338838, 3851271684, 2366374256, 757013346, 1545452394, 2619719267, 2446961394, 3040048543, 1500125377, 3044727617, 1643535169, 4168552981, 1790018450, 1124127482, 1906616662, 427487110, 2626253442, 4036662152, 1297327778, 4022964453, 2773111668, 974705429, 1724304536, 3282638764, 1524260453, 2648954773, 1511499877, 3423549116, 1908528950, 893073787, 2578473030, 3766029051, 4128707772, 2811463969, 2797528928, 2809782968, 2847365781, 235765763, 666245584, 784107454, 2759338476, 3403885090, 1854742815, 1750575429, 208487797, 3264488475, 1955378811, 1297871206, 2712987776, 2361792586, 2625131920, 2990796525, 629803999, 4194703721, 803704484, 1237936381, 3697868888, 1654707996, 755091029, 1032691293, 855002390, 1322975458, 1393053571, 3319616921, 2359656883, 344375346, 3758751259, 3060585219, 3828882363, 1064784804, 1735448500, 3725037907, 2688337305, 2368961795, 3191450837, 446920757, 1950737620, 4248150690, 1428587837, 2134463629, 1755638198, 1003824082, 1246360369, 1021830796, 203183439, 1494919874, 140790835, 705473822, 1036886757, 1291283161, 3096278177, 538668748, 1235676288, 590639431, 3442363480, 4017535972, 357099752, 1356175283, 1266262720, 3920842237, 1259855735, 1539750596, 3376586639, 3191651390, 579629845, 3286344354, 3913674253, 1626814957, 3127490853, 809403753, 2332130079, 1396994761, 5395412, 3009568300, 2756607629, 1926043013, 1302594376, 1645311237, 2750615081, 1363628124, 1231579473, 2317019371, 1137932251, 2975155009, 2281366993, 134676506, 3156583863, 1086694006, 572141299, 4110868602, 1617482898, 3161718001, 3739093303, 616156617, 4211569418, 2923709443, 3185404785, 1643338701, 3236992005, 4048662041, 1225502037, 2927112566, 3372872716, 2962602675, 3469518415, 3090308967, 856726252, 2154902574, 85820478, 1281302073, 3328314437, 2194992793, 2179314789, 603789351, 2270642235, 2362834236, 2850082446, 171468576, 2353373142, 449845243, 1899198773, 1714498023, 424996569, 950568839, 63711107, 925130829, 3885977854, 986586226, 3418246038, 1437657830, 3873020940, 3734726456, 576599307, 3384338245, 3169130201, 231510778, 3876037075, 1905518711, 737896061, 2114692033, 2173498988, 3370112155, 3479835911, 3580498662, 3680678195, 2190560543, 2242010480, 2457630475, 2042378991, 2393208332, 397727559, 2125234918, 254582809, 1874765089, 1138302081, 3485628918, 3114352468, 2316481322, 1554697038, 4237711248, 2679753565, 323182683, 3303628172, 3093131919, 2607785632, 2903431330, 657789149, 1699904607, 794052855, 770837922, 1569634916, 2559937560, 2630343233, 2664057010, 792860713, 3965058577, 187715533, 3450157297, 815180742, 1185223016, 3770709764, 1546765761, 1558460557, 3062831679, 2590465417, 2312447745, 1256233553, 1483042266, 597604085, 377353919, 4208814368, 2358548116, 2059194056, 70823153, 1682713663, 508167523, 3575741828, 2428717035, 2782622524, 2011765735, 2943690555, 3595689241, 3260885623, 3887722956, 3798498859, 2154683653, 441731287, 928419851, 3485844987, 2593448060, 1849343772, 240245896, 3782246811, 3185774653, 1831586051, 1797333856, 1839161070, 2412988552, 719222492, 1928662514, 3106606771, 1299893468, 923746154, 2325139221, 2025721155, 2112338260, 1016915680, 1616053271, 2023050891, 1106250534, 29752022, 2372125972, 61670228, 3066956095, 2706294235, 1006381672, 357147177, 866380782, 1228727450, 2577964023, 3513150632, 3851835317, 506635444, 2232087714, 4233633143, 1806532140, 835576628, 2776766514, 2111910975, 4013867437, 40174735, 3390209246, 391808538, 908980964, 2327108273, 3206410864, 731345127, 372528933, 2074255315, 278945489, 492932868, 3614137282, 2366118953, 501693679, 72638135, 2353173859, 1465038839, 1288662735, 3195635821, 2482669488, 1648734068, 1190820119, 14316732, 1402360161, 2244834444, 3498515023, 426369654, 4095097953, 4274091161, 790091298, 371849313, 2032486947, 92902443, 2364024623, 82237211, 2441873735, 1068301091, 74213839, 1480716028, 3409622556, 2334217822, 592393604, 223844672, 3826163395, 3235523124, 408818547, 172791296, 1144519666, 2549758944, 1801986133, 606645270, 470271648, 3651503914, 3132428665, 2050427802, 400119085, 2291835200, 3584455548, 1174695176, 446700520, 660657604, 3816134374, 3797142442, 3028708404, 3895239599, 3388462131, 4292995742, 1714596930, 1837803510, 4107908801, 3168949638, 2033368989, 2003067978, 3384690864, 956508822, 3506403564, 3178092709, 1103096014, 1770717246, 552754291, 1688876226, 1825999572, 2478201821, 544856301, 571762633, 1368495376, 2039960574, 1359106171, 3748751218, 2433107115, 2784923195, 814368179, 1326206432, 346934036, 1927671121, 2095901335, 1599612384, 4083134744, 2137237746, 538784526, 3830099825, 3870462887, 1477692996, 2987424454, 1353891455, 3344287030, 3984324178, 928627260, 695208906, 1164189821, 177414993, 1684797286, 3054561444, 3001769898, 1238620360, 3889861131, 1097023172, 2098073558, 2909003783, 1030746049, 1080458286, 2719307732, 2365112971, 1504742592, 3590408764, 2847440466, 3016759546, 130119979, 2174005308, 2863791122, 1205551050, 3123838272, 50400240, 2351691163, 1799199550, 1809486353, 4104255281, 217991312, 4125714694, 379637120, 4194798443, 3754715608, 756650194, 831243991, 2635212077, 3082919686, 2438962321, 2517877433, 3513038404, 2443941114, 2581601708, 3449542211, 1616631403, 3585568980, 3671200331, 2262458923, 835996082, 3954684424, 1059659174, 853630289, 2209072622, 3839659015, 2928626690, 2498991535, 3146320138, 2789703356, 3646425906, 1181545578, 2869753577, 275000628, 4077967878, 4202519880, 3132976432, 911309132, 4212573153, 1470294172, 3855818638, 1427423868, 1530678017, 514911178, 3221595397, 3942557557, 2982098983, 542694779, 1616852037, 3946070858, 2555081449, 3567217247, 2494685078, 837799074, 1303249477, 2482034129, 2107424317, 3459489928, 591875757, 2904974859, 2764097657, 524548149, 2132662124, 3885557778, 2267261688, 496188332, 4095744066, 4064035666, 1287621787, 2514613762, 3072590106, 3373053043, 161781336, 2940996657, 740825925, 3360987919, 2485710336, 149997254, 910271207, 2861229028, 1678505457, 2763588989, 1932691387, 4240787548, 2781054225, 1676873419, 376157881, 1245696638, 2612440158, 4202747192, 212775647, 3385761981, 75642841, 1759367997, 3891992695, 2465993705, 1178965479, 758827907, 3029746432, 3179534753, 654160091, 2087356576, 3061004710, 2020088808, 3823358687, 1589224802, 1323983665, 574665356, 3633542497, 3164856328, 3012506662, 1284032333, 2831886976, 1943071806, 3633255453, 1413908888, 3144270866, 3390052325, 2496084330, 879665343, 2657382963, 3435927915, 2364072525, 551240542, 4237920936, 3748181732, 128992301, 71455493, 1821599680, 3311882622, 1589938442, 807150820, 3959453590, 1657533866, 186287161, 353965351, 2139375146, 2471965870, 248375408, 2003846478, 4086280044, 627113165, 4002746957, 2310299222, 3173278897, 3702734289, 2208043285, 4032715239, 17557173, 3573668786, 996070426, 3457351340, 3823409118, 1769618149, 1794511519, 2323342168, 28931575, 1640351471, 1860996878, 1665825449, 3301787210, 4232862646, 1516767177, 292267272, 2713608564, 837360712, 678637766, 1459286961, 2043076557, 1310958580, 1085956584, 747861317, 521608028, 3398014653, 490172827, 151345866, 3464574392, 3798916891, 3995665584, 3916378038, 329976075, 2310504051, 3096354554, 1690602246, 2268765546, 3316231091, 3284672241, 2519829903, 2402596650, 3370682555, 3897615668, 2337665717, 1144123538, 1857992706, 2538714756, 4221978813, 230760763, 3028050041, 292), None)
Loaded weights: 17.43728897461185, -64.05681989818221, -0.16564436444686387, -0.7513896995691507, -3.210015886984543
events: 
  ----
(3, (1074190214, 1636456859, 310527066, 3479973448, 1907364982, 3843116726, 2108222948, 4201062994, 3420133739, 729447749, 1422994866, 3223691462, 3865994672, 901865141, 2289522813, 1229838229, 980059063, 3597304879, 1675645731, 122880746, 2406422796, 1160360967, 2522295483, 2508482347, 2566098718, 3494540250, 3597145035, 2537687830, 1462172564, 3408634742, 2049758192, 1170598224, 772938308, 3302486784, 2897025096, 342643514, 791546360, 2235491456, 4011991385, 171265747, 376205826, 2483365691, 800071118, 4210300420, 1254976650, 2252873677, 3673271473, 1390819562, 4009189819, 705422059, 128069673, 2411457715, 152206866, 1371420627, 1130952252, 3313512045, 3687469466, 3523890346, 3078309847, 3244349931, 815809189, 2127391218, 3161909874, 3280261175, 4131396404, 328035245, 3077018756, 2552768353, 1013982529, 2120647916, 3273538212, 3576014861, 336048166, 4161793401, 1263494144, 2018508862, 2892953206, 2004585367, 24475878, 1617830532, 1534973627, 744113995, 4088344445, 134806834, 1129316663, 3119405721, 3727938952, 3524276981, 1806336802, 2383016243, 694665702, 2521466546, 1425485002, 396277285, 77326394, 744833419, 4282674704, 4024055307, 855561702, 151653020, 866197214, 3145777450, 4063591155, 412700814, 3374334445, 2468851079, 1355780679, 3801302611, 3949365944, 3364297036, 265641571, 3539124918, 2293564444, 113477869, 3322144623, 4032396781, 2748258707, 207530868, 2482401616, 3295678148, 4175629512, 1440066216, 2538174453, 2389620917, 3023468843, 1308829610, 2876969276, 1125964534, 215792185, 766842105, 2469596426, 757913249, 1944571396, 1043248922, 2525340982, 224382934, 3471384200, 3308571839, 737893609, 403006709, 3117669869, 4241942389, 4240398814, 925272186, 1810800231, 1416052871, 129700037, 2998530488, 823546414, 2022778785, 2331922431, 1695727279, 893010280, 808070682, 3127160065, 1610081139, 3551880738, 1159869140, 1742907014, 1297202540, 1143943215, 3759974982, 2612245379, 1746679991, 132023636, 1685109431, 2719321928, 3110920859, 1598971500, 201245674, 613145039, 2941519259, 4250941178, 1770147411, 4051436344, 475954628, 1452882031, 2588152429, 3405302716, 3185166765, 2150431409, 177762556, 156119354, 1016409414, 3205490838, 2454080942, 1179391840, 1655185424, 3999617840, 3077239579, 218538348, 3392004244, 1349501320, 4011867653, 2939882315, 1294752691, 1048734200, 3893832652, 1968190492, 139425097, 3036051891, 3982499495, 613158181, 1208139290, 3011726709, 3667520399, 3754798046, 155216920, 2307485866, 2439469912, 3795753140, 3772655955, 3058753229, 2998479134, 3083884514, 1651935887, 2104912380, 4257892471, 3035490234, 729208655, 2254104455, 4048161023, 2401344783, 1229801409, 3759360895, 3026504788, 1240788278, 1641641689, 3170936248, 4041785092, 3313750001, 1665847997, 4196489886, 3716807884, 3890476143, 4260340591, 765657215, 437162044, 954161442, 114160783, 3600351770, 3315627288, 2130701368, 3113851010, 825404463, 4079599562, 1441382280, 3665773158, 717972423, 3726262298, 2201625553, 1338185833, 386946228, 1407988088, 640201573, 712359207, 866028258, 3646605155, 1773716972, 2076503765, 315396380, 3608664713, 3456068894, 3959458352, 2557346765, 1758238397, 3240122025, 155750795, 3858861917, 619610251, 3149440211, 3144658952, 2683475689, 219901426, 566103955, 1151964737, 2812082769, 68639874, 2942132615, 785515941, 622516185, 197495495, 3660621984, 2463003934, 2458416502, 290737164, 3513633412, 631257784, 2889061861, 1755610350, 4275035691, 4147860146, 1255400764, 1306467225, 4097806415, 4028958771, 2428320373, 357663632, 4151962530, 3300074481, 2580665133, 3114685738, 2061668118, 1838470556, 3571494228, 3001752497, 762716838, 2960788353, 4234012561, 538714467, 1752810540, 3324903385, 1730781015, 4261794666, 2821511552, 421410991, 2405099801, 863580974, 967373993, 1342831784, 894755408, 3366611249, 4220828251, 2694545626, 3946176128, 2685152099, 1647546216, 856804740, 299011359, 693955202, 2091625854, 595919399, 3026630734, 1017445256, 3817565832, 1243058076, 4037631043, 871476455, 3046758518, 3124680553, 849746351, 1660019288, 2549651671, 638084935, 4207344099, 2887585390, 2921402903, 2541061630, 1142305697, 44696687, 2183990216, 3403026199, 1583781463, 17582150, 2010963994, 893093259, 849784632, 2141987661, 42150816, 1691433581, 3076100165, 1127865612, 341550393, 2601184873, 2916404804, 3820997069, 604324824, 3133056354, 3285807885, 2918703803, 767868743, 337310225, 1512180339, 1895919733, 4091836029, 1463840474, 22736754, 3905383570, 2207477732, 655561966, 4206467584, 2350759659, 88106693, 2371893750, 2906148685, 577568334, 3711855153, 3562905427, 4253845079, 2844043415, 3617518899, 1745002176, 1323377358, 2165698597, 1707018634, 2441136217, 1858263981, 987047369, 267195707, 2409140738, 1609163021, 2481103084, 398534139, 4187566285, 2402264689, 3891654768, 4262554979, 3247800469, 1433232946, 2502299789, 1274636028, 2638399084, 464441166, 774619179, 2375135585, 2279759954, 1347862417, 146011508, 3555583590, 669891227, 2251667797, 330586548, 2516775408, 2817053840, 2872663444, 1890191745, 3423814582, 974679060, 833768876, 3354887769, 3180957624, 4114188640, 2441473850, 3773878617, 1533441839, 1974048102, 4065219104, 3614543493, 2456468358, 409803034, 462855895, 94195225, 2371311881, 195569852, 3195966378, 2810234955, 707926924, 1439293684, 3303420274, 44154052, 1983454962, 2952239050, 2624333046, 720147385, 2800150508, 2945511082, 4195192536, 1845029734, 2707567582, 1297808934, 954023584, 1949371106, 4280238064, 3707580732, 182770818, 2049568916, 689129834, 2992049753, 3449727608, 56470890, 2306013197, 2287117465, 2218905453, 3631989155, 1437098685, 1520049261, 947679329, 599897619, 3986945845, 3760762991, 3893257115, 3054014030, 2179070506, 1293893625, 2046403411, 1968925823, 1193068170, 1914265604, 673650576, 3488505270, 517859960, 636976952, 2492618746, 3257785038, 2669542175, 2846758607, 1628982577, 3379403561, 4272188921, 4256482989, 639780679, 3731795346, 292465891, 3171569086, 1986334981, 3573362290, 4194832761, 1137428185, 1433482156, 678575400, 4241905632, 3376433446, 3306246825, 586841895, 3124562741, 1246750245, 474434309, 2333108714, 1096440516, 845188287, 3316937659, 438860919, 1895283554, 10733318, 645895146, 1636459634, 532950634, 279243420, 1029975080, 2172176325, 1382704170, 2340069854, 1773485919, 3075424669, 1602551837, 3338178481, 933098737, 3838752531, 3122719652, 1584860693, 260255548, 3760951006, 1361898098, 2215795106, 1165868467, 3424274661, 806427627, 3917153392, 427787815, 2649403271, 3862266652, 1868995773, 140638290, 976408385, 1414954093, 1325163868, 2569780630, 1796962727, 1479940147, 1351438337, 151757425, 3857512971, 1207946988, 404201431, 551772573, 1423269390, 4065358342, 3214091043, 160584489, 864869183, 1729479978, 4841535, 1307356765, 1449109727, 1452935658, 1787051039, 2245099794, 372870687, 4251495340, 1747847867, 3015297677, 129329211, 420750411, 2112914855, 3144517591, 1591712637, 3465417587, 1366141879, 1014773983, 2948222348, 290976428, 309705292, 1432823554, 1096661840, 3123870084, 1855602701, 3016582607, 78866274, 440710796, 3617309439, 3856171521, 3926509093, 2616630359, 1837116477, 477404877, 3461498843, 3549373210, 3540264127, 4242193912, 1388255221, 3365635471, 4235363230, 1297528549, 170961826, 1076435514, 1610306305, 487198860, 531036842, 2285413878, 3366717872, 2493056474, 3414735182, 2962826527, 1321316462, 617), None)
Loaded weights: 16.477990491197126, -65.52689475960635, -0.16564436444686387, -0.7513896995691507, -2.8788649175942274
events: 
  ----
(3, (4146481201, 191103720, 1586026743, 1392296565, 4240192936, 1789774117, 3447017222, 4021004433, 792964956, 1159421310, 2090307185, 562379425, 4184734370, 1183210321, 394677728, 988958899, 1462936601, 4101500195, 254619889, 1924277015, 3662981066, 356121641, 772227179, 2422737079, 541673094, 182650309, 2980560634, 3557103466, 3753960918, 1123829185, 282232411, 3799617130, 1165257172, 1563333833, 1210244766, 526857193, 142224874, 861614290, 2615488167, 365428500, 2622981019, 3096417718, 2653804750, 2366669360, 280217038, 3004413163, 3705562194, 4292401297, 2394700268, 861979525, 1567755190, 3713302781, 2331299901, 39965377, 1165404252, 3180724541, 1880825680, 228739703, 4046056695, 1183927466, 4195245665, 3506651937, 1156918519, 903728941, 3138879534, 2546506548, 45314119, 268454179, 4076412801, 1503889401, 54930430, 2848402072, 1000279078, 2039696404, 114840976, 3760105568, 3013372727, 1586862225, 3287356641, 2219598656, 3901831090, 4145775472, 2944084914, 2253553608, 2877051310, 3399601811, 1105683832, 2458425172, 3291197345, 1296920659, 2404829255, 4219349864, 2878749143, 1392856438, 635709958, 3051933374, 4039374062, 3422644761, 3633152834, 292431785, 312629298, 1220767127, 3412664361, 3454957401, 2803669176, 1524026425, 2415291527, 2419335858, 2910027133, 1447414920, 65017768, 3055387083, 3825417427, 308177221, 2468721755, 1598300572, 1022838064, 3790389991, 4003524591, 338964878, 237951430, 883269991, 3034512678, 406829337, 1157893336, 1989868726, 1886387326, 2643431248, 971666573, 77117695, 845579480, 2575734328, 3266921796, 2040218576, 1613562665, 3635751046, 1250491305, 3916702560, 3690685172, 4207419048, 91754788, 1660734986, 525348257, 2587770665, 622040599, 4266888278, 3778473184, 1317087798, 3093982996, 1827555632, 2106404618, 3982547820, 785138362, 874801312, 4235819545, 3485575683, 220102224, 1690816106, 3026405736, 2489827850, 399133941, 1987954669, 1678813209, 2571746066, 4281937974, 2017738634, 1374535788, 925942313, 2909645261, 3012343926, 2896756401, 154619352, 439861101, 1778387710, 4215264849, 971608806, 930531476, 2869820791, 1465875783, 3247580875, 1516334626, 339170479, 268436872, 1510451060, 3490509361, 233706422, 2860585592, 2657585923, 4151484314, 3526249917, 2033984869, 2893129005, 1544942559, 2769793236, 1182314492, 38489500, 66722642, 3679242875, 4065551089, 2343880008, 3117843775, 2242146429, 1466238484, 125233843, 112158962, 3822802749, 2571656402, 983254338, 743389233, 4100799887, 734538096, 439844290, 1088945096, 3093392175, 76329731, 3921285918, 1756079971, 1591425781, 536566606, 4184032592, 3437653695, 4090526674, 1864257901, 2198615665, 3322824589, 888773919, 1530523049, 2491652436, 4188255454, 809736924, 3872420903, 2843703414, 543600411, 764147078, 956923519, 2110146899, 3812585673, 2208562897, 1771395707, 1505097428, 4135337578, 1939084450, 385954412, 3047361017, 56450898, 2709040144, 383699267, 1100515617, 108901691, 3648285287, 3964764611, 1620460593, 1223781734, 3199461180, 520040297, 1121815326, 3166485104, 1894526297, 3685642269, 4170321310, 2504451775, 4006543385, 512488619, 3278540477, 1592723671, 262930026, 1128269864, 1102469237, 163563332, 964266559, 718788198, 3702873032, 2844754594, 4267122683, 2256971474, 1990606168, 2325264290, 2846385098, 2278886246, 2545518857, 84538679, 614501367, 138577620, 1591780078, 2430116497, 1148768683, 775043014, 1574241475, 3454626971, 3719475483, 2987140445, 2092064684, 3600896204, 1176814653, 2040339732, 4096365052, 785051066, 3521259356, 3497683237, 2955019803, 911089433, 3356811095, 903894960, 408401469, 3196873412, 244047948, 1282251206, 2113325407, 2278212585, 1996048242, 1420983847, 4079961872, 3767878279, 268510571, 4291559425, 4210744079, 1242017645, 3203636866, 2628701337, 4011822600, 1202875179, 3374183526, 3528831486, 3729593905, 1852321702, 696034549, 4120057911, 3162387012, 4059211847, 989097938, 897495014, 3659114212, 2942252740, 3524512616, 1752147163, 207094102, 2859935955, 497966094, 2656392184, 2883881586, 3216771105, 1412421382, 1021993588, 2575314225, 1284805321, 823183744, 3816944782, 431131107, 2395209510, 1145070868, 1859079286, 3274535881, 2091613053, 562992802, 286311990, 1966879842, 3278626355, 3682925208, 97367142, 2202140167, 320636561, 2607400031, 906678469, 125700757, 637896752, 650919924, 2622520488, 2957481651, 3781709494, 2995933166, 3864848930, 1735577209, 2388291005, 2219740768, 1401016563, 4078216316, 1525123903, 529322432, 69851524, 789873766, 31349085, 2377598684, 87899639, 3895641909, 2856464739, 1325131959, 2595958485, 1010892663, 1795293872, 467341944, 186826574, 4203569878, 1066733132, 854534960, 1404494943, 1237309661, 3342054138, 3796003465, 3714293776, 2914333774, 2694040078, 3488776275, 684866908, 2466160657, 3010485720, 4057030362, 1830121272, 3095609200, 4083212524, 2724999088, 3268914687, 769545704, 2666112085, 3030748853, 4210655294, 2208658906, 147289484, 2746721467, 4270439011, 2781689965, 3842161736, 3104434497, 3514013425, 2272698862, 1727606484, 439005600, 2522954595, 2596207192, 2102668456, 2165324453, 4091087235, 2530235398, 3033030625, 2839417505, 1775350504, 767149024, 4203307948, 1041062001, 2905788498, 525467949, 1203357013, 2064817005, 1750249588, 3081978025, 2756496132, 3327959870, 4122607952, 2261989653, 184606638, 65683278, 1918154800, 1151657425, 576405549, 308602265, 3242090774, 4009949203, 1095119476, 3632228579, 2294840824, 2370284572, 1657191119, 1148330585, 288046142, 3927532643, 3720340683, 3288470651, 1245129253, 2787612195, 1746076951, 3304637832, 73475434, 2848828259, 378765300, 3645399218, 2523401927, 405275556, 4287848035, 2700420125, 2805604824, 2827973163, 64636358, 1032764385, 215507657, 1439837377, 612139482, 3657536500, 2624905107, 2603528131, 4160256444, 70111565, 1949726154, 3047780525, 1731900721, 3576395173, 994315769, 2061763424, 3132266439, 749699921, 1413289674, 10477204, 2115536001, 3737418357, 2309620460, 1428807206, 1037519139, 2634729380, 1730503428, 1514798615, 2824315771, 4173959568, 1191498220, 498522238, 643826918, 887214026, 2752497994, 2588873675, 695214636, 1444801919, 3995409233, 1611951355, 2493706663, 2458380494, 1045104286, 2108610418, 2843708238, 1126036777, 2798440513, 3172156308, 3666378641, 1188532999, 2594531903, 970286719, 999545098, 2673948449, 316265389, 628863125, 4257378290, 1147422108, 3120302451, 1298284667, 3956877696, 180283599, 2916202769, 624446633, 1516500877, 2838923631, 1831722223, 3301475596, 3731901644, 1034446546, 2788083104, 3580129346, 3607818578, 3840529669, 1721756586, 2918458943, 535813560, 2513132953, 2515096531, 689185727, 1506557069, 3002003494, 1674193551, 291466096, 4268236201, 3200881732, 3323191171, 983426677, 1087296474, 2124438757, 1578401566, 886022914, 1732032690, 1402392974, 466389170, 1704831839, 3884326992, 1812283352, 1309922331, 2664171248, 71197251, 4208480114, 3960788920, 3024485125, 3045957715, 2177194669, 3927528308, 1414503892, 2853625219, 2520211104, 1053509581, 1700549360, 3905117218, 4079993628, 3962940216, 3515467861, 731422576, 2049332950, 1079660327, 1303793194, 92455667, 3973932202, 767335228, 2712705970, 2413196478, 883584857, 2622124860, 1459616398, 3777461324, 2359727139, 641694709, 460820895, 1392331828, 306594098, 786622718, 4021948506, 1619863650, 3019387878, 2481179540, 1476942428, 1205595359, 2371155600, 2169824246, 1705518653, 319), None)
Loaded weights: 16.503951644488613, -62.73192663175235, -0.16564436444686387, -0.7513896995691507, -2.2542450531399956
events: me found the exit, 
  ----
(3, (2817551357, 1798274228, 499377579, 2664288474, 598529054, 241736415, 2082718854, 3838937718, 3546083429, 3394640095, 826872575, 3486916029, 1478996679, 3373566735, 2846870894, 746079878, 395757819, 610773145, 603247758, 636298857, 1881401968, 1887611529, 888245481, 3039174411, 628153212, 3382725004, 3983813211, 152656959, 3797689247, 117491857, 2877439341, 535697474, 915390494, 3620234956, 7044397, 2968865044, 2962459336, 4247491940, 1733966954, 1839862462, 1649054378, 3794025525, 1507475509, 266348466, 4220776903, 104694365, 1364696126, 3809662962, 115634723, 3674408075, 829540788, 3614574447, 3687999217, 1357900830, 3278329232, 1515638661, 2378002557, 1621239730, 2353684038, 3846811035, 704018860, 1941592924, 245496661, 2135784152, 261517251, 3380229314, 2064773165, 2110512084, 836462424, 1268006874, 2999190383, 903643908, 4163986306, 118296482, 2579693395, 3595958960, 789191717, 781726824, 1510879748, 2346436026, 3682133413, 4035425281, 3953544655, 1449422097, 3252087927, 1814810741, 1553360747, 3747735253, 632265474, 47647599, 3868310135, 993777032, 1840216054, 1724145865, 2942113778, 526077766, 706965622, 1459801176, 2874908779, 3018046430, 2445706565, 3900782081, 4284503527, 764856541, 715631798, 391742576, 489934719, 4066789186, 4129825248, 1725262032, 3629092397, 1130270157, 686691821, 3617504030, 1913964720, 941336190, 2636062310, 1247219298, 3495234316, 778522319, 3578236179, 4098516418, 3036872872, 3055613899, 2848626325, 108853409, 1936265434, 1820459479, 3629717897, 3221197357, 2983200904, 3151289651, 974795503, 867916660, 361755196, 3353285633, 2883266193, 2133091031, 1478475713, 3212732256, 1964647065, 794603388, 3648384816, 542659156, 899100388, 3712667489, 1115216306, 1180090375, 3745623543, 1407929194, 4068010170, 2299948433, 666522242, 18532467, 730600860, 2441465466, 3599381040, 2091798302, 3888629562, 3439479581, 939331248, 1055504128, 632356406, 642819222, 3469537251, 1262275257, 2479864507, 1909881232, 3876571263, 156176388, 2114338969, 3571301555, 1268799898, 4202898665, 1748724337, 2089278712, 3742932970, 3916138190, 3697019109, 2327222081, 4279641424, 1175705311, 3016742218, 3039865732, 3157214889, 4183056004, 1652461147, 3459575710, 1910164652, 261091609, 3682598813, 1561629875, 2226947786, 1576472627, 1685713982, 3913175435, 1199642366, 202680991, 2488511217, 4001066288, 2717703735, 736676909, 3607464876, 114652810, 1144553451, 1629009237, 4244453651, 16341113, 2543075649, 3383650180, 1541686383, 3243540904, 161386859, 4252078763, 799709200, 3214946138, 2753784983, 555697497, 3540759282, 2683744226, 3390049807, 2103727101, 3230069179, 3184820166, 1310755008, 901817853, 1877600919, 3676418450, 856601050, 3080941415, 3396496609, 3935777612, 414015516, 4189047654, 1127882240, 2076965086, 311383912, 3700100893, 3809273559, 1662627314, 2967372126, 2721010776, 2946593445, 1446537042, 886832785, 4052943088, 2619986470, 3927277618, 3308269413, 3687972055, 1550159308, 17329615, 3606690322, 990055728, 678926768, 4228021927, 3867045602, 526235068, 1671896717, 3844342686, 967267871, 3592828839, 138985109, 1189920380, 4210977361, 1190803582, 3564736091, 1721069832, 1737509365, 1286712070, 565873238, 2941530262, 3760110975, 303353687, 2554448222, 61352434, 2413245806, 1922780167, 94794548, 6171829, 3686209850, 3343259386, 1965465330, 484020714, 2610364344, 2605925797, 1386979109, 2517270334, 2221650702, 3467598116, 18109710, 617007013, 861988355, 1205829287, 1205801770, 1723732357, 1667574900, 1139902242, 4106563798, 975101137, 3121598678, 3274888331, 1131843953, 810297671, 1776141390, 2084110055, 740823498, 1100297358, 2348488632, 1492632067, 1878249113, 680852971, 3173249567, 4202223540, 991181709, 3651468395, 497992750, 835611876, 1286869644, 2541679292, 1112185594, 3329740557, 3916788865, 1561814949, 3669241597, 144350383, 3990659836, 1882677689, 3053126120, 3856597524, 10099631, 2097690580, 2119197124, 4027362765, 4098508777, 2048591190, 671237847, 3613730769, 380422388, 3996688674, 3179892893, 1818360202, 2916286521, 1650321373, 1390373538, 3784700235, 4223056609, 3525735040, 2523551560, 2187634323, 247398128, 1318558708, 381400048, 2078372801, 1444682726, 1625572943, 3527274337, 4080456379, 595366639, 3936141688, 2802256260, 3615632001, 1567138196, 3101287049, 1816296749, 1446478229, 2119507174, 95290818, 1981122699, 2858129953, 3404301751, 2880612581, 2674755665, 2997911828, 2145161785, 725276855, 1546462090, 4033610872, 2661035938, 3193818867, 130116381, 4028251064, 1016339775, 446929502, 2195393434, 1939005583, 170558585, 41684968, 855916092, 539074961, 454432253, 2433116357, 1380671265, 589068363, 3422627105, 3298169090, 3781596575, 280465553, 2181506708, 468303005, 74634271, 1012036831, 3975167023, 2258678022, 2441292195, 2866200441, 2532772089, 2259047718, 388350215, 1269609322, 3823075696, 710091868, 974006529, 520244804, 2414237043, 901346922, 2270991259, 1026790003, 2533013594, 4131248366, 2558219340, 2512949145, 2860843388, 889029012, 16904783, 107710367, 2737049628, 3747006563, 2993185184, 937541554, 1304255625, 2270486724, 2895056090, 2283135079, 371571081, 2865819799, 262175587, 1300048966, 401945057, 3008021278, 1508929474, 461619242, 1030832081, 4127525141, 1110512838, 2849419866, 1167557559, 2408604120, 2089897050, 4188843427, 110018033, 3322255369, 2784651246, 1333189148, 900234564, 1403889888, 43281353, 2383827485, 2889147714, 4039544228, 1117678229, 1269792799, 3620731440, 3847755218, 662877695, 522175258, 3909277244, 1574941450, 2152937116, 3985760272, 3688235580, 2140291435, 3711381673, 1310025114, 2785116640, 1676750987, 312729094, 267951392, 3427230725, 2534709489, 3167543327, 3071481867, 1340332056, 4097846799, 844987462, 3029713307, 834397344, 1113287361, 221802462, 844334192, 3308304117, 275480598, 4117181043, 282278008, 1541894328, 3821122249, 2213468785, 195297587, 2937839580, 1176129504, 2759738034, 3700738088, 1765590753, 137634080, 2082353109, 1983169206, 3027395425, 1452570712, 3139624498, 379909636, 302185941, 2292645323, 2166596160, 1085045632, 1109739012, 3503530520, 2091458372, 2936957049, 3452190983, 2688101903, 245140160, 419074149, 1483307580, 2010835411, 3145190761, 2125195305, 1687649563, 1313038273, 961654231, 3610023089, 4121832103, 1947478219, 3934311848, 4232857795, 3391118363, 3038388289, 986046669, 3926227711, 3610078473, 2295293663, 640619276, 3035912154, 305162976, 2845282103, 3160250508, 2737458212, 3038425146, 762494108, 2560883812, 4200732241, 933584772, 2972800596, 3823552242, 2660456233, 4291150457, 4195151668, 1982995463, 3546677913, 2961872596, 3418279773, 3917207006, 480764529, 1924444398, 2386491612, 2281827827, 3970799594, 712958663, 2649635184, 3392759591, 2195275702, 2017080924, 1631663867, 3361642892, 4132503224, 2044729328, 2779334496, 4100340095, 2965349410, 1106352268, 3450614286, 1183667320, 538341434, 2748189458, 301174679, 719114034, 1450195797, 2159742866, 721737626, 2627306961, 2600841901, 2323106801, 1478742844, 799039515, 139446650, 4100084023, 601474867, 2538123594, 1942754043, 2372505584, 77879799, 2229154625, 688054183, 1004705134, 465967573, 858882827, 2428048956, 3575788468, 928175419, 792838518, 4135784474, 2383471182, 2879761792, 2058469398, 492564486, 899745733, 1128442381, 970831970, 1390932023, 4244784619, 3903723921, 632685315, 2360038618, 793424579, 1804996798, 22), None)
Loaded weights: 23.020826474084505, -62.73192663175235, -0.16564436444686387, -0.7513896995691507, 4.248610300430849
events: 
  ----
(3, (1696607947, 367944862, 344937712, 1436859920, 2725153135, 3538017900, 3033035837, 1629872462, 1458897865, 1465594201, 944106279, 3795757243, 4130227762, 3070781383, 2087651103, 2832072099, 2486774487, 2652651316, 3192345985, 3209520803, 2625271784, 361418481, 1973839796, 3401791986, 2971183967, 1161274510, 3917061972, 2837926751, 3705885448, 804109941, 2426520642, 2838462895, 470125780, 2491437760, 2670609486, 4106668478, 4135594709, 1703454652, 2617637320, 1048916534, 3848766083, 3792740644, 3032142023, 4247857150, 3247813083, 366670286, 3347866348, 2555092232, 492798144, 489645933, 1025626800, 2289094653, 2447072172, 658315065, 841371412, 975990543, 1059572165, 864899687, 3087126258, 1450137375, 3083567027, 845981751, 3479187656, 3697143211, 1863490174, 860861177, 3686660152, 1064240723, 987094263, 1768449876, 120713864, 3159066461, 2920769473, 1312804170, 347651123, 330993252, 1499037614, 2332465378, 1713164886, 3860274187, 4004771839, 547156541, 1697521318, 86976251, 1477329134, 4171258738, 1123577274, 1619702215, 754382067, 2616953156, 533102597, 1005573157, 2553873611, 3533585676, 1606821813, 3765865032, 995253844, 3611430994, 3123736358, 1376069644, 3874237164, 1235437040, 2312739665, 2972554473, 3610774032, 4272787841, 822542977, 118112037, 90076894, 22877352, 2922614369, 912090139, 1030466443, 1795725709, 2494246644, 2410425715, 629669041, 1779417986, 518567328, 3473041682, 3576388248, 2537931091, 1646388533, 3278991701, 3268173034, 1641935441, 3633535463, 240382322, 3093074400, 1014987103, 2325840263, 4250141823, 3471915275, 4285125561, 3472036372, 644216383, 450283895, 2133275428, 2862945265, 3644866910, 4255853889, 4221016721, 3638775797, 1021609086, 56197301, 1930167865, 330588139, 183893672, 3403671953, 2351350887, 4042341003, 3414086949, 1676133047, 576935242, 3119755625, 2292441066, 3770970278, 3425051108, 92633701, 768383839, 3423787289, 2723342799, 3633749270, 1460998896, 3761321970, 3797671276, 4141204500, 579778835, 2819235816, 2356507220, 780687350, 2951302122, 646978845, 2502898619, 1594022023, 3889354361, 2196061663, 2395382621, 2046475295, 2347576279, 1254031250, 1477866025, 2536794060, 2173847539, 1555849080, 1274674400, 921303128, 1378986340, 3367990022, 873218179, 3699780892, 2663892660, 1828096619, 3091935726, 4122233638, 1281420132, 2538417386, 1732457616, 1424257451, 1589538446, 3207644210, 2800437798, 1204740786, 1070251115, 2156279250, 2626992440, 3266446646, 2717062004, 4100859390, 567845212, 402167279, 4068882716, 1362323856, 3653611078, 3027614253, 2980628098, 3571245685, 472178364, 213515772, 3319599034, 3042797846, 1145671145, 3057919602, 1118193507, 256095995, 2176251735, 1174849655, 1017607718, 2536989682, 3904819807, 552544182, 3996662113, 3996531679, 3579149117, 1556094241, 1605544061, 3759539720, 3502975123, 2477948482, 3997238941, 3860844011, 2998341266, 3285306890, 391931200, 2799025996, 4032019602, 3393693370, 1743442053, 3781853253, 462725458, 1397735370, 2590275158, 414589462, 4248982412, 237952211, 2950456441, 1615029419, 947583963, 2612887648, 3655243524, 647756236, 1107471323, 3618674304, 1391963938, 116767619, 791776826, 1305447090, 1336350374, 3293082791, 2758252012, 3936042933, 680681403, 3319277242, 3417081411, 3651111409, 448010871, 4251611569, 1072884522, 290941304, 3154171697, 1151212612, 1219821677, 876652538, 854373913, 3878436970, 1214034367, 1567254656, 4127106612, 1429931173, 2414484047, 1463172774, 4020918688, 2309537141, 4166152621, 2503523918, 191318733, 1217438917, 1028877027, 2018269674, 3004207018, 3064862672, 3960161364, 2459183640, 1840749961, 739399502, 1879628467, 3336406604, 3947789347, 3589252067, 3420408117, 2288904401, 3751217470, 2241605800, 2256191651, 3578822445, 1646368484, 2199699254, 966560067, 810593659, 4179380662, 1756195413, 2993958186, 401967429, 2399205877, 168292058, 2363375192, 3004573711, 4229016088, 994886906, 1352410713, 2410254083, 3893377778, 1604548536, 3526005162, 2047327630, 2287461738, 3018274719, 3848661531, 21050506, 4205294362, 490235208, 457842231, 1737125442, 216549856, 3285027832, 4198193167, 2786152530, 2652795196, 1333732037, 629054029, 3829054639, 3381757202, 3307600750, 4087174164, 2804507274, 139122319, 3706495197, 1108834351, 3357172931, 2641542601, 228619814, 2689024734, 2734798756, 4127147838, 3442754353, 2509217154, 3684123583, 1604934107, 2008213342, 614415857, 4030030035, 3588748354, 710166195, 4115834408, 2254447148, 3838408788, 3020998235, 3216977242, 223904387, 3104819174, 443435158, 2125532969, 2247234245, 3786012011, 753394044, 2576910470, 754097323, 3583034887, 726305240, 1276454711, 3332281933, 270280893, 1792889238, 1239279195, 1086697874, 1102177784, 1562774211, 797689020, 2064983419, 3181496269, 302954763, 4034033231, 2760019706, 1395399121, 1118129214, 2877917372, 3367895364, 2552541134, 2109746076, 2799413108, 3569079773, 3635673895, 1148771266, 2819777086, 149754449, 1377405460, 4087167333, 3623579953, 3856214723, 550182989, 1806157565, 2700528536, 371076014, 247817490, 4252911488, 1165392293, 2820520544, 3859084514, 4246443519, 4162386985, 1012976649, 3603018687, 1100413396, 279472429, 764664800, 716613776, 124139391, 2232073664, 3944962195, 1036738161, 3557051987, 868586778, 329446103, 3049547798, 147818385, 4152003832, 3256172374, 3407204155, 3784797159, 1812711509, 4172037048, 1572766988, 3859651161, 1557329621, 359768662, 259385033, 1992117134, 1995789591, 2522578867, 376553034, 1770654701, 1999102009, 756982420, 719318056, 3745827102, 2805142876, 2158944024, 3862320805, 3296722586, 2923089684, 4053660970, 289839047, 2539195999, 3645335114, 2400909343, 3896209222, 476639170, 3966024983, 1223068401, 3755532998, 1069772630, 1776234719, 217367457, 963500680, 3141053385, 3277877808, 1643877051, 537382435, 1529571811, 1814068517, 448950057, 2773389925, 1733825030, 1614557934, 3880746781, 481798464, 2025661866, 4246130779, 1268742219, 3622242275, 2783371863, 873028190, 514722535, 1517147780, 82348657, 2456217623, 3612011293, 1494184797, 65502063, 2756274639, 2948036643, 2814218570, 671779967, 2088291202, 3717691192, 728730375, 23436972, 2833035002, 650018424, 3471243285, 1831307584, 3104572240, 2843905787, 3424907950, 3675139624, 3540998072, 221876373, 856584676, 1586872019, 1900777364, 2394241331, 424820122, 2535869965, 985995422, 684448988, 293987162, 1742029973, 2062806666, 49810062, 3599481134, 2617305934, 2621983325, 4024623520, 3711071088, 1745465169, 1792931174, 2946832376, 1694274663, 1447925469, 1277634183, 2543342303, 2079624611, 1520379155, 1442609644, 2165824898, 3646781990, 3760691146, 3622618217, 348646787, 723426647, 91344973, 1130227193, 2403899652, 1861185977, 2469601774, 3447125302, 4098928546, 3777783300, 1512473068, 462910828, 2772460098, 3890399038, 2165516115, 3672202154, 2362102412, 2890174117, 2099333212, 2227335401, 4014447637, 2791526738, 3818286089, 3066980099, 3652952475, 3380791108, 4029142362, 3360154378, 3371226628, 2598634513, 1959603031, 2134041219, 2582556320, 1139590115, 2443737407, 2024725499, 2538408605, 2081865723, 3295773779, 4135692075, 247294054, 2972970956, 953907492, 2609997979, 1881326689, 880850689, 3085149764, 1741265753, 2075008420, 231647277, 1173391140, 3271189474, 3027968939, 1371472247, 2536861829, 2938810262, 1832461278, 933516777, 4235096051, 1628898407, 4249064618, 2702106824, 1334332470, 2389202988, 1954213287, 4139691385, 612), None)
Loaded weights: 21.15720584503225, -73.47929166530622, -0.16564436444686387, -0.7513896995691507, -3.2513896995691507
events: 
  ----
(3, (2109330027, 734661694, 3214617574, 2856210497, 3228157958, 2705174736, 2438752281, 651431741, 2483145813, 2303189762, 249342271, 1805299978, 998170888, 3421237865, 3096063246, 2217794719, 364432469, 1550124913, 834806190, 352830586, 3331649046, 1910893572, 703502284, 3207327955, 1622731066, 3440083984, 455611266, 2288715572, 3770771843, 1417943222, 2634918332, 1190147051, 1066731531, 3560209774, 3925741189, 2267430972, 90624553, 1541079692, 2523769234, 2769091979, 2217275923, 596562922, 3691889526, 2057998560, 2258807428, 1190891761, 1666934688, 2147009318, 2159265567, 1242796619, 1616154070, 1538850363, 4134024171, 1107641163, 3216581433, 3867443820, 945257678, 1203234159, 2727673669, 1021653668, 3019086545, 4050619742, 1468282622, 1814806022, 2957005798, 127569923, 2686530387, 2243373186, 3194572334, 1481318643, 2617867156, 3093542228, 870829874, 1870756287, 1976190747, 1133685799, 761619688, 4107385313, 33818651, 2341458052, 3984012136, 3363782414, 2349325419, 3163172936, 361185331, 2739707065, 561160033, 567422397, 4123469995, 292363827, 2731448114, 968535811, 550708362, 1340375188, 1421315437, 4278226919, 4083701802, 547702046, 3646030456, 1385492484, 2706689471, 443798879, 1201368391, 1731976186, 388557510, 3891088734, 1613847910, 2575832879, 3435763997, 1178096767, 3913268553, 3778855756, 502235756, 3578836163, 1454538667, 2583711706, 828318895, 3711173737, 3030274022, 2494895320, 538884981, 3366717113, 1398184181, 2006600652, 2532091561, 1635545850, 1856612985, 4228219179, 3583355655, 1308669996, 3132550223, 288443691, 3364995669, 925199114, 1899339418, 1011744534, 2396637752, 4283767076, 605773037, 3619460058, 442238910, 1061173640, 2998743140, 1146727927, 4156627321, 2383703274, 1525764094, 2659035466, 1255964567, 892228335, 2085766514, 1363021300, 1608621997, 1337831227, 1253516402, 2836527387, 607166919, 3947815902, 4290146126, 2604327237, 3246759177, 3449322579, 341170245, 1019234232, 3583764465, 614899999, 2349039424, 663238173, 3373886572, 3641633960, 3736773941, 1543040777, 4044966264, 2421148580, 1528444751, 1428879444, 1229069061, 844556371, 1448549289, 1132941551, 485474613, 3440360962, 1167516518, 2963430605, 4191533001, 3063154596, 2533734096, 816477861, 4009408797, 3234327728, 3615948079, 4135180792, 1029705054, 582700078, 2026385396, 400824487, 1670063937, 3824120329, 753784617, 835211166, 1140318029, 2805383451, 1365536633, 105783319, 3281623511, 3774856303, 3935959279, 3827457871, 514592205, 929332498, 1141493358, 1594674070, 118561638, 1197983781, 2587075994, 3588734716, 618585005, 1349366642, 2257418393, 3049446179, 3735580022, 987501795, 3959399609, 2199132741, 2426013446, 1496284613, 370090210, 3850434782, 2770364250, 2755050758, 2642055359, 473564980, 3597101205, 531495116, 3899128404, 482071994, 181107876, 2860152039, 2410129344, 3692662579, 2122560536, 1225093465, 129202459, 3022736544, 3207717106, 2077068894, 2698454743, 1114906430, 3885233121, 699419571, 2384094201, 2243696469, 1418121457, 3300601152, 2476216718, 138781847, 2662178906, 1947106086, 1988047529, 2150079040, 1940113576, 1405387502, 2716535853, 1487689803, 1642648732, 371893563, 2964567373, 2418833912, 4211617085, 2647330757, 160769499, 3537277503, 289840422, 3705798645, 4275955815, 4196496136, 413782543, 3764050466, 1975082884, 2328619233, 1824898397, 1595091377, 2075042177, 380156971, 2156647229, 448669700, 4010064298, 4150578794, 324629985, 1442850152, 1138437017, 3096103494, 1188873468, 3062053017, 2954605636, 1997169645, 3115535236, 2382305245, 4266733121, 2411925703, 1793317797, 3664716350, 2157538948, 902421353, 4257738948, 111466352, 3693437273, 2597310263, 1241746637, 2469856814, 423189244, 1031767216, 3331830945, 607101764, 3927851015, 3736899146, 704487892, 3788458625, 2183248421, 4131497063, 1334737672, 1223130577, 1196631726, 3973084212, 3520306415, 1286744347, 2401883226, 489469808, 3307739870, 3425950370, 1268726657, 3212167169, 3075471725, 1231330602, 193154467, 1848681046, 3223567155, 1771246626, 1155413846, 3839891790, 2147365266, 359120850, 3608985840, 3550373946, 565984542, 983762771, 3133371844, 3520538048, 3439234345, 2032603576, 3990709488, 2857727775, 2799482471, 2436980094, 226789184, 1775700502, 3947463804, 4064493954, 3538178441, 836894561, 3232688660, 2006322713, 30469795, 1553874462, 205661374, 3352561134, 1185865063, 2805048734, 3390605677, 3927353756, 541686549, 453642922, 3424800429, 2194943312, 3585305014, 2406809703, 2334363965, 1967707472, 3962001390, 408229600, 73803228, 2100073753, 4080621808, 2170324829, 1089960590, 640665458, 1640834208, 1364263739, 3596439731, 3357359068, 149633498, 4214838143, 2020769443, 1212435928, 1103332709, 3796567748, 671517379, 2417029760, 1347608582, 2261609074, 1307533083, 3720281322, 393634589, 3951962959, 2674276057, 4201410511, 3692879691, 2283281342, 3038518348, 4269000173, 2881204913, 2891312447, 3967713689, 1520952955, 1509499562, 918485724, 3719593867, 3338938963, 3327651477, 3307862574, 2010792359, 4171483807, 2530016482, 3637325034, 176406398, 1103506947, 4015752830, 1777186732, 1102923508, 4028560757, 2922252755, 272251214, 461944433, 556287380, 748309707, 3419209393, 880821271, 3772487667, 1339327075, 2939831447, 1577396423, 2983278329, 3880096152, 7521618, 3109760874, 1251633144, 2742917808, 1178763738, 300929464, 4242881638, 80452722, 1113743507, 3069275136, 1757307473, 2574545581, 1563642300, 344138652, 1672072357, 2476140169, 2311653436, 2732962461, 1396578162, 3319779287, 4079044575, 2186986662, 522362040, 1284190343, 3364657552, 91738278, 2661877220, 3698671243, 1362361171, 2314335356, 1424044471, 3482123942, 3574256156, 3535309232, 212827622, 3751121600, 3087882454, 2884508158, 1377576795, 3712130800, 2143023404, 475376051, 846812746, 875028821, 4177909153, 3314805711, 1815352751, 1649105749, 3018531673, 4075651520, 112925846, 2055379722, 3264253324, 2949971332, 2922433573, 754590928, 4097656404, 1358331021, 3559346945, 3342285483, 3714082102, 1522043916, 504817586, 1170555083, 1840855813, 745340951, 661911803, 3554299710, 4277036356, 519124304, 4270242079, 3292035832, 2055748833, 4100228943, 1831170239, 868718161, 1979095152, 2547843164, 2704284503, 1667273114, 483869573, 915646544, 442088724, 507626742, 4283289065, 2577622774, 2304168711, 974633538, 2338733655, 3443655994, 4204569626, 1724912737, 3242832369, 1469759458, 2703765147, 1942565409, 3124038211, 3908787022, 262493145, 3689162027, 4118310150, 1375206919, 2480266911, 1413278303, 3716193932, 1637460193, 767308753, 2018013549, 3651263174, 365275693, 1913248420, 3043273162, 786900327, 2975338033, 3341045506, 3894161461, 1658735317, 3260315143, 2531881779, 395227381, 664628654, 945915493, 2428293909, 1003947731, 1618552353, 4199284171, 4060732454, 2785819258, 1341779413, 4202227100, 2858106172, 2903739505, 792816243, 1674043251, 910492154, 3866252070, 575536456, 2082178027, 2393574886, 1525628226, 1084771399, 4013795876, 311633000, 3167043871, 933062323, 1667427978, 2601222494, 3520203836, 1178203886, 882093711, 4281197280, 4190174948, 1457574468, 267441700, 2627909650, 3504041504, 329419671, 4026900246, 590769288, 2754982412, 2350695218, 4276584615, 1312564574, 3310071273, 2240046590, 1055710632, 3041190988, 2973796723, 3061507758, 4068621482, 3365808191, 2707092408, 2857475621, 1897479194, 220706187, 2277869702, 2634527875, 1108448818, 1721162147, 4073773177, 2412958505, 134), None)
Loaded weights: 19.241959742696206, -76.0475915909027, -0.16564436444686387, -0.7513896995691507, -3.0213091140901964
events: 
  ----
(3, (2957253008, 3070574334, 379277190, 3829146178, 746690512, 1857648159, 53117404, 1601400718, 783413876, 3635841923, 3360158559, 112963479, 1597033216, 3746620509, 3474739444, 1418834442, 4152511152, 4046011060, 1712308460, 4146140357, 653483506, 99571735, 3781045918, 4030202294, 879690371, 3846569114, 3715824414, 2407608742, 654448320, 1705239887, 164238137, 325057795, 3212766258, 1830867261, 3208160832, 700212757, 3993148872, 3652605914, 3859681410, 669408433, 2053010519, 187815812, 320226193, 118944033, 3749470735, 3599598744, 4189290721, 3278084268, 3442985250, 2936325704, 994961049, 3636589872, 826800254, 2706206501, 273967976, 3574952291, 3960664123, 1161380098, 364126803, 2780965065, 3744510018, 663599257, 3547986119, 3830974160, 751496531, 3292600491, 819344577, 3571572893, 3239017899, 3551128368, 1470851776, 4256624329, 84587043, 1830966357, 1665596839, 156661927, 3050815649, 4184490840, 652522836, 1165974005, 685290041, 4035099917, 1534728527, 364807622, 2582423491, 666981212, 857189618, 1605764889, 3208545756, 102572460, 978823671, 1885646005, 2957767908, 907327508, 2915138508, 1045414191, 1989861307, 2407747707, 1444699827, 3830161526, 1686414801, 3259978997, 2316528840, 2940657655, 3755239291, 635526339, 2685022758, 1822195421, 3492838678, 142785891, 2847570390, 2839406326, 1213836698, 970598712, 158400420, 3087906512, 2102504539, 1893013526, 3936056976, 2794416842, 3882943512, 1813273545, 4200588904, 3253696017, 2575833338, 659385622, 1439658365, 4164413460, 717721041, 1487024985, 2919996109, 2900333610, 1544019735, 841499974, 3699033780, 929996221, 1179613388, 2642342340, 335773212, 3582737595, 3185246763, 3194179366, 522656742, 4026054861, 821822042, 2926100800, 2613918210, 593709457, 3270139281, 791522315, 1548630992, 2696372088, 4021685864, 1733989541, 3547671029, 29165776, 2926266345, 3127049375, 2420815306, 1149100662, 403676523, 280769257, 419103473, 3712828515, 3424456016, 478629163, 116151002, 3522696852, 93485346, 4044343851, 1327232411, 324324660, 909157347, 1267213145, 3000040790, 3672066507, 1198945679, 3154432710, 3819796231, 936636321, 3088920946, 3581229025, 2007788188, 3089095003, 4229307005, 2366338154, 2269104796, 4170048367, 2073752568, 1932918733, 3459254443, 507456039, 750334871, 904327031, 694874472, 4079433840, 3678922232, 616514095, 1022454476, 3918466512, 1290057574, 4019694357, 1936827855, 1612289872, 61336464, 716183226, 2569510041, 1667850356, 118034399, 4043808313, 23428990, 425030906, 1264440057, 3224126941, 1337949376, 1259538238, 1460463041, 2429423899, 2985818530, 2260013008, 3169383537, 2231998329, 384002578, 2135213311, 1054308748, 2094793603, 1366137759, 2239336855, 2137152916, 683319671, 355378643, 1409422918, 265027067, 2801550774, 3039882026, 2652370727, 2689728060, 3335765378, 851308767, 2346839939, 2109096453, 2146293438, 3370139710, 1104785167, 3883061161, 3815862087, 1176299446, 1649766220, 1271362823, 3045009395, 242568904, 3415008704, 4215733885, 4118910530, 2706390519, 3690569047, 1590752154, 395148223, 4016228948, 4058744365, 1060209344, 645915195, 2148780834, 2298045365, 2044210363, 229951838, 1961439740, 349576604, 3269153589, 3933126795, 3369202390, 3658199729, 1321445695, 448839715, 3757038750, 876508971, 491260975, 2679877550, 589117218, 3570295386, 418010247, 1891828136, 2987566852, 1753267784, 3317427491, 1472255735, 1871192375, 964346802, 4121833597, 3045217558, 1303169958, 2925015698, 1860172203, 220967666, 652599144, 4173832538, 2691958548, 1364278123, 4080647602, 886287354, 1834884310, 804063767, 92528239, 3410781930, 779033600, 2174306030, 3411571223, 55191371, 3780409893, 3003066686, 4026763831, 643987034, 384737120, 3949716995, 3799700851, 3331554316, 4016231624, 3222117505, 3826708626, 323698550, 2229656349, 1234632437, 3589727928, 563589663, 1975837529, 853801355, 3974940763, 4071970773, 2803263575, 441297883, 1344426232, 3730675800, 598764352, 2917965942, 385897077, 4127675531, 1430958804, 745411032, 1453880357, 412192873, 3215824178, 3247415426, 654133475, 2499421561, 1389949619, 3448974907, 2325629472, 3271411827, 497875987, 2566227703, 1096966180, 1642773677, 636183825, 1736350933, 1968545384, 117863129, 2993655788, 4228972111, 3090760336, 2308692780, 2500721565, 2621075036, 3877538663, 3612000759, 2222495102, 3475672761, 2884999391, 3513096773, 297953294, 3341711829, 3987671372, 2567192622, 509773283, 57838835, 2141731952, 461556815, 2129964293, 5015649, 3923392080, 2218603423, 16735680, 876762988, 819313213, 3911565270, 1472429069, 2428101488, 4229795624, 3121775833, 3041799366, 3149082966, 1296882158, 3918125765, 3843520138, 44163995, 3120494556, 3944274227, 3134756857, 3646874865, 3751830885, 2223997600, 3929699457, 784184946, 937205708, 174447129, 3389904761, 2230661895, 2257531665, 2731223245, 3086037895, 2109781433, 308761135, 980749432, 2710180063, 1479848259, 773803731, 3367256746, 3068392180, 1326661385, 2821042951, 4226393195, 616834390, 1662104936, 515074456, 4007041746, 1974517309, 938531983, 599784781, 752146931, 1877354871, 1514461895, 1956664222, 85467465, 1919587413, 3153897659, 423830500, 2289350970, 425193898, 1198019124, 381976830, 3502891704, 3436377304, 3337689176, 110090171, 2836968727, 2539400922, 3764538474, 2010559725, 2540823721, 2019407571, 255914908, 776030980, 3118462852, 3511595464, 3418653341, 3173568176, 1044940936, 4259860020, 569366140, 3860686279, 2772478430, 1978010903, 1286331251, 256925114, 964999064, 1999439152, 2642464333, 1258601516, 855319339, 4085060255, 445657553, 1938237140, 3207177383, 1508081648, 2133254494, 1611333280, 898470323, 2441128423, 3137641065, 2561633026, 2707282233, 3342688713, 1496570843, 1831317962, 2017084158, 3721471727, 3266165555, 1201906150, 3220963840, 3700415956, 1519225021, 1260240990, 3204753652, 1320484754, 1930907223, 170986065, 2960104127, 1909748487, 1127090652, 2093493388, 3748658837, 1331868929, 2431264127, 3764647373, 3331691782, 1247395093, 1327591319, 378821432, 740235574, 2219379009, 1222217058, 3828658254, 3209097413, 2806069550, 550575896, 3306704617, 2535450920, 1584068706, 3573552215, 80937057, 1113135758, 4248280641, 2506995720, 4066855767, 2432340046, 4027472559, 1873126806, 3447785075, 3024344346, 4013428731, 2420627651, 4084308649, 4084016220, 1093505540, 499998150, 3103920225, 4254817737, 3083735125, 3759174271, 29745324, 2278521238, 3053070267, 744842069, 2067576107, 2384766678, 375634001, 822967644, 192948177, 3374010146, 910147687, 2506571636, 2789510071, 1721446909, 2326741049, 1092849319, 2117965299, 2390419848, 6133515, 2482963, 123381737, 962975448, 4282057721, 720669454, 1312502705, 1837155055, 2511875049, 3866946272, 3104321141, 12445318, 2847398824, 2639096211, 3069894743, 2749076269, 125735428, 1514206534, 4077436851, 851078028, 1373952879, 3377020138, 2266670429, 2574690400, 1772559373, 1485856083, 1329346994, 1614702934, 991325713, 757895676, 2848081432, 2106467172, 2759341788, 414539323, 228117772, 2148398500, 511464921, 3742450087, 4039398666, 3583883900, 2205168282, 2961307231, 1086131349, 61493198, 3590206934, 3352907262, 1927701765, 194017992, 2443204143, 2236472035, 192507013, 4024760123, 3771427020, 3691755648, 1519846356, 2953130658, 2910274570, 18260435, 3369273931, 696356998, 1874675458, 2288270539, 3550730071, 2800084480, 1024995511, 1869517722, 84582389, 3808074545, 244), None)
Loaded weights: 17.972792259860068, -77.2055703807718, -0.16564436444686387, -0.7513896995691507, -2.908511285846254
events: 
  ----
(3, (3048858402, 2879423177, 178367764, 3099106068, 393619296, 1931047712, 1341055160, 25120352, 2395899963, 549515356, 1832330501, 2123645364, 1874255919, 579370417, 66418122, 820613713, 3170097157, 3466574444, 2097854822, 439188728, 1791376848, 2385162106, 3134259600, 3648289345, 399009668, 3375848339, 1032246751, 4216340816, 916738282, 2907819526, 3365247193, 248099410, 2087235062, 1808675115, 2298601937, 1209548479, 3668966925, 3076071043, 1993695322, 151496411, 1913074962, 2284086679, 1045326429, 1223416978, 1047312821, 1864458270, 977034006, 3152660232, 3515123320, 4277268649, 3870361960, 84791591, 1683631738, 1001556038, 3213412069, 1559364218, 1890038750, 563165126, 4152147469, 2573334305, 3458306580, 1729294900, 42016450, 584058382, 4075749519, 2704976272, 1678386085, 3424812453, 830196649, 2790438295, 668558829, 3129575623, 939177433, 3300932948, 1834070337, 2004392730, 4245276414, 3973322572, 3297198928, 224609319, 3093805076, 1769969002, 3255977, 155646194, 1191743690, 1897958988, 1666443385, 2856696556, 2478153397, 600899707, 2904144965, 3846334728, 2473559367, 299142640, 1035772043, 933180210, 3457694291, 982513777, 3335848119, 3946704401, 3975006133, 1955287494, 205993579, 2191693905, 3822746967, 2397531777, 1906413363, 3292230295, 3657389419, 3772032815, 4111738333, 488777254, 1213405639, 479070694, 4022503323, 3729816237, 2490083944, 4166350947, 901006070, 523448615, 4080020402, 3155402439, 936155293, 693498663, 842985336, 4200841818, 1850486754, 1863343663, 2895585455, 1905914010, 1851224742, 1824642637, 3904417191, 3975348525, 1646778702, 1975629875, 3779673305, 2852695740, 1452792576, 3155922184, 3207843836, 2413230918, 757503012, 759569307, 519840856, 1262910293, 4290299017, 193114017, 3659282153, 2463129144, 2614309255, 4287284857, 3831753613, 777770482, 3864584327, 1328052542, 2278987688, 2576703439, 3882369263, 3900108231, 1159516739, 1360856854, 2509766577, 3506309239, 418987373, 3971210550, 2886877608, 3659188837, 174522990, 255287338, 2168680266, 2925059941, 103313973, 3538735240, 852301679, 1461648691, 3788188454, 363091170, 2072083570, 2076607491, 1709532690, 1337303789, 28758956, 1812055733, 2267109260, 4050447271, 3664382156, 930162948, 66512764, 836117911, 3573275223, 2594753667, 3674030620, 1300734343, 995074450, 2802583327, 3467445969, 3986891423, 1593343084, 3515159548, 3512612765, 3043922959, 2927764584, 3941407112, 2836594472, 557557190, 2983187790, 610333832, 1671627075, 2699069176, 2341214250, 1654661523, 1139758025, 4232003582, 3188453230, 3674014478, 2753975653, 3933806383, 1967184713, 480454063, 3360273079, 2623622993, 3667953069, 1244719812, 1663759798, 3461183491, 3455201701, 4184207939, 539953869, 27031345, 4156220116, 2632280387, 3585331162, 3545064160, 2830164540, 2192071275, 2779530039, 3061259606, 4056220193, 1253648554, 414091008, 2871684218, 903966680, 2133802038, 2316222346, 3462036588, 4146485479, 1733885543, 2890739344, 3687821956, 2214082595, 1387202591, 1617214814, 2381086868, 2196812493, 1625977965, 834144154, 424623701, 2079052705, 216862024, 2527404658, 3306032139, 293186645, 3974158728, 304902653, 1834539666, 3980772957, 2654201204, 2671053913, 2691847361, 553943992, 100106840, 1552821145, 4200385353, 2882505675, 1457432307, 2344497785, 989135959, 3050100446, 1264537928, 840490610, 2593084914, 1437904979, 1588521391, 4113514786, 4028237291, 4246666790, 3356857324, 3871810905, 1414723542, 4146783016, 3602651057, 1962218769, 2757918385, 119394645, 1505974714, 1761613932, 1586885307, 575826623, 1561582431, 1097414250, 310558532, 489340003, 2111534495, 3583710573, 3869487871, 3449554950, 2078124345, 1278894693, 13169220, 2426164943, 4060656163, 3141938038, 3940070821, 1212426995, 1476031428, 364367389, 848744596, 2822548987, 1517841558, 2017249280, 790987819, 277182673, 1798825578, 739620682, 1656485226, 1794381064, 3659151448, 2976474623, 2652437395, 1590636478, 1234867194, 4081757992, 293913521, 559230465, 180933163, 3317307247, 378422961, 2715533130, 3514705654, 4045252280, 1593854363, 859268920, 1789490054, 1641444370, 1600542130, 1776095994, 1015012117, 1217445565, 3804435992, 265221453, 2661908838, 2974160866, 2754858408, 2549943161, 4275141302, 3079216998, 2569051365, 3634871594, 2014902806, 407971434, 712255085, 2221817633, 3884322991, 844355998, 375354673, 1593003298, 3310829385, 2032681821, 2762811323, 3271218089, 1237961502, 2934578678, 3805494486, 3195724179, 3294155138, 3825640419, 1336079993, 962380586, 3792185759, 1036532184, 659559972, 1959910985, 2566162687, 163086467, 2411842822, 1419015029, 3153028590, 3156435881, 3488289735, 1315744680, 1383305354, 427472076, 2984813623, 1121573054, 1400000782, 3923268045, 4122153633, 295325317, 3813072904, 768410671, 2604533079, 1798872720, 412210464, 1085167112, 3762978586, 2664147888, 678910746, 1234228224, 1215938628, 669903198, 4227452365, 3034018915, 3945436048, 2233338372, 3998726471, 1654100589, 4078167238, 4265511289, 2393896346, 1457803055, 1494602932, 2630310088, 3096123819, 1080896310, 4072707636, 3386476619, 38100682, 681406980, 274605189, 3551741859, 2564227234, 981010502, 3057961871, 2304699053, 1469906003, 234762427, 1753237740, 4195793186, 1828145925, 1121352254, 775809409, 3071706232, 1294077421, 929943827, 678968574, 130298784, 2280701823, 3621160896, 1558580907, 1516722164, 117832716, 1151896290, 3705059621, 2864967855, 2212198230, 530754570, 1222640060, 646708298, 750247315, 2503100169, 253649798, 2466630007, 2989239167, 536218126, 2125386001, 1072561383, 3516963189, 1595194495, 866624279, 3398109177, 1214165732, 1695024846, 466239739, 572673990, 1969709392, 1173515151, 1689248959, 4086028102, 3019896074, 4291266930, 2086035760, 760496446, 3514759333, 544587903, 20361938, 1263229571, 3370236852, 1120805145, 1205408898, 1879732534, 2803406201, 2715142782, 1234704411, 49705404, 3639601120, 561799550, 3401370503, 3627613253, 664777006, 3618131669, 1396970134, 1990066573, 2713580323, 2736005030, 2533533621, 4039410842, 3498859457, 1066228265, 3870250747, 2155826506, 161837056, 1941325063, 4238740843, 1622383827, 2127998798, 4130944618, 3947819122, 2016284591, 3294742418, 1410836767, 823421289, 33293677, 1152609325, 943553566, 1318178142, 11595336, 2891289355, 2214674267, 195285517, 3443696255, 1924133090, 1598763000, 3884547045, 1075369137, 503304602, 1614861954, 2445121096, 1727152459, 2411019817, 823696732, 1891902342, 597792785, 1871863596, 980770049, 772540959, 2992909617, 1418543661, 413784585, 3686078461, 423559917, 1178813367, 2514369956, 2829276275, 3229547032, 939946349, 3625809697, 3439062503, 1771590937, 2102590621, 4154698607, 2480872003, 152942369, 2571869591, 1322960624, 3825594200, 1111420717, 928582637, 2398644193, 589985494, 4122218217, 2009986541, 636630389, 1939712964, 3956098310, 2001297698, 2206652794, 1325947199, 2648424651, 2697170273, 2760610129, 3994514597, 937317275, 986895589, 1680335648, 1403149972, 3785793552, 3327790796, 557967885, 1975698778, 1398456607, 4048070330, 3014557341, 2306663319, 115831685, 2943540926, 3364175793, 4104403127, 2458589682, 3820525813, 1452127608, 1231466771, 3538975501, 4278677743, 1820426774, 2834801624, 2622566846, 425278418, 3506249842, 3659629897, 897840757, 3042226132, 3117996562, 454965561, 3355128668, 1602244683, 3992670731, 3108467191, 993749295, 778094863, 953945829, 388531225, 4091063378, 3003424860, 198), None)
Loaded weights: 17.476008735480058, -83.28582185323063, -0.16564436444686387, -0.7513896995691507, -3.2513896995691507
events: 
  ----
(3, (3939943880, 2277287871, 1757987610, 52373276, 3534451171, 4000347125, 3816034536, 983585771, 236965785, 144507294, 1052287236, 3205207593, 2728557690, 2650513136, 614301832, 1915190563, 2527726024, 2414742780, 1567030807, 2139975906, 2912357151, 2807133422, 199156687, 3626023266, 1386155101, 825014776, 2790933822, 1250804571, 120091803, 3499800076, 1921702073, 2452563855, 1579429948, 3408259091, 2442137171, 4193972143, 725178809, 316738486, 4245765995, 3319441080, 937712754, 1494098450, 1252929384, 151271898, 1881055984, 184720756, 280901607, 367514534, 1101788739, 3581258310, 2558875194, 1494326697, 2969153407, 3649543737, 246363127, 2276594825, 3705498802, 2743021345, 2944125027, 3950619328, 39727993, 484088079, 4254797813, 2990296709, 427971987, 3930984159, 2753382839, 3674105615, 534788925, 3364312089, 2674536583, 2588651435, 1031886434, 3541830562, 1951844563, 2252351963, 721344708, 1629373889, 4196293876, 2406919397, 3795131959, 222966145, 3585379449, 2144635888, 4161726091, 212491198, 2164492049, 3361031679, 3873206996, 2865258555, 1165602137, 34141658, 3591336773, 2503610555, 3140890758, 1859756341, 2114748953, 1855876644, 2198754339, 4184369851, 3158465613, 4075105941, 1039032633, 1710385705, 2367877812, 4240094106, 2487789576, 2132156663, 1931036932, 1288143617, 1226369729, 4225269796, 4116979543, 3367093340, 2218494607, 4265758428, 3482561743, 1899622509, 2833903322, 2170793387, 1211157585, 1430614943, 212389348, 4149665879, 3318251530, 3944205578, 414787149, 3751979127, 2956680484, 2987197549, 3216443383, 3537157464, 1636614615, 3897575527, 1390097668, 560198121, 398512922, 2606682960, 2633614017, 2878068874, 2552373889, 72077104, 738811767, 3316512097, 1374956245, 440616597, 2688934418, 1851790108, 1545397562, 3153726817, 3706785686, 4009591711, 1644261893, 4273238095, 639500292, 4185948777, 71939576, 1013402809, 1250624673, 2416085316, 1607238524, 1340033106, 263293662, 219884443, 195072044, 107416214, 3043530976, 3402816555, 317264619, 2229682208, 1695110370, 1392228078, 1394347582, 2272636693, 4140429774, 3043666720, 3232609497, 1517157611, 3451946441, 1818005980, 2157624306, 1192895505, 1028333390, 2061490814, 447852950, 1501767529, 1172340583, 1691905653, 976467920, 3277481413, 2821666739, 1515141340, 347670959, 1582079784, 2053311571, 2296647375, 2230203480, 3185118218, 1674045640, 303911240, 597281704, 2462037918, 1219019392, 975540833, 2870261392, 3892689629, 958226319, 3271392176, 2323469297, 1501939327, 1766536973, 1781985184, 3091078113, 704387253, 3701568620, 2524109748, 3420629135, 4052424989, 994017094, 3809591375, 3806431758, 3433901051, 3210984751, 1144974256, 4289697455, 3934123000, 2422983614, 797632093, 699629650, 240918900, 2551513582, 303724608, 4109042135, 3801601760, 1317620540, 675739770, 2395989360, 3090933156, 4176746220, 4125747158, 569887845, 1055326220, 975081500, 2347962514, 1900989804, 3561680089, 1593577642, 1729546260, 2810126557, 443404749, 977749352, 3578881555, 2645989436, 3834945270, 2806051275, 3348879242, 967121612, 1454174261, 3754117542, 1106957488, 500346900, 872801970, 966097884, 3994033082, 3952600020, 1272108681, 1142901517, 8149519, 2719150418, 2696481906, 2488390147, 3699422282, 1297173134, 590904796, 3631110669, 2542628447, 3470021343, 390509330, 635544755, 1885364353, 4055435744, 3894626154, 193992777, 3073793437, 3138600954, 3376330379, 3428014775, 791113090, 2394929421, 1429729462, 3615342761, 2807706294, 3745397927, 1483846473, 3575517815, 53813902, 3353822966, 1922879419, 422382175, 1321241041, 2919005397, 515398588, 2868298230, 3934812985, 3607830164, 2634297333, 1546277821, 2697006621, 1682278647, 4293157225, 440253830, 3787821273, 307646512, 3117467976, 4164861967, 894999445, 1659243927, 29070738, 3633270871, 820796401, 1743351229, 654628542, 3394078467, 2917480346, 3993948825, 3242871917, 207758804, 3045684176, 3911930139, 155909584, 985884367, 3461015872, 3943940337, 1774043553, 991601011, 3591375386, 3371546330, 2521524731, 2050985263, 321379908, 2914069955, 1515607565, 1524008442, 1611686041, 1192179373, 4073416393, 4231656103, 3311870231, 3808815829, 3826539294, 259131877, 3764276672, 787189325, 2140052157, 1247035744, 1099689432, 2587577579, 895676325, 3166456557, 2169931286, 3492556380, 461056769, 3531038568, 4184830363, 3026031030, 4269330949, 3796044827, 3915416223, 695762563, 1708788861, 632948524, 916400107, 43460095, 2133050599, 3152111840, 394442473, 519883748, 2817496342, 217178894, 2947531365, 57880343, 2001101833, 208435924, 238697304, 93745296, 2314905, 1301773907, 798806031, 3795268513, 3026230483, 2682812497, 2390426443, 1405055986, 2901202668, 1856513003, 1669166429, 1387493452, 1832346351, 3109299585, 2461210081, 3413248827, 359097886, 3412054686, 2787191232, 114705824, 1764377573, 3599220318, 3323241563, 1969500143, 653310960, 2613740732, 1055801552, 704893029, 271279588, 888877224, 4090567027, 1541842866, 2365405826, 1730754179, 3886619645, 868879961, 4017945032, 817112923, 2309923716, 992464077, 2990804237, 2319163996, 1447731517, 2727086283, 3993092873, 347647678, 2777381343, 2746879618, 1135224180, 2771854146, 2262033082, 3551741749, 1992427889, 2625172109, 450596270, 3681676562, 2239146818, 4046538375, 952165866, 2728312761, 3482391973, 3648162088, 52718940, 2021803499, 757428152, 1220301944, 2269744928, 3900640568, 2196838834, 200507930, 2939083982, 1493615189, 35998794, 635033056, 2885003556, 3448675372, 2253044683, 1514007311, 2619972258, 4175343026, 927138863, 327242757, 686559054, 2319596092, 2158188293, 644555701, 2113332481, 1741046622, 240729591, 3812554490, 1803513046, 680278189, 4230127759, 2202633354, 3181017861, 3651072716, 2231404816, 3405086154, 772469069, 376318130, 886377336, 2194558982, 3945868515, 3062560680, 636414925, 2486154582, 3041813372, 4064978170, 2150849379, 1592905745, 3972494519, 3438139061, 3014945701, 225986166, 685862160, 108810961, 557492549, 2971878693, 2876781763, 735217862, 1885161756, 1766392918, 2602652241, 784180493, 4124760905, 3744502250, 2651151281, 233389024, 1128982157, 3408506375, 3444782903, 4197151809, 129763038, 1275988936, 1696069123, 1673688342, 3249503536, 3628722267, 3792259871, 167172012, 1050384545, 2325771434, 1449189506, 2820047410, 2117065992, 2319546039, 3852103457, 728268257, 550106257, 3842011171, 1413597126, 760347583, 3399177072, 1631810105, 349093218, 3606372835, 2461830410, 830666043, 10057809, 434453722, 3967988421, 693374279, 2865592830, 113770401, 580145165, 2560018108, 47587997, 2073102040, 157589017, 784321432, 3824185913, 1495302714, 2095520384, 617691726, 1827944184, 1438802136, 915346786, 1352763741, 616757223, 2552541038, 1070514893, 562983639, 4025809829, 1666661974, 2580054425, 1665577624, 2615750596, 1800120882, 2944364775, 1054646791, 2569244906, 3000729677, 3224443703, 3170724711, 2234501970, 3612071678, 850267809, 337148895, 3949967736, 2982576669, 2896582498, 3298960761, 4025895532, 3013081470, 1401767615, 1191958355, 1976968777, 6942464, 4195785053, 2666422060, 2578613870, 3044417772, 402103878, 793056930, 4097847942, 795883907, 2691430493, 1044247864, 3524492793, 248117286, 365323542, 1605019311, 2065377970, 1142793060, 486247160, 343001354, 3255540999, 3396260342, 4208347130, 3790499502, 277201535, 4286178488, 469277500, 2500310350, 3036998780, 1771965929, 1285851350, 2710607274, 1742215848, 618), None)
Loaded weights: 18.214972588145486, -77.02624312946192, -0.16564436444686387, -0.7513896995691507, -2.7419002138219994
