Starting iterations: 50
(3, (1691899976, 1377409781, 2881872091, 4065540641, 2204555101, 644262437, 1558917295, 1683706027, 129477262, 572153382, 3521962595, 1817144820, 2000104132, 3629279642, 1336456051, 104110670, 317188308, 41352382, 1587120347, 636366652, 736229622, 3276895945, 311498566, 1920685152, 393201467, 2614217513, 801854557, 3657717437, 3608726208, 566661588, 1972834238, 1315893526, 2076090189, 3802322432, 4051710310, 4258311253, 683135953, 1928857096, 216735447, 2908325954, 4179876756, 2627206421, 141915585, 442660310, 3736428414, 2004714502, 1350886377, 4214849112, 2018474892, 3618918563, 105711699, 2742101488, 248791437, 2337993800, 2770748147, 499821831, 1821109327, 1634708420, 2639419209, 2589263668, 268725635, 1059033749, 1656315176, 73191432, 1616256750, 4172638743, 3054981149, 2033514564, 895295785, 2607517796, 1716242518, 2420208316, 666923280, 384682402, 1598290488, 3162120445, 112010911, 3090973862, 2836814274, 3157941983, 3125902815, 1063199039, 2261354173, 1939549830, 1966517608, 4288114993, 2055198993, 361968586, 603902610, 708492546, 2176861072, 1788657198, 3989954676, 4016424618, 3482055866, 2483822228, 232872028, 2160820390, 2643136342, 1961780477, 123017409, 1390502444, 2112697303, 3657958446, 2464397063, 2899341660, 2680011777, 2930838424, 3939877762, 3739766712, 4126483398, 1443910391, 3946432364, 1174891812, 1883570234, 2542546020, 4294947813, 62527550, 2784356071, 2634258181, 3862130333, 2809037586, 3613069697, 1135241347, 52179414, 1452143955, 846655962, 2154490621, 2521528343, 2753217076, 1104380827, 3736919708, 1613801700, 1614197594, 3461341471, 4179781373, 3725658264, 3164905798, 3329263986, 728262895, 3595972034, 1522291041, 3856966783, 401358429, 2059721215, 2653329736, 2549915885, 2198201138, 1831611026, 3013530385, 2008374115, 1056423193, 533080441, 65538562, 2531599120, 1380596811, 2538130425, 875801936, 1764806928, 1502468248, 4294927359, 4035171056, 3517172546, 2296149124, 2632109675, 482641661, 3875441759, 1990732353, 2435946257, 3942106659, 1152251860, 2594687692, 1202829455, 2091628831, 2625427236, 2013026568, 4244749113, 3927864553, 3101029390, 1601925880, 2942918437, 227135044, 545974450, 4090695698, 2704346905, 3500141082, 159403416, 2657107560, 1405470177, 1832230321, 166412502, 3053536134, 3539048545, 3320957287, 1562048901, 4266330563, 1344430063, 2221935477, 578802583, 4153353798, 652743617, 3292020810, 3790776629, 75425031, 2941461400, 4258706626, 1357709306, 2504065732, 2104653870, 3563747955, 3988732379, 698988064, 319005490, 96032790, 3138078467, 2256522989, 1984283212, 2168999416, 3180711001, 722249265, 3730227953, 4224550546, 1613744957, 235286968, 259632825, 2622722944, 387728143, 1397924992, 479565288, 1360641206, 3112598230, 4275687841, 1268362150, 494323801, 1675405762, 882851302, 2641372554, 3949609603, 431854490, 4200960850, 2537645939, 3015810361, 420361618, 3418211479, 2508489101, 1088443149, 3973577550, 4258286126, 1836316594, 253366922, 332287888, 3706326020, 2363669675, 892960811, 1105427057, 3893497724, 3933679374, 3618526338, 3729223119, 1349522738, 4081651683, 261844700, 1966408705, 3296599128, 4129168446, 2583901921, 387285458, 3400270549, 1152042452, 3086818035, 1469147492, 2258018107, 3855837731, 4055223940, 814868730, 3377040162, 3161637268, 2034996827, 2433009891, 2190195054, 2414776659, 1124623319, 1425406596, 4289226113, 2189673369, 3381922512, 2984145571, 1077351561, 3870349095, 3610083218, 2878792347, 1859122756, 812665929, 775413498, 3143586383, 2716690839, 3221429730, 1624515815, 187635184, 4279709722, 3440886111, 3219998742, 1386908245, 1491670969, 1371419442, 1670294867, 112941569, 2931623528, 3725253463, 1487539885, 1000246208, 679852030, 2097137997, 3813678449, 3775051979, 3970100193, 1414315244, 461446374, 3563738778, 1434449892, 1748837614, 1964194522, 1542325781, 2613156364, 3123787818, 3947858279, 730836767, 2219927330, 493970670, 1742715695, 3836558157, 1798226053, 3469657492, 3854109399, 1547196922, 703518603, 1359167250, 3895570192, 2979694823, 1700455818, 110522097, 1843290518, 1187795713, 3950553150, 1305073800, 1614187855, 1190985335, 510109916, 3122456260, 4103122138, 2780060941, 3711354809, 2486127217, 2693601446, 1661187384, 2046646773, 2997715029, 2974926024, 623187163, 647074874, 3395069251, 3299534178, 1336587779, 500879554, 2811368093, 2753629081, 196054994, 1343719350, 1532868850, 1231429602, 1906555141, 2802202080, 3707304307, 3874195504, 838102719, 2946858148, 1804317426, 1144269907, 884466497, 2748495600, 235646134, 3051340110, 2563003333, 3540057507, 3979370436, 1494088629, 4079990787, 4219762803, 3843859737, 822478525, 848679743, 3229961172, 1494819910, 1492105008, 2822275729, 3218666357, 739769219, 210028201, 3518715560, 3484015437, 4160923339, 3386977210, 1905678308, 846902211, 1482322318, 2336592893, 2478151938, 3500692482, 1434407623, 1196987406, 3793889048, 3358937094, 680560104, 2420446901, 918177157, 77673654, 850534587, 691683691, 3234386621, 60825116, 849893499, 1391683210, 2911125993, 4120867414, 2400096985, 3386476815, 1487021015, 2721783812, 2581292064, 1339678927, 3110296765, 3793838209, 3411380331, 2911625457, 3627560363, 1985796311, 2993739681, 49181505, 1367045608, 3662212807, 229238941, 63970493, 408857838, 3646228115, 1899415505, 2645628397, 232675290, 2798786168, 170568992, 2407678829, 3789202218, 2153734204, 3001447369, 3843122882, 1380175085, 2371122893, 964664545, 3457086862, 3653992436, 870476686, 2042782835, 791485204, 3473811903, 290680591, 3641182538, 2778343915, 2750918615, 3324788318, 1857650409, 4292197268, 2608697200, 1063944957, 221930124, 2337312516, 3173717914, 3923582422, 3098634942, 2863452529, 1011917947, 1078471417, 2489264509, 757749341, 4266611162, 2021542351, 3667391577, 1492616303, 2458136105, 3259878280, 3905136288, 2215447972, 3561026260, 2962773094, 3461516303, 456606141, 1964919190, 1598506098, 2175880381, 2117264151, 2602164745, 4168784376, 547386176, 822936974, 3306635106, 1883227092, 2079433530, 2875838649, 3229927149, 78454888, 2527617311, 1276543878, 323694544, 934779946, 1810931852, 3586272064, 1830498695, 1896138712, 3378110543, 2108827291, 2293225697, 1486032499, 2755039901, 1371490995, 1101877021, 3131838656, 2630507356, 3430279390, 3048349978, 914644430, 3785832386, 3652116965, 3852971782, 1680491058, 2065438810, 2623020419, 243235240, 2917177670, 2688872145, 2053630954, 1856455765, 3043099525, 4020669534, 3463546513, 1775176878, 3863282352, 3075109915, 814059032, 916654024, 2552690554, 4293258087, 22331041, 4257771288, 2271543830, 770607472, 2725884592, 2034017171, 2642924749, 397310562, 987698260, 2448865554, 1146238424, 321534468, 2168244797, 814311881, 1354570541, 3338423139, 3952891365, 3190667985, 1187569695, 971012074, 2915741961, 2697559676, 423598351, 3936293668, 3359242901, 1516426500, 1271350670, 1076946930, 373283880, 2875977998, 2483369253, 603676701, 769753582, 3431411414, 2104618421, 1291300764, 2100026854, 3439420274, 345229038, 3033480558, 788354497, 1433918788, 3029149326, 3053195671, 3544703558, 4288723970, 2137896485, 460201776, 104361671, 718661923, 2875776299, 2783081763, 1422022897, 1835200652, 137000082, 131991025, 4170349149, 36138310, 994753418, 3856744487, 1787244966, 4129608530, 1395792177, 1592033053, 3888548797, 350513766, 3665570097, 1663230291, 1671215687, 2932523517, 4115226335, 4291394218, 2978497709, 3192038257, 511432615, 1), None)
Loaded weights: 128.95179347391684, 43.11157198625514, -2.6449237650708666, -2.4292280198748513, -5.161360148665084
events: 
  ----
(3, (1691899976, 1377409781, 2881872091, 4065540641, 2204555101, 644262437, 1558917295, 1683706027, 129477262, 572153382, 3521962595, 1817144820, 2000104132, 3629279642, 1336456051, 104110670, 317188308, 41352382, 1587120347, 636366652, 736229622, 3276895945, 311498566, 1920685152, 393201467, 2614217513, 801854557, 3657717437, 3608726208, 566661588, 1972834238, 1315893526, 2076090189, 3802322432, 4051710310, 4258311253, 683135953, 1928857096, 216735447, 2908325954, 4179876756, 2627206421, 141915585, 442660310, 3736428414, 2004714502, 1350886377, 4214849112, 2018474892, 3618918563, 105711699, 2742101488, 248791437, 2337993800, 2770748147, 499821831, 1821109327, 1634708420, 2639419209, 2589263668, 268725635, 1059033749, 1656315176, 73191432, 1616256750, 4172638743, 3054981149, 2033514564, 895295785, 2607517796, 1716242518, 2420208316, 666923280, 384682402, 1598290488, 3162120445, 112010911, 3090973862, 2836814274, 3157941983, 3125902815, 1063199039, 2261354173, 1939549830, 1966517608, 4288114993, 2055198993, 361968586, 603902610, 708492546, 2176861072, 1788657198, 3989954676, 4016424618, 3482055866, 2483822228, 232872028, 2160820390, 2643136342, 1961780477, 123017409, 1390502444, 2112697303, 3657958446, 2464397063, 2899341660, 2680011777, 2930838424, 3939877762, 3739766712, 4126483398, 1443910391, 3946432364, 1174891812, 1883570234, 2542546020, 4294947813, 62527550, 2784356071, 2634258181, 3862130333, 2809037586, 3613069697, 1135241347, 52179414, 1452143955, 846655962, 2154490621, 2521528343, 2753217076, 1104380827, 3736919708, 1613801700, 1614197594, 3461341471, 4179781373, 3725658264, 3164905798, 3329263986, 728262895, 3595972034, 1522291041, 3856966783, 401358429, 2059721215, 2653329736, 2549915885, 2198201138, 1831611026, 3013530385, 2008374115, 1056423193, 533080441, 65538562, 2531599120, 1380596811, 2538130425, 875801936, 1764806928, 1502468248, 4294927359, 4035171056, 3517172546, 2296149124, 2632109675, 482641661, 3875441759, 1990732353, 2435946257, 3942106659, 1152251860, 2594687692, 1202829455, 2091628831, 2625427236, 2013026568, 4244749113, 3927864553, 3101029390, 1601925880, 2942918437, 227135044, 545974450, 4090695698, 2704346905, 3500141082, 159403416, 2657107560, 1405470177, 1832230321, 166412502, 3053536134, 3539048545, 3320957287, 1562048901, 4266330563, 1344430063, 2221935477, 578802583, 4153353798, 652743617, 3292020810, 3790776629, 75425031, 2941461400, 4258706626, 1357709306, 2504065732, 2104653870, 3563747955, 3988732379, 698988064, 319005490, 96032790, 3138078467, 2256522989, 1984283212, 2168999416, 3180711001, 722249265, 3730227953, 4224550546, 1613744957, 235286968, 259632825, 2622722944, 387728143, 1397924992, 479565288, 1360641206, 3112598230, 4275687841, 1268362150, 494323801, 1675405762, 882851302, 2641372554, 3949609603, 431854490, 4200960850, 2537645939, 3015810361, 420361618, 3418211479, 2508489101, 1088443149, 3973577550, 4258286126, 1836316594, 253366922, 332287888, 3706326020, 2363669675, 892960811, 1105427057, 3893497724, 3933679374, 3618526338, 3729223119, 1349522738, 4081651683, 261844700, 1966408705, 3296599128, 4129168446, 2583901921, 387285458, 3400270549, 1152042452, 3086818035, 1469147492, 2258018107, 3855837731, 4055223940, 814868730, 3377040162, 3161637268, 2034996827, 2433009891, 2190195054, 2414776659, 1124623319, 1425406596, 4289226113, 2189673369, 3381922512, 2984145571, 1077351561, 3870349095, 3610083218, 2878792347, 1859122756, 812665929, 775413498, 3143586383, 2716690839, 3221429730, 1624515815, 187635184, 4279709722, 3440886111, 3219998742, 1386908245, 1491670969, 1371419442, 1670294867, 112941569, 2931623528, 3725253463, 1487539885, 1000246208, 679852030, 2097137997, 3813678449, 3775051979, 3970100193, 1414315244, 461446374, 3563738778, 1434449892, 1748837614, 1964194522, 1542325781, 2613156364, 3123787818, 3947858279, 730836767, 2219927330, 493970670, 1742715695, 3836558157, 1798226053, 3469657492, 3854109399, 1547196922, 703518603, 1359167250, 3895570192, 2979694823, 1700455818, 110522097, 1843290518, 1187795713, 3950553150, 1305073800, 1614187855, 1190985335, 510109916, 3122456260, 4103122138, 2780060941, 3711354809, 2486127217, 2693601446, 1661187384, 2046646773, 2997715029, 2974926024, 623187163, 647074874, 3395069251, 3299534178, 1336587779, 500879554, 2811368093, 2753629081, 196054994, 1343719350, 1532868850, 1231429602, 1906555141, 2802202080, 3707304307, 3874195504, 838102719, 2946858148, 1804317426, 1144269907, 884466497, 2748495600, 235646134, 3051340110, 2563003333, 3540057507, 3979370436, 1494088629, 4079990787, 4219762803, 3843859737, 822478525, 848679743, 3229961172, 1494819910, 1492105008, 2822275729, 3218666357, 739769219, 210028201, 3518715560, 3484015437, 4160923339, 3386977210, 1905678308, 846902211, 1482322318, 2336592893, 2478151938, 3500692482, 1434407623, 1196987406, 3793889048, 3358937094, 680560104, 2420446901, 918177157, 77673654, 850534587, 691683691, 3234386621, 60825116, 849893499, 1391683210, 2911125993, 4120867414, 2400096985, 3386476815, 1487021015, 2721783812, 2581292064, 1339678927, 3110296765, 3793838209, 3411380331, 2911625457, 3627560363, 1985796311, 2993739681, 49181505, 1367045608, 3662212807, 229238941, 63970493, 408857838, 3646228115, 1899415505, 2645628397, 232675290, 2798786168, 170568992, 2407678829, 3789202218, 2153734204, 3001447369, 3843122882, 1380175085, 2371122893, 964664545, 3457086862, 3653992436, 870476686, 2042782835, 791485204, 3473811903, 290680591, 3641182538, 2778343915, 2750918615, 3324788318, 1857650409, 4292197268, 2608697200, 1063944957, 221930124, 2337312516, 3173717914, 3923582422, 3098634942, 2863452529, 1011917947, 1078471417, 2489264509, 757749341, 4266611162, 2021542351, 3667391577, 1492616303, 2458136105, 3259878280, 3905136288, 2215447972, 3561026260, 2962773094, 3461516303, 456606141, 1964919190, 1598506098, 2175880381, 2117264151, 2602164745, 4168784376, 547386176, 822936974, 3306635106, 1883227092, 2079433530, 2875838649, 3229927149, 78454888, 2527617311, 1276543878, 323694544, 934779946, 1810931852, 3586272064, 1830498695, 1896138712, 3378110543, 2108827291, 2293225697, 1486032499, 2755039901, 1371490995, 1101877021, 3131838656, 2630507356, 3430279390, 3048349978, 914644430, 3785832386, 3652116965, 3852971782, 1680491058, 2065438810, 2623020419, 243235240, 2917177670, 2688872145, 2053630954, 1856455765, 3043099525, 4020669534, 3463546513, 1775176878, 3863282352, 3075109915, 814059032, 916654024, 2552690554, 4293258087, 22331041, 4257771288, 2271543830, 770607472, 2725884592, 2034017171, 2642924749, 397310562, 987698260, 2448865554, 1146238424, 321534468, 2168244797, 814311881, 1354570541, 3338423139, 3952891365, 3190667985, 1187569695, 971012074, 2915741961, 2697559676, 423598351, 3936293668, 3359242901, 1516426500, 1271350670, 1076946930, 373283880, 2875977998, 2483369253, 603676701, 769753582, 3431411414, 2104618421, 1291300764, 2100026854, 3439420274, 345229038, 3033480558, 788354497, 1433918788, 3029149326, 3053195671, 3544703558, 4288723970, 2137896485, 460201776, 104361671, 718661923, 2875776299, 2783081763, 1422022897, 1835200652, 137000082, 131991025, 4170349149, 36138310, 994753418, 3856744487, 1787244966, 4129608530, 1395792177, 1592033053, 3888548797, 350513766, 3665570097, 1663230291, 1671215687, 2932523517, 4115226335, 4291394218, 2978497709, 3192038257, 511432615, 168), None)
Loaded weights: 129.51937415868727, 46.4230262036712, -2.6449237650708666, -2.4292280198748513, -7.429228019874851
events: 
  ----
(3, (1691899976, 1377409781, 2881872091, 4065540641, 2204555101, 644262437, 1558917295, 1683706027, 129477262, 572153382, 3521962595, 1817144820, 2000104132, 3629279642, 1336456051, 104110670, 317188308, 41352382, 1587120347, 636366652, 736229622, 3276895945, 311498566, 1920685152, 393201467, 2614217513, 801854557, 3657717437, 3608726208, 566661588, 1972834238, 1315893526, 2076090189, 3802322432, 4051710310, 4258311253, 683135953, 1928857096, 216735447, 2908325954, 4179876756, 2627206421, 141915585, 442660310, 3736428414, 2004714502, 1350886377, 4214849112, 2018474892, 3618918563, 105711699, 2742101488, 248791437, 2337993800, 2770748147, 499821831, 1821109327, 1634708420, 2639419209, 2589263668, 268725635, 1059033749, 1656315176, 73191432, 1616256750, 4172638743, 3054981149, 2033514564, 895295785, 2607517796, 1716242518, 2420208316, 666923280, 384682402, 1598290488, 3162120445, 112010911, 3090973862, 2836814274, 3157941983, 3125902815, 1063199039, 2261354173, 1939549830, 1966517608, 4288114993, 2055198993, 361968586, 603902610, 708492546, 2176861072, 1788657198, 3989954676, 4016424618, 3482055866, 2483822228, 232872028, 2160820390, 2643136342, 1961780477, 123017409, 1390502444, 2112697303, 3657958446, 2464397063, 2899341660, 2680011777, 2930838424, 3939877762, 3739766712, 4126483398, 1443910391, 3946432364, 1174891812, 1883570234, 2542546020, 4294947813, 62527550, 2784356071, 2634258181, 3862130333, 2809037586, 3613069697, 1135241347, 52179414, 1452143955, 846655962, 2154490621, 2521528343, 2753217076, 1104380827, 3736919708, 1613801700, 1614197594, 3461341471, 4179781373, 3725658264, 3164905798, 3329263986, 728262895, 3595972034, 1522291041, 3856966783, 401358429, 2059721215, 2653329736, 2549915885, 2198201138, 1831611026, 3013530385, 2008374115, 1056423193, 533080441, 65538562, 2531599120, 1380596811, 2538130425, 875801936, 1764806928, 1502468248, 4294927359, 4035171056, 3517172546, 2296149124, 2632109675, 482641661, 3875441759, 1990732353, 2435946257, 3942106659, 1152251860, 2594687692, 1202829455, 2091628831, 2625427236, 2013026568, 4244749113, 3927864553, 3101029390, 1601925880, 2942918437, 227135044, 545974450, 4090695698, 2704346905, 3500141082, 159403416, 2657107560, 1405470177, 1832230321, 166412502, 3053536134, 3539048545, 3320957287, 1562048901, 4266330563, 1344430063, 2221935477, 578802583, 4153353798, 652743617, 3292020810, 3790776629, 75425031, 2941461400, 4258706626, 1357709306, 2504065732, 2104653870, 3563747955, 3988732379, 698988064, 319005490, 96032790, 3138078467, 2256522989, 1984283212, 2168999416, 3180711001, 722249265, 3730227953, 4224550546, 1613744957, 235286968, 259632825, 2622722944, 387728143, 1397924992, 479565288, 1360641206, 3112598230, 4275687841, 1268362150, 494323801, 1675405762, 882851302, 2641372554, 3949609603, 431854490, 4200960850, 2537645939, 3015810361, 420361618, 3418211479, 2508489101, 1088443149, 3973577550, 4258286126, 1836316594, 253366922, 332287888, 3706326020, 2363669675, 892960811, 1105427057, 3893497724, 3933679374, 3618526338, 3729223119, 1349522738, 4081651683, 261844700, 1966408705, 3296599128, 4129168446, 2583901921, 387285458, 3400270549, 1152042452, 3086818035, 1469147492, 2258018107, 3855837731, 4055223940, 814868730, 3377040162, 3161637268, 2034996827, 2433009891, 2190195054, 2414776659, 1124623319, 1425406596, 4289226113, 2189673369, 3381922512, 2984145571, 1077351561, 3870349095, 3610083218, 2878792347, 1859122756, 812665929, 775413498, 3143586383, 2716690839, 3221429730, 1624515815, 187635184, 4279709722, 3440886111, 3219998742, 1386908245, 1491670969, 1371419442, 1670294867, 112941569, 2931623528, 3725253463, 1487539885, 1000246208, 679852030, 2097137997, 3813678449, 3775051979, 3970100193, 1414315244, 461446374, 3563738778, 1434449892, 1748837614, 1964194522, 1542325781, 2613156364, 3123787818, 3947858279, 730836767, 2219927330, 493970670, 1742715695, 3836558157, 1798226053, 3469657492, 3854109399, 1547196922, 703518603, 1359167250, 3895570192, 2979694823, 1700455818, 110522097, 1843290518, 1187795713, 3950553150, 1305073800, 1614187855, 1190985335, 510109916, 3122456260, 4103122138, 2780060941, 3711354809, 2486127217, 2693601446, 1661187384, 2046646773, 2997715029, 2974926024, 623187163, 647074874, 3395069251, 3299534178, 1336587779, 500879554, 2811368093, 2753629081, 196054994, 1343719350, 1532868850, 1231429602, 1906555141, 2802202080, 3707304307, 3874195504, 838102719, 2946858148, 1804317426, 1144269907, 884466497, 2748495600, 235646134, 3051340110, 2563003333, 3540057507, 3979370436, 1494088629, 4079990787, 4219762803, 3843859737, 822478525, 848679743, 3229961172, 1494819910, 1492105008, 2822275729, 3218666357, 739769219, 210028201, 3518715560, 3484015437, 4160923339, 3386977210, 1905678308, 846902211, 1482322318, 2336592893, 2478151938, 3500692482, 1434407623, 1196987406, 3793889048, 3358937094, 680560104, 2420446901, 918177157, 77673654, 850534587, 691683691, 3234386621, 60825116, 849893499, 1391683210, 2911125993, 4120867414, 2400096985, 3386476815, 1487021015, 2721783812, 2581292064, 1339678927, 3110296765, 3793838209, 3411380331, 2911625457, 3627560363, 1985796311, 2993739681, 49181505, 1367045608, 3662212807, 229238941, 63970493, 408857838, 3646228115, 1899415505, 2645628397, 232675290, 2798786168, 170568992, 2407678829, 3789202218, 2153734204, 3001447369, 3843122882, 1380175085, 2371122893, 964664545, 3457086862, 3653992436, 870476686, 2042782835, 791485204, 3473811903, 290680591, 3641182538, 2778343915, 2750918615, 3324788318, 1857650409, 4292197268, 2608697200, 1063944957, 221930124, 2337312516, 3173717914, 3923582422, 3098634942, 2863452529, 1011917947, 1078471417, 2489264509, 757749341, 4266611162, 2021542351, 3667391577, 1492616303, 2458136105, 3259878280, 3905136288, 2215447972, 3561026260, 2962773094, 3461516303, 456606141, 1964919190, 1598506098, 2175880381, 2117264151, 2602164745, 4168784376, 547386176, 822936974, 3306635106, 1883227092, 2079433530, 2875838649, 3229927149, 78454888, 2527617311, 1276543878, 323694544, 934779946, 1810931852, 3586272064, 1830498695, 1896138712, 3378110543, 2108827291, 2293225697, 1486032499, 2755039901, 1371490995, 1101877021, 3131838656, 2630507356, 3430279390, 3048349978, 914644430, 3785832386, 3652116965, 3852971782, 1680491058, 2065438810, 2623020419, 243235240, 2917177670, 2688872145, 2053630954, 1856455765, 3043099525, 4020669534, 3463546513, 1775176878, 3863282352, 3075109915, 814059032, 916654024, 2552690554, 4293258087, 22331041, 4257771288, 2271543830, 770607472, 2725884592, 2034017171, 2642924749, 397310562, 987698260, 2448865554, 1146238424, 321534468, 2168244797, 814311881, 1354570541, 3338423139, 3952891365, 3190667985, 1187569695, 971012074, 2915741961, 2697559676, 423598351, 3936293668, 3359242901, 1516426500, 1271350670, 1076946930, 373283880, 2875977998, 2483369253, 603676701, 769753582, 3431411414, 2104618421, 1291300764, 2100026854, 3439420274, 345229038, 3033480558, 788354497, 1433918788, 3029149326, 3053195671, 3544703558, 4288723970, 2137896485, 460201776, 104361671, 718661923, 2875776299, 2783081763, 1422022897, 1835200652, 137000082, 131991025, 4170349149, 36138310, 994753418, 3856744487, 1787244966, 4129608530, 1395792177, 1592033053, 3888548797, 350513766, 3665570097, 1663230291, 1671215687, 2932523517, 4115226335, 4291394218, 2978497709, 3192038257, 511432615, 254), None)
Loaded weights: 130.12273747599164, 50.328428095016875, -2.6449237650708666, -2.4292280198748513, -7.429228019874851
events: me was killed by stupid, 
  ----
(3, (1691899976, 1377409781, 2881872091, 4065540641, 2204555101, 644262437, 1558917295, 1683706027, 129477262, 572153382, 3521962595, 1817144820, 2000104132, 3629279642, 1336456051, 104110670, 317188308, 41352382, 1587120347, 636366652, 736229622, 3276895945, 311498566, 1920685152, 393201467, 2614217513, 801854557, 3657717437, 3608726208, 566661588, 1972834238, 1315893526, 2076090189, 3802322432, 4051710310, 4258311253, 683135953, 1928857096, 216735447, 2908325954, 4179876756, 2627206421, 141915585, 442660310, 3736428414, 2004714502, 1350886377, 4214849112, 2018474892, 3618918563, 105711699, 2742101488, 248791437, 2337993800, 2770748147, 499821831, 1821109327, 1634708420, 2639419209, 2589263668, 268725635, 1059033749, 1656315176, 73191432, 1616256750, 4172638743, 3054981149, 2033514564, 895295785, 2607517796, 1716242518, 2420208316, 666923280, 384682402, 1598290488, 3162120445, 112010911, 3090973862, 2836814274, 3157941983, 3125902815, 1063199039, 2261354173, 1939549830, 1966517608, 4288114993, 2055198993, 361968586, 603902610, 708492546, 2176861072, 1788657198, 3989954676, 4016424618, 3482055866, 2483822228, 232872028, 2160820390, 2643136342, 1961780477, 123017409, 1390502444, 2112697303, 3657958446, 2464397063, 2899341660, 2680011777, 2930838424, 3939877762, 3739766712, 4126483398, 1443910391, 3946432364, 1174891812, 1883570234, 2542546020, 4294947813, 62527550, 2784356071, 2634258181, 3862130333, 2809037586, 3613069697, 1135241347, 52179414, 1452143955, 846655962, 2154490621, 2521528343, 2753217076, 1104380827, 3736919708, 1613801700, 1614197594, 3461341471, 4179781373, 3725658264, 3164905798, 3329263986, 728262895, 3595972034, 1522291041, 3856966783, 401358429, 2059721215, 2653329736, 2549915885, 2198201138, 1831611026, 3013530385, 2008374115, 1056423193, 533080441, 65538562, 2531599120, 1380596811, 2538130425, 875801936, 1764806928, 1502468248, 4294927359, 4035171056, 3517172546, 2296149124, 2632109675, 482641661, 3875441759, 1990732353, 2435946257, 3942106659, 1152251860, 2594687692, 1202829455, 2091628831, 2625427236, 2013026568, 4244749113, 3927864553, 3101029390, 1601925880, 2942918437, 227135044, 545974450, 4090695698, 2704346905, 3500141082, 159403416, 2657107560, 1405470177, 1832230321, 166412502, 3053536134, 3539048545, 3320957287, 1562048901, 4266330563, 1344430063, 2221935477, 578802583, 4153353798, 652743617, 3292020810, 3790776629, 75425031, 2941461400, 4258706626, 1357709306, 2504065732, 2104653870, 3563747955, 3988732379, 698988064, 319005490, 96032790, 3138078467, 2256522989, 1984283212, 2168999416, 3180711001, 722249265, 3730227953, 4224550546, 1613744957, 235286968, 259632825, 2622722944, 387728143, 1397924992, 479565288, 1360641206, 3112598230, 4275687841, 1268362150, 494323801, 1675405762, 882851302, 2641372554, 3949609603, 431854490, 4200960850, 2537645939, 3015810361, 420361618, 3418211479, 2508489101, 1088443149, 3973577550, 4258286126, 1836316594, 253366922, 332287888, 3706326020, 2363669675, 892960811, 1105427057, 3893497724, 3933679374, 3618526338, 3729223119, 1349522738, 4081651683, 261844700, 1966408705, 3296599128, 4129168446, 2583901921, 387285458, 3400270549, 1152042452, 3086818035, 1469147492, 2258018107, 3855837731, 4055223940, 814868730, 3377040162, 3161637268, 2034996827, 2433009891, 2190195054, 2414776659, 1124623319, 1425406596, 4289226113, 2189673369, 3381922512, 2984145571, 1077351561, 3870349095, 3610083218, 2878792347, 1859122756, 812665929, 775413498, 3143586383, 2716690839, 3221429730, 1624515815, 187635184, 4279709722, 3440886111, 3219998742, 1386908245, 1491670969, 1371419442, 1670294867, 112941569, 2931623528, 3725253463, 1487539885, 1000246208, 679852030, 2097137997, 3813678449, 3775051979, 3970100193, 1414315244, 461446374, 3563738778, 1434449892, 1748837614, 1964194522, 1542325781, 2613156364, 3123787818, 3947858279, 730836767, 2219927330, 493970670, 1742715695, 3836558157, 1798226053, 3469657492, 3854109399, 1547196922, 703518603, 1359167250, 3895570192, 2979694823, 1700455818, 110522097, 1843290518, 1187795713, 3950553150, 1305073800, 1614187855, 1190985335, 510109916, 3122456260, 4103122138, 2780060941, 3711354809, 2486127217, 2693601446, 1661187384, 2046646773, 2997715029, 2974926024, 623187163, 647074874, 3395069251, 3299534178, 1336587779, 500879554, 2811368093, 2753629081, 196054994, 1343719350, 1532868850, 1231429602, 1906555141, 2802202080, 3707304307, 3874195504, 838102719, 2946858148, 1804317426, 1144269907, 884466497, 2748495600, 235646134, 3051340110, 2563003333, 3540057507, 3979370436, 1494088629, 4079990787, 4219762803, 3843859737, 822478525, 848679743, 3229961172, 1494819910, 1492105008, 2822275729, 3218666357, 739769219, 210028201, 3518715560, 3484015437, 4160923339, 3386977210, 1905678308, 846902211, 1482322318, 2336592893, 2478151938, 3500692482, 1434407623, 1196987406, 3793889048, 3358937094, 680560104, 2420446901, 918177157, 77673654, 850534587, 691683691, 3234386621, 60825116, 849893499, 1391683210, 2911125993, 4120867414, 2400096985, 3386476815, 1487021015, 2721783812, 2581292064, 1339678927, 3110296765, 3793838209, 3411380331, 2911625457, 3627560363, 1985796311, 2993739681, 49181505, 1367045608, 3662212807, 229238941, 63970493, 408857838, 3646228115, 1899415505, 2645628397, 232675290, 2798786168, 170568992, 2407678829, 3789202218, 2153734204, 3001447369, 3843122882, 1380175085, 2371122893, 964664545, 3457086862, 3653992436, 870476686, 2042782835, 791485204, 3473811903, 290680591, 3641182538, 2778343915, 2750918615, 3324788318, 1857650409, 4292197268, 2608697200, 1063944957, 221930124, 2337312516, 3173717914, 3923582422, 3098634942, 2863452529, 1011917947, 1078471417, 2489264509, 757749341, 4266611162, 2021542351, 3667391577, 1492616303, 2458136105, 3259878280, 3905136288, 2215447972, 3561026260, 2962773094, 3461516303, 456606141, 1964919190, 1598506098, 2175880381, 2117264151, 2602164745, 4168784376, 547386176, 822936974, 3306635106, 1883227092, 2079433530, 2875838649, 3229927149, 78454888, 2527617311, 1276543878, 323694544, 934779946, 1810931852, 3586272064, 1830498695, 1896138712, 3378110543, 2108827291, 2293225697, 1486032499, 2755039901, 1371490995, 1101877021, 3131838656, 2630507356, 3430279390, 3048349978, 914644430, 3785832386, 3652116965, 3852971782, 1680491058, 2065438810, 2623020419, 243235240, 2917177670, 2688872145, 2053630954, 1856455765, 3043099525, 4020669534, 3463546513, 1775176878, 3863282352, 3075109915, 814059032, 916654024, 2552690554, 4293258087, 22331041, 4257771288, 2271543830, 770607472, 2725884592, 2034017171, 2642924749, 397310562, 987698260, 2448865554, 1146238424, 321534468, 2168244797, 814311881, 1354570541, 3338423139, 3952891365, 3190667985, 1187569695, 971012074, 2915741961, 2697559676, 423598351, 3936293668, 3359242901, 1516426500, 1271350670, 1076946930, 373283880, 2875977998, 2483369253, 603676701, 769753582, 3431411414, 2104618421, 1291300764, 2100026854, 3439420274, 345229038, 3033480558, 788354497, 1433918788, 3029149326, 3053195671, 3544703558, 4288723970, 2137896485, 460201776, 104361671, 718661923, 2875776299, 2783081763, 1422022897, 1835200652, 137000082, 131991025, 4170349149, 36138310, 994753418, 3856744487, 1787244966, 4129608530, 1395792177, 1592033053, 3888548797, 350513766, 3665570097, 1663230291, 1671215687, 2932523517, 4115226335, 4291394218, 2978497709, 3192038257, 511432615, 368), None)
Loaded weights: 129.98940619930963, 45.27934005830831, -2.6449237650708666, -2.4292280198748513, -7.429228019874851
events: me found the exit, 
  ----
(3, (3162553100, 1565595162, 797505154, 549027258, 64671351, 3337322348, 2573183817, 1535222985, 2588458222, 575363308, 2794447608, 1860487077, 1802608835, 486461054, 3408862497, 568553858, 2440980714, 2164142391, 374743848, 658693312, 2442808016, 2306890014, 983413804, 2685864761, 3323147201, 1667848984, 1100343767, 3833788345, 2570764773, 1651090440, 2232178831, 1024236377, 2122877903, 3248702478, 96568948, 101110108, 2499273717, 1195708959, 1626348790, 3470867051, 3584900372, 2353627095, 3615085612, 586368802, 2020531902, 2836688325, 3838425535, 219249175, 795053411, 3622855468, 3077211264, 3561504057, 2318350665, 708915852, 1471317600, 497759537, 3584471840, 3319945110, 3229545815, 3899988735, 1216973851, 3902263648, 835453834, 1240034052, 2323586752, 218968430, 1841894189, 1521363201, 2821710297, 3503442940, 3456927488, 1029260897, 4104347461, 3034346092, 3093242460, 3613671708, 2538523991, 3919592315, 784892518, 2089903246, 1812721969, 2789005306, 965066170, 2932113353, 2347327002, 444075405, 1924649002, 3412630800, 1307237102, 2456031201, 3070465183, 3727382170, 4089442033, 3011840137, 4204682028, 2292326433, 458392046, 1004260925, 3157837523, 454258690, 1463964161, 1021823805, 3581844463, 4040759324, 1734688032, 331436477, 661079576, 245056251, 3290298213, 3128841998, 4138580428, 2738127529, 789918996, 728346573, 1014073880, 2366097825, 2485069663, 3874058795, 2794306693, 591980510, 772106002, 2047533310, 2689501933, 2780334710, 3824222405, 1486239728, 596759905, 1323784072, 2658699716, 1280528392, 433730176, 2445239216, 3921000520, 1535700822, 2176041363, 336894998, 3255455008, 1833385233, 1633426926, 2339371056, 2385605509, 3311249077, 1738321012, 1271681150, 3244476981, 3141135367, 2814898985, 3252445522, 2957137743, 3564182182, 508926249, 1762545412, 10533792, 4139450000, 2001251564, 3208797267, 4167066648, 1302645531, 2973841537, 2975431490, 1117715756, 4180106419, 3936154, 3293834734, 1448491420, 2600378169, 3001138898, 1466708020, 133105195, 3699065147, 1268450681, 3274709874, 177724761, 2935428590, 1656862091, 1293385319, 608071742, 101199619, 612039922, 3465345215, 1358641930, 3140388183, 2917973292, 3932903246, 1169061091, 2286356506, 1916924545, 3156082099, 3535381473, 3388261145, 261318445, 1153384833, 3574399405, 2733773145, 312480432, 1155894975, 1215780643, 932701462, 1152001286, 3507660303, 606359266, 3273919846, 1885282167, 2991318255, 707330704, 85233521, 42661360, 2036808166, 1269823419, 3991945588, 1872650394, 3965751742, 1750834605, 1923727372, 2298826392, 633773627, 3882003777, 3542498453, 385010422, 3573625076, 511342862, 1205179580, 4064953859, 1635589417, 3215035757, 1824797225, 936543719, 2999611896, 1977468993, 860605417, 3336381877, 1712724900, 1364765599, 2830237608, 1104034362, 2498801195, 3472279922, 3931188021, 1406537228, 3118048165, 3692474429, 2275936232, 2637505302, 1119131891, 2038868078, 540925583, 1504377303, 3877875977, 2383237211, 863671268, 2388790587, 426433867, 2700946386, 4167885872, 3498831879, 3959510626, 163483209, 1931959991, 1429508544, 3726949601, 2255418208, 2790503595, 607772528, 4026068458, 2471246256, 729472031, 1925155806, 3086508030, 247415409, 3165741214, 3098589280, 2475678576, 3519974023, 3162590658, 699776902, 1901784489, 844962014, 652234798, 2500714894, 1422967103, 3536696248, 2110290722, 3145185070, 233824819, 2703774462, 26836185, 291905636, 3805894487, 2197909161, 4245668376, 1049530406, 189761595, 437706259, 3916303061, 2471505173, 3358486312, 967895376, 3415936504, 47373932, 186650421, 3945453159, 1208145833, 1645771295, 3214005454, 1097850125, 3030228921, 1808787386, 2584095813, 1398890611, 608893018, 3129386038, 748554851, 3000546282, 2604547216, 607213631, 667714712, 2678358418, 2637610962, 3029642600, 3349249158, 2299303396, 1315039481, 2235755815, 1179262459, 3614751313, 1895276931, 423347091, 435871862, 2516625013, 2116073110, 474400897, 1073897450, 4162151433, 1232825061, 2204408289, 3969673452, 2389082246, 929582432, 3516526700, 3042357939, 495361798, 2250183495, 3099303358, 4076587803, 1341817939, 486241121, 746271664, 856364144, 4372115, 1805391028, 1378572661, 820909346, 147897251, 1376784381, 3943779245, 505870641, 352039532, 3527411762, 2197268909, 1435720246, 970825191, 2137926221, 452588663, 1221326001, 2791245826, 613145095, 2741255147, 2745151484, 3790514500, 3326459945, 1481591438, 907413075, 3360434207, 1714779305, 3591298816, 3313995318, 1868807248, 2634471510, 2028409980, 1202023931, 3965001271, 2720150993, 1338675805, 2398637050, 3089794590, 299783263, 1435760548, 2836930431, 950857522, 2155763418, 3826337796, 987409343, 3062449313, 1073041221, 2441673041, 3370928949, 1127322288, 1665576493, 1038894603, 4020125411, 3389489203, 436903545, 3441596249, 135481593, 2594330146, 1839214707, 2799227582, 2739675830, 2558709584, 2633871008, 2389835597, 300299799, 426587039, 2954125468, 3192743912, 1390936931, 1147229043, 3070213804, 91180687, 1431412047, 2341184028, 2641003163, 1042954132, 2532880016, 3396571470, 2985526322, 3222222349, 1758067954, 1036013022, 4125491702, 1515447408, 3599464058, 3403272150, 4154348538, 2604787026, 3416206516, 898615307, 1193532014, 1481397762, 3079133500, 3930685069, 2234128623, 2422517165, 116489846, 1156974268, 1344135451, 3328719816, 1534013342, 3642492373, 2191988630, 559066423, 2144994390, 508330312, 3355169614, 761854529, 2959783662, 340570414, 2855836239, 1072115299, 4105251193, 3207033378, 4282490426, 1162979699, 3799174615, 563384095, 2602920248, 3671047306, 843235222, 3091388962, 3498828974, 2215209298, 2132515112, 630561037, 121598490, 2479701986, 3528844548, 4280568707, 1229123545, 2688973032, 869928883, 938573761, 4021049578, 154583642, 3187524794, 2253663327, 3313382923, 3204602149, 4061077552, 3830788729, 1310303770, 3082078169, 1835913064, 4293512222, 1211150101, 2556165575, 2540655856, 1520476618, 741669307, 4021458828, 2174661415, 2751975173, 188620855, 155520067, 262523203, 2858158253, 1816605223, 377901323, 1083257832, 465779425, 3000115398, 372517926, 2496660152, 729311609, 4276291704, 3663410363, 1051012689, 450781578, 2748435593, 4262379485, 2433034114, 414785363, 713964100, 3581437768, 2010498302, 2913073559, 1477168865, 1348608466, 3690548614, 3185383300, 281783708, 3448042967, 2095173920, 599335335, 753949550, 2364956902, 2588649412, 1501105583, 350074563, 2938616702, 3305895365, 1695436551, 1356258920, 351143360, 1560873792, 3312744670, 2948935308, 3417442107, 1878446216, 2546141046, 3148274347, 100179184, 2172911337, 1640724699, 4239204997, 2385623759, 3721894724, 1666137276, 347968520, 573261062, 4051728651, 3505241892, 1109958106, 1573541285, 873469416, 3685668685, 394763739, 1329230435, 24552691, 166918940, 3906937472, 661436227, 2058685889, 3790552820, 1095391538, 384349879, 542819690, 1619262112, 1201578482, 3823386479, 3223698290, 1155583754, 3444759750, 4187406132, 847275426, 3973441217, 2759268372, 534427969, 599393104, 2971152498, 809638613, 1384998902, 1705619478, 1294478116, 3702810090, 1159840817, 3965298396, 1548830613, 3559722688, 3131758617, 62235217, 2505893902, 3770656582, 3247617151, 4119072375, 944199079, 972333791, 1509961790, 1202523899, 3613502722, 1960377332, 2120873917, 240126287, 3140854110, 534889111, 489601848, 3493146436, 683195174, 1786550309, 3648435215, 3379427828, 4265205196, 1470175286, 517541945, 1567739702, 84), None)
Loaded weights: 134.83320663694226, 45.27934005830831, -2.6449237650708666, -2.4292280198748513, 2.5707719801251487
events: 
  ----
(3, (3162553100, 1565595162, 797505154, 549027258, 64671351, 3337322348, 2573183817, 1535222985, 2588458222, 575363308, 2794447608, 1860487077, 1802608835, 486461054, 3408862497, 568553858, 2440980714, 2164142391, 374743848, 658693312, 2442808016, 2306890014, 983413804, 2685864761, 3323147201, 1667848984, 1100343767, 3833788345, 2570764773, 1651090440, 2232178831, 1024236377, 2122877903, 3248702478, 96568948, 101110108, 2499273717, 1195708959, 1626348790, 3470867051, 3584900372, 2353627095, 3615085612, 586368802, 2020531902, 2836688325, 3838425535, 219249175, 795053411, 3622855468, 3077211264, 3561504057, 2318350665, 708915852, 1471317600, 497759537, 3584471840, 3319945110, 3229545815, 3899988735, 1216973851, 3902263648, 835453834, 1240034052, 2323586752, 218968430, 1841894189, 1521363201, 2821710297, 3503442940, 3456927488, 1029260897, 4104347461, 3034346092, 3093242460, 3613671708, 2538523991, 3919592315, 784892518, 2089903246, 1812721969, 2789005306, 965066170, 2932113353, 2347327002, 444075405, 1924649002, 3412630800, 1307237102, 2456031201, 3070465183, 3727382170, 4089442033, 3011840137, 4204682028, 2292326433, 458392046, 1004260925, 3157837523, 454258690, 1463964161, 1021823805, 3581844463, 4040759324, 1734688032, 331436477, 661079576, 245056251, 3290298213, 3128841998, 4138580428, 2738127529, 789918996, 728346573, 1014073880, 2366097825, 2485069663, 3874058795, 2794306693, 591980510, 772106002, 2047533310, 2689501933, 2780334710, 3824222405, 1486239728, 596759905, 1323784072, 2658699716, 1280528392, 433730176, 2445239216, 3921000520, 1535700822, 2176041363, 336894998, 3255455008, 1833385233, 1633426926, 2339371056, 2385605509, 3311249077, 1738321012, 1271681150, 3244476981, 3141135367, 2814898985, 3252445522, 2957137743, 3564182182, 508926249, 1762545412, 10533792, 4139450000, 2001251564, 3208797267, 4167066648, 1302645531, 2973841537, 2975431490, 1117715756, 4180106419, 3936154, 3293834734, 1448491420, 2600378169, 3001138898, 1466708020, 133105195, 3699065147, 1268450681, 3274709874, 177724761, 2935428590, 1656862091, 1293385319, 608071742, 101199619, 612039922, 3465345215, 1358641930, 3140388183, 2917973292, 3932903246, 1169061091, 2286356506, 1916924545, 3156082099, 3535381473, 3388261145, 261318445, 1153384833, 3574399405, 2733773145, 312480432, 1155894975, 1215780643, 932701462, 1152001286, 3507660303, 606359266, 3273919846, 1885282167, 2991318255, 707330704, 85233521, 42661360, 2036808166, 1269823419, 3991945588, 1872650394, 3965751742, 1750834605, 1923727372, 2298826392, 633773627, 3882003777, 3542498453, 385010422, 3573625076, 511342862, 1205179580, 4064953859, 1635589417, 3215035757, 1824797225, 936543719, 2999611896, 1977468993, 860605417, 3336381877, 1712724900, 1364765599, 2830237608, 1104034362, 2498801195, 3472279922, 3931188021, 1406537228, 3118048165, 3692474429, 2275936232, 2637505302, 1119131891, 2038868078, 540925583, 1504377303, 3877875977, 2383237211, 863671268, 2388790587, 426433867, 2700946386, 4167885872, 3498831879, 3959510626, 163483209, 1931959991, 1429508544, 3726949601, 2255418208, 2790503595, 607772528, 4026068458, 2471246256, 729472031, 1925155806, 3086508030, 247415409, 3165741214, 3098589280, 2475678576, 3519974023, 3162590658, 699776902, 1901784489, 844962014, 652234798, 2500714894, 1422967103, 3536696248, 2110290722, 3145185070, 233824819, 2703774462, 26836185, 291905636, 3805894487, 2197909161, 4245668376, 1049530406, 189761595, 437706259, 3916303061, 2471505173, 3358486312, 967895376, 3415936504, 47373932, 186650421, 3945453159, 1208145833, 1645771295, 3214005454, 1097850125, 3030228921, 1808787386, 2584095813, 1398890611, 608893018, 3129386038, 748554851, 3000546282, 2604547216, 607213631, 667714712, 2678358418, 2637610962, 3029642600, 3349249158, 2299303396, 1315039481, 2235755815, 1179262459, 3614751313, 1895276931, 423347091, 435871862, 2516625013, 2116073110, 474400897, 1073897450, 4162151433, 1232825061, 2204408289, 3969673452, 2389082246, 929582432, 3516526700, 3042357939, 495361798, 2250183495, 3099303358, 4076587803, 1341817939, 486241121, 746271664, 856364144, 4372115, 1805391028, 1378572661, 820909346, 147897251, 1376784381, 3943779245, 505870641, 352039532, 3527411762, 2197268909, 1435720246, 970825191, 2137926221, 452588663, 1221326001, 2791245826, 613145095, 2741255147, 2745151484, 3790514500, 3326459945, 1481591438, 907413075, 3360434207, 1714779305, 3591298816, 3313995318, 1868807248, 2634471510, 2028409980, 1202023931, 3965001271, 2720150993, 1338675805, 2398637050, 3089794590, 299783263, 1435760548, 2836930431, 950857522, 2155763418, 3826337796, 987409343, 3062449313, 1073041221, 2441673041, 3370928949, 1127322288, 1665576493, 1038894603, 4020125411, 3389489203, 436903545, 3441596249, 135481593, 2594330146, 1839214707, 2799227582, 2739675830, 2558709584, 2633871008, 2389835597, 300299799, 426587039, 2954125468, 3192743912, 1390936931, 1147229043, 3070213804, 91180687, 1431412047, 2341184028, 2641003163, 1042954132, 2532880016, 3396571470, 2985526322, 3222222349, 1758067954, 1036013022, 4125491702, 1515447408, 3599464058, 3403272150, 4154348538, 2604787026, 3416206516, 898615307, 1193532014, 1481397762, 3079133500, 3930685069, 2234128623, 2422517165, 116489846, 1156974268, 1344135451, 3328719816, 1534013342, 3642492373, 2191988630, 559066423, 2144994390, 508330312, 3355169614, 761854529, 2959783662, 340570414, 2855836239, 1072115299, 4105251193, 3207033378, 4282490426, 1162979699, 3799174615, 563384095, 2602920248, 3671047306, 843235222, 3091388962, 3498828974, 2215209298, 2132515112, 630561037, 121598490, 2479701986, 3528844548, 4280568707, 1229123545, 2688973032, 869928883, 938573761, 4021049578, 154583642, 3187524794, 2253663327, 3313382923, 3204602149, 4061077552, 3830788729, 1310303770, 3082078169, 1835913064, 4293512222, 1211150101, 2556165575, 2540655856, 1520476618, 741669307, 4021458828, 2174661415, 2751975173, 188620855, 155520067, 262523203, 2858158253, 1816605223, 377901323, 1083257832, 465779425, 3000115398, 372517926, 2496660152, 729311609, 4276291704, 3663410363, 1051012689, 450781578, 2748435593, 4262379485, 2433034114, 414785363, 713964100, 3581437768, 2010498302, 2913073559, 1477168865, 1348608466, 3690548614, 3185383300, 281783708, 3448042967, 2095173920, 599335335, 753949550, 2364956902, 2588649412, 1501105583, 350074563, 2938616702, 3305895365, 1695436551, 1356258920, 351143360, 1560873792, 3312744670, 2948935308, 3417442107, 1878446216, 2546141046, 3148274347, 100179184, 2172911337, 1640724699, 4239204997, 2385623759, 3721894724, 1666137276, 347968520, 573261062, 4051728651, 3505241892, 1109958106, 1573541285, 873469416, 3685668685, 394763739, 1329230435, 24552691, 166918940, 3906937472, 661436227, 2058685889, 3790552820, 1095391538, 384349879, 542819690, 1619262112, 1201578482, 3823386479, 3223698290, 1155583754, 3444759750, 4187406132, 847275426, 3973441217, 2759268372, 534427969, 599393104, 2971152498, 809638613, 1384998902, 1705619478, 1294478116, 3702810090, 1159840817, 3965298396, 1548830613, 3559722688, 3131758617, 62235217, 2505893902, 3770656582, 3247617151, 4119072375, 944199079, 972333791, 1509961790, 1202523899, 3613502722, 1960377332, 2120873917, 240126287, 3140854110, 534889111, 489601848, 3493146436, 683195174, 1786550309, 3648435215, 3379427828, 4265205196, 1470175286, 517541945, 1567739702, 311), None)
Loaded weights: 135.66895142994272, 48.490039023469926, -2.6449237650708666, -2.4292280198748513, -7.429228019874851
events: 
  ----
(3, (3162553100, 1565595162, 797505154, 549027258, 64671351, 3337322348, 2573183817, 1535222985, 2588458222, 575363308, 2794447608, 1860487077, 1802608835, 486461054, 3408862497, 568553858, 2440980714, 2164142391, 374743848, 658693312, 2442808016, 2306890014, 983413804, 2685864761, 3323147201, 1667848984, 1100343767, 3833788345, 2570764773, 1651090440, 2232178831, 1024236377, 2122877903, 3248702478, 96568948, 101110108, 2499273717, 1195708959, 1626348790, 3470867051, 3584900372, 2353627095, 3615085612, 586368802, 2020531902, 2836688325, 3838425535, 219249175, 795053411, 3622855468, 3077211264, 3561504057, 2318350665, 708915852, 1471317600, 497759537, 3584471840, 3319945110, 3229545815, 3899988735, 1216973851, 3902263648, 835453834, 1240034052, 2323586752, 218968430, 1841894189, 1521363201, 2821710297, 3503442940, 3456927488, 1029260897, 4104347461, 3034346092, 3093242460, 3613671708, 2538523991, 3919592315, 784892518, 2089903246, 1812721969, 2789005306, 965066170, 2932113353, 2347327002, 444075405, 1924649002, 3412630800, 1307237102, 2456031201, 3070465183, 3727382170, 4089442033, 3011840137, 4204682028, 2292326433, 458392046, 1004260925, 3157837523, 454258690, 1463964161, 1021823805, 3581844463, 4040759324, 1734688032, 331436477, 661079576, 245056251, 3290298213, 3128841998, 4138580428, 2738127529, 789918996, 728346573, 1014073880, 2366097825, 2485069663, 3874058795, 2794306693, 591980510, 772106002, 2047533310, 2689501933, 2780334710, 3824222405, 1486239728, 596759905, 1323784072, 2658699716, 1280528392, 433730176, 2445239216, 3921000520, 1535700822, 2176041363, 336894998, 3255455008, 1833385233, 1633426926, 2339371056, 2385605509, 3311249077, 1738321012, 1271681150, 3244476981, 3141135367, 2814898985, 3252445522, 2957137743, 3564182182, 508926249, 1762545412, 10533792, 4139450000, 2001251564, 3208797267, 4167066648, 1302645531, 2973841537, 2975431490, 1117715756, 4180106419, 3936154, 3293834734, 1448491420, 2600378169, 3001138898, 1466708020, 133105195, 3699065147, 1268450681, 3274709874, 177724761, 2935428590, 1656862091, 1293385319, 608071742, 101199619, 612039922, 3465345215, 1358641930, 3140388183, 2917973292, 3932903246, 1169061091, 2286356506, 1916924545, 3156082099, 3535381473, 3388261145, 261318445, 1153384833, 3574399405, 2733773145, 312480432, 1155894975, 1215780643, 932701462, 1152001286, 3507660303, 606359266, 3273919846, 1885282167, 2991318255, 707330704, 85233521, 42661360, 2036808166, 1269823419, 3991945588, 1872650394, 3965751742, 1750834605, 1923727372, 2298826392, 633773627, 3882003777, 3542498453, 385010422, 3573625076, 511342862, 1205179580, 4064953859, 1635589417, 3215035757, 1824797225, 936543719, 2999611896, 1977468993, 860605417, 3336381877, 1712724900, 1364765599, 2830237608, 1104034362, 2498801195, 3472279922, 3931188021, 1406537228, 3118048165, 3692474429, 2275936232, 2637505302, 1119131891, 2038868078, 540925583, 1504377303, 3877875977, 2383237211, 863671268, 2388790587, 426433867, 2700946386, 4167885872, 3498831879, 3959510626, 163483209, 1931959991, 1429508544, 3726949601, 2255418208, 2790503595, 607772528, 4026068458, 2471246256, 729472031, 1925155806, 3086508030, 247415409, 3165741214, 3098589280, 2475678576, 3519974023, 3162590658, 699776902, 1901784489, 844962014, 652234798, 2500714894, 1422967103, 3536696248, 2110290722, 3145185070, 233824819, 2703774462, 26836185, 291905636, 3805894487, 2197909161, 4245668376, 1049530406, 189761595, 437706259, 3916303061, 2471505173, 3358486312, 967895376, 3415936504, 47373932, 186650421, 3945453159, 1208145833, 1645771295, 3214005454, 1097850125, 3030228921, 1808787386, 2584095813, 1398890611, 608893018, 3129386038, 748554851, 3000546282, 2604547216, 607213631, 667714712, 2678358418, 2637610962, 3029642600, 3349249158, 2299303396, 1315039481, 2235755815, 1179262459, 3614751313, 1895276931, 423347091, 435871862, 2516625013, 2116073110, 474400897, 1073897450, 4162151433, 1232825061, 2204408289, 3969673452, 2389082246, 929582432, 3516526700, 3042357939, 495361798, 2250183495, 3099303358, 4076587803, 1341817939, 486241121, 746271664, 856364144, 4372115, 1805391028, 1378572661, 820909346, 147897251, 1376784381, 3943779245, 505870641, 352039532, 3527411762, 2197268909, 1435720246, 970825191, 2137926221, 452588663, 1221326001, 2791245826, 613145095, 2741255147, 2745151484, 3790514500, 3326459945, 1481591438, 907413075, 3360434207, 1714779305, 3591298816, 3313995318, 1868807248, 2634471510, 2028409980, 1202023931, 3965001271, 2720150993, 1338675805, 2398637050, 3089794590, 299783263, 1435760548, 2836930431, 950857522, 2155763418, 3826337796, 987409343, 3062449313, 1073041221, 2441673041, 3370928949, 1127322288, 1665576493, 1038894603, 4020125411, 3389489203, 436903545, 3441596249, 135481593, 2594330146, 1839214707, 2799227582, 2739675830, 2558709584, 2633871008, 2389835597, 300299799, 426587039, 2954125468, 3192743912, 1390936931, 1147229043, 3070213804, 91180687, 1431412047, 2341184028, 2641003163, 1042954132, 2532880016, 3396571470, 2985526322, 3222222349, 1758067954, 1036013022, 4125491702, 1515447408, 3599464058, 3403272150, 4154348538, 2604787026, 3416206516, 898615307, 1193532014, 1481397762, 3079133500, 3930685069, 2234128623, 2422517165, 116489846, 1156974268, 1344135451, 3328719816, 1534013342, 3642492373, 2191988630, 559066423, 2144994390, 508330312, 3355169614, 761854529, 2959783662, 340570414, 2855836239, 1072115299, 4105251193, 3207033378, 4282490426, 1162979699, 3799174615, 563384095, 2602920248, 3671047306, 843235222, 3091388962, 3498828974, 2215209298, 2132515112, 630561037, 121598490, 2479701986, 3528844548, 4280568707, 1229123545, 2688973032, 869928883, 938573761, 4021049578, 154583642, 3187524794, 2253663327, 3313382923, 3204602149, 4061077552, 3830788729, 1310303770, 3082078169, 1835913064, 4293512222, 1211150101, 2556165575, 2540655856, 1520476618, 741669307, 4021458828, 2174661415, 2751975173, 188620855, 155520067, 262523203, 2858158253, 1816605223, 377901323, 1083257832, 465779425, 3000115398, 372517926, 2496660152, 729311609, 4276291704, 3663410363, 1051012689, 450781578, 2748435593, 4262379485, 2433034114, 414785363, 713964100, 3581437768, 2010498302, 2913073559, 1477168865, 1348608466, 3690548614, 3185383300, 281783708, 3448042967, 2095173920, 599335335, 753949550, 2364956902, 2588649412, 1501105583, 350074563, 2938616702, 3305895365, 1695436551, 1356258920, 351143360, 1560873792, 3312744670, 2948935308, 3417442107, 1878446216, 2546141046, 3148274347, 100179184, 2172911337, 1640724699, 4239204997, 2385623759, 3721894724, 1666137276, 347968520, 573261062, 4051728651, 3505241892, 1109958106, 1573541285, 873469416, 3685668685, 394763739, 1329230435, 24552691, 166918940, 3906937472, 661436227, 2058685889, 3790552820, 1095391538, 384349879, 542819690, 1619262112, 1201578482, 3823386479, 3223698290, 1155583754, 3444759750, 4187406132, 847275426, 3973441217, 2759268372, 534427969, 599393104, 2971152498, 809638613, 1384998902, 1705619478, 1294478116, 3702810090, 1159840817, 3965298396, 1548830613, 3559722688, 3131758617, 62235217, 2505893902, 3770656582, 3247617151, 4119072375, 944199079, 972333791, 1509961790, 1202523899, 3613502722, 1960377332, 2120873917, 240126287, 3140854110, 534889111, 489601848, 3493146436, 683195174, 1786550309, 3648435215, 3379427828, 4265205196, 1470175286, 517541945, 1567739702, 553), None)
Loaded weights: 136.73165564965188, 52.99017768875334, -2.6449237650708666, -2.4292280198748513, -7.429228019874851
events: 
  ----
(3, (233710880, 707280202, 4290936894, 1390565335, 964633039, 411431458, 4242221634, 2542143573, 1015389189, 3047105474, 1295446459, 875737070, 2458044831, 854507778, 1092062934, 298977258, 1768147160, 4117132924, 1095331075, 1286370843, 4064252451, 1478595737, 3696404492, 1904904995, 3973984023, 2280158112, 1035036051, 535183715, 3234289206, 1535224469, 2940666241, 2609690854, 3577193457, 414394186, 3582467796, 1504349939, 221538858, 2872699689, 1978073438, 1599690369, 2551174490, 871414804, 3875437229, 3598586322, 145268434, 2064171437, 3648091042, 3394203858, 2078658701, 2648537480, 2822996445, 84093358, 3615985360, 176942599, 3892784657, 882890968, 2768959621, 3563008053, 1566083918, 3909142524, 2658366207, 1728130982, 3494223099, 3122199874, 3116828301, 3938291770, 1445816712, 2894843692, 4081863878, 3184131850, 4125535353, 454804831, 2330320280, 3626432636, 346667430, 4147793785, 3941064568, 3299442385, 3961345859, 1344865220, 1516012580, 4236551733, 3182461064, 1912983756, 999878387, 812460623, 2554956338, 3768664360, 1430552868, 2106270645, 2635762557, 75658718, 2396230273, 3405507151, 2956226471, 2990574825, 3436574932, 525282929, 3672567025, 3892918293, 2874125562, 1543858852, 4193402665, 3618984341, 2614507574, 452374351, 2447431905, 291128256, 829954464, 1842384365, 2281947747, 1279893611, 1047414783, 135063850, 190535351, 4169091593, 345964978, 269834790, 1862360510, 232575491, 2664742134, 1998670452, 3285803705, 4031328238, 1187324348, 1572355367, 1353084730, 2728246645, 1042441957, 1552890002, 3542547550, 3372731296, 2098190903, 1414899137, 921411371, 45877047, 3277550905, 3159911953, 2684115932, 2271806642, 4017870150, 3706318148, 3773685242, 3703020226, 2487392436, 3724889227, 1038564329, 73261990, 3321734111, 496008048, 1534195466, 2543016614, 2163975651, 2120010374, 120217631, 503007959, 58193879, 261723728, 2239440613, 33571370, 2972093070, 1647657675, 3551105020, 3150357482, 3596575385, 79334092, 1604718066, 1095885959, 2696056217, 3019849728, 552511818, 3585189231, 4288981111, 3473202521, 3308651053, 4092593899, 3678862956, 81119438, 2652113386, 150890277, 3271644038, 3037880825, 3037728981, 3208594852, 3379648715, 431945387, 3045469092, 478250990, 1501940039, 3239819784, 2565673807, 43384955, 4164133542, 467496622, 3738421142, 4028313706, 3347027809, 1735710386, 1574454532, 239296740, 4122937459, 1536026493, 2207834361, 3225971014, 2067615777, 3235368583, 3375862404, 2224561829, 252478053, 768540787, 1906132516, 977589003, 1301027826, 2062242033, 3317429901, 294405921, 4017777666, 1448599107, 4206212926, 1736804257, 1234588283, 2036017105, 551274431, 2028055461, 3100357117, 2620973589, 1142224842, 3993530847, 2860869729, 1168417339, 568941061, 2296104159, 215813622, 2621192031, 83292063, 1543436476, 1505691271, 618526397, 2983644899, 1702961502, 1899676406, 260906845, 3917544268, 1436589295, 2087725540, 4103381303, 3862240832, 741444305, 27057515, 1114316366, 2755089753, 4238392062, 4225630648, 3439078735, 1776740946, 487629261, 4212831505, 2245871969, 764827209, 2516638273, 3532803520, 2274685292, 1851193350, 1150449394, 1737242105, 1287177393, 1151695230, 1180222653, 765987931, 3131451037, 2679766122, 4182207310, 625502028, 2376838241, 1810544345, 1657494754, 2393723295, 2730848538, 4133747182, 4276180748, 1953485718, 4122801542, 3948976414, 3047084538, 228277894, 1441504124, 1097129096, 1190884724, 428265130, 2399327464, 649562496, 767875419, 1191323023, 2257440733, 3365730488, 2945726574, 2550430198, 3029320527, 2273538586, 645400180, 623846263, 3165467766, 3908216094, 324567329, 1206845906, 2583340190, 3290604857, 2867102914, 4003584536, 2700333715, 3175245090, 586462982, 2113025031, 1398380274, 4081517412, 1519829485, 856718428, 3343965641, 1733479325, 3394623603, 885239532, 731752939, 1215115979, 2120684835, 4265365103, 1332985319, 3841214510, 960974623, 588591599, 1859775414, 4155801184, 1054096109, 3879971554, 156902606, 1729394614, 1984649699, 912567133, 2697935445, 2414496237, 1890388092, 2450247766, 1460050024, 403316571, 3932877636, 2271236937, 2034025574, 341399611, 134043488, 1122975790, 1942257372, 3896386943, 3685076146, 3988294150, 4230380083, 1954967858, 878690259, 1974418571, 190158935, 2748212923, 4176061467, 4075421752, 2728383951, 3218165168, 3497324856, 1997878221, 390526710, 3601257292, 2676785636, 650362255, 2362079421, 1588865332, 694959204, 873940480, 383800425, 1721640125, 2991357431, 320018267, 654474548, 759782532, 802789927, 3058000049, 4190607854, 445083434, 1600304344, 3732802720, 2947734839, 2407857482, 3983605015, 1644849574, 2711694334, 2141406954, 1410560022, 3259538865, 3463102853, 3157225922, 3240772801, 458532809, 2802858640, 2071333569, 61855921, 453583546, 2058352990, 787550792, 3591886205, 3943522344, 2373476533, 1498969726, 2403349550, 4218205865, 1797283756, 1858399856, 1557098971, 28624613, 3936393296, 3976017536, 3804090401, 3664012638, 1129448663, 2973138435, 4260787112, 3428884284, 2177293404, 4217857826, 2722521030, 1066210475, 2765582045, 2049416861, 3948883612, 1635706758, 4004582081, 3943551611, 508671946, 3138971514, 2224513069, 3780610303, 3435386559, 241102148, 1572564261, 562511765, 2711622763, 2708925529, 344002692, 1391786010, 3439423324, 3880885777, 3649153754, 171053166, 4228964430, 940092442, 3917095419, 1192012174, 3085824345, 3217361842, 2343057973, 4131203752, 3768791286, 3383779267, 3876748779, 730587324, 1397667047, 3818715202, 4283862009, 4090441352, 2424173015, 693060129, 3702591654, 1017151125, 1830531047, 1741221130, 2877575141, 707612795, 4155659709, 4144699450, 4023615921, 1159428179, 3875948661, 3217217917, 3021236525, 1011158520, 2033061511, 4213834042, 763202431, 65946512, 557323233, 2120934075, 3944729092, 4010232409, 967861283, 3768066657, 3968084789, 841257286, 1484313590, 2980586468, 3514840898, 233795269, 1090018494, 901048991, 2824910764, 545292802, 3997380625, 1362889893, 4131422247, 4228974748, 42722582, 1307465942, 1680368052, 3735670520, 3766943289, 3973440997, 2692386573, 3220623526, 3241130725, 1788485440, 3040998922, 2158056067, 350879343, 132285043, 3233310385, 1699105434, 2455116537, 2479543039, 3793799964, 3565083153, 400307682, 1099076832, 2947703539, 193241271, 2076289205, 4106805944, 1463316266, 1831365041, 3476759006, 2407696681, 3260650826, 3888207648, 454421520, 865450285, 2865871005, 3648650555, 2524816219, 2066938310, 4180672900, 1947354189, 296370227, 2427603599, 2609084639, 3182342199, 1059204439, 4014371937, 177306803, 3886963336, 399590109, 3895303290, 988030358, 1470923453, 1387442097, 1686577586, 3869367523, 2669459127, 2402645360, 1749969443, 3506040251, 1816351511, 2193322020, 1912882279, 830455811, 3911117530, 2532486616, 1667828008, 3535074341, 1312343419, 3080178739, 429517055, 2250617791, 399521237, 1924054398, 1342909989, 1086622231, 3149336843, 2412309891, 3666809936, 139275944, 1830784258, 3670900532, 1500386397, 1965787844, 3912541619, 3932559361, 1672898682, 2526543435, 3802147123, 1367418463, 958186499, 759071115, 2845856394, 3521359514, 2799501277, 2599024103, 4055784851, 1052324359, 1723828170, 2673856093, 1367788051, 3593997655, 2733677700, 4801691, 2500308357, 2650125872, 2209080340, 3166381099, 3242328224, 3286555663, 2034928803, 2165547222, 3312085685, 911619125, 228054835, 3390090290, 816155884, 3176428375, 2780450206, 709576961, 4019364698, 497268057, 166), None)
Loaded weights: 138.06432398214554, 58.27731131624119, -2.6449237650708666, -2.4292280198748513, -7.429228019874851
events: 
  ----
(3, (233710880, 707280202, 4290936894, 1390565335, 964633039, 411431458, 4242221634, 2542143573, 1015389189, 3047105474, 1295446459, 875737070, 2458044831, 854507778, 1092062934, 298977258, 1768147160, 4117132924, 1095331075, 1286370843, 4064252451, 1478595737, 3696404492, 1904904995, 3973984023, 2280158112, 1035036051, 535183715, 3234289206, 1535224469, 2940666241, 2609690854, 3577193457, 414394186, 3582467796, 1504349939, 221538858, 2872699689, 1978073438, 1599690369, 2551174490, 871414804, 3875437229, 3598586322, 145268434, 2064171437, 3648091042, 3394203858, 2078658701, 2648537480, 2822996445, 84093358, 3615985360, 176942599, 3892784657, 882890968, 2768959621, 3563008053, 1566083918, 3909142524, 2658366207, 1728130982, 3494223099, 3122199874, 3116828301, 3938291770, 1445816712, 2894843692, 4081863878, 3184131850, 4125535353, 454804831, 2330320280, 3626432636, 346667430, 4147793785, 3941064568, 3299442385, 3961345859, 1344865220, 1516012580, 4236551733, 3182461064, 1912983756, 999878387, 812460623, 2554956338, 3768664360, 1430552868, 2106270645, 2635762557, 75658718, 2396230273, 3405507151, 2956226471, 2990574825, 3436574932, 525282929, 3672567025, 3892918293, 2874125562, 1543858852, 4193402665, 3618984341, 2614507574, 452374351, 2447431905, 291128256, 829954464, 1842384365, 2281947747, 1279893611, 1047414783, 135063850, 190535351, 4169091593, 345964978, 269834790, 1862360510, 232575491, 2664742134, 1998670452, 3285803705, 4031328238, 1187324348, 1572355367, 1353084730, 2728246645, 1042441957, 1552890002, 3542547550, 3372731296, 2098190903, 1414899137, 921411371, 45877047, 3277550905, 3159911953, 2684115932, 2271806642, 4017870150, 3706318148, 3773685242, 3703020226, 2487392436, 3724889227, 1038564329, 73261990, 3321734111, 496008048, 1534195466, 2543016614, 2163975651, 2120010374, 120217631, 503007959, 58193879, 261723728, 2239440613, 33571370, 2972093070, 1647657675, 3551105020, 3150357482, 3596575385, 79334092, 1604718066, 1095885959, 2696056217, 3019849728, 552511818, 3585189231, 4288981111, 3473202521, 3308651053, 4092593899, 3678862956, 81119438, 2652113386, 150890277, 3271644038, 3037880825, 3037728981, 3208594852, 3379648715, 431945387, 3045469092, 478250990, 1501940039, 3239819784, 2565673807, 43384955, 4164133542, 467496622, 3738421142, 4028313706, 3347027809, 1735710386, 1574454532, 239296740, 4122937459, 1536026493, 2207834361, 3225971014, 2067615777, 3235368583, 3375862404, 2224561829, 252478053, 768540787, 1906132516, 977589003, 1301027826, 2062242033, 3317429901, 294405921, 4017777666, 1448599107, 4206212926, 1736804257, 1234588283, 2036017105, 551274431, 2028055461, 3100357117, 2620973589, 1142224842, 3993530847, 2860869729, 1168417339, 568941061, 2296104159, 215813622, 2621192031, 83292063, 1543436476, 1505691271, 618526397, 2983644899, 1702961502, 1899676406, 260906845, 3917544268, 1436589295, 2087725540, 4103381303, 3862240832, 741444305, 27057515, 1114316366, 2755089753, 4238392062, 4225630648, 3439078735, 1776740946, 487629261, 4212831505, 2245871969, 764827209, 2516638273, 3532803520, 2274685292, 1851193350, 1150449394, 1737242105, 1287177393, 1151695230, 1180222653, 765987931, 3131451037, 2679766122, 4182207310, 625502028, 2376838241, 1810544345, 1657494754, 2393723295, 2730848538, 4133747182, 4276180748, 1953485718, 4122801542, 3948976414, 3047084538, 228277894, 1441504124, 1097129096, 1190884724, 428265130, 2399327464, 649562496, 767875419, 1191323023, 2257440733, 3365730488, 2945726574, 2550430198, 3029320527, 2273538586, 645400180, 623846263, 3165467766, 3908216094, 324567329, 1206845906, 2583340190, 3290604857, 2867102914, 4003584536, 2700333715, 3175245090, 586462982, 2113025031, 1398380274, 4081517412, 1519829485, 856718428, 3343965641, 1733479325, 3394623603, 885239532, 731752939, 1215115979, 2120684835, 4265365103, 1332985319, 3841214510, 960974623, 588591599, 1859775414, 4155801184, 1054096109, 3879971554, 156902606, 1729394614, 1984649699, 912567133, 2697935445, 2414496237, 1890388092, 2450247766, 1460050024, 403316571, 3932877636, 2271236937, 2034025574, 341399611, 134043488, 1122975790, 1942257372, 3896386943, 3685076146, 3988294150, 4230380083, 1954967858, 878690259, 1974418571, 190158935, 2748212923, 4176061467, 4075421752, 2728383951, 3218165168, 3497324856, 1997878221, 390526710, 3601257292, 2676785636, 650362255, 2362079421, 1588865332, 694959204, 873940480, 383800425, 1721640125, 2991357431, 320018267, 654474548, 759782532, 802789927, 3058000049, 4190607854, 445083434, 1600304344, 3732802720, 2947734839, 2407857482, 3983605015, 1644849574, 2711694334, 2141406954, 1410560022, 3259538865, 3463102853, 3157225922, 3240772801, 458532809, 2802858640, 2071333569, 61855921, 453583546, 2058352990, 787550792, 3591886205, 3943522344, 2373476533, 1498969726, 2403349550, 4218205865, 1797283756, 1858399856, 1557098971, 28624613, 3936393296, 3976017536, 3804090401, 3664012638, 1129448663, 2973138435, 4260787112, 3428884284, 2177293404, 4217857826, 2722521030, 1066210475, 2765582045, 2049416861, 3948883612, 1635706758, 4004582081, 3943551611, 508671946, 3138971514, 2224513069, 3780610303, 3435386559, 241102148, 1572564261, 562511765, 2711622763, 2708925529, 344002692, 1391786010, 3439423324, 3880885777, 3649153754, 171053166, 4228964430, 940092442, 3917095419, 1192012174, 3085824345, 3217361842, 2343057973, 4131203752, 3768791286, 3383779267, 3876748779, 730587324, 1397667047, 3818715202, 4283862009, 4090441352, 2424173015, 693060129, 3702591654, 1017151125, 1830531047, 1741221130, 2877575141, 707612795, 4155659709, 4144699450, 4023615921, 1159428179, 3875948661, 3217217917, 3021236525, 1011158520, 2033061511, 4213834042, 763202431, 65946512, 557323233, 2120934075, 3944729092, 4010232409, 967861283, 3768066657, 3968084789, 841257286, 1484313590, 2980586468, 3514840898, 233795269, 1090018494, 901048991, 2824910764, 545292802, 3997380625, 1362889893, 4131422247, 4228974748, 42722582, 1307465942, 1680368052, 3735670520, 3766943289, 3973440997, 2692386573, 3220623526, 3241130725, 1788485440, 3040998922, 2158056067, 350879343, 132285043, 3233310385, 1699105434, 2455116537, 2479543039, 3793799964, 3565083153, 400307682, 1099076832, 2947703539, 193241271, 2076289205, 4106805944, 1463316266, 1831365041, 3476759006, 2407696681, 3260650826, 3888207648, 454421520, 865450285, 2865871005, 3648650555, 2524816219, 2066938310, 4180672900, 1947354189, 296370227, 2427603599, 2609084639, 3182342199, 1059204439, 4014371937, 177306803, 3886963336, 399590109, 3895303290, 988030358, 1470923453, 1387442097, 1686577586, 3869367523, 2669459127, 2402645360, 1749969443, 3506040251, 1816351511, 2193322020, 1912882279, 830455811, 3911117530, 2532486616, 1667828008, 3535074341, 1312343419, 3080178739, 429517055, 2250617791, 399521237, 1924054398, 1342909989, 1086622231, 3149336843, 2412309891, 3666809936, 139275944, 1830784258, 3670900532, 1500386397, 1965787844, 3912541619, 3932559361, 1672898682, 2526543435, 3802147123, 1367418463, 958186499, 759071115, 2845856394, 3521359514, 2799501277, 2599024103, 4055784851, 1052324359, 1723828170, 2673856093, 1367788051, 3593997655, 2733677700, 4801691, 2500308357, 2650125872, 2209080340, 3166381099, 3242328224, 3286555663, 2034928803, 2165547222, 3312085685, 911619125, 228054835, 3390090290, 816155884, 3176428375, 2780450206, 709576961, 4019364698, 497268057, 308), None)
Loaded weights: 138.52807692886378, 57.25312130753547, -2.6449237650708666, -2.4292280198748513, -7.429228019874851
events: 
  ----
(3, (2986615861, 1150765790, 4090905477, 2663252610, 1995243599, 278693737, 81551752, 742858485, 2545414484, 2798370428, 2505663449, 1797612217, 844578605, 1313810715, 1411805742, 889528969, 3490947950, 357642462, 1575181299, 2054364304, 3058335300, 2669619717, 473663206, 1661417576, 3258115468, 1018651956, 884854696, 535740336, 1344211784, 4102860418, 2795074287, 2465040033, 2733146468, 3251232017, 3951837292, 3179467375, 134423910, 2611218512, 2053623072, 39389161, 71512879, 2347807260, 3399425154, 3844252464, 2953691277, 2118926795, 2821117749, 61589128, 3614381598, 3340460127, 3197203609, 332098418, 892823079, 3926363737, 3986824501, 877184815, 2022642416, 2559667983, 3559084808, 528569955, 2492656184, 2594283038, 239258182, 645385179, 2315797476, 2564397644, 2251822657, 1357472834, 2186669859, 3747321974, 3114204567, 1656357830, 3348575195, 1618578600, 1428669150, 2188965766, 344952326, 2854052653, 2400373143, 2464979823, 324963048, 1654476220, 2942689, 2146354844, 2890116743, 264930953, 1365816181, 348693033, 1288891137, 2021834552, 2079416012, 2130271230, 284257997, 4080408138, 2555389277, 3619872654, 120524965, 3113527394, 2918477931, 1611873506, 3328312062, 2238786889, 479275012, 483856574, 573794143, 1844040755, 1244054774, 1431458822, 3418920861, 1134599958, 531275475, 1793750725, 2759654296, 592694050, 1679339326, 550870937, 3175832345, 3072457820, 2333026225, 143186952, 3140010891, 3718400793, 3933375758, 4037558817, 1442080080, 4230868364, 2677693319, 2275088205, 2180382394, 571989656, 524438885, 323469180, 3826912533, 4015331067, 1466798746, 925336426, 92082845, 2822732494, 1486974537, 1143493518, 3299167807, 2836337606, 4163268154, 823375260, 255465246, 3018418534, 327463392, 725887935, 3578479975, 2417380274, 887848964, 909317711, 1975458288, 2100550232, 2149865321, 1889457998, 1026092734, 3424231696, 330469028, 2081711349, 246664537, 3066589513, 3537249413, 2590600112, 2460264669, 1133532654, 991638200, 4216697460, 1753243651, 3110715007, 623038384, 2243161548, 742271574, 3047912626, 1466400665, 1949997001, 3293534168, 416952608, 2950250035, 1904969702, 2202339892, 2016913854, 3495382865, 658442474, 3717915938, 2010945744, 2492316867, 3970187297, 1436964800, 1011522763, 841328867, 1605351721, 3682158876, 3452553976, 697089642, 3282812780, 1585769170, 2269933576, 3603046120, 84659003, 1848096390, 1769643312, 1587349156, 2183765765, 641505729, 891093841, 226276058, 2088660329, 2410050685, 2915634839, 434073450, 2775443949, 415644812, 2056735545, 304762688, 1324858018, 1932590888, 4163940650, 3701229370, 2958315217, 1874169605, 3116425196, 405542490, 550970815, 4250896596, 2375604415, 3014606185, 2119049434, 3209538332, 2049597016, 64704562, 813926068, 2273979417, 3752830616, 28861099, 576766664, 766375421, 347780215, 434500118, 181034582, 3498120810, 1625689992, 3336428577, 3995842460, 3054751898, 788124883, 3043191079, 797745198, 3190465826, 2536021141, 492266775, 3218990416, 3284255564, 1078901377, 2288934793, 4103790879, 795523821, 1767565588, 15031134, 3416369028, 2181277095, 2628205679, 2680940822, 2731380549, 619764439, 1479897503, 3095254376, 2342487517, 262869389, 2235818679, 2575373975, 3802788651, 3784386340, 1155218566, 852388089, 1227951630, 2524567762, 3315632238, 1824243956, 1325436908, 3503944858, 2551337402, 1854386130, 1044549043, 2992939697, 4103159116, 1023208665, 2555481453, 2636182634, 1561923206, 2845644713, 813818364, 43502973, 3799411229, 119765109, 3461862360, 471124238, 4200547482, 830865660, 1275597503, 2117015187, 559845457, 1390151625, 930615023, 2799710562, 1946889172, 3349076238, 1678665700, 2884375594, 1586353264, 781491487, 196215899, 644238832, 1758147271, 3767235072, 1432016175, 3257032963, 2437975005, 3269134104, 1250998715, 2146464352, 627969255, 1912202688, 2704901965, 1193657934, 2676905084, 2780310450, 1323313878, 2988300434, 659232564, 3669343511, 294826542, 692373076, 2041380653, 4152313896, 1240625900, 3402609379, 3243707130, 314372859, 2910393267, 1221625622, 4044689484, 367060539, 1744028258, 3418332783, 405486451, 192313272, 2589942684, 3829429367, 1197813614, 2642060408, 589832275, 456548426, 3856229150, 79460475, 573231136, 3199574636, 2544750311, 4131118510, 2641300745, 655510723, 142947394, 1595800566, 3892263844, 2744910261, 1945241583, 200151932, 248258599, 912432967, 2541517472, 631614382, 355578910, 563213197, 3116569441, 2875893147, 97156629, 2207741224, 575614534, 3101125507, 4153743735, 30414511, 3446137084, 1596951842, 303556846, 46694228, 1416687617, 2477042337, 2142697866, 2786649270, 2902951920, 2959135675, 713578202, 3182265843, 1695320665, 46670027, 3156378424, 2866914103, 3247536655, 493662539, 565885707, 2298251293, 1075836605, 3325676968, 2982799308, 3345920421, 3279226124, 1982569969, 1744560575, 229082728, 3879024745, 2421162200, 1145583247, 1116525816, 3807586179, 82974958, 949249391, 3303747199, 3015059261, 559186173, 3175679618, 2368382166, 1413418491, 2458423439, 2555039832, 204437433, 853107065, 816077941, 513328453, 3341460623, 2987614022, 3439412448, 1001450108, 3999138712, 3839870586, 2199336681, 3364422367, 438044890, 2417246335, 750080775, 3514169983, 819446651, 995111757, 1752632588, 2576384255, 2498782279, 2575650573, 2388410102, 867293448, 343244750, 2074755741, 2720624076, 2730298637, 1363441018, 3367086141, 236959905, 1117598754, 2427179122, 1444847724, 2150394904, 3057930296, 957109179, 2019554799, 4082535164, 3758285874, 987905060, 3736960387, 2773432698, 3815071983, 3962345637, 180602051, 1291464093, 3449183367, 3222840532, 1323722193, 2231841995, 2026076483, 1412045020, 1131799531, 440554188, 4266968017, 2415448033, 2308537921, 2098092080, 2304211823, 1557466134, 4000206509, 242296138, 726074440, 1944951082, 3336151477, 2398217918, 1009044261, 821389886, 1736626901, 2883824514, 2356794397, 2440280417, 3384891286, 1283513340, 268931497, 3874737226, 1288105143, 141884549, 2962158777, 4155816116, 1139746696, 2789949487, 1069266615, 1361553123, 830261121, 3353206814, 3341397265, 3996239433, 3852793159, 1261290117, 131663244, 3830287617, 3678286564, 2694995039, 3531216093, 2472939411, 4094993826, 2243545385, 1020625790, 1955513660, 3981238392, 3907024442, 1145792463, 1254270916, 4248863694, 283483648, 2016003369, 354935153, 3028185758, 696553964, 724465763, 3538794721, 3676361565, 3649332521, 1543450899, 1414738437, 59433209, 3297199593, 1400108187, 1167689581, 84209628, 2349408207, 3512465551, 4180542049, 1110362244, 1943639804, 1932724339, 3271313079, 392616499, 4273065425, 2153662539, 2366851482, 204691091, 1443367062, 3295363994, 3369646383, 408310140, 1219480318, 717561871, 1088444964, 640911254, 3858777439, 962855810, 1095228033, 3958649945, 3845166244, 511433423, 2184270451, 3650542989, 2735226147, 1431131066, 4262451898, 430545954, 4257539661, 1987177058, 2717905994, 842252026, 256667578, 1258952861, 2906131333, 1537818536, 1901375958, 1456044286, 2596699064, 3074777008, 372709460, 639292267, 4234541045, 524171833, 1715337066, 4228141174, 1124085900, 3295819192, 3546652098, 315502696, 795100304, 1520529485, 3084830817, 3538893674, 4217584852, 727453086, 3111109231, 1074128037, 171098678, 1066306930, 3941414454, 3882191322, 1425612906, 1746480932, 3180680015, 970702832, 2282738153, 3895596493, 2905268142, 4017136444, 2837552646, 889287014, 1811671371, 720044530, 621), None)
Loaded weights: 137.9536026100066, 46.852252277707834, -5.340789358411629, -4.707649303909744, -9.707649303909744
events: me found the exit, 
  ----
(3, (2749030240, 3180273750, 1860549194, 1786951909, 3512272342, 3294100844, 1055053929, 3434432783, 2417023538, 2777652418, 2338447420, 2374281505, 1494883387, 3124967887, 3351385876, 1787102543, 2824585196, 3003844040, 95284007, 3754824029, 1697710816, 1867072398, 2362088118, 2889078288, 174374753, 2295756635, 2545782656, 606138909, 144651832, 4209006045, 3471226570, 2522801213, 1275003153, 3100075222, 4235801492, 2858389803, 3909993042, 4263825529, 1353527796, 2167742866, 2515278193, 1241177414, 2749672423, 4057568226, 3716064119, 3849115209, 3628426171, 3209162568, 1660964861, 1209807973, 2052353201, 2548464642, 3617666414, 1307628425, 1636949573, 1828977666, 1576120165, 1678643493, 2488610764, 2598544750, 458125155, 3339520315, 1014433034, 1007186505, 875772105, 692203779, 2289456659, 2730523498, 2970661304, 1619588974, 2453168396, 1458549143, 2063532695, 1718209778, 3433703236, 2321507287, 3269485720, 1535566047, 2830992427, 495279528, 1916486965, 2203881827, 3248726175, 13740157, 1467256282, 3434262869, 440113828, 3820276041, 3526299953, 864651820, 339454391, 3801980563, 4282559120, 1540441295, 1472570594, 3932836531, 2068350692, 1678844776, 4235217516, 2990716958, 309424621, 46682110, 510401014, 1860357946, 3812275825, 761765630, 2586304186, 1264075685, 574580739, 815185817, 2479242506, 1125767983, 1624580624, 4124161921, 1313591810, 1771887386, 3191081833, 2544034178, 1134390152, 1624333339, 753379255, 3583711960, 858162450, 4187766075, 3389150052, 1400656949, 3859855367, 880032353, 3158773556, 2118770775, 1307097201, 3787919761, 333625452, 2069059405, 1673135260, 2391922912, 2690764793, 3705443863, 154816932, 1773645601, 2410109630, 2778157620, 58125277, 1406024074, 444486730, 2370116889, 3755561371, 4130641153, 1292880389, 3598507981, 1397408631, 3287387801, 2092377512, 3938651543, 192701396, 3697816040, 829033147, 3077081731, 660392686, 323100649, 2388647656, 2792073739, 2304767554, 411196830, 2040429451, 1428312994, 393214261, 2913524474, 2744117366, 3029410439, 1002304868, 391696298, 4045508096, 395025335, 3178111476, 2685860255, 2516305181, 770446053, 763924553, 4289552288, 1706182909, 1290268986, 636382743, 2402453211, 1239282322, 2617377028, 2756741202, 3354075237, 3699687698, 4048475512, 3759543477, 3078283062, 3517037260, 1123108705, 131009757, 2468840092, 479724093, 224196638, 663291188, 1947462607, 4040129312, 4230684304, 2329038645, 3849500847, 3643228474, 2975895820, 1977138433, 1706604085, 3836754442, 4118836698, 3418071180, 1179769968, 2613942321, 3824685462, 3223213195, 1835098110, 1409382321, 3554373842, 4177078343, 1725802164, 4107434555, 3778860163, 1712554300, 2542688876, 3938823654, 2871314208, 1439437215, 3162245870, 3231321978, 1862799955, 1925413823, 1268032261, 2877304352, 3879098851, 3716491371, 533630995, 920286758, 2274564407, 2296481290, 1901762318, 3392159243, 2107918811, 496033409, 4082259873, 2105499518, 2249518955, 2282242378, 2049200241, 3184901403, 1533647074, 3017614520, 1803837127, 1912183492, 176296091, 3345297997, 3324173201, 3461161303, 3465812837, 3012442111, 2482397981, 1872513598, 3013396255, 1647437398, 578625510, 1261885545, 1284758336, 1576162211, 1261511016, 3528694978, 1982632051, 428202664, 2914398437, 2265008138, 1479206680, 2615109711, 1748804500, 718041170, 201952459, 2959490036, 4291677987, 33160020, 382863788, 3945400836, 3721088738, 507940739, 1394862463, 264426247, 1440617814, 2843840120, 2981182977, 1682473655, 2893049512, 2171712722, 1391418102, 2246808198, 4279948607, 1571247395, 3405472114, 3923970071, 3705682177, 4023268357, 2093782143, 149673087, 3515907113, 562263349, 2339563692, 1870818906, 1741508384, 3961158491, 1340169935, 2617252495, 1145547554, 1642043625, 712909732, 269554433, 1781961071, 3794370333, 1968581179, 517829265, 3233452960, 3496931939, 1866028546, 1677599178, 416966083, 1809189206, 2930532277, 3576868213, 192912804, 1366148196, 2856220578, 640390701, 4153988443, 2293846455, 2711124654, 799111891, 2656043437, 1346190052, 1133573288, 3433947689, 79520155, 3445309351, 2645758400, 1516583467, 48460929, 1119866084, 1176916052, 1845423573, 3352243539, 3056176495, 1033623342, 822123981, 3348718401, 1636885946, 1028011237, 627135089, 2736643586, 2895624187, 922048166, 913844170, 3647155922, 2131873132, 1278540135, 3178120498, 1755807740, 1009591615, 214784026, 4158197741, 228500930, 2921951076, 1369718282, 1498866565, 2478710099, 145499254, 325366665, 769202900, 1287942289, 2270906606, 3593061993, 557036285, 2773982752, 3429957097, 1693164869, 3580085663, 806237457, 72893020, 3079024481, 1821991724, 2639506611, 4041763315, 1214721856, 1304852211, 4265609645, 3198985809, 2399361423, 3015285606, 1878493490, 1297166175, 3959627038, 2660049648, 1817672401, 4002205750, 2658322208, 4176611961, 1866738960, 1280741475, 3482709614, 1431838624, 1667337161, 3866484177, 1841720955, 1948134723, 1755027694, 879960602, 3861480485, 1118413325, 1744430834, 832403001, 699720724, 2849922167, 2536827047, 2984669507, 2542007365, 3741510320, 3280406846, 2369321085, 2798885841, 3797367218, 1246927288, 2770514227, 3964857669, 3098201489, 3993518326, 3272569393, 2908460714, 2566162309, 2847817319, 1686299962, 82426320, 4158886288, 1521404243, 1733867759, 4096119309, 4171345758, 2272392525, 101803915, 3218552636, 1057311280, 4276667868, 1172391186, 1996961754, 1608018997, 2187827035, 376742881, 2345368848, 2637336831, 3369068355, 67584613, 1926581683, 280398617, 1846458146, 1108415435, 3828247829, 1875894794, 1806395444, 835000105, 3662027447, 2581632934, 623821446, 2714573669, 2732947600, 1284622653, 494079252, 2020568412, 327379952, 2672647183, 2545987957, 3822836168, 3204189662, 3450245104, 2936884715, 3611696996, 3118603861, 1535235833, 2686953308, 1621855468, 4105610586, 2253775161, 1449821867, 167290650, 625546505, 3848784555, 1397517686, 3864658677, 1208190562, 2483387321, 65204397, 315374520, 2143663958, 1019037934, 3027807791, 2806063516, 116238034, 3916654871, 1360407560, 1845370639, 978004796, 957916327, 2959251706, 2539969203, 3368352267, 660023477, 4032224376, 3103335171, 4082926234, 1446156176, 45086759, 3694012275, 2903579719, 1548080153, 1372193732, 686098471, 1581237965, 2708477056, 1742747581, 4233957710, 2643669770, 667761209, 3400493031, 1114428824, 1083775871, 1955343970, 2987930962, 2437796323, 994059948, 3948069838, 1550063604, 3145303998, 1774885060, 2964358004, 3539906868, 2998133511, 2874802474, 2592594941, 1508707444, 2010406357, 2177977769, 824172344, 905003916, 237908544, 1511189172, 3091943717, 3550517970, 2081915507, 1935866690, 3528984926, 400842921, 1966042164, 221221478, 3584914582, 1977466367, 3987952144, 200712108, 305799541, 1884100598, 1351169891, 1722118233, 1477402714, 1961910840, 826391347, 687698041, 3570805049, 3668956418, 3018165837, 2775729051, 2909373582, 2301517874, 1901009215, 2531941940, 3164706416, 1903107999, 1684007832, 583493036, 529556115, 587399910, 1528940914, 248676129, 4060582573, 1920135344, 395728575, 4134914328, 3802310294, 2602003994, 3663394265, 3301438552, 865897977, 3483989794, 1939678422, 820260196, 3671655783, 522061374, 2805775216, 2940128827, 632548644, 4209694340, 2206711974, 2760696597, 1549655213, 3379141874, 2066539516, 3759496836, 1136456188, 1847906921, 2206906611, 3948640852, 3250484043, 1843868120, 2776012153, 458430756, 2314754099, 3929827666, 3582189884, 525131548, 2055342539, 1555841263, 346), None)
Loaded weights: 146.24074988614927, 46.852252277707834, -5.340789358411629, -4.707649303909744, 0.29235069609025643
events: me found the exit, 
  ----
(3, (2999225653, 3925868501, 3223230076, 3324007133, 4233705878, 1049351826, 3491117384, 73334138, 2639405071, 283701182, 3165351814, 334521107, 3924771395, 402597577, 2228333206, 543096300, 3215722177, 2574772033, 3507904131, 1124464457, 504382931, 2948272428, 3240952751, 1843174956, 182484791, 2497457520, 144687343, 2306302817, 44761568, 2233754327, 2557827961, 1507164516, 4029767470, 3331740763, 573520060, 3079246616, 1262571081, 4037156735, 2837753518, 3078379869, 1611978611, 2132374716, 574750882, 2431605131, 530254326, 227257948, 3637641961, 4003066026, 47291857, 2603076791, 4112251869, 775020453, 2297949889, 4128781256, 3034999130, 2709832844, 549766493, 2534934297, 2243868148, 3500721419, 3361438193, 1317865884, 3909238489, 3238018928, 1770505547, 4076632540, 986404225, 1766674421, 2852282624, 2432476960, 3612453522, 96086769, 2446434025, 1791285919, 3243510816, 421486352, 3880299328, 303771333, 3640795041, 1137625997, 643495344, 880799584, 1986865418, 4244396425, 112457248, 379329451, 150303527, 2427761835, 2909954124, 356549949, 4264360253, 1985606226, 3517515697, 3464829146, 4285658352, 2617131399, 2047547350, 2856148623, 1522773154, 3271308177, 2124517545, 864764949, 2198456754, 265603707, 1348364717, 3831531082, 2914172165, 3857259473, 3137913903, 821803554, 1223083442, 2802731963, 1797558548, 1081262516, 3298341365, 1055626856, 3096310363, 939270740, 2882529013, 1398097015, 2279379243, 97949328, 4094471558, 1306796437, 2928237576, 191952988, 2765265490, 3799946964, 2076144638, 2553403102, 1665425392, 194873774, 3828875270, 1162947628, 3041974562, 1484097216, 3425099128, 2949638940, 4055331003, 3165268705, 989934046, 1745045061, 4212764145, 3213674786, 888160121, 1818477551, 3154114091, 2287667208, 870814352, 3249671772, 2365666335, 1886757012, 4135312544, 4260716751, 4254368294, 3182049265, 4057861852, 2180410409, 2270027650, 1912636224, 3339909052, 2432864183, 966562608, 1215618826, 560445053, 2156227888, 1721334411, 21939032, 2783269317, 97622760, 2136737261, 164723763, 4197453181, 3395369411, 330045714, 1611717660, 1787623990, 581270645, 3069759458, 2594082206, 2962859689, 928911780, 4026461229, 11604689, 751199534, 1303914170, 3657310731, 895724027, 1987384733, 453257256, 701472555, 2135329753, 235264631, 2018349095, 2458169172, 220087320, 3261696087, 542642019, 1822962202, 1274714438, 1324458540, 112759330, 4105169590, 3417250797, 4153312957, 3327591291, 1363033409, 2984238499, 3729578488, 964693227, 2856415946, 4022509371, 2447988303, 3132844902, 412384662, 813872116, 3266757181, 617240503, 512352898, 102176955, 4073046970, 4210137261, 3791340644, 2699114447, 1256111244, 2305602011, 1115833752, 3532229256, 124995107, 1618451324, 2061677440, 3919130246, 3558361788, 668736930, 3534816684, 2252282652, 2317997050, 4175146115, 1801267348, 1442835865, 4029002491, 319911177, 2164221667, 3239291262, 58007595, 2501017126, 2803855278, 2582784897, 3255819613, 3636695539, 2165703056, 840741461, 144020962, 2988828950, 1936637558, 4236583316, 2070339514, 1488646233, 2300969013, 2281667121, 1179682571, 1396165527, 2797018347, 4157772450, 3605787359, 517289888, 2464467433, 1228740882, 2634517594, 780201462, 524087590, 1545317875, 1637801424, 1278543377, 2592579936, 397911544, 69974541, 3978880551, 3370092779, 3356169067, 4252055326, 2171825240, 3479266301, 4142871107, 662782841, 458714280, 4199010208, 3701194445, 2405246531, 36622173, 3610773540, 692002594, 2609632423, 943627458, 2412287413, 1574533966, 3045136281, 984129094, 4072834734, 2134783028, 2376736895, 1546213056, 2833240539, 780247301, 396515987, 2932025484, 1881697309, 2304735426, 3397906648, 3781530770, 2665450520, 2941553291, 61016697, 2582989432, 1017597123, 91123485, 4142080255, 1749741738, 1443150722, 546754143, 3105469403, 3465470997, 245089209, 1340085117, 610517386, 2840742599, 2269379907, 1444377243, 647266244, 1226093179, 2903511049, 2366271913, 3031218973, 1667936435, 1942596568, 3541457245, 288604278, 4156064889, 2086161321, 3565272600, 246106452, 815963199, 2794626295, 2580681769, 351210110, 70787264, 3921306113, 1170270019, 1528528135, 1971606463, 4146077930, 3728813781, 2363183857, 795509685, 4092623317, 3036420316, 3276504461, 2021149717, 657202887, 2612061872, 4198752320, 2884107195, 740702526, 1262026552, 2846443281, 1397966738, 4200953856, 739608172, 13719872, 1320840428, 794523476, 1889938754, 4242090740, 2903735105, 925991071, 810170087, 867065271, 1150311870, 1658744708, 155914891, 378012338, 1311625270, 2091228582, 4092735474, 54381382, 4043402772, 3852592582, 644772762, 4113635351, 2255952022, 3999034115, 3879294346, 1577873704, 1061533496, 1991575489, 440759989, 869274727, 807048341, 3874648452, 3447088486, 2237160019, 4141722865, 397593236, 3585016536, 91196226, 3696541746, 841414821, 447477918, 3635779142, 1291405907, 888987302, 922743843, 3886306423, 564282322, 111106690, 4155711070, 266230306, 2754085327, 2916372309, 3489550857, 2860833498, 4245019148, 1826472071, 503137462, 3929633364, 495169219, 785634714, 3311946346, 3919139935, 837958817, 3165338518, 251760506, 2432354350, 2219626076, 2080928335, 2886576997, 1005899779, 2444278274, 463293261, 994949863, 429994687, 1690610233, 3929209229, 414630183, 992070697, 1091258266, 962820693, 2419417395, 3245474624, 1461699233, 953830589, 2565627299, 2357792595, 2501098808, 803654134, 3698874318, 3222637946, 3954263763, 3734926615, 1813541766, 2361629687, 2773939369, 3018501894, 197388465, 1290801415, 665674567, 124292314, 2043383702, 1113835841, 2143236770, 3484037108, 1061328517, 2631125982, 833712502, 1260045284, 3017945529, 2277349148, 3888465512, 4237468799, 1664522832, 2010928867, 2275861973, 3969315386, 187898316, 1658954484, 1392787574, 1975683515, 1118622854, 3634098636, 218909025, 2658444313, 2093892474, 2060776593, 32425194, 2445595035, 2489422214, 291649117, 23221585, 3744418363, 842943774, 256103800, 926328116, 2134684668, 2883323221, 4027413433, 1297836647, 3493486358, 801893016, 2082054530, 96618360, 3468975231, 3807732263, 1660497381, 2438890600, 1153757697, 943883557, 3450794401, 538071799, 31071936, 384950379, 2385104763, 2674958325, 3072446543, 2343542590, 1952516035, 942451565, 3277928216, 3969665715, 3849153440, 2459551466, 932035500, 3322675901, 4083366874, 1166085626, 3882709816, 3610981127, 2508249328, 2257046946, 3324760593, 3287436069, 3428338413, 3907785186, 1771628839, 1409400522, 4054509217, 244012062, 980316057, 3188632315, 3817312591, 2344016884, 640704020, 3277893740, 2430809958, 2926574060, 2230186512, 470010334, 1334016840, 2277943874, 1860968329, 2188710421, 647102309, 3822848957, 3945845414, 2692737816, 1575128202, 1348467588, 4009332484, 2399347730, 3184825564, 368130228, 4102422184, 3558178183, 3481907666, 3205406790, 22533978, 3132375367, 2129755301, 2842749906, 1073615301, 3203704637, 1040789859, 1697708099, 2776471983, 4007369012, 3860448090, 2267506510, 3800669928, 1753250752, 2430410551, 1568107125, 112412725, 1569492258, 825277886, 983797283, 197213693, 2032126763, 1455979102, 2604614968, 1059663453, 4014438220, 1669639299, 1709733389, 222256549, 1919794660, 2413731051, 2516070669, 771742962, 1797157708, 2116517748, 494658904, 1575548441, 2616207328, 2225918782, 477523132, 1352526710, 2122506868, 3420361732, 1940453317, 2452054307, 885883318, 1893980342, 3539776507, 2903762461, 3015369250, 81), None)
Loaded weights: 148.42426947770912, 46.852252277707834, -5.340789358411629, -4.707649303909744, 0.29235069609025643
events: me found the exit, 
  ----
(3, (2999225653, 3925868501, 3223230076, 3324007133, 4233705878, 1049351826, 3491117384, 73334138, 2639405071, 283701182, 3165351814, 334521107, 3924771395, 402597577, 2228333206, 543096300, 3215722177, 2574772033, 3507904131, 1124464457, 504382931, 2948272428, 3240952751, 1843174956, 182484791, 2497457520, 144687343, 2306302817, 44761568, 2233754327, 2557827961, 1507164516, 4029767470, 3331740763, 573520060, 3079246616, 1262571081, 4037156735, 2837753518, 3078379869, 1611978611, 2132374716, 574750882, 2431605131, 530254326, 227257948, 3637641961, 4003066026, 47291857, 2603076791, 4112251869, 775020453, 2297949889, 4128781256, 3034999130, 2709832844, 549766493, 2534934297, 2243868148, 3500721419, 3361438193, 1317865884, 3909238489, 3238018928, 1770505547, 4076632540, 986404225, 1766674421, 2852282624, 2432476960, 3612453522, 96086769, 2446434025, 1791285919, 3243510816, 421486352, 3880299328, 303771333, 3640795041, 1137625997, 643495344, 880799584, 1986865418, 4244396425, 112457248, 379329451, 150303527, 2427761835, 2909954124, 356549949, 4264360253, 1985606226, 3517515697, 3464829146, 4285658352, 2617131399, 2047547350, 2856148623, 1522773154, 3271308177, 2124517545, 864764949, 2198456754, 265603707, 1348364717, 3831531082, 2914172165, 3857259473, 3137913903, 821803554, 1223083442, 2802731963, 1797558548, 1081262516, 3298341365, 1055626856, 3096310363, 939270740, 2882529013, 1398097015, 2279379243, 97949328, 4094471558, 1306796437, 2928237576, 191952988, 2765265490, 3799946964, 2076144638, 2553403102, 1665425392, 194873774, 3828875270, 1162947628, 3041974562, 1484097216, 3425099128, 2949638940, 4055331003, 3165268705, 989934046, 1745045061, 4212764145, 3213674786, 888160121, 1818477551, 3154114091, 2287667208, 870814352, 3249671772, 2365666335, 1886757012, 4135312544, 4260716751, 4254368294, 3182049265, 4057861852, 2180410409, 2270027650, 1912636224, 3339909052, 2432864183, 966562608, 1215618826, 560445053, 2156227888, 1721334411, 21939032, 2783269317, 97622760, 2136737261, 164723763, 4197453181, 3395369411, 330045714, 1611717660, 1787623990, 581270645, 3069759458, 2594082206, 2962859689, 928911780, 4026461229, 11604689, 751199534, 1303914170, 3657310731, 895724027, 1987384733, 453257256, 701472555, 2135329753, 235264631, 2018349095, 2458169172, 220087320, 3261696087, 542642019, 1822962202, 1274714438, 1324458540, 112759330, 4105169590, 3417250797, 4153312957, 3327591291, 1363033409, 2984238499, 3729578488, 964693227, 2856415946, 4022509371, 2447988303, 3132844902, 412384662, 813872116, 3266757181, 617240503, 512352898, 102176955, 4073046970, 4210137261, 3791340644, 2699114447, 1256111244, 2305602011, 1115833752, 3532229256, 124995107, 1618451324, 2061677440, 3919130246, 3558361788, 668736930, 3534816684, 2252282652, 2317997050, 4175146115, 1801267348, 1442835865, 4029002491, 319911177, 2164221667, 3239291262, 58007595, 2501017126, 2803855278, 2582784897, 3255819613, 3636695539, 2165703056, 840741461, 144020962, 2988828950, 1936637558, 4236583316, 2070339514, 1488646233, 2300969013, 2281667121, 1179682571, 1396165527, 2797018347, 4157772450, 3605787359, 517289888, 2464467433, 1228740882, 2634517594, 780201462, 524087590, 1545317875, 1637801424, 1278543377, 2592579936, 397911544, 69974541, 3978880551, 3370092779, 3356169067, 4252055326, 2171825240, 3479266301, 4142871107, 662782841, 458714280, 4199010208, 3701194445, 2405246531, 36622173, 3610773540, 692002594, 2609632423, 943627458, 2412287413, 1574533966, 3045136281, 984129094, 4072834734, 2134783028, 2376736895, 1546213056, 2833240539, 780247301, 396515987, 2932025484, 1881697309, 2304735426, 3397906648, 3781530770, 2665450520, 2941553291, 61016697, 2582989432, 1017597123, 91123485, 4142080255, 1749741738, 1443150722, 546754143, 3105469403, 3465470997, 245089209, 1340085117, 610517386, 2840742599, 2269379907, 1444377243, 647266244, 1226093179, 2903511049, 2366271913, 3031218973, 1667936435, 1942596568, 3541457245, 288604278, 4156064889, 2086161321, 3565272600, 246106452, 815963199, 2794626295, 2580681769, 351210110, 70787264, 3921306113, 1170270019, 1528528135, 1971606463, 4146077930, 3728813781, 2363183857, 795509685, 4092623317, 3036420316, 3276504461, 2021149717, 657202887, 2612061872, 4198752320, 2884107195, 740702526, 1262026552, 2846443281, 1397966738, 4200953856, 739608172, 13719872, 1320840428, 794523476, 1889938754, 4242090740, 2903735105, 925991071, 810170087, 867065271, 1150311870, 1658744708, 155914891, 378012338, 1311625270, 2091228582, 4092735474, 54381382, 4043402772, 3852592582, 644772762, 4113635351, 2255952022, 3999034115, 3879294346, 1577873704, 1061533496, 1991575489, 440759989, 869274727, 807048341, 3874648452, 3447088486, 2237160019, 4141722865, 397593236, 3585016536, 91196226, 3696541746, 841414821, 447477918, 3635779142, 1291405907, 888987302, 922743843, 3886306423, 564282322, 111106690, 4155711070, 266230306, 2754085327, 2916372309, 3489550857, 2860833498, 4245019148, 1826472071, 503137462, 3929633364, 495169219, 785634714, 3311946346, 3919139935, 837958817, 3165338518, 251760506, 2432354350, 2219626076, 2080928335, 2886576997, 1005899779, 2444278274, 463293261, 994949863, 429994687, 1690610233, 3929209229, 414630183, 992070697, 1091258266, 962820693, 2419417395, 3245474624, 1461699233, 953830589, 2565627299, 2357792595, 2501098808, 803654134, 3698874318, 3222637946, 3954263763, 3734926615, 1813541766, 2361629687, 2773939369, 3018501894, 197388465, 1290801415, 665674567, 124292314, 2043383702, 1113835841, 2143236770, 3484037108, 1061328517, 2631125982, 833712502, 1260045284, 3017945529, 2277349148, 3888465512, 4237468799, 1664522832, 2010928867, 2275861973, 3969315386, 187898316, 1658954484, 1392787574, 1975683515, 1118622854, 3634098636, 218909025, 2658444313, 2093892474, 2060776593, 32425194, 2445595035, 2489422214, 291649117, 23221585, 3744418363, 842943774, 256103800, 926328116, 2134684668, 2883323221, 4027413433, 1297836647, 3493486358, 801893016, 2082054530, 96618360, 3468975231, 3807732263, 1660497381, 2438890600, 1153757697, 943883557, 3450794401, 538071799, 31071936, 384950379, 2385104763, 2674958325, 3072446543, 2343542590, 1952516035, 942451565, 3277928216, 3969665715, 3849153440, 2459551466, 932035500, 3322675901, 4083366874, 1166085626, 3882709816, 3610981127, 2508249328, 2257046946, 3324760593, 3287436069, 3428338413, 3907785186, 1771628839, 1409400522, 4054509217, 244012062, 980316057, 3188632315, 3817312591, 2344016884, 640704020, 3277893740, 2430809958, 2926574060, 2230186512, 470010334, 1334016840, 2277943874, 1860968329, 2188710421, 647102309, 3822848957, 3945845414, 2692737816, 1575128202, 1348467588, 4009332484, 2399347730, 3184825564, 368130228, 4102422184, 3558178183, 3481907666, 3205406790, 22533978, 3132375367, 2129755301, 2842749906, 1073615301, 3203704637, 1040789859, 1697708099, 2776471983, 4007369012, 3860448090, 2267506510, 3800669928, 1753250752, 2430410551, 1568107125, 112412725, 1569492258, 825277886, 983797283, 197213693, 2032126763, 1455979102, 2604614968, 1059663453, 4014438220, 1669639299, 1709733389, 222256549, 1919794660, 2413731051, 2516070669, 771742962, 1797157708, 2116517748, 494658904, 1575548441, 2616207328, 2225918782, 477523132, 1352526710, 2122506868, 3420361732, 1940453317, 2452054307, 885883318, 1893980342, 3539776507, 2903762461, 3015369250, 457), None)
Loaded weights: 149.10401204314178, 46.852252277707834, -5.340789358411629, -4.707649303909744, 0.29235069609025643
events: 
  ----
(3, (3723352992, 2264742586, 930020567, 4218734232, 2845329336, 1069143600, 2541780069, 2462985114, 2485172205, 745754470, 3394992584, 1967818680, 2651744744, 915672045, 1724943061, 1635444680, 4094754989, 4145857820, 255415589, 2581514260, 3019213145, 1414168157, 3104840991, 922506654, 4151037108, 2979696687, 2152613337, 2876043940, 2249797495, 4225878265, 2843904728, 3514956744, 3417417299, 3988563912, 348473078, 1817370581, 622162236, 681190680, 1857763092, 3539340133, 2923167836, 180112156, 2855446269, 1449965124, 1644264727, 1599293478, 1878669682, 3812733470, 3582988574, 3672520548, 1579499070, 1543587071, 739498821, 1655273488, 3358474213, 1172561186, 127340139, 1832489740, 757368212, 1026589021, 2365047325, 1930943140, 211315774, 1627965837, 2619918407, 2005382425, 2792226708, 1508974983, 1876111575, 1824545171, 2719885873, 3548624618, 2480271154, 4009765348, 1942829325, 2943852158, 3786692299, 4271078635, 1259201696, 2492526020, 4261065176, 3349426426, 3292530251, 881176051, 367024351, 1910831990, 2590110534, 878219986, 2158801463, 3554428410, 964701615, 1766310603, 1783547148, 3788267105, 2822361958, 131170170, 2381896562, 4238673866, 739719313, 4147793622, 2175747972, 3735793378, 3973880060, 3194245489, 84338193, 2968346017, 1075853410, 880910705, 354858870, 4098440655, 2772729754, 160164104, 637216674, 1971369050, 3179325715, 3887555607, 3399521602, 3358306724, 3370162113, 1464338923, 1660492223, 1004292099, 3909828734, 2574082431, 3670598619, 2772999526, 4203795540, 163495484, 875839490, 2999130336, 3914501732, 3614534563, 4029763836, 757454653, 2855715293, 3580908902, 308738164, 113146810, 275158696, 3355459615, 730783327, 1655682102, 2620665780, 254338446, 1205158090, 3983516397, 271334094, 2824417257, 777147184, 3857073481, 3325328049, 3636100895, 1816451916, 1492786951, 79502155, 3893112840, 2006744871, 3343588817, 1694730366, 1812594838, 1448041798, 841111057, 2790227344, 2938803332, 3818831141, 24436540, 2698545844, 3591935159, 313997040, 1214201133, 316877524, 432284349, 3922269322, 3176395297, 3827110793, 4207922377, 928296611, 439070891, 4160423816, 3216318254, 4074758912, 2433341196, 1738841738, 678036468, 1139600158, 277493877, 761462038, 1143732555, 2326098778, 1869013410, 3458961139, 248988371, 4166587065, 267460511, 453226286, 2299316554, 4085725517, 1033184496, 1558349704, 1907403592, 2556628009, 92199686, 328747621, 2169200386, 2680899439, 4238930906, 4085965802, 3774410775, 1345357735, 954164631, 2247592974, 2950390924, 1076252907, 295880914, 2209447450, 1023345407, 3608934328, 1608063543, 3833716470, 4072437209, 2547551052, 3805987601, 4256541326, 361531120, 1329748937, 3427976401, 2600347494, 123521134, 3066492676, 169846039, 3484963291, 3281281766, 1817696481, 3201892019, 3520177684, 3509870096, 3373672952, 3220565378, 3334324651, 1058275402, 3860070838, 4289169787, 32715639, 748888167, 4254464527, 1555489522, 1278176523, 1274730280, 2703427195, 4187692503, 4143627371, 4079027781, 2827510948, 4193852130, 2502845038, 4222238890, 1320419338, 874068509, 192345615, 831608073, 1563423452, 2660661340, 398169732, 3613931660, 1743830728, 4274119487, 3060303852, 2696922737, 1576812007, 2779569774, 3781808226, 1389237247, 3762387953, 1656351170, 2828689634, 1317895367, 1970992296, 2739030676, 2701950357, 1386954954, 571526716, 915816132, 2812081372, 3445563144, 1620190552, 268919364, 3396726500, 1381097955, 2869431765, 654600236, 899106332, 149263051, 731446136, 947979665, 924687392, 3961195460, 831788720, 2608818534, 2887560432, 201871314, 2165604996, 4272578879, 1631583779, 1936575325, 3925010605, 2853266033, 2420068773, 2562279860, 3071736499, 2335162439, 4196882537, 3443092796, 2099142218, 1564141048, 2951157123, 584422039, 2818129327, 310538350, 3758363963, 4023036990, 528719028, 1987871333, 3106522651, 2680765367, 1896125046, 4139677423, 87639876, 2464512102, 1663649536, 1666981927, 1642715514, 3327658816, 1481684263, 2042949006, 2214739200, 1572820813, 1453182764, 1113647761, 600520196, 1655603976, 4107881114, 935417783, 844553948, 2161578109, 3392643524, 1697977886, 2896218773, 3598456803, 2551632131, 3533393931, 1866811082, 95287932, 1811246179, 1516263521, 1405137490, 3432599067, 1475841589, 1674326488, 3668515067, 2366677212, 3789462079, 4230339906, 4042009338, 2679827235, 1863833715, 760490664, 2651489065, 736523007, 1173520960, 2342097950, 930870063, 2042222000, 586067858, 3535555166, 695501893, 2928528692, 3350096790, 4149955955, 1159153285, 1728109077, 2146236188, 988796312, 3522504689, 906140292, 4291537627, 399735453, 1060976987, 4125057426, 1897519706, 1214904526, 3702931009, 2358805937, 517342368, 42645899, 1110613810, 2455211036, 3378169784, 563745302, 2139033614, 846039420, 1597346950, 2948888259, 3491253669, 1977838338, 872534194, 937478917, 3001082721, 3733268515, 1853735674, 2111500761, 2854046010, 3912659450, 1079712156, 774721623, 2146596452, 3444203083, 3833221530, 29956486, 4028685064, 2904260564, 1903424153, 4100325298, 2280811281, 3332079719, 3931915086, 1267428677, 1392807549, 1973884633, 3297736073, 231593902, 3335231679, 2545296248, 3197015284, 344353298, 1878431098, 2495766393, 805779606, 1362205047, 729090336, 3590224235, 3133680913, 799060483, 3920417459, 1401135475, 2136783354, 1631113987, 1672377759, 4150364908, 274567838, 2026912783, 2163349758, 2416864447, 2262506061, 3440198557, 694215561, 3603706297, 3872372385, 973069199, 3046660901, 4080969157, 1971008568, 2284122519, 232594071, 1986433444, 892071166, 3305736134, 66176897, 1580029385, 3229093930, 640033933, 3926580218, 4093386720, 74340937, 1772227833, 3406004011, 3808284149, 2323234531, 297492107, 2193247085, 175046410, 1663228119, 3815054195, 3191065676, 2143605104, 496704038, 2828993037, 281493322, 1902250554, 1092152371, 2173269079, 2836338993, 3281155167, 4264984906, 662855678, 3935243954, 2353370646, 1008026649, 1475790240, 198260080, 3890254157, 2032319320, 2533636380, 3261845170, 2490695083, 1558663032, 2299613726, 89044358, 471604989, 880221560, 435579452, 623713988, 2296775541, 413671536, 824125243, 3614970798, 349685210, 3993366920, 897206652, 2593509921, 3045370906, 3996252852, 4119184600, 2848769115, 3534497166, 509709327, 2376873852, 3813595732, 4087494484, 3085337162, 989406197, 3378739932, 2420340032, 3369198732, 2743724089, 1781293288, 4258698955, 3362530966, 3801534, 902363249, 2184891363, 692907273, 1109643727, 148196850, 103087648, 1439160929, 1681625640, 1774537116, 4148749516, 866643871, 3929139473, 3195626369, 963971525, 2710145561, 1196408396, 3705969801, 1156119204, 1623160070, 2409064033, 1584018069, 2450586186, 3508689039, 4053423187, 226534081, 946637161, 1783568211, 347599238, 623841537, 2855469300, 2100939757, 135537032, 1943346785, 2918414637, 984761917, 3960152376, 1378781087, 2120671118, 3324192226, 2847080183, 2212436285, 2918794253, 4059075743, 3631664730, 3153363585, 620457880, 543130239, 2884491151, 4182809916, 1891149179, 194435239, 1790787135, 2977738162, 2005894828, 2836225382, 48409864, 2388731829, 1855373167, 2248554114, 4058502366, 1310354966, 3391375628, 2034286983, 3068369480, 2545619910, 1497994556, 615507242, 334014716, 1385161651, 1090472102, 877799220, 1711926306, 1006274932, 3181232964, 1508396227, 393465056, 3399356584, 1425444952, 2830447603, 1286422031, 3606988138, 648538363, 3002880169, 2377374947, 3414883597, 2813078120, 117), None)
Loaded weights: 151.9572962771988, 51.59027909560657, -5.340789358411629, -4.707649303909744, -9.707649303909744
events: 
  ----
(3, (3723352992, 2264742586, 930020567, 4218734232, 2845329336, 1069143600, 2541780069, 2462985114, 2485172205, 745754470, 3394992584, 1967818680, 2651744744, 915672045, 1724943061, 1635444680, 4094754989, 4145857820, 255415589, 2581514260, 3019213145, 1414168157, 3104840991, 922506654, 4151037108, 2979696687, 2152613337, 2876043940, 2249797495, 4225878265, 2843904728, 3514956744, 3417417299, 3988563912, 348473078, 1817370581, 622162236, 681190680, 1857763092, 3539340133, 2923167836, 180112156, 2855446269, 1449965124, 1644264727, 1599293478, 1878669682, 3812733470, 3582988574, 3672520548, 1579499070, 1543587071, 739498821, 1655273488, 3358474213, 1172561186, 127340139, 1832489740, 757368212, 1026589021, 2365047325, 1930943140, 211315774, 1627965837, 2619918407, 2005382425, 2792226708, 1508974983, 1876111575, 1824545171, 2719885873, 3548624618, 2480271154, 4009765348, 1942829325, 2943852158, 3786692299, 4271078635, 1259201696, 2492526020, 4261065176, 3349426426, 3292530251, 881176051, 367024351, 1910831990, 2590110534, 878219986, 2158801463, 3554428410, 964701615, 1766310603, 1783547148, 3788267105, 2822361958, 131170170, 2381896562, 4238673866, 739719313, 4147793622, 2175747972, 3735793378, 3973880060, 3194245489, 84338193, 2968346017, 1075853410, 880910705, 354858870, 4098440655, 2772729754, 160164104, 637216674, 1971369050, 3179325715, 3887555607, 3399521602, 3358306724, 3370162113, 1464338923, 1660492223, 1004292099, 3909828734, 2574082431, 3670598619, 2772999526, 4203795540, 163495484, 875839490, 2999130336, 3914501732, 3614534563, 4029763836, 757454653, 2855715293, 3580908902, 308738164, 113146810, 275158696, 3355459615, 730783327, 1655682102, 2620665780, 254338446, 1205158090, 3983516397, 271334094, 2824417257, 777147184, 3857073481, 3325328049, 3636100895, 1816451916, 1492786951, 79502155, 3893112840, 2006744871, 3343588817, 1694730366, 1812594838, 1448041798, 841111057, 2790227344, 2938803332, 3818831141, 24436540, 2698545844, 3591935159, 313997040, 1214201133, 316877524, 432284349, 3922269322, 3176395297, 3827110793, 4207922377, 928296611, 439070891, 4160423816, 3216318254, 4074758912, 2433341196, 1738841738, 678036468, 1139600158, 277493877, 761462038, 1143732555, 2326098778, 1869013410, 3458961139, 248988371, 4166587065, 267460511, 453226286, 2299316554, 4085725517, 1033184496, 1558349704, 1907403592, 2556628009, 92199686, 328747621, 2169200386, 2680899439, 4238930906, 4085965802, 3774410775, 1345357735, 954164631, 2247592974, 2950390924, 1076252907, 295880914, 2209447450, 1023345407, 3608934328, 1608063543, 3833716470, 4072437209, 2547551052, 3805987601, 4256541326, 361531120, 1329748937, 3427976401, 2600347494, 123521134, 3066492676, 169846039, 3484963291, 3281281766, 1817696481, 3201892019, 3520177684, 3509870096, 3373672952, 3220565378, 3334324651, 1058275402, 3860070838, 4289169787, 32715639, 748888167, 4254464527, 1555489522, 1278176523, 1274730280, 2703427195, 4187692503, 4143627371, 4079027781, 2827510948, 4193852130, 2502845038, 4222238890, 1320419338, 874068509, 192345615, 831608073, 1563423452, 2660661340, 398169732, 3613931660, 1743830728, 4274119487, 3060303852, 2696922737, 1576812007, 2779569774, 3781808226, 1389237247, 3762387953, 1656351170, 2828689634, 1317895367, 1970992296, 2739030676, 2701950357, 1386954954, 571526716, 915816132, 2812081372, 3445563144, 1620190552, 268919364, 3396726500, 1381097955, 2869431765, 654600236, 899106332, 149263051, 731446136, 947979665, 924687392, 3961195460, 831788720, 2608818534, 2887560432, 201871314, 2165604996, 4272578879, 1631583779, 1936575325, 3925010605, 2853266033, 2420068773, 2562279860, 3071736499, 2335162439, 4196882537, 3443092796, 2099142218, 1564141048, 2951157123, 584422039, 2818129327, 310538350, 3758363963, 4023036990, 528719028, 1987871333, 3106522651, 2680765367, 1896125046, 4139677423, 87639876, 2464512102, 1663649536, 1666981927, 1642715514, 3327658816, 1481684263, 2042949006, 2214739200, 1572820813, 1453182764, 1113647761, 600520196, 1655603976, 4107881114, 935417783, 844553948, 2161578109, 3392643524, 1697977886, 2896218773, 3598456803, 2551632131, 3533393931, 1866811082, 95287932, 1811246179, 1516263521, 1405137490, 3432599067, 1475841589, 1674326488, 3668515067, 2366677212, 3789462079, 4230339906, 4042009338, 2679827235, 1863833715, 760490664, 2651489065, 736523007, 1173520960, 2342097950, 930870063, 2042222000, 586067858, 3535555166, 695501893, 2928528692, 3350096790, 4149955955, 1159153285, 1728109077, 2146236188, 988796312, 3522504689, 906140292, 4291537627, 399735453, 1060976987, 4125057426, 1897519706, 1214904526, 3702931009, 2358805937, 517342368, 42645899, 1110613810, 2455211036, 3378169784, 563745302, 2139033614, 846039420, 1597346950, 2948888259, 3491253669, 1977838338, 872534194, 937478917, 3001082721, 3733268515, 1853735674, 2111500761, 2854046010, 3912659450, 1079712156, 774721623, 2146596452, 3444203083, 3833221530, 29956486, 4028685064, 2904260564, 1903424153, 4100325298, 2280811281, 3332079719, 3931915086, 1267428677, 1392807549, 1973884633, 3297736073, 231593902, 3335231679, 2545296248, 3197015284, 344353298, 1878431098, 2495766393, 805779606, 1362205047, 729090336, 3590224235, 3133680913, 799060483, 3920417459, 1401135475, 2136783354, 1631113987, 1672377759, 4150364908, 274567838, 2026912783, 2163349758, 2416864447, 2262506061, 3440198557, 694215561, 3603706297, 3872372385, 973069199, 3046660901, 4080969157, 1971008568, 2284122519, 232594071, 1986433444, 892071166, 3305736134, 66176897, 1580029385, 3229093930, 640033933, 3926580218, 4093386720, 74340937, 1772227833, 3406004011, 3808284149, 2323234531, 297492107, 2193247085, 175046410, 1663228119, 3815054195, 3191065676, 2143605104, 496704038, 2828993037, 281493322, 1902250554, 1092152371, 2173269079, 2836338993, 3281155167, 4264984906, 662855678, 3935243954, 2353370646, 1008026649, 1475790240, 198260080, 3890254157, 2032319320, 2533636380, 3261845170, 2490695083, 1558663032, 2299613726, 89044358, 471604989, 880221560, 435579452, 623713988, 2296775541, 413671536, 824125243, 3614970798, 349685210, 3993366920, 897206652, 2593509921, 3045370906, 3996252852, 4119184600, 2848769115, 3534497166, 509709327, 2376873852, 3813595732, 4087494484, 3085337162, 989406197, 3378739932, 2420340032, 3369198732, 2743724089, 1781293288, 4258698955, 3362530966, 3801534, 902363249, 2184891363, 692907273, 1109643727, 148196850, 103087648, 1439160929, 1681625640, 1774537116, 4148749516, 866643871, 3929139473, 3195626369, 963971525, 2710145561, 1196408396, 3705969801, 1156119204, 1623160070, 2409064033, 1584018069, 2450586186, 3508689039, 4053423187, 226534081, 946637161, 1783568211, 347599238, 623841537, 2855469300, 2100939757, 135537032, 1943346785, 2918414637, 984761917, 3960152376, 1378781087, 2120671118, 3324192226, 2847080183, 2212436285, 2918794253, 4059075743, 3631664730, 3153363585, 620457880, 543130239, 2884491151, 4182809916, 1891149179, 194435239, 1790787135, 2977738162, 2005894828, 2836225382, 48409864, 2388731829, 1855373167, 2248554114, 4058502366, 1310354966, 3391375628, 2034286983, 3068369480, 2545619910, 1497994556, 615507242, 334014716, 1385161651, 1090472102, 877799220, 1711926306, 1006274932, 3181232964, 1508396227, 393465056, 3399356584, 1425444952, 2830447603, 1286422031, 3606988138, 648538363, 3002880169, 2377374947, 3414883597, 2813078120, 325), None)
Loaded weights: 153.11199480748266, 56.0838975782718, -5.340789358411629, -4.707649303909744, -9.707649303909744
events: me found the exit, 
  ----
(3, (1659146059, 3183533754, 265808432, 200914778, 4028145115, 1120977736, 1015316175, 3877190555, 1641639094, 2546818949, 2753588223, 1635448334, 3214427376, 8240271, 3649765918, 3814402325, 1436758745, 2707844137, 3248831041, 612902377, 4075066999, 1973445976, 4133836059, 1254495427, 899680122, 1591605538, 2469263669, 811099178, 2943564262, 130403089, 493349693, 945755775, 2064876618, 2359901124, 949484621, 2885954666, 13334686, 1487605488, 615639572, 1729706168, 342867193, 2808408705, 3200787017, 314581829, 595472, 3729903114, 1646491772, 362066293, 206293169, 213707392, 1080662092, 2673659875, 1233420295, 1038989267, 4076831278, 471346599, 4220619291, 1072865603, 1365033416, 2042423152, 1081358045, 3017043258, 1521643996, 3798458564, 1794087876, 518776157, 2207691192, 2613757002, 1784749008, 2348180038, 938249916, 2308106163, 1369845887, 182777763, 3829911775, 3988570611, 2414019155, 2927988091, 3904224023, 4102350351, 1919502070, 2039675031, 3374618924, 4040836199, 3684132552, 3003332079, 636000281, 2227565538, 3245416688, 3574569282, 3704183680, 1950322357, 677899192, 4245942402, 2155531234, 4174048499, 1506860059, 629940773, 3084431741, 2093148123, 950211281, 2109700366, 567937322, 2729015439, 377104147, 2726023811, 389848524, 1450448067, 708672550, 1475119691, 1490676345, 646614697, 590753809, 2732980882, 1647640993, 2113432273, 1426784233, 704702609, 3866849776, 1181863304, 2979847586, 2920313374, 1614457978, 442317702, 2803993195, 3565465201, 2524150416, 75213838, 2496510732, 2548538726, 17969754, 3489540660, 4116936884, 1165011693, 4210778099, 2179111094, 2698434020, 1646209980, 1088292379, 77855078, 829283237, 1003679659, 3316562212, 178670956, 3986468966, 1086541973, 2332088587, 49214457, 3485466707, 2480391195, 35482524, 1166377529, 1598314061, 623861499, 225644993, 1129252181, 4259479675, 2925877430, 1928198895, 1268308901, 261029302, 1296927837, 3313872904, 971355842, 2971679693, 502065051, 3395843053, 588549163, 2844843983, 744391787, 1071227253, 1239237032, 3484772423, 2563975034, 1234972566, 4161839539, 2014726578, 1775436891, 565989401, 3209483362, 3778418033, 4027405944, 3117172215, 3490111760, 1228628671, 2907044874, 2682659810, 621624274, 3697190750, 1196288666, 2933634253, 2930958628, 3024945455, 3170728485, 1930027529, 1237741855, 1546141552, 2685428849, 1448012491, 322895945, 3008936285, 3739155451, 3397510797, 2947404527, 3367494565, 4001260083, 2956811752, 3586070054, 2525997800, 1349789108, 387119840, 3444162462, 1859684427, 975320697, 2062217956, 1919268639, 3784831268, 4175364051, 3030391403, 3814291029, 2764631896, 2820968493, 1818340227, 206949778, 848432724, 2264264382, 3825356383, 2038953161, 1640479982, 2969793026, 1781761577, 524009844, 3300134094, 1416408517, 2407732371, 89290826, 3359091012, 1584806901, 1055979051, 2358395947, 3869690093, 8006522, 1812072953, 4066475777, 3476888912, 2126134299, 24465021, 2071831957, 2422561644, 336641009, 2858297150, 1642345768, 572617811, 3652896770, 1301103743, 3358144995, 2227300032, 2178162917, 3114208292, 1434746148, 2212628458, 1934243599, 2276470828, 1932732410, 4274212784, 2139466210, 2924374879, 3818459861, 3048375734, 3464284792, 3803159141, 2837519159, 2936879851, 1986938893, 3956981705, 922137317, 488493002, 2313623129, 4127813510, 1485629209, 648456369, 3778148416, 2058854947, 2346227895, 938545249, 1952855738, 2308745054, 3438837992, 3763755308, 1081725650, 2132646270, 2133059192, 2611205962, 2551742376, 2915516840, 850071688, 2252986101, 1642256580, 3482763354, 1361867069, 3971577827, 231776017, 1292014722, 571655898, 1652919452, 966959898, 3101180629, 2968161136, 2769135723, 759137735, 2521232121, 2769832429, 2644395795, 2870190599, 1286048374, 1267011320, 2622398837, 1975771586, 64673962, 1738941922, 1596260719, 98998320, 774291959, 559060256, 2279319949, 4114879199, 1974492136, 1228386641, 3575241154, 288286103, 2173009199, 3814378847, 2660869188, 356352844, 2711818170, 24353712, 4023668700, 1228697979, 400412461, 425366876, 1611522454, 2065592015, 3835384368, 806432523, 1486513054, 1763943525, 3024582310, 1688143356, 1582656196, 395841311, 411813560, 198413445, 1622946462, 3214091193, 3141516252, 1715391689, 2785117578, 3041791736, 2306243162, 478446964, 996295756, 2190297742, 1463246328, 1314228482, 1958035176, 3604215632, 3361239238, 328505989, 1042163108, 119271532, 914007988, 4243318703, 1771926970, 1186081782, 363337059, 2887202200, 1903350397, 4187912193, 4010631148, 1622289859, 945337399, 3162583782, 407783447, 1527768521, 2089047335, 4101756573, 1903651692, 1996624027, 1769566266, 1926635511, 3869328581, 4266342813, 2241923969, 3950066804, 708790821, 3443375123, 2090044768, 6695282, 1357612310, 3761218052, 372878532, 3097016731, 2195788850, 1645650411, 3945517318, 2714014070, 1225191596, 2517169164, 1474862667, 2898452842, 2761808365, 689368689, 593224958, 2686392528, 2594219048, 2925760403, 128542297, 2529941833, 4164902606, 1442597052, 2261747196, 2851628894, 3011707379, 688266967, 1558012428, 3871612202, 2967747578, 135770950, 2553810988, 1894554125, 3832988499, 2549131743, 2755483450, 2277906261, 1188464965, 3465295523, 3789838800, 44596848, 2126394356, 2863935004, 4110081959, 3610520418, 2192365433, 3728322009, 1363814029, 478122107, 3639194403, 3974506007, 222576373, 1813555196, 3713682194, 3908514733, 2038169519, 700092228, 3421068490, 2343098209, 1962159898, 3925285732, 4289471305, 3188299474, 3379979729, 1348806919, 1046556824, 3533856571, 2096298006, 3858801972, 982277648, 3332030712, 3395389923, 1493656580, 2342482161, 335708331, 3546516152, 3187425591, 2467034032, 1280390338, 3318064235, 839627351, 617826989, 2327357671, 1895888228, 311730777, 3083555163, 2316069843, 210964796, 4059861889, 1832220729, 979812652, 3934666235, 1245645931, 2347937034, 2178420501, 742688285, 2601118726, 2780551646, 1924175717, 3850873000, 3880190173, 64611150, 3550242631, 2112640131, 2330941584, 3854859503, 1936615542, 2372910934, 3031315781, 3481950392, 1016931853, 3989491038, 1747004737, 379791826, 2074411097, 4125169144, 2720050825, 2257805829, 3612647912, 449115756, 3948921009, 635547765, 3971688976, 3805978052, 1613337434, 1543307855, 1349623853, 1731511162, 3190926704, 687696535, 3075094214, 3383017012, 1773349356, 1781759098, 116227802, 4050577369, 3452859041, 386494666, 3241917216, 1830978840, 363478558, 1024302275, 1345356104, 319486527, 1221405839, 1217884648, 799407258, 1205741782, 926448740, 1543657348, 2684241535, 2851527783, 3893543144, 3839926557, 236444766, 2531511801, 3268060531, 725863427, 3846595393, 2414732920, 2008601786, 3931287674, 1862285532, 4109900218, 2121002501, 2219667419, 1140552874, 1130858936, 2621634418, 205722918, 2274997439, 2132049419, 1148808671, 3219137346, 2630611039, 1596339449, 1146652086, 1538026043, 2101671989, 3662266555, 3228367609, 3290930780, 2169292814, 3551020180, 2144160323, 876837637, 791082090, 967857632, 4124980420, 4258293526, 2812385472, 786130254, 1334381345, 898779732, 1613992027, 2544017876, 1449153475, 4258756077, 1025326821, 2145917443, 1366790335, 3657024297, 2352326054, 1573119698, 1584766080, 3233021702, 1663377640, 4033490047, 1598168810, 1087211920, 577873837, 2407908599, 95620269, 1170277483, 2306392985, 4290916589, 1412981560, 494491831, 3828046108, 2374512687, 3453904496, 873495871, 98013962, 882926298, 3606217852, 2666244391, 2498329114, 28), None)
Loaded weights: 161.41936398341568, 56.0838975782718, -5.340789358411629, -4.707649303909744, 0.29235069609025643
events: 
  ----
(3, (1659146059, 3183533754, 265808432, 200914778, 4028145115, 1120977736, 1015316175, 3877190555, 1641639094, 2546818949, 2753588223, 1635448334, 3214427376, 8240271, 3649765918, 3814402325, 1436758745, 2707844137, 3248831041, 612902377, 4075066999, 1973445976, 4133836059, 1254495427, 899680122, 1591605538, 2469263669, 811099178, 2943564262, 130403089, 493349693, 945755775, 2064876618, 2359901124, 949484621, 2885954666, 13334686, 1487605488, 615639572, 1729706168, 342867193, 2808408705, 3200787017, 314581829, 595472, 3729903114, 1646491772, 362066293, 206293169, 213707392, 1080662092, 2673659875, 1233420295, 1038989267, 4076831278, 471346599, 4220619291, 1072865603, 1365033416, 2042423152, 1081358045, 3017043258, 1521643996, 3798458564, 1794087876, 518776157, 2207691192, 2613757002, 1784749008, 2348180038, 938249916, 2308106163, 1369845887, 182777763, 3829911775, 3988570611, 2414019155, 2927988091, 3904224023, 4102350351, 1919502070, 2039675031, 3374618924, 4040836199, 3684132552, 3003332079, 636000281, 2227565538, 3245416688, 3574569282, 3704183680, 1950322357, 677899192, 4245942402, 2155531234, 4174048499, 1506860059, 629940773, 3084431741, 2093148123, 950211281, 2109700366, 567937322, 2729015439, 377104147, 2726023811, 389848524, 1450448067, 708672550, 1475119691, 1490676345, 646614697, 590753809, 2732980882, 1647640993, 2113432273, 1426784233, 704702609, 3866849776, 1181863304, 2979847586, 2920313374, 1614457978, 442317702, 2803993195, 3565465201, 2524150416, 75213838, 2496510732, 2548538726, 17969754, 3489540660, 4116936884, 1165011693, 4210778099, 2179111094, 2698434020, 1646209980, 1088292379, 77855078, 829283237, 1003679659, 3316562212, 178670956, 3986468966, 1086541973, 2332088587, 49214457, 3485466707, 2480391195, 35482524, 1166377529, 1598314061, 623861499, 225644993, 1129252181, 4259479675, 2925877430, 1928198895, 1268308901, 261029302, 1296927837, 3313872904, 971355842, 2971679693, 502065051, 3395843053, 588549163, 2844843983, 744391787, 1071227253, 1239237032, 3484772423, 2563975034, 1234972566, 4161839539, 2014726578, 1775436891, 565989401, 3209483362, 3778418033, 4027405944, 3117172215, 3490111760, 1228628671, 2907044874, 2682659810, 621624274, 3697190750, 1196288666, 2933634253, 2930958628, 3024945455, 3170728485, 1930027529, 1237741855, 1546141552, 2685428849, 1448012491, 322895945, 3008936285, 3739155451, 3397510797, 2947404527, 3367494565, 4001260083, 2956811752, 3586070054, 2525997800, 1349789108, 387119840, 3444162462, 1859684427, 975320697, 2062217956, 1919268639, 3784831268, 4175364051, 3030391403, 3814291029, 2764631896, 2820968493, 1818340227, 206949778, 848432724, 2264264382, 3825356383, 2038953161, 1640479982, 2969793026, 1781761577, 524009844, 3300134094, 1416408517, 2407732371, 89290826, 3359091012, 1584806901, 1055979051, 2358395947, 3869690093, 8006522, 1812072953, 4066475777, 3476888912, 2126134299, 24465021, 2071831957, 2422561644, 336641009, 2858297150, 1642345768, 572617811, 3652896770, 1301103743, 3358144995, 2227300032, 2178162917, 3114208292, 1434746148, 2212628458, 1934243599, 2276470828, 1932732410, 4274212784, 2139466210, 2924374879, 3818459861, 3048375734, 3464284792, 3803159141, 2837519159, 2936879851, 1986938893, 3956981705, 922137317, 488493002, 2313623129, 4127813510, 1485629209, 648456369, 3778148416, 2058854947, 2346227895, 938545249, 1952855738, 2308745054, 3438837992, 3763755308, 1081725650, 2132646270, 2133059192, 2611205962, 2551742376, 2915516840, 850071688, 2252986101, 1642256580, 3482763354, 1361867069, 3971577827, 231776017, 1292014722, 571655898, 1652919452, 966959898, 3101180629, 2968161136, 2769135723, 759137735, 2521232121, 2769832429, 2644395795, 2870190599, 1286048374, 1267011320, 2622398837, 1975771586, 64673962, 1738941922, 1596260719, 98998320, 774291959, 559060256, 2279319949, 4114879199, 1974492136, 1228386641, 3575241154, 288286103, 2173009199, 3814378847, 2660869188, 356352844, 2711818170, 24353712, 4023668700, 1228697979, 400412461, 425366876, 1611522454, 2065592015, 3835384368, 806432523, 1486513054, 1763943525, 3024582310, 1688143356, 1582656196, 395841311, 411813560, 198413445, 1622946462, 3214091193, 3141516252, 1715391689, 2785117578, 3041791736, 2306243162, 478446964, 996295756, 2190297742, 1463246328, 1314228482, 1958035176, 3604215632, 3361239238, 328505989, 1042163108, 119271532, 914007988, 4243318703, 1771926970, 1186081782, 363337059, 2887202200, 1903350397, 4187912193, 4010631148, 1622289859, 945337399, 3162583782, 407783447, 1527768521, 2089047335, 4101756573, 1903651692, 1996624027, 1769566266, 1926635511, 3869328581, 4266342813, 2241923969, 3950066804, 708790821, 3443375123, 2090044768, 6695282, 1357612310, 3761218052, 372878532, 3097016731, 2195788850, 1645650411, 3945517318, 2714014070, 1225191596, 2517169164, 1474862667, 2898452842, 2761808365, 689368689, 593224958, 2686392528, 2594219048, 2925760403, 128542297, 2529941833, 4164902606, 1442597052, 2261747196, 2851628894, 3011707379, 688266967, 1558012428, 3871612202, 2967747578, 135770950, 2553810988, 1894554125, 3832988499, 2549131743, 2755483450, 2277906261, 1188464965, 3465295523, 3789838800, 44596848, 2126394356, 2863935004, 4110081959, 3610520418, 2192365433, 3728322009, 1363814029, 478122107, 3639194403, 3974506007, 222576373, 1813555196, 3713682194, 3908514733, 2038169519, 700092228, 3421068490, 2343098209, 1962159898, 3925285732, 4289471305, 3188299474, 3379979729, 1348806919, 1046556824, 3533856571, 2096298006, 3858801972, 982277648, 3332030712, 3395389923, 1493656580, 2342482161, 335708331, 3546516152, 3187425591, 2467034032, 1280390338, 3318064235, 839627351, 617826989, 2327357671, 1895888228, 311730777, 3083555163, 2316069843, 210964796, 4059861889, 1832220729, 979812652, 3934666235, 1245645931, 2347937034, 2178420501, 742688285, 2601118726, 2780551646, 1924175717, 3850873000, 3880190173, 64611150, 3550242631, 2112640131, 2330941584, 3854859503, 1936615542, 2372910934, 3031315781, 3481950392, 1016931853, 3989491038, 1747004737, 379791826, 2074411097, 4125169144, 2720050825, 2257805829, 3612647912, 449115756, 3948921009, 635547765, 3971688976, 3805978052, 1613337434, 1543307855, 1349623853, 1731511162, 3190926704, 687696535, 3075094214, 3383017012, 1773349356, 1781759098, 116227802, 4050577369, 3452859041, 386494666, 3241917216, 1830978840, 363478558, 1024302275, 1345356104, 319486527, 1221405839, 1217884648, 799407258, 1205741782, 926448740, 1543657348, 2684241535, 2851527783, 3893543144, 3839926557, 236444766, 2531511801, 3268060531, 725863427, 3846595393, 2414732920, 2008601786, 3931287674, 1862285532, 4109900218, 2121002501, 2219667419, 1140552874, 1130858936, 2621634418, 205722918, 2274997439, 2132049419, 1148808671, 3219137346, 2630611039, 1596339449, 1146652086, 1538026043, 2101671989, 3662266555, 3228367609, 3290930780, 2169292814, 3551020180, 2144160323, 876837637, 791082090, 967857632, 4124980420, 4258293526, 2812385472, 786130254, 1334381345, 898779732, 1613992027, 2544017876, 1449153475, 4258756077, 1025326821, 2145917443, 1366790335, 3657024297, 2352326054, 1573119698, 1584766080, 3233021702, 1663377640, 4033490047, 1598168810, 1087211920, 577873837, 2407908599, 95620269, 1170277483, 2306392985, 4290916589, 1412981560, 494491831, 3828046108, 2374512687, 3453904496, 873495871, 98013962, 882926298, 3606217852, 2666244391, 2498329114, 278), None)
Loaded weights: 162.01729846671495, 60.03361948607329, -5.340789358411629, -4.707649303909744, -9.707649303909744
events: me found the exit, 
  ----
(3, (1659146059, 3183533754, 265808432, 200914778, 4028145115, 1120977736, 1015316175, 3877190555, 1641639094, 2546818949, 2753588223, 1635448334, 3214427376, 8240271, 3649765918, 3814402325, 1436758745, 2707844137, 3248831041, 612902377, 4075066999, 1973445976, 4133836059, 1254495427, 899680122, 1591605538, 2469263669, 811099178, 2943564262, 130403089, 493349693, 945755775, 2064876618, 2359901124, 949484621, 2885954666, 13334686, 1487605488, 615639572, 1729706168, 342867193, 2808408705, 3200787017, 314581829, 595472, 3729903114, 1646491772, 362066293, 206293169, 213707392, 1080662092, 2673659875, 1233420295, 1038989267, 4076831278, 471346599, 4220619291, 1072865603, 1365033416, 2042423152, 1081358045, 3017043258, 1521643996, 3798458564, 1794087876, 518776157, 2207691192, 2613757002, 1784749008, 2348180038, 938249916, 2308106163, 1369845887, 182777763, 3829911775, 3988570611, 2414019155, 2927988091, 3904224023, 4102350351, 1919502070, 2039675031, 3374618924, 4040836199, 3684132552, 3003332079, 636000281, 2227565538, 3245416688, 3574569282, 3704183680, 1950322357, 677899192, 4245942402, 2155531234, 4174048499, 1506860059, 629940773, 3084431741, 2093148123, 950211281, 2109700366, 567937322, 2729015439, 377104147, 2726023811, 389848524, 1450448067, 708672550, 1475119691, 1490676345, 646614697, 590753809, 2732980882, 1647640993, 2113432273, 1426784233, 704702609, 3866849776, 1181863304, 2979847586, 2920313374, 1614457978, 442317702, 2803993195, 3565465201, 2524150416, 75213838, 2496510732, 2548538726, 17969754, 3489540660, 4116936884, 1165011693, 4210778099, 2179111094, 2698434020, 1646209980, 1088292379, 77855078, 829283237, 1003679659, 3316562212, 178670956, 3986468966, 1086541973, 2332088587, 49214457, 3485466707, 2480391195, 35482524, 1166377529, 1598314061, 623861499, 225644993, 1129252181, 4259479675, 2925877430, 1928198895, 1268308901, 261029302, 1296927837, 3313872904, 971355842, 2971679693, 502065051, 3395843053, 588549163, 2844843983, 744391787, 1071227253, 1239237032, 3484772423, 2563975034, 1234972566, 4161839539, 2014726578, 1775436891, 565989401, 3209483362, 3778418033, 4027405944, 3117172215, 3490111760, 1228628671, 2907044874, 2682659810, 621624274, 3697190750, 1196288666, 2933634253, 2930958628, 3024945455, 3170728485, 1930027529, 1237741855, 1546141552, 2685428849, 1448012491, 322895945, 3008936285, 3739155451, 3397510797, 2947404527, 3367494565, 4001260083, 2956811752, 3586070054, 2525997800, 1349789108, 387119840, 3444162462, 1859684427, 975320697, 2062217956, 1919268639, 3784831268, 4175364051, 3030391403, 3814291029, 2764631896, 2820968493, 1818340227, 206949778, 848432724, 2264264382, 3825356383, 2038953161, 1640479982, 2969793026, 1781761577, 524009844, 3300134094, 1416408517, 2407732371, 89290826, 3359091012, 1584806901, 1055979051, 2358395947, 3869690093, 8006522, 1812072953, 4066475777, 3476888912, 2126134299, 24465021, 2071831957, 2422561644, 336641009, 2858297150, 1642345768, 572617811, 3652896770, 1301103743, 3358144995, 2227300032, 2178162917, 3114208292, 1434746148, 2212628458, 1934243599, 2276470828, 1932732410, 4274212784, 2139466210, 2924374879, 3818459861, 3048375734, 3464284792, 3803159141, 2837519159, 2936879851, 1986938893, 3956981705, 922137317, 488493002, 2313623129, 4127813510, 1485629209, 648456369, 3778148416, 2058854947, 2346227895, 938545249, 1952855738, 2308745054, 3438837992, 3763755308, 1081725650, 2132646270, 2133059192, 2611205962, 2551742376, 2915516840, 850071688, 2252986101, 1642256580, 3482763354, 1361867069, 3971577827, 231776017, 1292014722, 571655898, 1652919452, 966959898, 3101180629, 2968161136, 2769135723, 759137735, 2521232121, 2769832429, 2644395795, 2870190599, 1286048374, 1267011320, 2622398837, 1975771586, 64673962, 1738941922, 1596260719, 98998320, 774291959, 559060256, 2279319949, 4114879199, 1974492136, 1228386641, 3575241154, 288286103, 2173009199, 3814378847, 2660869188, 356352844, 2711818170, 24353712, 4023668700, 1228697979, 400412461, 425366876, 1611522454, 2065592015, 3835384368, 806432523, 1486513054, 1763943525, 3024582310, 1688143356, 1582656196, 395841311, 411813560, 198413445, 1622946462, 3214091193, 3141516252, 1715391689, 2785117578, 3041791736, 2306243162, 478446964, 996295756, 2190297742, 1463246328, 1314228482, 1958035176, 3604215632, 3361239238, 328505989, 1042163108, 119271532, 914007988, 4243318703, 1771926970, 1186081782, 363337059, 2887202200, 1903350397, 4187912193, 4010631148, 1622289859, 945337399, 3162583782, 407783447, 1527768521, 2089047335, 4101756573, 1903651692, 1996624027, 1769566266, 1926635511, 3869328581, 4266342813, 2241923969, 3950066804, 708790821, 3443375123, 2090044768, 6695282, 1357612310, 3761218052, 372878532, 3097016731, 2195788850, 1645650411, 3945517318, 2714014070, 1225191596, 2517169164, 1474862667, 2898452842, 2761808365, 689368689, 593224958, 2686392528, 2594219048, 2925760403, 128542297, 2529941833, 4164902606, 1442597052, 2261747196, 2851628894, 3011707379, 688266967, 1558012428, 3871612202, 2967747578, 135770950, 2553810988, 1894554125, 3832988499, 2549131743, 2755483450, 2277906261, 1188464965, 3465295523, 3789838800, 44596848, 2126394356, 2863935004, 4110081959, 3610520418, 2192365433, 3728322009, 1363814029, 478122107, 3639194403, 3974506007, 222576373, 1813555196, 3713682194, 3908514733, 2038169519, 700092228, 3421068490, 2343098209, 1962159898, 3925285732, 4289471305, 3188299474, 3379979729, 1348806919, 1046556824, 3533856571, 2096298006, 3858801972, 982277648, 3332030712, 3395389923, 1493656580, 2342482161, 335708331, 3546516152, 3187425591, 2467034032, 1280390338, 3318064235, 839627351, 617826989, 2327357671, 1895888228, 311730777, 3083555163, 2316069843, 210964796, 4059861889, 1832220729, 979812652, 3934666235, 1245645931, 2347937034, 2178420501, 742688285, 2601118726, 2780551646, 1924175717, 3850873000, 3880190173, 64611150, 3550242631, 2112640131, 2330941584, 3854859503, 1936615542, 2372910934, 3031315781, 3481950392, 1016931853, 3989491038, 1747004737, 379791826, 2074411097, 4125169144, 2720050825, 2257805829, 3612647912, 449115756, 3948921009, 635547765, 3971688976, 3805978052, 1613337434, 1543307855, 1349623853, 1731511162, 3190926704, 687696535, 3075094214, 3383017012, 1773349356, 1781759098, 116227802, 4050577369, 3452859041, 386494666, 3241917216, 1830978840, 363478558, 1024302275, 1345356104, 319486527, 1221405839, 1217884648, 799407258, 1205741782, 926448740, 1543657348, 2684241535, 2851527783, 3893543144, 3839926557, 236444766, 2531511801, 3268060531, 725863427, 3846595393, 2414732920, 2008601786, 3931287674, 1862285532, 4109900218, 2121002501, 2219667419, 1140552874, 1130858936, 2621634418, 205722918, 2274997439, 2132049419, 1148808671, 3219137346, 2630611039, 1596339449, 1146652086, 1538026043, 2101671989, 3662266555, 3228367609, 3290930780, 2169292814, 3551020180, 2144160323, 876837637, 791082090, 967857632, 4124980420, 4258293526, 2812385472, 786130254, 1334381345, 898779732, 1613992027, 2544017876, 1449153475, 4258756077, 1025326821, 2145917443, 1366790335, 3657024297, 2352326054, 1573119698, 1584766080, 3233021702, 1663377640, 4033490047, 1598168810, 1087211920, 577873837, 2407908599, 95620269, 1170277483, 2306392985, 4290916589, 1412981560, 494491831, 3828046108, 2374512687, 3453904496, 873495871, 98013962, 882926298, 3606217852, 2666244391, 2498329114, 597), None)
Loaded weights: 172.1240286541651, 60.03361948607329, -5.340789358411629, -4.707649303909744, 0.29235069609025643
events: 
  ----
(3, (512116271, 385904654, 3855841705, 3074249462, 3656439871, 95132554, 3365047545, 2613536605, 858426987, 2183034252, 3870658315, 1210367027, 1978961906, 2287491298, 3249785380, 3498233165, 698654235, 1668975063, 1697590712, 2815663549, 3961252837, 1510294684, 2845307394, 2619311681, 2258017231, 589122998, 1898589378, 1264910079, 1009666173, 660569787, 2368768166, 2779894281, 1991772143, 557157802, 2180169706, 3831032693, 2878574637, 1418624079, 4244679423, 1926969203, 2282929135, 3100807695, 2061274977, 4110308527, 4162636903, 4089277255, 1308313020, 3462885898, 438428987, 4175265541, 2051076409, 4035890729, 3957771466, 3827665413, 1072928161, 3720055421, 4014698298, 3813096494, 3078005977, 3452339371, 4028444153, 2465536935, 2402969264, 3154225203, 3323489142, 1068132420, 2672246046, 163739134, 3824915479, 1635391822, 1532691454, 1002053891, 3313348362, 548677697, 4224995469, 228244302, 1941321557, 2119802596, 2937845530, 3169912592, 2546630339, 4261435, 1809660427, 483083776, 3525150833, 2084023688, 2288947746, 1814790468, 2608553760, 55694841, 3648108201, 4273326119, 1958147114, 3419392251, 1689635251, 3651426511, 281497035, 660550079, 2514048087, 1625198879, 3650665562, 322234331, 1539337183, 2950297557, 47841550, 2925146633, 3244085960, 2557542725, 105955519, 2062425435, 3067138438, 1700357513, 2035535880, 4273019357, 3696330222, 1181539027, 774400542, 3048135421, 3026994988, 34248893, 3159882174, 1442637384, 3784685523, 1749215278, 2472768701, 281329415, 307000874, 1834098428, 4123157443, 1752462266, 2427790300, 3004498542, 2449722437, 3460719452, 1176253057, 2701495595, 3166824319, 2926494488, 3278522259, 3969701909, 2437675284, 534429777, 358852606, 633643532, 2980328474, 3558845874, 4158272953, 4181104672, 3889901238, 487383626, 607401916, 526141342, 1670242122, 2068945186, 3065572907, 823803163, 2516060456, 3409805739, 1501740620, 2284492963, 3356926539, 3364907134, 871556029, 1969271939, 2845125911, 946988786, 2339996256, 3467073152, 1399129496, 2326230339, 2742490219, 3251010295, 135331426, 3677238409, 969609305, 590155808, 3921262404, 3531272936, 1659015684, 869956316, 3093975493, 29953144, 3914315910, 775767316, 1768928326, 2075159284, 2107664771, 396297807, 2524496265, 1941245359, 4042844242, 3992278278, 2298414828, 3575516047, 3721926667, 3115761260, 3747664164, 267956311, 2911505950, 4283233906, 2802867613, 632389808, 1122761742, 2693834719, 2957122886, 2561495538, 167422971, 3140352267, 930614320, 1262810336, 81098850, 1642147853, 2175444814, 2025094425, 692234441, 3473524863, 2975837198, 3726763357, 210719465, 3756803971, 12885689, 3676837921, 66942403, 770270704, 3582489379, 1977761495, 1898066081, 778410072, 260163855, 163711586, 3097539148, 4222279256, 4136992183, 1448851055, 3647888248, 389110473, 1949161641, 1623540929, 3613732601, 2679069531, 3362082143, 1857715719, 1891287570, 1312428211, 2234459909, 4238162521, 57016232, 3827910227, 2298849723, 3166232989, 3974995157, 244224313, 264251831, 2397322786, 4135113425, 2119088925, 4273856022, 3523153588, 3480480923, 2001273882, 3247974130, 2183833596, 2646702216, 2498902005, 726444222, 1932472207, 2585726662, 3536582964, 3756848947, 2458120844, 963013099, 915595725, 293797790, 3776883335, 202677159, 347013854, 1697006838, 21251834, 96472442, 1639786573, 3569186341, 3684758639, 1096775417, 767252437, 3648268147, 3015243638, 2881144031, 2151022959, 4073321166, 2964630031, 2207275791, 3418980563, 1940281232, 3383008714, 1352138170, 2044186546, 294352172, 2089837523, 3391400258, 1781113892, 4283750166, 3713342156, 479451171, 1123348763, 1653133161, 712992431, 3833873064, 1547967017, 3486938119, 4193711016, 3612332585, 98179879, 2964769876, 3996997401, 1240008248, 206880581, 2041586968, 3634158332, 3446069974, 3257713730, 3376186595, 3937278359, 3373077087, 2317494738, 3304425487, 4009851299, 3712874856, 4078194875, 3265996239, 3255461271, 1199317413, 1301730092, 3838112687, 3515700501, 3637038237, 834332497, 2272826681, 607553231, 1777610535, 1230315715, 1513528933, 3994823926, 2272066953, 40197073, 406304784, 2924477567, 1883576899, 2474462428, 3342356760, 3989853327, 4104363699, 2738712050, 2516950532, 1339272132, 2269497415, 3871514886, 852718790, 3557695217, 4250353876, 2410868323, 3472934427, 763862141, 2251245994, 2258335755, 2231842992, 2806415344, 1012802952, 2386881478, 475478119, 241103908, 2193219844, 3312094919, 4148607049, 1678151639, 4013753068, 107673431, 3100339861, 1404213322, 4128104864, 3869848974, 1695613009, 1670871807, 2241167136, 850563940, 1745410618, 557386746, 715333681, 4239006294, 1760810842, 2578116864, 2471336082, 1917655048, 1305049288, 1198430125, 1899051094, 757908264, 2324980218, 2332219104, 4057050101, 1124870144, 1584060571, 2025560640, 3408850954, 3693895623, 2191047251, 107080274, 954073306, 1251388991, 396917965, 571073711, 3820913395, 2025997881, 1807738524, 821050263, 3651563865, 1285866106, 3789050324, 2363967285, 2265674072, 2342044690, 2179086368, 487663661, 1950155224, 4044251170, 1016774338, 4126675939, 3142004689, 2869712267, 3301932393, 3923258744, 1918911471, 3797726939, 1111943815, 4086914950, 90395269, 1200234712, 168872920, 998924696, 1958422275, 1658812482, 321808552, 4045173674, 958246476, 1089605527, 1226218943, 3119725479, 815260759, 3748540700, 3978578911, 760238154, 3231337721, 809319467, 1631549813, 1423351492, 4072227639, 1979440770, 1027180496, 1585320759, 2762872113, 187105152, 2808189491, 3328099124, 2808661387, 173319330, 1405425243, 2317550065, 3168942887, 878524785, 37342213, 3967666869, 2637422649, 2896093785, 996911645, 1256195696, 2181159986, 854575953, 2092271721, 1737263452, 2463790485, 2000704261, 514252753, 1955973795, 2722119211, 3103020680, 1879701419, 551673944, 1786406028, 1842579664, 2117964054, 2553818637, 1293320352, 3831913327, 2125191564, 3368215081, 849019481, 3979289447, 2015937085, 2022348876, 2253677233, 4135347456, 3832088271, 3892188431, 1830303461, 1670486877, 3256609927, 1644503334, 2801470356, 3797422218, 918082064, 1242489360, 2304861990, 3817123215, 2074087661, 1912325378, 3952890267, 3215690232, 471071368, 1214788586, 4254340571, 46864754, 3115340903, 3831614530, 3370626939, 571544721, 1669903723, 122858710, 1905049415, 2609285132, 2844560954, 696935966, 1099058806, 3275164762, 3583045408, 2936077005, 2094647225, 3108451979, 4079217831, 1354869911, 767712131, 540737940, 1397977473, 1839382220, 461783304, 1516188019, 3271615694, 3815239956, 1423660962, 80697871, 2661775843, 578155022, 3442067453, 1452072492, 392993733, 300199862, 1488966084, 2237519603, 3117813706, 1918204312, 974573378, 3736665970, 934286024, 1139198895, 1346854148, 2798342629, 706215286, 802530740, 3549514307, 3165917631, 1428695750, 2560420904, 3574076193, 4004254387, 2355347108, 3298533249, 886538265, 1930690970, 351181100, 2528137629, 3818588661, 4291935310, 2839395898, 74237210, 4048673587, 772496950, 4007724179, 2210362207, 3697418755, 2557310140, 2471209266, 2632346752, 797573369, 2396416090, 1434379982, 2612866977, 1237501035, 3131803065, 3220016292, 927838287, 2205178900, 2577877792, 1262240151, 3479502191, 2012768035, 435603573, 1007916863, 3597346152, 1855542919, 4225454837, 3091614838, 1048399306, 2936423031, 2397139603, 1260730982, 3172416693, 3468670680, 3074391954, 4282761784, 1347229394, 1889980813, 1469663653, 1813501331, 2806799386, 1733852709, 1558180402, 230), None)
Loaded weights: 174.7810723357951, 66.6603626019798, -5.340789358411629, -4.707649303909744, -9.707649303909744
events: 
  ----
(3, (512116271, 385904654, 3855841705, 3074249462, 3656439871, 95132554, 3365047545, 2613536605, 858426987, 2183034252, 3870658315, 1210367027, 1978961906, 2287491298, 3249785380, 3498233165, 698654235, 1668975063, 1697590712, 2815663549, 3961252837, 1510294684, 2845307394, 2619311681, 2258017231, 589122998, 1898589378, 1264910079, 1009666173, 660569787, 2368768166, 2779894281, 1991772143, 557157802, 2180169706, 3831032693, 2878574637, 1418624079, 4244679423, 1926969203, 2282929135, 3100807695, 2061274977, 4110308527, 4162636903, 4089277255, 1308313020, 3462885898, 438428987, 4175265541, 2051076409, 4035890729, 3957771466, 3827665413, 1072928161, 3720055421, 4014698298, 3813096494, 3078005977, 3452339371, 4028444153, 2465536935, 2402969264, 3154225203, 3323489142, 1068132420, 2672246046, 163739134, 3824915479, 1635391822, 1532691454, 1002053891, 3313348362, 548677697, 4224995469, 228244302, 1941321557, 2119802596, 2937845530, 3169912592, 2546630339, 4261435, 1809660427, 483083776, 3525150833, 2084023688, 2288947746, 1814790468, 2608553760, 55694841, 3648108201, 4273326119, 1958147114, 3419392251, 1689635251, 3651426511, 281497035, 660550079, 2514048087, 1625198879, 3650665562, 322234331, 1539337183, 2950297557, 47841550, 2925146633, 3244085960, 2557542725, 105955519, 2062425435, 3067138438, 1700357513, 2035535880, 4273019357, 3696330222, 1181539027, 774400542, 3048135421, 3026994988, 34248893, 3159882174, 1442637384, 3784685523, 1749215278, 2472768701, 281329415, 307000874, 1834098428, 4123157443, 1752462266, 2427790300, 3004498542, 2449722437, 3460719452, 1176253057, 2701495595, 3166824319, 2926494488, 3278522259, 3969701909, 2437675284, 534429777, 358852606, 633643532, 2980328474, 3558845874, 4158272953, 4181104672, 3889901238, 487383626, 607401916, 526141342, 1670242122, 2068945186, 3065572907, 823803163, 2516060456, 3409805739, 1501740620, 2284492963, 3356926539, 3364907134, 871556029, 1969271939, 2845125911, 946988786, 2339996256, 3467073152, 1399129496, 2326230339, 2742490219, 3251010295, 135331426, 3677238409, 969609305, 590155808, 3921262404, 3531272936, 1659015684, 869956316, 3093975493, 29953144, 3914315910, 775767316, 1768928326, 2075159284, 2107664771, 396297807, 2524496265, 1941245359, 4042844242, 3992278278, 2298414828, 3575516047, 3721926667, 3115761260, 3747664164, 267956311, 2911505950, 4283233906, 2802867613, 632389808, 1122761742, 2693834719, 2957122886, 2561495538, 167422971, 3140352267, 930614320, 1262810336, 81098850, 1642147853, 2175444814, 2025094425, 692234441, 3473524863, 2975837198, 3726763357, 210719465, 3756803971, 12885689, 3676837921, 66942403, 770270704, 3582489379, 1977761495, 1898066081, 778410072, 260163855, 163711586, 3097539148, 4222279256, 4136992183, 1448851055, 3647888248, 389110473, 1949161641, 1623540929, 3613732601, 2679069531, 3362082143, 1857715719, 1891287570, 1312428211, 2234459909, 4238162521, 57016232, 3827910227, 2298849723, 3166232989, 3974995157, 244224313, 264251831, 2397322786, 4135113425, 2119088925, 4273856022, 3523153588, 3480480923, 2001273882, 3247974130, 2183833596, 2646702216, 2498902005, 726444222, 1932472207, 2585726662, 3536582964, 3756848947, 2458120844, 963013099, 915595725, 293797790, 3776883335, 202677159, 347013854, 1697006838, 21251834, 96472442, 1639786573, 3569186341, 3684758639, 1096775417, 767252437, 3648268147, 3015243638, 2881144031, 2151022959, 4073321166, 2964630031, 2207275791, 3418980563, 1940281232, 3383008714, 1352138170, 2044186546, 294352172, 2089837523, 3391400258, 1781113892, 4283750166, 3713342156, 479451171, 1123348763, 1653133161, 712992431, 3833873064, 1547967017, 3486938119, 4193711016, 3612332585, 98179879, 2964769876, 3996997401, 1240008248, 206880581, 2041586968, 3634158332, 3446069974, 3257713730, 3376186595, 3937278359, 3373077087, 2317494738, 3304425487, 4009851299, 3712874856, 4078194875, 3265996239, 3255461271, 1199317413, 1301730092, 3838112687, 3515700501, 3637038237, 834332497, 2272826681, 607553231, 1777610535, 1230315715, 1513528933, 3994823926, 2272066953, 40197073, 406304784, 2924477567, 1883576899, 2474462428, 3342356760, 3989853327, 4104363699, 2738712050, 2516950532, 1339272132, 2269497415, 3871514886, 852718790, 3557695217, 4250353876, 2410868323, 3472934427, 763862141, 2251245994, 2258335755, 2231842992, 2806415344, 1012802952, 2386881478, 475478119, 241103908, 2193219844, 3312094919, 4148607049, 1678151639, 4013753068, 107673431, 3100339861, 1404213322, 4128104864, 3869848974, 1695613009, 1670871807, 2241167136, 850563940, 1745410618, 557386746, 715333681, 4239006294, 1760810842, 2578116864, 2471336082, 1917655048, 1305049288, 1198430125, 1899051094, 757908264, 2324980218, 2332219104, 4057050101, 1124870144, 1584060571, 2025560640, 3408850954, 3693895623, 2191047251, 107080274, 954073306, 1251388991, 396917965, 571073711, 3820913395, 2025997881, 1807738524, 821050263, 3651563865, 1285866106, 3789050324, 2363967285, 2265674072, 2342044690, 2179086368, 487663661, 1950155224, 4044251170, 1016774338, 4126675939, 3142004689, 2869712267, 3301932393, 3923258744, 1918911471, 3797726939, 1111943815, 4086914950, 90395269, 1200234712, 168872920, 998924696, 1958422275, 1658812482, 321808552, 4045173674, 958246476, 1089605527, 1226218943, 3119725479, 815260759, 3748540700, 3978578911, 760238154, 3231337721, 809319467, 1631549813, 1423351492, 4072227639, 1979440770, 1027180496, 1585320759, 2762872113, 187105152, 2808189491, 3328099124, 2808661387, 173319330, 1405425243, 2317550065, 3168942887, 878524785, 37342213, 3967666869, 2637422649, 2896093785, 996911645, 1256195696, 2181159986, 854575953, 2092271721, 1737263452, 2463790485, 2000704261, 514252753, 1955973795, 2722119211, 3103020680, 1879701419, 551673944, 1786406028, 1842579664, 2117964054, 2553818637, 1293320352, 3831913327, 2125191564, 3368215081, 849019481, 3979289447, 2015937085, 2022348876, 2253677233, 4135347456, 3832088271, 3892188431, 1830303461, 1670486877, 3256609927, 1644503334, 2801470356, 3797422218, 918082064, 1242489360, 2304861990, 3817123215, 2074087661, 1912325378, 3952890267, 3215690232, 471071368, 1214788586, 4254340571, 46864754, 3115340903, 3831614530, 3370626939, 571544721, 1669903723, 122858710, 1905049415, 2609285132, 2844560954, 696935966, 1099058806, 3275164762, 3583045408, 2936077005, 2094647225, 3108451979, 4079217831, 1354869911, 767712131, 540737940, 1397977473, 1839382220, 461783304, 1516188019, 3271615694, 3815239956, 1423660962, 80697871, 2661775843, 578155022, 3442067453, 1452072492, 392993733, 300199862, 1488966084, 2237519603, 3117813706, 1918204312, 974573378, 3736665970, 934286024, 1139198895, 1346854148, 2798342629, 706215286, 802530740, 3549514307, 3165917631, 1428695750, 2560420904, 3574076193, 4004254387, 2355347108, 3298533249, 886538265, 1930690970, 351181100, 2528137629, 3818588661, 4291935310, 2839395898, 74237210, 4048673587, 772496950, 4007724179, 2210362207, 3697418755, 2557310140, 2471209266, 2632346752, 797573369, 2396416090, 1434379982, 2612866977, 1237501035, 3131803065, 3220016292, 927838287, 2205178900, 2577877792, 1262240151, 3479502191, 2012768035, 435603573, 1007916863, 3597346152, 1855542919, 4225454837, 3091614838, 1048399306, 2936423031, 2397139603, 1260730982, 3172416693, 3468670680, 3074391954, 4282761784, 1347229394, 1889980813, 1469663653, 1813501331, 2806799386, 1733852709, 1558180402, 512), None)
Loaded weights: 174.93073105626715, 65.80353810826125, -5.340789358411629, -4.707649303909744, -9.707649303909744
events: 
  ----
(3, (2156064487, 1513138174, 412254587, 2878997595, 980309893, 1986987689, 147283126, 1107643833, 124702868, 3532420992, 3079422201, 760363828, 640010462, 2204592097, 2307625024, 2791643470, 2554711971, 3945916293, 3326459003, 249369849, 3789940091, 2478868569, 1553971181, 1537328408, 1285525238, 1286084537, 1303687042, 3146066467, 2136939617, 3185535874, 1625033808, 647745089, 4181912493, 1922636826, 158888894, 2391249486, 14078334, 2733356837, 2817461182, 2534483696, 4276852800, 2430455916, 3249070794, 4129865284, 298481366, 1608518802, 1740748434, 2634997757, 479540474, 3569298452, 2116150999, 2564238778, 3326748055, 107689718, 2280147402, 379244264, 628424915, 806003076, 2316315656, 3695157747, 2383162939, 3811780201, 3425606470, 3295520648, 2576086806, 2831899396, 1320525405, 4214254735, 4204662102, 2437921496, 2961742127, 545725312, 623865418, 970029216, 3931357182, 2612527464, 1976355074, 2508990399, 1821853913, 2925004759, 3198466718, 1044142159, 2032529413, 2929765174, 177085543, 2792847162, 3470890538, 2108971067, 4165057147, 3754561287, 2340543516, 73853699, 618101423, 2789528742, 1371326423, 2948648886, 1113967145, 2709461165, 71883575, 1424268304, 2820168574, 851240833, 2023239221, 2768504392, 1776008404, 230055809, 3064048416, 406535175, 3329924948, 3180553047, 167514769, 168901140, 3965640225, 3880363473, 431648825, 1823745506, 4062451875, 2980737549, 1738962297, 37226071, 580272334, 1414954733, 1995074917, 688479974, 889922334, 3250689134, 347610095, 3227595861, 1936233739, 2044079785, 3255568699, 2038814919, 1319720880, 3146049513, 1253931536, 318286912, 4164393793, 2221167791, 1442966110, 3146125357, 2250538080, 661883004, 853102738, 1266772876, 128804885, 4184075019, 650411363, 2968351637, 2917236785, 1187073148, 190937536, 2942408262, 534593183, 1333592119, 2533978238, 496017233, 3983728572, 880709346, 406858365, 1154870832, 371019175, 4209446467, 2097157612, 3128046748, 534657238, 1442552884, 3248028325, 1134919610, 3012472778, 455241897, 1163893787, 287331831, 738412211, 283454418, 4282030755, 3099550982, 2913396469, 1168558363, 1794718964, 2446524689, 3595884449, 3611088310, 2832146116, 2643092505, 968159328, 1451843373, 3167514062, 2094388360, 1668105559, 3827193386, 4002930239, 3610520132, 1868683672, 3631135779, 3524081516, 986615388, 1162463061, 1594344292, 3306028672, 1970082485, 1704292375, 2718278163, 283617296, 320687924, 2201114006, 2853011969, 2640872495, 1739559207, 4090060568, 1827924662, 1378056748, 3096649681, 3677340569, 581936844, 812459635, 327871585, 1259306692, 300986227, 29486220, 640630203, 3838945821, 2823871411, 1097726813, 3755695325, 1152775086, 3334592170, 1273839134, 508213951, 1590797007, 79878237, 3595529079, 3626785153, 2219470145, 611348746, 2425704450, 2758839327, 2078696767, 87451482, 4220331590, 3676298926, 1832052797, 2983653705, 410034632, 64679166, 209177206, 2281128879, 2780890895, 1013940601, 1419003976, 3017918808, 2246983003, 3531025138, 1272580264, 2944431669, 1571473266, 1073869674, 3575704792, 2657962690, 1564429388, 3650025684, 864833508, 1201197050, 1576417643, 1433437473, 41193533, 2866842845, 4269070954, 135615238, 3650890026, 68380384, 1953070717, 420153625, 4134005006, 3099806622, 2539216530, 772150913, 3558674281, 2093080682, 822151491, 1964781146, 4071881758, 2119123561, 2572146141, 2429002677, 1775688255, 1187380920, 86774171, 4150843228, 576832433, 351143454, 948033342, 3763920094, 2350454241, 654205056, 3353054038, 4066097088, 906968046, 2509950350, 1435748754, 444925377, 1467741638, 1024647984, 600492346, 3716161129, 431694903, 1591044493, 1500690972, 4665410, 1120346523, 2341120462, 1967462010, 315980365, 1214344297, 2853508406, 3801528134, 3298404599, 4085539449, 3979522423, 1701873954, 3644950529, 1243310258, 2889023015, 3939621727, 3105341169, 1341592739, 1793992579, 3026584722, 1346730310, 3400623509, 2184089144, 2211409886, 3266409948, 4235740628, 1137540529, 3656318832, 1557030167, 1988137199, 2752427485, 3081968298, 1481449932, 3494359978, 3271867938, 3029219541, 4265591979, 1065696493, 2257340551, 193372217, 1091201090, 3149325429, 2511540963, 2023221279, 2114579484, 2787656076, 2383564563, 3003147478, 704720744, 3403256078, 3165104465, 2807308073, 2954986594, 1951373576, 1235934917, 3367870618, 3132360473, 3620170583, 137296026, 3164890574, 1359433868, 542962286, 864395280, 2956762160, 3842409710, 308812863, 291175445, 1792063713, 680298404, 790102105, 812091664, 3694464129, 4099739240, 3887992215, 2512637934, 1154078435, 3648434849, 618793759, 2484669114, 2055267099, 1650763274, 4130502339, 883349925, 3277109400, 960136370, 4014237501, 4177553038, 1429413422, 3066339127, 1587747801, 2764044606, 1889944055, 2587793953, 750315250, 3668828838, 1336015418, 1977748227, 110509106, 1989557401, 764470993, 1149786392, 1597019966, 1634146, 2028206042, 208339758, 3623481913, 152561085, 445101493, 1400991165, 996492655, 2903664275, 2465744973, 798016904, 267294954, 3893606272, 38387277, 453285940, 4243814986, 27711927, 3118696623, 2667216508, 3605640367, 4041161016, 3141248134, 2065272842, 2478910914, 1188142514, 1147830603, 4139858676, 1899420282, 4051065202, 2315035632, 3535337421, 438411033, 1826877781, 2868599669, 4136403140, 2483126911, 3229789816, 160965941, 189480749, 4277728150, 4163399166, 516780567, 3978493899, 3970603464, 3954782042, 1689736702, 1078812967, 3002425625, 1561383216, 2646550081, 250745991, 1197412496, 1512669720, 3780828750, 3406585549, 2570016637, 1022659338, 406450889, 4112957152, 518038732, 3487686923, 3432852749, 3368726439, 2726772887, 2764171542, 4228961294, 4089855139, 2150075894, 361477966, 819966895, 3716274079, 214049723, 3582093496, 477878318, 875341778, 2384313070, 1744993802, 4016520380, 210929519, 3532417059, 998078779, 4266334281, 2099346683, 394874134, 1043458969, 2810868330, 1015085291, 945171142, 3997958138, 1647655833, 492559030, 1379201478, 2027812159, 2261150704, 1813531125, 230912249, 578587785, 70264351, 2851050774, 1531458401, 2650760782, 2014135725, 2366530198, 2117606457, 2850720137, 2830963616, 1818771189, 819601387, 2671996172, 2705150055, 164204301, 1422821025, 983624756, 979078487, 2663633284, 2519964645, 4099745518, 390480327, 62763739, 1775751231, 51113473, 4229666884, 1936937895, 2422055988, 3189172511, 2246843352, 2724095767, 2061684570, 4205611876, 46725767, 4173358198, 2630109776, 4015364034, 1891532945, 3523481630, 2625718781, 253567731, 1110349273, 3695207580, 4245161760, 1431144574, 3528577511, 3712608670, 1646030936, 2553932912, 3420660448, 2522505840, 4211356404, 2663647359, 3991734885, 2812300464, 4214663353, 4056764914, 3601038650, 596340308, 3018090247, 124981076, 2669648332, 3134432969, 3477784630, 1191346586, 274824493, 2041897919, 2110338968, 3370504426, 2021681295, 2982258915, 132352754, 2421349434, 31535675, 4072054417, 3424923038, 312490384, 2097447027, 1688314776, 1685102625, 1349369591, 4229381692, 1038765457, 131721349, 108007481, 3185521460, 3178764336, 2633555861, 1095612196, 3579454095, 2141860924, 4046178536, 2978263610, 2849317246, 4009659435, 2950705789, 2284075951, 3179238209, 2820242201, 458365860, 846272285, 1354241997, 3147639724, 3405605131, 3393341191, 118405943, 1097897516, 328868927, 501168247, 972757443, 2307954655, 1551913676, 1645174913, 2348716223, 1078410539, 3936766083, 3214381539, 2561369646, 3354057845, 463), None)
Loaded weights: 173.94122548510464, 55.666712688533735, -5.340789358411629, -4.707649303909744, -9.707649303909744
events: 
  ----
(3, (2520612219, 2810413937, 381508014, 3336949004, 1234691568, 3814375612, 2552900524, 883021194, 737701961, 2553360975, 1458423614, 4090446803, 3882279953, 3184095464, 1380158794, 2562443957, 222038323, 4057279676, 3372550505, 57995595, 2073906669, 1805366952, 2486327881, 4009365754, 2943361105, 3442001215, 4137228956, 3096078687, 1461088693, 2898940808, 2826382294, 3326818727, 1343901011, 2516665390, 1514804245, 2565145299, 2355746333, 65277293, 360762610, 2986993474, 37099406, 263780736, 244199730, 171207292, 2797710047, 921327574, 1304406289, 3006513679, 2579572814, 839754400, 2886602780, 3762143940, 3059042507, 2638448901, 406243752, 2698986639, 2635578725, 3672839631, 37003812, 4181315079, 3906344411, 1130543991, 2877405567, 625030658, 3640708667, 1512815772, 2136199964, 3853595059, 1769109413, 1102074889, 4237000933, 1353560794, 3732477731, 2653200796, 666197711, 1765558466, 728550078, 1613267279, 3463304872, 110633072, 1510105803, 2443052410, 1839873035, 3225007463, 2151311759, 1530899249, 1170202941, 243924915, 1483429138, 3091448845, 3690348190, 2993559489, 2464434922, 41213309, 3341980680, 740884409, 1303858619, 3134117639, 1232612767, 898171732, 1619631177, 495760121, 3712428877, 1108910334, 1978345768, 1888437441, 2140576081, 615193243, 2715048832, 1104625033, 711860358, 1123054361, 1025738199, 1394875792, 2633203201, 2568300434, 813998831, 1007776499, 3336189024, 2513098670, 3182523388, 1433572, 3020001198, 549789764, 1140678416, 4276319888, 2305243820, 136443446, 1697936924, 3475653942, 2874143164, 3522769938, 2617256010, 887526997, 3217037983, 170478607, 2096753186, 4099376208, 1602692542, 2550365492, 2691007962, 1173326224, 3079516167, 617127363, 3233383128, 2443836028, 3830338589, 3376887571, 309576384, 320022251, 2748749990, 2130612088, 3137432939, 3966321972, 2900009352, 463459523, 1476711521, 431821289, 1508903937, 723323299, 4211162879, 2173696044, 400829849, 486753899, 2651608618, 2131999196, 236967060, 1082019298, 2913941264, 3705521289, 3527319035, 278719736, 1052808732, 2082563981, 403116563, 795292929, 2534930637, 1292627493, 20939132, 2328992033, 3548266561, 1238123603, 2572917408, 644503211, 125510573, 1364685791, 3324807218, 41007291, 2829259843, 4235139071, 481250092, 3691248871, 3931339555, 1189293465, 2022098067, 2365500018, 1598857600, 4017646766, 234315885, 1554440235, 2640711177, 3958385240, 4263904008, 1514332003, 2119413609, 770438493, 3983957287, 355075857, 3564506708, 1162965777, 4242546430, 3578456198, 3614202544, 3941875641, 2428360474, 2479453218, 3640790624, 519652457, 2993206343, 1922329727, 1375101023, 2713568190, 243334778, 3185976065, 515654359, 4088921770, 4039535599, 2869098615, 4061750869, 1820236564, 1832968038, 3455563933, 2507661592, 3606533339, 2399987976, 1940187396, 653484166, 883111464, 3443171615, 3982994675, 2081784805, 978962316, 181922556, 70687492, 3492165399, 2811138808, 3013903468, 2700859730, 1930364405, 3948935099, 3428384667, 2537585668, 1571407080, 1607820408, 2032914039, 1565409576, 3529736647, 14102744, 26215375, 123921572, 787764356, 839208127, 2021924858, 297004934, 1433485234, 1693119074, 3940687636, 3564903075, 809056157, 1164235845, 2163542316, 1900371559, 3849447255, 2949126807, 3642995671, 1975837750, 380673426, 2138300618, 1512325767, 4158518645, 2597538769, 2691862722, 1529354396, 385689317, 1682063517, 2322518872, 3908747141, 4146857702, 877410491, 3445971423, 4056570033, 3509230354, 8697288, 1546556711, 2748770756, 507688422, 1150031204, 2239752108, 2911510326, 4291997080, 1389874851, 1936346483, 970841839, 4092620995, 80815711, 4216580447, 1396314984, 2126584669, 2802632248, 2948520227, 520331084, 376496370, 1014095633, 3707318958, 158979920, 2164161399, 1211125144, 3685766896, 2610733824, 3077325118, 3585499821, 4289346162, 3421577474, 3063172159, 1205544896, 3955380291, 109041890, 3273639459, 3955453823, 970725101, 3021272784, 4001183031, 2764795909, 3735075461, 921070378, 3655684535, 28425396, 416903531, 2390313698, 3380763465, 3747097705, 1411051442, 816324893, 4265633805, 3856707468, 3655469960, 3515114222, 4053055319, 4062636228, 1814478721, 3268452822, 4077095520, 75934669, 1688302299, 961561821, 985382464, 892080709, 4207488610, 2975844418, 3555746782, 2830168786, 385279878, 1664671873, 1748880685, 1853912118, 1308235124, 3220664566, 3460616197, 2828395830, 2237614224, 2955234245, 3723731405, 3992606959, 2825077220, 3098432358, 1114498620, 4070732215, 4279676364, 1480808291, 3133830220, 4145655911, 3057619871, 3036177721, 4200519786, 839605292, 2455030129, 363062931, 3123311931, 2676280826, 1027085081, 2821351433, 370291676, 2613961053, 155265075, 3785565337, 2525242292, 1138649500, 2147920909, 370757929, 3932623464, 808483522, 2302695265, 2378934047, 3865797150, 1651778214, 1733132252, 3917676128, 2069650828, 280749548, 3983256822, 837471479, 2674279369, 2200637254, 826446427, 2186205214, 1257743457, 2963753660, 929202444, 671498750, 2829914899, 2988535751, 4199748448, 3092377246, 124687735, 1820950258, 151553383, 4200915956, 3459277608, 2752455957, 1557713292, 3697535801, 1607652262, 479963903, 1615352720, 383089769, 1047997077, 4006567366, 3145345044, 3885878210, 310955122, 2613614318, 2599151507, 278936546, 2370000795, 3303031904, 3107352944, 4038589727, 3982196300, 2608490818, 54225015, 3540940566, 110918503, 3860540504, 4102198225, 1244096058, 1819162436, 2380921471, 1501060665, 3348171668, 3507737790, 4002084823, 1710014650, 1679425468, 2138750505, 1505030645, 1737673926, 3376742463, 404970851, 1732872226, 2655995230, 980885829, 2439182684, 2202595740, 2915455598, 122281596, 2665406880, 4135954242, 262361965, 2373195635, 1673911415, 1684962730, 2795951760, 98653715, 3138806104, 89999504, 2580316173, 1806624428, 2707165265, 676979029, 2940500845, 3654150279, 80915246, 727274731, 2964052189, 3728879322, 1743838845, 2632795207, 2287781185, 2137811825, 3260707143, 1580798433, 495131408, 2316081219, 34026904, 2760346444, 2091166532, 2539702301, 2568855780, 3533403758, 227181236, 1917180224, 426633981, 995231775, 2903927479, 3173438969, 3861858913, 2977382824, 1741722487, 2819079811, 66283796, 842167183, 2785441563, 2565890291, 1904818875, 2708705541, 2387840049, 3341460830, 4072246554, 2884038002, 3993782076, 1406780151, 3638511775, 1262214994, 2403469075, 1891972709, 3934776935, 807220102, 1216074344, 771344583, 4007094127, 1379217096, 3336257263, 3307891285, 3013646588, 4042579293, 1730815589, 2961989569, 2597768834, 3102670911, 3599650570, 2358599926, 471416792, 750509040, 3931764215, 2387782905, 1803413602, 3553979680, 2426377979, 1519159966, 1040183146, 267920114, 909683359, 2352454966, 1176755557, 3035364010, 1734164338, 3308992639, 837989377, 1963873368, 1011703171, 743482687, 145848332, 1341302082, 3235750877, 2078892854, 2145467100, 39726172, 2825264629, 2974888409, 208647101, 3165859813, 2972583115, 1719122739, 1341991167, 421564389, 2678918256, 155660348, 1183133727, 2831587693, 3959198385, 3586970003, 973127528, 2516098185, 268262328, 3935021796, 2641897471, 1096527650, 2957368463, 973019204, 1786891497, 374351377, 2951489835, 2787733377, 3727761287, 2358989116, 4233505491, 1277617889, 2204650958, 1961172129, 3873078327, 2153072328, 262195832, 2374332420, 1025787595, 3336653510, 1702613488, 3736951293, 450621159, 1597628457, 92505231, 879098420, 370317863, 2617306358, 2445830142, 148), None)
Loaded weights: 173.29215856272822, 50.36566862609563, -5.340789358411629, -4.707649303909744, -7.083606158931958
events: 
  ----
(3, (2525095492, 943725083, 593996361, 2093601511, 2285802608, 118677159, 3043674321, 3235571336, 219669183, 834091122, 3474959574, 710361189, 2655111410, 2831455471, 1511968434, 3675440668, 1133022685, 1488252247, 1782223673, 1587012448, 2692734219, 314573151, 1543749796, 3919904812, 2542105367, 3024060622, 319909779, 1740736761, 1012235033, 87534039, 443441471, 2187173774, 500675451, 3857890621, 3986869373, 1850762088, 2797152041, 1233602314, 1775208135, 880699089, 3219779486, 3034858747, 3154087152, 2898574622, 1367852042, 597013385, 996228097, 3586840159, 3094223950, 3665310394, 1060624357, 2282318115, 1003195149, 2309428869, 3599247520, 1167031971, 2860086853, 1503152712, 652347084, 1671826510, 4181812945, 2244905399, 3430031460, 2215043964, 3514050034, 3152732698, 3602940826, 982279255, 4247535622, 1031012665, 695672468, 2085240484, 2347187076, 3651131299, 3824628347, 654761335, 660065626, 36125645, 3047118518, 2704703217, 873322405, 1264408842, 4288864549, 2427676991, 131070433, 725632741, 2115494208, 1475249666, 2161627399, 2767283133, 613618501, 2263425078, 158303863, 3486588119, 3890660472, 2522998154, 1613138401, 367690153, 2593754751, 2096344210, 1938477404, 3655849067, 2384824460, 228467106, 654255392, 2493027227, 3622114397, 2327577804, 1670536567, 4076121743, 3673114819, 2470062152, 1963763416, 2280198420, 1391693702, 3916990065, 2697113493, 400337806, 2223215608, 2822520412, 2024856271, 2357455213, 3864506911, 1413785514, 3240129251, 4260669133, 2421468926, 937447581, 723585309, 3479878751, 3638956971, 3936820457, 1639585887, 1387411969, 1913667681, 3713131830, 478695063, 3349933264, 1486373196, 2150987049, 924277060, 3211297777, 258876706, 3918450147, 3353391578, 42051931, 2615820790, 1806751569, 2283652287, 1607280003, 348181582, 2786307820, 3590336376, 1837849576, 3778892334, 4100062678, 2209424155, 577275661, 3325916704, 3498315942, 2562109877, 1466501421, 3708627110, 3341682873, 3317423278, 2072167394, 987181705, 1148033443, 708896799, 3797880323, 307078908, 3848527869, 1070432736, 3610720844, 3278585553, 1837333327, 3561602719, 2400795955, 1500421780, 2578835048, 211678072, 2461071348, 4133662325, 636837263, 128686726, 2096582955, 1301145826, 373418618, 3282776447, 890555501, 2785393122, 3159277876, 1531626576, 2255894938, 3446229253, 98310395, 3501024019, 3731327092, 601486706, 3908592039, 2278766327, 4231684528, 1853936613, 863819326, 1495950677, 4109459079, 350049837, 2601887489, 2052184972, 4277883297, 1301085456, 3604870012, 3652390416, 1700691764, 3695273413, 4057757476, 1377569427, 1024645922, 664688144, 2270476138, 1310976075, 2579269249, 3394331055, 2823155997, 180198279, 697942284, 1691183004, 3342346268, 3766556390, 3292462181, 3113666239, 2397148043, 3884837000, 2895109874, 1825065459, 2059559362, 3348288968, 740474447, 3068476078, 277406182, 782721810, 1852975666, 3069770750, 4116032162, 2756727370, 3070679569, 2573778332, 3801129226, 4096252721, 3454617916, 882639521, 1108076720, 3233761991, 4225972240, 1113798170, 2351471694, 3446631742, 894102303, 1118176693, 1462632288, 145359175, 2428800952, 125471912, 1293948845, 3125464009, 1159219158, 2060479330, 3336617970, 1527700663, 3741309402, 1680778268, 929521795, 1900681863, 70788066, 3459214355, 2441766068, 3086117330, 4247642523, 1265597256, 300885147, 1454865694, 2443002836, 2015153162, 129718308, 3456442912, 4086123731, 2178320289, 1303079079, 3222987338, 2406501925, 3057005849, 1076544321, 2885541663, 1144684463, 2699187618, 625068526, 605795189, 207764189, 2181753595, 335321310, 4188715658, 4134377157, 1448915041, 3593331503, 48744064, 662868677, 968508305, 2954202222, 4264233783, 3239538904, 1840177961, 635746212, 658845506, 4290911836, 2019873852, 3599437592, 185918216, 3285799561, 286350355, 3427040239, 1809281305, 350930378, 3931006451, 3751531239, 3897832170, 1258127829, 2250445289, 923797517, 3759458455, 2197184649, 79539070, 3154143247, 1542299203, 218017547, 2902947563, 501258451, 1041918128, 175437993, 2018876536, 2530312404, 921443610, 1885859711, 3165984747, 3242611178, 180575816, 537448160, 3121671492, 478951926, 2197402297, 2668702955, 2394406411, 3778091967, 70559520, 2284808317, 472515728, 2902292262, 599079172, 1219932127, 2821745249, 2630745947, 896565098, 3693120338, 3429991401, 163431480, 2013547200, 2177179642, 90339402, 926313156, 313153538, 2584687313, 358965313, 3576883819, 361873864, 956681598, 1775068069, 2103964547, 3145066766, 2858194942, 2025957824, 543571330, 1275819917, 3603371645, 4209625416, 3623451872, 679197007, 4200213673, 2116806326, 2418856535, 4165014523, 2925049474, 4177712811, 172448416, 723754912, 4029752769, 1130609562, 1435373961, 156609843, 1589485788, 3478103646, 3974310529, 3942249095, 394026788, 1078670063, 250978413, 3805775470, 429858125, 955027620, 2681779986, 2730071812, 3446967198, 2863251179, 2670252122, 1257234235, 2327355065, 3658062590, 1093145668, 2864549463, 234254932, 1083158766, 3444965869, 166187033, 3428369964, 340852718, 1262420005, 107837181, 1894896978, 1613835944, 1813535273, 1586214673, 3673412166, 517468870, 3744293905, 3048198715, 3914121244, 2864020906, 358934169, 3792929596, 97403715, 875886119, 2158955458, 744938016, 3959458462, 1819552438, 3172152872, 1204744070, 1696909070, 785366977, 2083139556, 515907663, 3077554274, 3721804945, 3552089989, 1413338730, 2811081036, 4100792172, 2791663260, 725990776, 4282069889, 1291566537, 3504015003, 3729114591, 1056496804, 998680550, 2571906857, 2682534005, 4106574755, 175056839, 2200656115, 1474604338, 1993452997, 324043921, 3028807258, 2723350050, 1179244286, 943079503, 3827880316, 1648969915, 3114569015, 2655341635, 1495065334, 752453014, 2009576, 3935755946, 3680255622, 4291775110, 4063858217, 1435255823, 3940552651, 2726405187, 3771651589, 3266571242, 1846183313, 3660145662, 1101633695, 988355434, 1804169755, 3443636176, 2207545888, 400290265, 88610137, 3789553391, 2708588040, 802095693, 2916898007, 3411286895, 3518518737, 297716228, 2116851776, 2575588623, 2274514388, 3872081248, 3367155610, 358779241, 4238911125, 296209342, 2052372528, 4043435748, 3663102827, 2601101956, 218206441, 442828426, 2382992168, 823118307, 1913774018, 2304044486, 4209486195, 3740971882, 3034027231, 3192847898, 130942286, 3528967269, 515871415, 2212800430, 3293570970, 3481953898, 918540982, 2629122862, 2494236683, 1689784468, 1780107421, 1313113158, 277080377, 2800275939, 2688639835, 3280514146, 412725997, 1324359110, 2332002936, 350267496, 943862140, 396763528, 2785756038, 2223195405, 3111851168, 915046834, 1613833034, 1581007290, 2606693255, 3594082111, 2224161889, 1320279115, 1997407802, 3332832591, 489279986, 2463804123, 512514368, 3863261537, 1242682519, 3057216380, 935007008, 3114164417, 1703270450, 2669257931, 1445243041, 3125971631, 1444747328, 279092831, 3174516555, 2513844245, 1042069355, 2724586873, 2475653626, 3334739040, 4231405952, 3021681355, 248843620, 1345801485, 3196360577, 3668987518, 2366991565, 554382186, 1873706694, 1778782443, 1005750719, 2816508146, 4218788418, 4056554294, 3575338649, 3732168975, 4154200356, 3095663650, 4109558514, 108269934, 3420606015, 2093797242, 3560688804, 3078050115, 2956519336, 3342307753, 1296282879, 274399510, 3484832720, 2719663502, 3429517282, 1431782232, 2207479148, 3373041368, 1391368568, 3548280724, 546392925, 1555438918, 1187371179, 445218229, 34954769, 259), None)
Loaded weights: 172.7544775889411, 45.93857473452986, -5.340789358411629, -4.707649303909744, -7.597713499277612
events: 
  ----
(3, (2525095492, 943725083, 593996361, 2093601511, 2285802608, 118677159, 3043674321, 3235571336, 219669183, 834091122, 3474959574, 710361189, 2655111410, 2831455471, 1511968434, 3675440668, 1133022685, 1488252247, 1782223673, 1587012448, 2692734219, 314573151, 1543749796, 3919904812, 2542105367, 3024060622, 319909779, 1740736761, 1012235033, 87534039, 443441471, 2187173774, 500675451, 3857890621, 3986869373, 1850762088, 2797152041, 1233602314, 1775208135, 880699089, 3219779486, 3034858747, 3154087152, 2898574622, 1367852042, 597013385, 996228097, 3586840159, 3094223950, 3665310394, 1060624357, 2282318115, 1003195149, 2309428869, 3599247520, 1167031971, 2860086853, 1503152712, 652347084, 1671826510, 4181812945, 2244905399, 3430031460, 2215043964, 3514050034, 3152732698, 3602940826, 982279255, 4247535622, 1031012665, 695672468, 2085240484, 2347187076, 3651131299, 3824628347, 654761335, 660065626, 36125645, 3047118518, 2704703217, 873322405, 1264408842, 4288864549, 2427676991, 131070433, 725632741, 2115494208, 1475249666, 2161627399, 2767283133, 613618501, 2263425078, 158303863, 3486588119, 3890660472, 2522998154, 1613138401, 367690153, 2593754751, 2096344210, 1938477404, 3655849067, 2384824460, 228467106, 654255392, 2493027227, 3622114397, 2327577804, 1670536567, 4076121743, 3673114819, 2470062152, 1963763416, 2280198420, 1391693702, 3916990065, 2697113493, 400337806, 2223215608, 2822520412, 2024856271, 2357455213, 3864506911, 1413785514, 3240129251, 4260669133, 2421468926, 937447581, 723585309, 3479878751, 3638956971, 3936820457, 1639585887, 1387411969, 1913667681, 3713131830, 478695063, 3349933264, 1486373196, 2150987049, 924277060, 3211297777, 258876706, 3918450147, 3353391578, 42051931, 2615820790, 1806751569, 2283652287, 1607280003, 348181582, 2786307820, 3590336376, 1837849576, 3778892334, 4100062678, 2209424155, 577275661, 3325916704, 3498315942, 2562109877, 1466501421, 3708627110, 3341682873, 3317423278, 2072167394, 987181705, 1148033443, 708896799, 3797880323, 307078908, 3848527869, 1070432736, 3610720844, 3278585553, 1837333327, 3561602719, 2400795955, 1500421780, 2578835048, 211678072, 2461071348, 4133662325, 636837263, 128686726, 2096582955, 1301145826, 373418618, 3282776447, 890555501, 2785393122, 3159277876, 1531626576, 2255894938, 3446229253, 98310395, 3501024019, 3731327092, 601486706, 3908592039, 2278766327, 4231684528, 1853936613, 863819326, 1495950677, 4109459079, 350049837, 2601887489, 2052184972, 4277883297, 1301085456, 3604870012, 3652390416, 1700691764, 3695273413, 4057757476, 1377569427, 1024645922, 664688144, 2270476138, 1310976075, 2579269249, 3394331055, 2823155997, 180198279, 697942284, 1691183004, 3342346268, 3766556390, 3292462181, 3113666239, 2397148043, 3884837000, 2895109874, 1825065459, 2059559362, 3348288968, 740474447, 3068476078, 277406182, 782721810, 1852975666, 3069770750, 4116032162, 2756727370, 3070679569, 2573778332, 3801129226, 4096252721, 3454617916, 882639521, 1108076720, 3233761991, 4225972240, 1113798170, 2351471694, 3446631742, 894102303, 1118176693, 1462632288, 145359175, 2428800952, 125471912, 1293948845, 3125464009, 1159219158, 2060479330, 3336617970, 1527700663, 3741309402, 1680778268, 929521795, 1900681863, 70788066, 3459214355, 2441766068, 3086117330, 4247642523, 1265597256, 300885147, 1454865694, 2443002836, 2015153162, 129718308, 3456442912, 4086123731, 2178320289, 1303079079, 3222987338, 2406501925, 3057005849, 1076544321, 2885541663, 1144684463, 2699187618, 625068526, 605795189, 207764189, 2181753595, 335321310, 4188715658, 4134377157, 1448915041, 3593331503, 48744064, 662868677, 968508305, 2954202222, 4264233783, 3239538904, 1840177961, 635746212, 658845506, 4290911836, 2019873852, 3599437592, 185918216, 3285799561, 286350355, 3427040239, 1809281305, 350930378, 3931006451, 3751531239, 3897832170, 1258127829, 2250445289, 923797517, 3759458455, 2197184649, 79539070, 3154143247, 1542299203, 218017547, 2902947563, 501258451, 1041918128, 175437993, 2018876536, 2530312404, 921443610, 1885859711, 3165984747, 3242611178, 180575816, 537448160, 3121671492, 478951926, 2197402297, 2668702955, 2394406411, 3778091967, 70559520, 2284808317, 472515728, 2902292262, 599079172, 1219932127, 2821745249, 2630745947, 896565098, 3693120338, 3429991401, 163431480, 2013547200, 2177179642, 90339402, 926313156, 313153538, 2584687313, 358965313, 3576883819, 361873864, 956681598, 1775068069, 2103964547, 3145066766, 2858194942, 2025957824, 543571330, 1275819917, 3603371645, 4209625416, 3623451872, 679197007, 4200213673, 2116806326, 2418856535, 4165014523, 2925049474, 4177712811, 172448416, 723754912, 4029752769, 1130609562, 1435373961, 156609843, 1589485788, 3478103646, 3974310529, 3942249095, 394026788, 1078670063, 250978413, 3805775470, 429858125, 955027620, 2681779986, 2730071812, 3446967198, 2863251179, 2670252122, 1257234235, 2327355065, 3658062590, 1093145668, 2864549463, 234254932, 1083158766, 3444965869, 166187033, 3428369964, 340852718, 1262420005, 107837181, 1894896978, 1613835944, 1813535273, 1586214673, 3673412166, 517468870, 3744293905, 3048198715, 3914121244, 2864020906, 358934169, 3792929596, 97403715, 875886119, 2158955458, 744938016, 3959458462, 1819552438, 3172152872, 1204744070, 1696909070, 785366977, 2083139556, 515907663, 3077554274, 3721804945, 3552089989, 1413338730, 2811081036, 4100792172, 2791663260, 725990776, 4282069889, 1291566537, 3504015003, 3729114591, 1056496804, 998680550, 2571906857, 2682534005, 4106574755, 175056839, 2200656115, 1474604338, 1993452997, 324043921, 3028807258, 2723350050, 1179244286, 943079503, 3827880316, 1648969915, 3114569015, 2655341635, 1495065334, 752453014, 2009576, 3935755946, 3680255622, 4291775110, 4063858217, 1435255823, 3940552651, 2726405187, 3771651589, 3266571242, 1846183313, 3660145662, 1101633695, 988355434, 1804169755, 3443636176, 2207545888, 400290265, 88610137, 3789553391, 2708588040, 802095693, 2916898007, 3411286895, 3518518737, 297716228, 2116851776, 2575588623, 2274514388, 3872081248, 3367155610, 358779241, 4238911125, 296209342, 2052372528, 4043435748, 3663102827, 2601101956, 218206441, 442828426, 2382992168, 823118307, 1913774018, 2304044486, 4209486195, 3740971882, 3034027231, 3192847898, 130942286, 3528967269, 515871415, 2212800430, 3293570970, 3481953898, 918540982, 2629122862, 2494236683, 1689784468, 1780107421, 1313113158, 277080377, 2800275939, 2688639835, 3280514146, 412725997, 1324359110, 2332002936, 350267496, 943862140, 396763528, 2785756038, 2223195405, 3111851168, 915046834, 1613833034, 1581007290, 2606693255, 3594082111, 2224161889, 1320279115, 1997407802, 3332832591, 489279986, 2463804123, 512514368, 3863261537, 1242682519, 3057216380, 935007008, 3114164417, 1703270450, 2669257931, 1445243041, 3125971631, 1444747328, 279092831, 3174516555, 2513844245, 1042069355, 2724586873, 2475653626, 3334739040, 4231405952, 3021681355, 248843620, 1345801485, 3196360577, 3668987518, 2366991565, 554382186, 1873706694, 1778782443, 1005750719, 2816508146, 4218788418, 4056554294, 3575338649, 3732168975, 4154200356, 3095663650, 4109558514, 108269934, 3420606015, 2093797242, 3560688804, 3078050115, 2956519336, 3342307753, 1296282879, 274399510, 3484832720, 2719663502, 3429517282, 1431782232, 2207479148, 3373041368, 1391368568, 3548280724, 546392925, 1555438918, 1187371179, 445218229, 34954769, 467), None)
Loaded weights: 173.07574673022896, 47.668557570645376, -5.340789358411629, -4.707649303909744, -9.707649303909744
events: 
  ----
(3, (2525095492, 943725083, 593996361, 2093601511, 2285802608, 118677159, 3043674321, 3235571336, 219669183, 834091122, 3474959574, 710361189, 2655111410, 2831455471, 1511968434, 3675440668, 1133022685, 1488252247, 1782223673, 1587012448, 2692734219, 314573151, 1543749796, 3919904812, 2542105367, 3024060622, 319909779, 1740736761, 1012235033, 87534039, 443441471, 2187173774, 500675451, 3857890621, 3986869373, 1850762088, 2797152041, 1233602314, 1775208135, 880699089, 3219779486, 3034858747, 3154087152, 2898574622, 1367852042, 597013385, 996228097, 3586840159, 3094223950, 3665310394, 1060624357, 2282318115, 1003195149, 2309428869, 3599247520, 1167031971, 2860086853, 1503152712, 652347084, 1671826510, 4181812945, 2244905399, 3430031460, 2215043964, 3514050034, 3152732698, 3602940826, 982279255, 4247535622, 1031012665, 695672468, 2085240484, 2347187076, 3651131299, 3824628347, 654761335, 660065626, 36125645, 3047118518, 2704703217, 873322405, 1264408842, 4288864549, 2427676991, 131070433, 725632741, 2115494208, 1475249666, 2161627399, 2767283133, 613618501, 2263425078, 158303863, 3486588119, 3890660472, 2522998154, 1613138401, 367690153, 2593754751, 2096344210, 1938477404, 3655849067, 2384824460, 228467106, 654255392, 2493027227, 3622114397, 2327577804, 1670536567, 4076121743, 3673114819, 2470062152, 1963763416, 2280198420, 1391693702, 3916990065, 2697113493, 400337806, 2223215608, 2822520412, 2024856271, 2357455213, 3864506911, 1413785514, 3240129251, 4260669133, 2421468926, 937447581, 723585309, 3479878751, 3638956971, 3936820457, 1639585887, 1387411969, 1913667681, 3713131830, 478695063, 3349933264, 1486373196, 2150987049, 924277060, 3211297777, 258876706, 3918450147, 3353391578, 42051931, 2615820790, 1806751569, 2283652287, 1607280003, 348181582, 2786307820, 3590336376, 1837849576, 3778892334, 4100062678, 2209424155, 577275661, 3325916704, 3498315942, 2562109877, 1466501421, 3708627110, 3341682873, 3317423278, 2072167394, 987181705, 1148033443, 708896799, 3797880323, 307078908, 3848527869, 1070432736, 3610720844, 3278585553, 1837333327, 3561602719, 2400795955, 1500421780, 2578835048, 211678072, 2461071348, 4133662325, 636837263, 128686726, 2096582955, 1301145826, 373418618, 3282776447, 890555501, 2785393122, 3159277876, 1531626576, 2255894938, 3446229253, 98310395, 3501024019, 3731327092, 601486706, 3908592039, 2278766327, 4231684528, 1853936613, 863819326, 1495950677, 4109459079, 350049837, 2601887489, 2052184972, 4277883297, 1301085456, 3604870012, 3652390416, 1700691764, 3695273413, 4057757476, 1377569427, 1024645922, 664688144, 2270476138, 1310976075, 2579269249, 3394331055, 2823155997, 180198279, 697942284, 1691183004, 3342346268, 3766556390, 3292462181, 3113666239, 2397148043, 3884837000, 2895109874, 1825065459, 2059559362, 3348288968, 740474447, 3068476078, 277406182, 782721810, 1852975666, 3069770750, 4116032162, 2756727370, 3070679569, 2573778332, 3801129226, 4096252721, 3454617916, 882639521, 1108076720, 3233761991, 4225972240, 1113798170, 2351471694, 3446631742, 894102303, 1118176693, 1462632288, 145359175, 2428800952, 125471912, 1293948845, 3125464009, 1159219158, 2060479330, 3336617970, 1527700663, 3741309402, 1680778268, 929521795, 1900681863, 70788066, 3459214355, 2441766068, 3086117330, 4247642523, 1265597256, 300885147, 1454865694, 2443002836, 2015153162, 129718308, 3456442912, 4086123731, 2178320289, 1303079079, 3222987338, 2406501925, 3057005849, 1076544321, 2885541663, 1144684463, 2699187618, 625068526, 605795189, 207764189, 2181753595, 335321310, 4188715658, 4134377157, 1448915041, 3593331503, 48744064, 662868677, 968508305, 2954202222, 4264233783, 3239538904, 1840177961, 635746212, 658845506, 4290911836, 2019873852, 3599437592, 185918216, 3285799561, 286350355, 3427040239, 1809281305, 350930378, 3931006451, 3751531239, 3897832170, 1258127829, 2250445289, 923797517, 3759458455, 2197184649, 79539070, 3154143247, 1542299203, 218017547, 2902947563, 501258451, 1041918128, 175437993, 2018876536, 2530312404, 921443610, 1885859711, 3165984747, 3242611178, 180575816, 537448160, 3121671492, 478951926, 2197402297, 2668702955, 2394406411, 3778091967, 70559520, 2284808317, 472515728, 2902292262, 599079172, 1219932127, 2821745249, 2630745947, 896565098, 3693120338, 3429991401, 163431480, 2013547200, 2177179642, 90339402, 926313156, 313153538, 2584687313, 358965313, 3576883819, 361873864, 956681598, 1775068069, 2103964547, 3145066766, 2858194942, 2025957824, 543571330, 1275819917, 3603371645, 4209625416, 3623451872, 679197007, 4200213673, 2116806326, 2418856535, 4165014523, 2925049474, 4177712811, 172448416, 723754912, 4029752769, 1130609562, 1435373961, 156609843, 1589485788, 3478103646, 3974310529, 3942249095, 394026788, 1078670063, 250978413, 3805775470, 429858125, 955027620, 2681779986, 2730071812, 3446967198, 2863251179, 2670252122, 1257234235, 2327355065, 3658062590, 1093145668, 2864549463, 234254932, 1083158766, 3444965869, 166187033, 3428369964, 340852718, 1262420005, 107837181, 1894896978, 1613835944, 1813535273, 1586214673, 3673412166, 517468870, 3744293905, 3048198715, 3914121244, 2864020906, 358934169, 3792929596, 97403715, 875886119, 2158955458, 744938016, 3959458462, 1819552438, 3172152872, 1204744070, 1696909070, 785366977, 2083139556, 515907663, 3077554274, 3721804945, 3552089989, 1413338730, 2811081036, 4100792172, 2791663260, 725990776, 4282069889, 1291566537, 3504015003, 3729114591, 1056496804, 998680550, 2571906857, 2682534005, 4106574755, 175056839, 2200656115, 1474604338, 1993452997, 324043921, 3028807258, 2723350050, 1179244286, 943079503, 3827880316, 1648969915, 3114569015, 2655341635, 1495065334, 752453014, 2009576, 3935755946, 3680255622, 4291775110, 4063858217, 1435255823, 3940552651, 2726405187, 3771651589, 3266571242, 1846183313, 3660145662, 1101633695, 988355434, 1804169755, 3443636176, 2207545888, 400290265, 88610137, 3789553391, 2708588040, 802095693, 2916898007, 3411286895, 3518518737, 297716228, 2116851776, 2575588623, 2274514388, 3872081248, 3367155610, 358779241, 4238911125, 296209342, 2052372528, 4043435748, 3663102827, 2601101956, 218206441, 442828426, 2382992168, 823118307, 1913774018, 2304044486, 4209486195, 3740971882, 3034027231, 3192847898, 130942286, 3528967269, 515871415, 2212800430, 3293570970, 3481953898, 918540982, 2629122862, 2494236683, 1689784468, 1780107421, 1313113158, 277080377, 2800275939, 2688639835, 3280514146, 412725997, 1324359110, 2332002936, 350267496, 943862140, 396763528, 2785756038, 2223195405, 3111851168, 915046834, 1613833034, 1581007290, 2606693255, 3594082111, 2224161889, 1320279115, 1997407802, 3332832591, 489279986, 2463804123, 512514368, 3863261537, 1242682519, 3057216380, 935007008, 3114164417, 1703270450, 2669257931, 1445243041, 3125971631, 1444747328, 279092831, 3174516555, 2513844245, 1042069355, 2724586873, 2475653626, 3334739040, 4231405952, 3021681355, 248843620, 1345801485, 3196360577, 3668987518, 2366991565, 554382186, 1873706694, 1778782443, 1005750719, 2816508146, 4218788418, 4056554294, 3575338649, 3732168975, 4154200356, 3095663650, 4109558514, 108269934, 3420606015, 2093797242, 3560688804, 3078050115, 2956519336, 3342307753, 1296282879, 274399510, 3484832720, 2719663502, 3429517282, 1431782232, 2207479148, 3373041368, 1391368568, 3548280724, 546392925, 1555438918, 1187371179, 445218229, 34954769, 601), None)
Loaded weights: 173.58210688725927, 50.78324353220324, -5.340789358411629, -4.707649303909744, -9.707649303909744
events: 
  ----
(3, (3867231917, 3370926998, 3230662687, 2280481867, 4199932511, 2487611716, 2423719977, 2309751757, 4180607841, 3705299521, 735801586, 2727925765, 862150689, 1068246903, 1202327838, 1143347751, 4144368639, 3895148166, 280400143, 923187850, 3466316656, 2956652017, 3112749066, 401644612, 2532672904, 101422770, 1172110773, 2193760911, 2811260126, 468039434, 2699053462, 2851105817, 163991747, 1786715704, 678415990, 2397695453, 448585617, 4201341819, 3915714454, 2567437943, 3623868545, 312657344, 919522490, 3992705258, 3946808082, 3826549433, 490650962, 1558589819, 3624054387, 1299481420, 3566574812, 3032885568, 269620698, 894064675, 1059648715, 628282011, 4040412911, 399937893, 1118337349, 2618466451, 166357656, 1423033736, 2009682891, 1730751762, 538761531, 2452060430, 1297228823, 1379322019, 993201876, 2151698961, 3893135470, 1343520699, 3890872315, 219120074, 1426928671, 253522743, 2086388388, 3100647068, 1984131168, 838608443, 1431179279, 2854101738, 2593673274, 4093928525, 180832359, 350261032, 3982918420, 1479845406, 1740438385, 2717645469, 471391938, 3627330119, 1248074114, 2808562150, 626248722, 2787307861, 3508481177, 1795195185, 3337917475, 3464807291, 1611088966, 446927212, 2446819307, 1177502630, 2866876037, 3091697141, 1324461606, 3610830068, 3027349337, 1967814581, 2364247593, 1528323207, 1644369859, 2301398354, 1658806330, 974674204, 1005185212, 4106916099, 4019280954, 620531227, 158231038, 909932240, 3553493170, 1495789732, 2967115248, 427157670, 566276447, 392858019, 3551364978, 4047314940, 2907974206, 3284322582, 3117857294, 2812801956, 3600820749, 1642352368, 15600728, 3365398649, 3260998732, 4115034268, 726760489, 1864434597, 1656072281, 3939001950, 329243385, 1595618843, 2855172363, 3258266016, 176029695, 3637916635, 204170692, 1694878180, 3365180250, 837742409, 2416166964, 2335417243, 549390437, 4189110436, 3036581843, 3810456400, 1273980990, 3505929208, 1946467598, 3308195780, 670900093, 1778126847, 2992695123, 2388472162, 3472050889, 2293506535, 3984400632, 1131475922, 4285017766, 120375192, 2082698784, 2813218579, 2820268217, 2855248066, 2597903263, 4250156805, 228729890, 2388051415, 1372534251, 377685653, 3155735477, 1636582950, 3596325554, 2409906095, 1569573899, 2459804357, 1114280215, 2598119862, 2756285555, 938797955, 276783737, 3278142821, 2939514153, 3055745588, 1518220951, 3028416772, 1153093597, 490841614, 1044427481, 83602952, 3423495601, 1406747067, 1369246596, 2516748781, 586426470, 187018478, 3367977801, 146376766, 3536369373, 4210733717, 2954832803, 125263323, 3359698707, 3614707014, 1918234460, 2856633024, 601674534, 22611288, 3769540416, 616401890, 1660495011, 2592052429, 1613314545, 2160275167, 2181106930, 3441537646, 105778126, 3757113939, 4138352246, 1946643746, 1002250388, 2974493937, 3143133513, 2371791132, 581838737, 3919297204, 872793755, 2878293561, 1898953773, 3097242515, 3915419125, 3984768785, 3754819613, 1407697844, 2388161823, 3527373535, 2950050895, 584695766, 2659721525, 268794003, 2456702995, 1799478207, 3958045276, 3858384095, 3997320595, 836612574, 1755761548, 2344411325, 1310559751, 1648613133, 4025976895, 2419518471, 2761820725, 1957740900, 2768385845, 3989174963, 936033493, 3150370831, 2322433182, 400371044, 3323238406, 692795208, 2168761671, 903928328, 2075722791, 2086971778, 1426446568, 517911508, 1301423777, 3290916820, 2689415769, 3213283572, 346651514, 2914905513, 676808503, 894032499, 3414003729, 1105227838, 478953533, 3976698112, 927291583, 1516791171, 255435451, 2960526805, 3517520334, 2523281149, 2814863147, 2012699579, 385711113, 777338476, 3665350928, 3771529741, 2862143307, 2451058370, 2776868250, 173735213, 2782909766, 1020962940, 3304573232, 1819573902, 1121970568, 422916736, 1777202503, 4007361744, 3989154722, 690578093, 790650538, 1616642507, 1960677402, 4263891597, 3344747954, 740763898, 1192804421, 2979070592, 3719046769, 26641969, 1413275415, 2014559384, 1274378476, 1953501979, 2719832414, 2024991760, 792663147, 3419371602, 1987088782, 1673388672, 866522766, 927110409, 3269720393, 114000033, 3497954777, 2261787435, 1860086961, 1162717317, 1380352211, 933117071, 708126948, 508296594, 4288633840, 3331708031, 3628902064, 2988842455, 183951321, 2570733353, 2963989000, 3580663067, 2193280123, 1631290428, 2903404522, 383480105, 3905780, 3830802091, 1506905021, 3559319290, 3719835986, 4149416699, 2252656931, 2756933266, 3808039380, 2183366331, 3016110650, 427129795, 3607831727, 3343737788, 3150751777, 280880588, 1970493440, 3283831987, 3497540586, 2903126860, 3743584450, 846524081, 4075141707, 3461468115, 1638942011, 727653592, 1230906655, 685629518, 38647336, 2452916985, 1349764311, 3846947211, 3597828294, 2695379491, 2493459303, 3746190010, 796806712, 3811122449, 340003248, 1530453649, 592946924, 1130028883, 731759565, 3914134806, 1995248247, 594727514, 1055780523, 2557920988, 1026516034, 4165829613, 1192372546, 2700482663, 354963785, 2848754871, 2013714185, 3982548896, 2991464822, 349174668, 2799425150, 2952948459, 4276521023, 2751944196, 1826964208, 3470945098, 3510166999, 460609955, 1555817168, 48753492, 3080298852, 525655669, 1875153854, 2567704775, 3619181844, 899618019, 4033426748, 424361793, 1173005883, 3964655742, 1884590369, 524288031, 1142305154, 2600555106, 1507531810, 2509407630, 1835350678, 2065531227, 4037840015, 743937366, 612578755, 481073069, 3733742203, 4012123487, 1763266190, 354451226, 1667091513, 3641224660, 494879414, 2615512011, 3861162809, 2612146110, 1208623989, 1562099243, 1915350904, 3556093909, 1742111795, 112079671, 3217275620, 3705956458, 3150731422, 3396576507, 3573040746, 1873742581, 2312787739, 1305934348, 2410240037, 825809239, 3340265358, 4081237871, 1071823495, 4165153336, 2449788957, 1905209247, 927488902, 1040340235, 1543808025, 1478517048, 206431079, 2597938991, 2443250260, 2562675949, 2576560162, 2254830874, 1928349130, 3093232706, 4085164454, 2232060604, 4239451535, 3012848617, 557095728, 3244073296, 3201284395, 1242318669, 4109511773, 3368796512, 1498978259, 497631278, 2833001867, 2916062439, 3948835815, 305767114, 1449856785, 651445215, 2256272440, 3722633674, 3251694736, 2737734123, 1409917264, 3142981305, 1090395188, 3358082614, 406704923, 2273726238, 1428519017, 3082897264, 1596575603, 2610116335, 2101152410, 862458058, 2753416037, 337433046, 2637167283, 2849733565, 3132172141, 1002962181, 1937240223, 621518353, 4080764547, 4074503080, 3636060597, 3931675524, 2628458464, 1618430979, 271508113, 2673133208, 3175377832, 1852843479, 885611791, 2625201782, 2146798392, 359507046, 4266833449, 2754180717, 1839164404, 2903104267, 357050429, 3974831267, 3333467636, 1929196493, 1562326149, 3816208425, 1379284289, 257845644, 1117362770, 2218225581, 716707925, 1522580295, 1094934787, 1429697237, 2293809894, 500112877, 2826607061, 3415555274, 2965510686, 2741945831, 3867319830, 331204665, 3592716872, 1029433645, 1169280908, 175383900, 2781161458, 1324143143, 4124674433, 1969447139, 3780901132, 4142593478, 2988471204, 1334327375, 2720401558, 2518510719, 2828056261, 1000097567, 762581967, 1437302397, 2186051698, 2196204414, 1545814604, 3537317160, 4197385230, 541458171, 2348152604, 50394735, 4000767635, 1553567406, 346632155, 1864173843, 3785272551, 694649702, 3205432571, 4168360396, 3962863170, 1743034438, 1132087435, 918580070, 672683983, 2285304313, 604851023, 2727885510, 1230461887, 1010471759, 321), None)
Loaded weights: 172.42769252918131, 31.379416161796758, -5.340789358411629, -4.707649303909744, -8.178619435812523
events: me was killed by stupid, 
  ----
(3, (3867231917, 3370926998, 3230662687, 2280481867, 4199932511, 2487611716, 2423719977, 2309751757, 4180607841, 3705299521, 735801586, 2727925765, 862150689, 1068246903, 1202327838, 1143347751, 4144368639, 3895148166, 280400143, 923187850, 3466316656, 2956652017, 3112749066, 401644612, 2532672904, 101422770, 1172110773, 2193760911, 2811260126, 468039434, 2699053462, 2851105817, 163991747, 1786715704, 678415990, 2397695453, 448585617, 4201341819, 3915714454, 2567437943, 3623868545, 312657344, 919522490, 3992705258, 3946808082, 3826549433, 490650962, 1558589819, 3624054387, 1299481420, 3566574812, 3032885568, 269620698, 894064675, 1059648715, 628282011, 4040412911, 399937893, 1118337349, 2618466451, 166357656, 1423033736, 2009682891, 1730751762, 538761531, 2452060430, 1297228823, 1379322019, 993201876, 2151698961, 3893135470, 1343520699, 3890872315, 219120074, 1426928671, 253522743, 2086388388, 3100647068, 1984131168, 838608443, 1431179279, 2854101738, 2593673274, 4093928525, 180832359, 350261032, 3982918420, 1479845406, 1740438385, 2717645469, 471391938, 3627330119, 1248074114, 2808562150, 626248722, 2787307861, 3508481177, 1795195185, 3337917475, 3464807291, 1611088966, 446927212, 2446819307, 1177502630, 2866876037, 3091697141, 1324461606, 3610830068, 3027349337, 1967814581, 2364247593, 1528323207, 1644369859, 2301398354, 1658806330, 974674204, 1005185212, 4106916099, 4019280954, 620531227, 158231038, 909932240, 3553493170, 1495789732, 2967115248, 427157670, 566276447, 392858019, 3551364978, 4047314940, 2907974206, 3284322582, 3117857294, 2812801956, 3600820749, 1642352368, 15600728, 3365398649, 3260998732, 4115034268, 726760489, 1864434597, 1656072281, 3939001950, 329243385, 1595618843, 2855172363, 3258266016, 176029695, 3637916635, 204170692, 1694878180, 3365180250, 837742409, 2416166964, 2335417243, 549390437, 4189110436, 3036581843, 3810456400, 1273980990, 3505929208, 1946467598, 3308195780, 670900093, 1778126847, 2992695123, 2388472162, 3472050889, 2293506535, 3984400632, 1131475922, 4285017766, 120375192, 2082698784, 2813218579, 2820268217, 2855248066, 2597903263, 4250156805, 228729890, 2388051415, 1372534251, 377685653, 3155735477, 1636582950, 3596325554, 2409906095, 1569573899, 2459804357, 1114280215, 2598119862, 2756285555, 938797955, 276783737, 3278142821, 2939514153, 3055745588, 1518220951, 3028416772, 1153093597, 490841614, 1044427481, 83602952, 3423495601, 1406747067, 1369246596, 2516748781, 586426470, 187018478, 3367977801, 146376766, 3536369373, 4210733717, 2954832803, 125263323, 3359698707, 3614707014, 1918234460, 2856633024, 601674534, 22611288, 3769540416, 616401890, 1660495011, 2592052429, 1613314545, 2160275167, 2181106930, 3441537646, 105778126, 3757113939, 4138352246, 1946643746, 1002250388, 2974493937, 3143133513, 2371791132, 581838737, 3919297204, 872793755, 2878293561, 1898953773, 3097242515, 3915419125, 3984768785, 3754819613, 1407697844, 2388161823, 3527373535, 2950050895, 584695766, 2659721525, 268794003, 2456702995, 1799478207, 3958045276, 3858384095, 3997320595, 836612574, 1755761548, 2344411325, 1310559751, 1648613133, 4025976895, 2419518471, 2761820725, 1957740900, 2768385845, 3989174963, 936033493, 3150370831, 2322433182, 400371044, 3323238406, 692795208, 2168761671, 903928328, 2075722791, 2086971778, 1426446568, 517911508, 1301423777, 3290916820, 2689415769, 3213283572, 346651514, 2914905513, 676808503, 894032499, 3414003729, 1105227838, 478953533, 3976698112, 927291583, 1516791171, 255435451, 2960526805, 3517520334, 2523281149, 2814863147, 2012699579, 385711113, 777338476, 3665350928, 3771529741, 2862143307, 2451058370, 2776868250, 173735213, 2782909766, 1020962940, 3304573232, 1819573902, 1121970568, 422916736, 1777202503, 4007361744, 3989154722, 690578093, 790650538, 1616642507, 1960677402, 4263891597, 3344747954, 740763898, 1192804421, 2979070592, 3719046769, 26641969, 1413275415, 2014559384, 1274378476, 1953501979, 2719832414, 2024991760, 792663147, 3419371602, 1987088782, 1673388672, 866522766, 927110409, 3269720393, 114000033, 3497954777, 2261787435, 1860086961, 1162717317, 1380352211, 933117071, 708126948, 508296594, 4288633840, 3331708031, 3628902064, 2988842455, 183951321, 2570733353, 2963989000, 3580663067, 2193280123, 1631290428, 2903404522, 383480105, 3905780, 3830802091, 1506905021, 3559319290, 3719835986, 4149416699, 2252656931, 2756933266, 3808039380, 2183366331, 3016110650, 427129795, 3607831727, 3343737788, 3150751777, 280880588, 1970493440, 3283831987, 3497540586, 2903126860, 3743584450, 846524081, 4075141707, 3461468115, 1638942011, 727653592, 1230906655, 685629518, 38647336, 2452916985, 1349764311, 3846947211, 3597828294, 2695379491, 2493459303, 3746190010, 796806712, 3811122449, 340003248, 1530453649, 592946924, 1130028883, 731759565, 3914134806, 1995248247, 594727514, 1055780523, 2557920988, 1026516034, 4165829613, 1192372546, 2700482663, 354963785, 2848754871, 2013714185, 3982548896, 2991464822, 349174668, 2799425150, 2952948459, 4276521023, 2751944196, 1826964208, 3470945098, 3510166999, 460609955, 1555817168, 48753492, 3080298852, 525655669, 1875153854, 2567704775, 3619181844, 899618019, 4033426748, 424361793, 1173005883, 3964655742, 1884590369, 524288031, 1142305154, 2600555106, 1507531810, 2509407630, 1835350678, 2065531227, 4037840015, 743937366, 612578755, 481073069, 3733742203, 4012123487, 1763266190, 354451226, 1667091513, 3641224660, 494879414, 2615512011, 3861162809, 2612146110, 1208623989, 1562099243, 1915350904, 3556093909, 1742111795, 112079671, 3217275620, 3705956458, 3150731422, 3396576507, 3573040746, 1873742581, 2312787739, 1305934348, 2410240037, 825809239, 3340265358, 4081237871, 1071823495, 4165153336, 2449788957, 1905209247, 927488902, 1040340235, 1543808025, 1478517048, 206431079, 2597938991, 2443250260, 2562675949, 2576560162, 2254830874, 1928349130, 3093232706, 4085164454, 2232060604, 4239451535, 3012848617, 557095728, 3244073296, 3201284395, 1242318669, 4109511773, 3368796512, 1498978259, 497631278, 2833001867, 2916062439, 3948835815, 305767114, 1449856785, 651445215, 2256272440, 3722633674, 3251694736, 2737734123, 1409917264, 3142981305, 1090395188, 3358082614, 406704923, 2273726238, 1428519017, 3082897264, 1596575603, 2610116335, 2101152410, 862458058, 2753416037, 337433046, 2637167283, 2849733565, 3132172141, 1002962181, 1937240223, 621518353, 4080764547, 4074503080, 3636060597, 3931675524, 2628458464, 1618430979, 271508113, 2673133208, 3175377832, 1852843479, 885611791, 2625201782, 2146798392, 359507046, 4266833449, 2754180717, 1839164404, 2903104267, 357050429, 3974831267, 3333467636, 1929196493, 1562326149, 3816208425, 1379284289, 257845644, 1117362770, 2218225581, 716707925, 1522580295, 1094934787, 1429697237, 2293809894, 500112877, 2826607061, 3415555274, 2965510686, 2741945831, 3867319830, 331204665, 3592716872, 1029433645, 1169280908, 175383900, 2781161458, 1324143143, 4124674433, 1969447139, 3780901132, 4142593478, 2988471204, 1334327375, 2720401558, 2518510719, 2828056261, 1000097567, 762581967, 1437302397, 2186051698, 2196204414, 1545814604, 3537317160, 4197385230, 541458171, 2348152604, 50394735, 4000767635, 1553567406, 346632155, 1864173843, 3785272551, 694649702, 3205432571, 4168360396, 3962863170, 1743034438, 1132087435, 918580070, 672683983, 2285304313, 604851023, 2727885510, 1230461887, 1010471759, 504), None)
Loaded weights: 172.26768616382316, 25.71309783296733, -5.340789358411629, -4.707649303909744, -9.707649303909744
events: 
  ----
(3, (3302890472, 1843370935, 95703104, 3411808200, 2836129203, 3312926075, 2263248808, 3335034755, 3024051884, 2121300916, 1627924939, 3058963128, 2779541822, 490268196, 594377488, 2678378850, 2354584750, 2520895770, 3145024802, 845526257, 1759070864, 616739596, 2795016578, 3107251122, 1472868565, 490543227, 678153075, 2905521744, 3925183873, 2090165819, 51572121, 215186793, 776722111, 1217136107, 2627448165, 1674542707, 3144277783, 460723317, 1283940131, 625936779, 2093905411, 3943584609, 800510772, 813000626, 122497533, 1053544328, 2822482045, 4045395556, 4256895940, 1938936396, 3488715054, 627847291, 4172291477, 1982875189, 2816888004, 2246206059, 3461312448, 1724968454, 2015741385, 770472898, 1061723614, 3249657091, 3936107357, 2490998516, 2465609548, 428149229, 732035888, 1435739167, 3291686908, 103787343, 586621143, 3442133777, 1076491218, 206409780, 1113776430, 2246162892, 3592137653, 2950299226, 3998853431, 980807619, 1490676601, 3269816376, 3526515630, 460551010, 4180867323, 156367629, 2488885559, 953294202, 4168770062, 2034513127, 2333126903, 959883480, 1267974603, 1592001902, 281063258, 1613114567, 1949803690, 602000108, 2016357496, 49539049, 3037672692, 1654498956, 3860671343, 1892209170, 1992236492, 1179405347, 3938505514, 2113920600, 2845953096, 1804557206, 1011834876, 4048661741, 423560839, 3652427158, 2965616745, 4138371001, 2975095444, 564371724, 3986863117, 2194458823, 3338459810, 3895979209, 3485301177, 1281682344, 4159496938, 3373724740, 1519759928, 837488802, 4279812320, 59731318, 3592430587, 63083124, 3359690557, 2405805891, 1134180274, 2758462793, 2841613621, 4227893397, 3547874291, 1980836262, 2506083336, 3676673132, 275754302, 603773728, 1147064442, 1420193263, 2336359252, 1084053696, 3574916401, 1446727795, 2916491882, 2567840261, 2945442476, 1019787541, 1088948068, 3064119253, 699778100, 1025851679, 3584430021, 141090795, 2239088375, 1867151034, 3464272705, 205951637, 3742074093, 3710384115, 2757238936, 2890342650, 3524053408, 874973742, 3851359812, 353111814, 425121931, 2136136211, 3756582275, 1169982053, 1222167948, 2082358469, 741839767, 4128442383, 1028462547, 393065532, 2180316076, 1361079117, 1302186558, 1855719125, 3568208468, 1376481576, 3735729050, 233075157, 2014147640, 712475626, 874000600, 588739143, 4147295778, 1823739613, 3440120165, 1554455889, 568114077, 3592537342, 1527491962, 73689537, 2157624442, 3811360843, 573783338, 3537994188, 2991327954, 3666862895, 110239768, 1394724840, 415582897, 2764424298, 2338906246, 546933225, 4090797396, 36160429, 2479761263, 2501806572, 1925642534, 311697688, 913107402, 407836783, 3664264200, 2356767169, 917454975, 2689300376, 2773726463, 2245959057, 189743744, 1184060839, 2108440126, 3529439880, 3212086250, 2604204002, 1197846820, 1889262295, 954150714, 2841086684, 2191118306, 1722163884, 2448946663, 3270645209, 451048564, 1642130059, 2038971981, 1302001139, 1536578859, 4143825088, 3570776764, 1752906618, 3898096729, 3246821520, 3426161901, 3092534181, 1099359056, 3691049135, 2539713675, 3980099471, 1413326214, 437826425, 3562718570, 1654512313, 3420857642, 362458071, 3395670697, 2277567206, 1595369785, 4148682054, 82058983, 3982179713, 3030301546, 1115417522, 1965381946, 2335302782, 2780450240, 1678898616, 694271816, 1797628898, 459171002, 3526554081, 2036277215, 405270347, 2817642881, 123814451, 957580924, 846297204, 2721725897, 4067135130, 1109231845, 1445610378, 4102661867, 95987597, 788972909, 3909871536, 3786352129, 1520911998, 2266766714, 1243851824, 521232560, 2328031384, 4005465398, 3491033077, 2462787322, 4213687101, 1186411395, 572355149, 1937373346, 169359796, 515948145, 3235754253, 1159604060, 3679001699, 2137769034, 3040253427, 877167674, 1434724466, 1311345295, 4260521254, 4104825169, 1543761566, 4156732756, 716072791, 3325850974, 395952755, 1978818193, 3266051205, 440100521, 1121031955, 3143521611, 1426846779, 1287720030, 1397072314, 3850171761, 4224614277, 27699280, 657913506, 1315497919, 1198987067, 3230621101, 15470016, 1528457165, 146469906, 751302454, 6532263, 4223860806, 63263370, 962767962, 1993812500, 1794130513, 3668438475, 1128338785, 3357757202, 861187748, 917758304, 4059082390, 594223059, 2518351421, 2390053631, 4034684966, 269818335, 4294471005, 1427963975, 1980744962, 2839697743, 1461881631, 647509746, 1543658203, 4219720865, 964996558, 3393549680, 1909809257, 891541648, 2361335405, 3533773385, 2502907390, 1738131385, 899539373, 1765328549, 3511734499, 2503364268, 2216538003, 684989073, 3760694899, 1176800341, 4246177432, 1977377343, 4131948765, 1822774453, 2061891798, 1943746833, 405299890, 3727515641, 1295319632, 1432973868, 132804832, 3107293635, 4252739552, 919089960, 2057905755, 1323958167, 3620660292, 2513101147, 4045954546, 1500716794, 3300629427, 2700198574, 3266671236, 3744673335, 114613521, 126532646, 1562052643, 319453215, 3417470972, 3072827125, 3682127300, 221653985, 2148173649, 2634461027, 482864186, 1832853603, 1768984449, 3831455005, 2914880375, 729277861, 245675603, 1471027941, 4048613723, 2862575438, 3503748559, 2932296978, 3797890529, 973073816, 71523881, 2242790157, 1325489043, 1833831058, 2431055174, 552718383, 1902701333, 815072068, 381576662, 318137627, 2492429181, 2982494126, 2560499933, 506165047, 408773599, 1088320641, 3167315997, 2067188368, 3662848874, 3185994305, 924159121, 320681245, 1799634913, 2143544775, 1275292202, 3574229245, 4275743842, 4056623793, 264407768, 2910803047, 1027788040, 3318910559, 517137686, 3146594398, 3595847065, 2064910113, 1487781021, 84125958, 261283518, 611193346, 2980812625, 837449246, 404944229, 1227891182, 244336252, 1988370580, 1199332, 4022019882, 1493023949, 2273251020, 3760286131, 1198140506, 217340063, 1335461957, 2618370339, 1666197433, 1317923365, 1422419014, 2180950175, 2192922499, 1385689167, 333377832, 3027575755, 2107390978, 4050928544, 3441553337, 16690924, 2457180962, 1274241365, 4112515160, 1153410320, 4010726146, 2536190107, 3090137675, 3059159377, 2365318377, 385044316, 714569627, 3364763807, 3585347408, 2070784273, 268896926, 2013863850, 1092646649, 953889647, 2489438371, 3441907623, 1157764549, 1839750195, 2177902619, 2125686117, 1376404520, 1239452607, 3968560219, 2434945824, 404937296, 1154860125, 3965035447, 3801336664, 3450955502, 1746082470, 3840324900, 3355260085, 3666910488, 70713168, 3853348812, 1355047860, 3758012372, 3428542503, 3239887935, 547906992, 8126847, 348222456, 1706387654, 1403620818, 2841673856, 3298739555, 1162898182, 430272840, 168336141, 3357355702, 3155856738, 2311953658, 3448889521, 3666323809, 2674763935, 4231569204, 2250548107, 465065660, 3055649485, 2407864937, 3195751872, 1087906813, 3787690116, 2617182921, 2538527544, 3167885678, 2507077480, 3018892562, 4288635189, 3559550115, 3025621103, 320713841, 848383838, 303579111, 805329514, 418716625, 407302016, 4044793129, 3542632784, 642846077, 2230873540, 1879804723, 1402477625, 4088142193, 3478491611, 778599076, 790625488, 1468986807, 1177653076, 4104007698, 2437067110, 1061505009, 3056997622, 2040035985, 1894981712, 1951427887, 3803103051, 4224355549, 3896039417, 2931001371, 812063267, 2981104973, 2137198453, 4219111931, 390170785, 2253532871, 1239433439, 311905766, 2073605178, 166097625, 2152904700, 525801622, 3260050508, 1757088930, 2502752650, 1128174554, 2252019496, 1143304015, 4199116256, 1042313403, 3742673428, 166), None)
Loaded weights: 174.07828946301396, 29.738344103822044, -5.340789358411629, -4.707649303909744, -9.707649303909744
events: 
  ----
(3, (3302890472, 1843370935, 95703104, 3411808200, 2836129203, 3312926075, 2263248808, 3335034755, 3024051884, 2121300916, 1627924939, 3058963128, 2779541822, 490268196, 594377488, 2678378850, 2354584750, 2520895770, 3145024802, 845526257, 1759070864, 616739596, 2795016578, 3107251122, 1472868565, 490543227, 678153075, 2905521744, 3925183873, 2090165819, 51572121, 215186793, 776722111, 1217136107, 2627448165, 1674542707, 3144277783, 460723317, 1283940131, 625936779, 2093905411, 3943584609, 800510772, 813000626, 122497533, 1053544328, 2822482045, 4045395556, 4256895940, 1938936396, 3488715054, 627847291, 4172291477, 1982875189, 2816888004, 2246206059, 3461312448, 1724968454, 2015741385, 770472898, 1061723614, 3249657091, 3936107357, 2490998516, 2465609548, 428149229, 732035888, 1435739167, 3291686908, 103787343, 586621143, 3442133777, 1076491218, 206409780, 1113776430, 2246162892, 3592137653, 2950299226, 3998853431, 980807619, 1490676601, 3269816376, 3526515630, 460551010, 4180867323, 156367629, 2488885559, 953294202, 4168770062, 2034513127, 2333126903, 959883480, 1267974603, 1592001902, 281063258, 1613114567, 1949803690, 602000108, 2016357496, 49539049, 3037672692, 1654498956, 3860671343, 1892209170, 1992236492, 1179405347, 3938505514, 2113920600, 2845953096, 1804557206, 1011834876, 4048661741, 423560839, 3652427158, 2965616745, 4138371001, 2975095444, 564371724, 3986863117, 2194458823, 3338459810, 3895979209, 3485301177, 1281682344, 4159496938, 3373724740, 1519759928, 837488802, 4279812320, 59731318, 3592430587, 63083124, 3359690557, 2405805891, 1134180274, 2758462793, 2841613621, 4227893397, 3547874291, 1980836262, 2506083336, 3676673132, 275754302, 603773728, 1147064442, 1420193263, 2336359252, 1084053696, 3574916401, 1446727795, 2916491882, 2567840261, 2945442476, 1019787541, 1088948068, 3064119253, 699778100, 1025851679, 3584430021, 141090795, 2239088375, 1867151034, 3464272705, 205951637, 3742074093, 3710384115, 2757238936, 2890342650, 3524053408, 874973742, 3851359812, 353111814, 425121931, 2136136211, 3756582275, 1169982053, 1222167948, 2082358469, 741839767, 4128442383, 1028462547, 393065532, 2180316076, 1361079117, 1302186558, 1855719125, 3568208468, 1376481576, 3735729050, 233075157, 2014147640, 712475626, 874000600, 588739143, 4147295778, 1823739613, 3440120165, 1554455889, 568114077, 3592537342, 1527491962, 73689537, 2157624442, 3811360843, 573783338, 3537994188, 2991327954, 3666862895, 110239768, 1394724840, 415582897, 2764424298, 2338906246, 546933225, 4090797396, 36160429, 2479761263, 2501806572, 1925642534, 311697688, 913107402, 407836783, 3664264200, 2356767169, 917454975, 2689300376, 2773726463, 2245959057, 189743744, 1184060839, 2108440126, 3529439880, 3212086250, 2604204002, 1197846820, 1889262295, 954150714, 2841086684, 2191118306, 1722163884, 2448946663, 3270645209, 451048564, 1642130059, 2038971981, 1302001139, 1536578859, 4143825088, 3570776764, 1752906618, 3898096729, 3246821520, 3426161901, 3092534181, 1099359056, 3691049135, 2539713675, 3980099471, 1413326214, 437826425, 3562718570, 1654512313, 3420857642, 362458071, 3395670697, 2277567206, 1595369785, 4148682054, 82058983, 3982179713, 3030301546, 1115417522, 1965381946, 2335302782, 2780450240, 1678898616, 694271816, 1797628898, 459171002, 3526554081, 2036277215, 405270347, 2817642881, 123814451, 957580924, 846297204, 2721725897, 4067135130, 1109231845, 1445610378, 4102661867, 95987597, 788972909, 3909871536, 3786352129, 1520911998, 2266766714, 1243851824, 521232560, 2328031384, 4005465398, 3491033077, 2462787322, 4213687101, 1186411395, 572355149, 1937373346, 169359796, 515948145, 3235754253, 1159604060, 3679001699, 2137769034, 3040253427, 877167674, 1434724466, 1311345295, 4260521254, 4104825169, 1543761566, 4156732756, 716072791, 3325850974, 395952755, 1978818193, 3266051205, 440100521, 1121031955, 3143521611, 1426846779, 1287720030, 1397072314, 3850171761, 4224614277, 27699280, 657913506, 1315497919, 1198987067, 3230621101, 15470016, 1528457165, 146469906, 751302454, 6532263, 4223860806, 63263370, 962767962, 1993812500, 1794130513, 3668438475, 1128338785, 3357757202, 861187748, 917758304, 4059082390, 594223059, 2518351421, 2390053631, 4034684966, 269818335, 4294471005, 1427963975, 1980744962, 2839697743, 1461881631, 647509746, 1543658203, 4219720865, 964996558, 3393549680, 1909809257, 891541648, 2361335405, 3533773385, 2502907390, 1738131385, 899539373, 1765328549, 3511734499, 2503364268, 2216538003, 684989073, 3760694899, 1176800341, 4246177432, 1977377343, 4131948765, 1822774453, 2061891798, 1943746833, 405299890, 3727515641, 1295319632, 1432973868, 132804832, 3107293635, 4252739552, 919089960, 2057905755, 1323958167, 3620660292, 2513101147, 4045954546, 1500716794, 3300629427, 2700198574, 3266671236, 3744673335, 114613521, 126532646, 1562052643, 319453215, 3417470972, 3072827125, 3682127300, 221653985, 2148173649, 2634461027, 482864186, 1832853603, 1768984449, 3831455005, 2914880375, 729277861, 245675603, 1471027941, 4048613723, 2862575438, 3503748559, 2932296978, 3797890529, 973073816, 71523881, 2242790157, 1325489043, 1833831058, 2431055174, 552718383, 1902701333, 815072068, 381576662, 318137627, 2492429181, 2982494126, 2560499933, 506165047, 408773599, 1088320641, 3167315997, 2067188368, 3662848874, 3185994305, 924159121, 320681245, 1799634913, 2143544775, 1275292202, 3574229245, 4275743842, 4056623793, 264407768, 2910803047, 1027788040, 3318910559, 517137686, 3146594398, 3595847065, 2064910113, 1487781021, 84125958, 261283518, 611193346, 2980812625, 837449246, 404944229, 1227891182, 244336252, 1988370580, 1199332, 4022019882, 1493023949, 2273251020, 3760286131, 1198140506, 217340063, 1335461957, 2618370339, 1666197433, 1317923365, 1422419014, 2180950175, 2192922499, 1385689167, 333377832, 3027575755, 2107390978, 4050928544, 3441553337, 16690924, 2457180962, 1274241365, 4112515160, 1153410320, 4010726146, 2536190107, 3090137675, 3059159377, 2365318377, 385044316, 714569627, 3364763807, 3585347408, 2070784273, 268896926, 2013863850, 1092646649, 953889647, 2489438371, 3441907623, 1157764549, 1839750195, 2177902619, 2125686117, 1376404520, 1239452607, 3968560219, 2434945824, 404937296, 1154860125, 3965035447, 3801336664, 3450955502, 1746082470, 3840324900, 3355260085, 3666910488, 70713168, 3853348812, 1355047860, 3758012372, 3428542503, 3239887935, 547906992, 8126847, 348222456, 1706387654, 1403620818, 2841673856, 3298739555, 1162898182, 430272840, 168336141, 3357355702, 3155856738, 2311953658, 3448889521, 3666323809, 2674763935, 4231569204, 2250548107, 465065660, 3055649485, 2407864937, 3195751872, 1087906813, 3787690116, 2617182921, 2538527544, 3167885678, 2507077480, 3018892562, 4288635189, 3559550115, 3025621103, 320713841, 848383838, 303579111, 805329514, 418716625, 407302016, 4044793129, 3542632784, 642846077, 2230873540, 1879804723, 1402477625, 4088142193, 3478491611, 778599076, 790625488, 1468986807, 1177653076, 4104007698, 2437067110, 1061505009, 3056997622, 2040035985, 1894981712, 1951427887, 3803103051, 4224355549, 3896039417, 2931001371, 812063267, 2981104973, 2137198453, 4219111931, 390170785, 2253532871, 1239433439, 311905766, 2073605178, 166097625, 2152904700, 525801622, 3260050508, 1757088930, 2502752650, 1128174554, 2252019496, 1143304015, 4199116256, 1042313403, 3742673428, 416), None)
Loaded weights: 175.02797348374162, 32.387503793281866, -5.340789358411629, -4.707649303909744, -9.707649303909744
