Starting iterations: 50
(3, (2847312735, 2497025744, 2430369402, 2777693729, 261828222, 4213526176, 4136054216, 613640072, 3242379359, 2624452319, 586060819, 4043841970, 3452767895, 43228544, 3217243388, 1337837269, 358187778, 2235217871, 2301468156, 2930176981, 3588006321, 2333878169, 2891291377, 4099977178, 3973391226, 1995876812, 3124459357, 3630141027, 1390739588, 3233096532, 2825035845, 1545380119, 2430925459, 2555775301, 1062265145, 149070293, 3123700120, 326388870, 2919444724, 2614906855, 1872535764, 508066110, 748729644, 1508530193, 755677266, 3962486726, 454903147, 2145339117, 632910544, 2151730000, 2501720567, 1134490815, 2888235911, 1108495619, 3964241462, 5672375, 3677519655, 2028215240, 2856273357, 1715197613, 2597428196, 3836338668, 747991660, 1349967593, 4031751433, 1451006027, 989434220, 3568318088, 560993142, 3047649975, 213407543, 1550735496, 763251396, 3409539064, 3476311192, 375273612, 3649408722, 2735667224, 3748579908, 4173060716, 372765342, 3451370519, 2919574372, 4088323021, 3837501335, 3473454712, 941030237, 2321335737, 3619143906, 482510315, 1717156652, 3734571598, 251718558, 1397235481, 3118939244, 1748035813, 3134786924, 301521717, 610456131, 2616977482, 1264530341, 887775927, 674265225, 2598215524, 2689258194, 2188061521, 2978598289, 1412816957, 2910568416, 1571156971, 3556003095, 2064074045, 1785961753, 545156391, 839955625, 365967323, 2414917535, 2559638490, 464246599, 1108475295, 3240473033, 733477802, 494696180, 725407713, 1099805530, 3490304019, 3512853303, 1881512457, 350500216, 4283072592, 3175957299, 1976635088, 540404862, 1462291430, 3621605192, 2421536081, 682877969, 682741861, 1165969358, 64241972, 3923734337, 4145098544, 2895584912, 3888956027, 1529338729, 3786060328, 3299751524, 1442064913, 1827745450, 2705704200, 323706269, 2830533218, 512582378, 3302222446, 2849953559, 3315105847, 2715686425, 2688893707, 2565559199, 1770617310, 2430140502, 2511674498, 852331571, 3704513372, 1476375857, 2720178644, 1119881156, 395782155, 216992488, 2577845108, 1638320892, 1214387824, 363178637, 2752538702, 3251651329, 901626993, 3499064932, 2189404158, 2391871927, 3407648846, 3158898988, 1139675097, 3115660323, 470249885, 2594701058, 2675738452, 2821585137, 1670487527, 558780022, 2632379599, 634770545, 1393320942, 1621364803, 1691002170, 2552006002, 3223227334, 2765549753, 2725429258, 2765729791, 2645932021, 4092395812, 416508081, 1671796951, 2735751947, 1560740910, 695002358, 1814730205, 3000955656, 1697701539, 3075897109, 2986219599, 1424811376, 2512871042, 1059009081, 1611763695, 491615935, 3284843980, 876777072, 2897537701, 1361849320, 633599665, 3370725457, 4220328729, 4187044669, 2267832099, 3720958476, 2325143403, 3303877543, 1743275949, 3868607048, 2523734317, 1251248702, 3772313029, 1666534078, 3125441101, 2308426210, 630289264, 688170226, 3856265168, 1349369519, 520400376, 2552318659, 3409407879, 3195337778, 276026446, 3668650573, 2218415831, 2412231308, 2472864606, 731827968, 3932767626, 3574970770, 448065761, 4244152386, 3175579058, 2503042553, 3608063338, 1937567455, 1444982777, 1531328917, 1144613386, 537343202, 1804177678, 3251824653, 1605459157, 1388739937, 1510286665, 1391927051, 2976899581, 616175953, 2188268718, 810870302, 1398237030, 28178282, 4128299055, 670456944, 1633590515, 3272809732, 6785028, 1860579072, 2762407716, 267633632, 2915810771, 4144870445, 1803685203, 2740812605, 334961526, 3343900103, 3038117005, 1826390316, 149493110, 1709555464, 1993104149, 2796687860, 4079604598, 707512649, 3860221282, 4119972866, 1296076319, 1368205014, 3773163135, 825042292, 3978602885, 4145211150, 1200941460, 1809770580, 378765975, 737509852, 1486735198, 2093446037, 1776469914, 524771316, 4039370808, 2694623281, 4165554163, 2262322036, 1405175143, 3585489965, 945672455, 2820071438, 1435786068, 1139819870, 2108559597, 450425129, 327609197, 2241291347, 921805702, 1032570259, 1990638439, 2229196270, 232132798, 549094076, 3362346873, 3805292989, 1524333861, 3451626533, 1355746590, 1974971908, 1615854214, 2718935856, 4129892423, 3078850810, 1367707741, 1992861924, 2045415060, 1787668950, 1994247446, 2471054296, 3878006318, 984029565, 2800561979, 2972410138, 3865093102, 3735903592, 803297654, 2699006870, 2847290513, 4059957586, 3738894118, 1401127205, 2654173042, 1395350617, 108144628, 2421456168, 1872544740, 690909152, 125464452, 4210896894, 2732966139, 417487495, 1904604503, 4027323993, 1987015614, 2654147594, 3799519514, 1705950272, 834456106, 1310281057, 3080150999, 3321618018, 4094882455, 4065841208, 2514707439, 3260841441, 3252527643, 2087621197, 1900867104, 2451763059, 183037362, 3226710277, 2920085900, 624293106, 1257194798, 1468289272, 2413948742, 2505418640, 3929512717, 3653588414, 846225224, 1343596937, 234285247, 667712223, 369372411, 779365598, 111020227, 1662204566, 3506987758, 752713132, 1958639313, 3693978127, 1486159544, 922974188, 947200935, 1263204520, 2673541751, 2936325192, 2729167992, 3987423744, 3011586415, 3240073868, 4251304851, 1224931245, 3353870159, 3008075769, 3983583131, 2897350956, 2619744577, 1518578612, 2261989791, 1740898979, 1639289258, 196260947, 2120032857, 1532451440, 1642835895, 3955584418, 364847648, 179480244, 699214579, 44191638, 2989790280, 3506710066, 3253073655, 2091311291, 2143998065, 105935834, 414765060, 1546731105, 4230790505, 2515512513, 3310756290, 1857950960, 2704341028, 1786333548, 470012051, 1828941278, 3696544356, 930807095, 4235814286, 1348442374, 3026027181, 1293677579, 1070398074, 3933454984, 2214522179, 4288688904, 835210282, 4039311159, 2346186311, 1775014253, 2686374519, 4194024762, 98730388, 2169447865, 1818958349, 701682747, 2304408852, 1467803290, 2755776985, 2704080959, 2894601506, 4094315640, 3378441446, 991413743, 1785194076, 4058818699, 1521609888, 2973623240, 547587035, 833987961, 3115452259, 2220719647, 4244051392, 2224474056, 519015824, 2957387182, 2122404339, 1960946935, 3028193170, 2469675324, 3346131115, 3588420707, 2867792154, 2232268989, 1704024265, 1777403473, 3934889365, 1123432067, 4276442428, 440927760, 885671363, 1809022730, 1277867210, 4159203327, 685351006, 3839999316, 1692590718, 755242990, 3432988148, 3543183264, 260741318, 4287746418, 869037209, 4046536063, 2765603738, 3601444392, 2501057775, 71164157, 3525541322, 934562805, 2756218775, 693232806, 3718971112, 3458965204, 3514838963, 3272290054, 274726144, 3112342665, 1833460587, 872733977, 1183959507, 3304484561, 2590501874, 593846536, 2206950188, 2433727271, 3891186439, 3342243091, 2051877575, 3962124588, 219432659, 3354719269, 946460295, 3703940506, 3265276677, 851476139, 3896769498, 3770275492, 1735840755, 2440671015, 670807169, 2886446535, 2026456443, 2999789390, 731148925, 1381838338, 1546803951, 3940899886, 790339311, 4091423884, 4228893886, 2077234286, 3353501384, 3814105283, 3774979549, 654747597, 3213086714, 4081216680, 1974509562, 593000349, 844100265, 2728316821, 2381006845, 2780189930, 2472352200, 936314396, 3812982720, 736936714, 1015298155, 13573635, 2863276958, 3109575895, 3186361958, 436288873, 3411468683, 1524014434, 3963305246, 1062455361, 465775396, 2609963468, 3955717805, 997119381, 4011748583, 5226700, 2553831989, 2492041832, 1292240910, 3495305594, 1441515425, 899254910, 2118448947, 2380729090, 2876537152, 3664956722, 332059308, 483997728, 758445393, 1023351651, 1089810777, 2539728176, 2195350555, 1809846688, 1365545399, 1743023741, 1), None)
Loaded weights: 0.0, 0.0, 0.0, 0.0, 0.0
events: me killed itself, 
  ----
(3, (2847312735, 2497025744, 2430369402, 2777693729, 261828222, 4213526176, 4136054216, 613640072, 3242379359, 2624452319, 586060819, 4043841970, 3452767895, 43228544, 3217243388, 1337837269, 358187778, 2235217871, 2301468156, 2930176981, 3588006321, 2333878169, 2891291377, 4099977178, 3973391226, 1995876812, 3124459357, 3630141027, 1390739588, 3233096532, 2825035845, 1545380119, 2430925459, 2555775301, 1062265145, 149070293, 3123700120, 326388870, 2919444724, 2614906855, 1872535764, 508066110, 748729644, 1508530193, 755677266, 3962486726, 454903147, 2145339117, 632910544, 2151730000, 2501720567, 1134490815, 2888235911, 1108495619, 3964241462, 5672375, 3677519655, 2028215240, 2856273357, 1715197613, 2597428196, 3836338668, 747991660, 1349967593, 4031751433, 1451006027, 989434220, 3568318088, 560993142, 3047649975, 213407543, 1550735496, 763251396, 3409539064, 3476311192, 375273612, 3649408722, 2735667224, 3748579908, 4173060716, 372765342, 3451370519, 2919574372, 4088323021, 3837501335, 3473454712, 941030237, 2321335737, 3619143906, 482510315, 1717156652, 3734571598, 251718558, 1397235481, 3118939244, 1748035813, 3134786924, 301521717, 610456131, 2616977482, 1264530341, 887775927, 674265225, 2598215524, 2689258194, 2188061521, 2978598289, 1412816957, 2910568416, 1571156971, 3556003095, 2064074045, 1785961753, 545156391, 839955625, 365967323, 2414917535, 2559638490, 464246599, 1108475295, 3240473033, 733477802, 494696180, 725407713, 1099805530, 3490304019, 3512853303, 1881512457, 350500216, 4283072592, 3175957299, 1976635088, 540404862, 1462291430, 3621605192, 2421536081, 682877969, 682741861, 1165969358, 64241972, 3923734337, 4145098544, 2895584912, 3888956027, 1529338729, 3786060328, 3299751524, 1442064913, 1827745450, 2705704200, 323706269, 2830533218, 512582378, 3302222446, 2849953559, 3315105847, 2715686425, 2688893707, 2565559199, 1770617310, 2430140502, 2511674498, 852331571, 3704513372, 1476375857, 2720178644, 1119881156, 395782155, 216992488, 2577845108, 1638320892, 1214387824, 363178637, 2752538702, 3251651329, 901626993, 3499064932, 2189404158, 2391871927, 3407648846, 3158898988, 1139675097, 3115660323, 470249885, 2594701058, 2675738452, 2821585137, 1670487527, 558780022, 2632379599, 634770545, 1393320942, 1621364803, 1691002170, 2552006002, 3223227334, 2765549753, 2725429258, 2765729791, 2645932021, 4092395812, 416508081, 1671796951, 2735751947, 1560740910, 695002358, 1814730205, 3000955656, 1697701539, 3075897109, 2986219599, 1424811376, 2512871042, 1059009081, 1611763695, 491615935, 3284843980, 876777072, 2897537701, 1361849320, 633599665, 3370725457, 4220328729, 4187044669, 2267832099, 3720958476, 2325143403, 3303877543, 1743275949, 3868607048, 2523734317, 1251248702, 3772313029, 1666534078, 3125441101, 2308426210, 630289264, 688170226, 3856265168, 1349369519, 520400376, 2552318659, 3409407879, 3195337778, 276026446, 3668650573, 2218415831, 2412231308, 2472864606, 731827968, 3932767626, 3574970770, 448065761, 4244152386, 3175579058, 2503042553, 3608063338, 1937567455, 1444982777, 1531328917, 1144613386, 537343202, 1804177678, 3251824653, 1605459157, 1388739937, 1510286665, 1391927051, 2976899581, 616175953, 2188268718, 810870302, 1398237030, 28178282, 4128299055, 670456944, 1633590515, 3272809732, 6785028, 1860579072, 2762407716, 267633632, 2915810771, 4144870445, 1803685203, 2740812605, 334961526, 3343900103, 3038117005, 1826390316, 149493110, 1709555464, 1993104149, 2796687860, 4079604598, 707512649, 3860221282, 4119972866, 1296076319, 1368205014, 3773163135, 825042292, 3978602885, 4145211150, 1200941460, 1809770580, 378765975, 737509852, 1486735198, 2093446037, 1776469914, 524771316, 4039370808, 2694623281, 4165554163, 2262322036, 1405175143, 3585489965, 945672455, 2820071438, 1435786068, 1139819870, 2108559597, 450425129, 327609197, 2241291347, 921805702, 1032570259, 1990638439, 2229196270, 232132798, 549094076, 3362346873, 3805292989, 1524333861, 3451626533, 1355746590, 1974971908, 1615854214, 2718935856, 4129892423, 3078850810, 1367707741, 1992861924, 2045415060, 1787668950, 1994247446, 2471054296, 3878006318, 984029565, 2800561979, 2972410138, 3865093102, 3735903592, 803297654, 2699006870, 2847290513, 4059957586, 3738894118, 1401127205, 2654173042, 1395350617, 108144628, 2421456168, 1872544740, 690909152, 125464452, 4210896894, 2732966139, 417487495, 1904604503, 4027323993, 1987015614, 2654147594, 3799519514, 1705950272, 834456106, 1310281057, 3080150999, 3321618018, 4094882455, 4065841208, 2514707439, 3260841441, 3252527643, 2087621197, 1900867104, 2451763059, 183037362, 3226710277, 2920085900, 624293106, 1257194798, 1468289272, 2413948742, 2505418640, 3929512717, 3653588414, 846225224, 1343596937, 234285247, 667712223, 369372411, 779365598, 111020227, 1662204566, 3506987758, 752713132, 1958639313, 3693978127, 1486159544, 922974188, 947200935, 1263204520, 2673541751, 2936325192, 2729167992, 3987423744, 3011586415, 3240073868, 4251304851, 1224931245, 3353870159, 3008075769, 3983583131, 2897350956, 2619744577, 1518578612, 2261989791, 1740898979, 1639289258, 196260947, 2120032857, 1532451440, 1642835895, 3955584418, 364847648, 179480244, 699214579, 44191638, 2989790280, 3506710066, 3253073655, 2091311291, 2143998065, 105935834, 414765060, 1546731105, 4230790505, 2515512513, 3310756290, 1857950960, 2704341028, 1786333548, 470012051, 1828941278, 3696544356, 930807095, 4235814286, 1348442374, 3026027181, 1293677579, 1070398074, 3933454984, 2214522179, 4288688904, 835210282, 4039311159, 2346186311, 1775014253, 2686374519, 4194024762, 98730388, 2169447865, 1818958349, 701682747, 2304408852, 1467803290, 2755776985, 2704080959, 2894601506, 4094315640, 3378441446, 991413743, 1785194076, 4058818699, 1521609888, 2973623240, 547587035, 833987961, 3115452259, 2220719647, 4244051392, 2224474056, 519015824, 2957387182, 2122404339, 1960946935, 3028193170, 2469675324, 3346131115, 3588420707, 2867792154, 2232268989, 1704024265, 1777403473, 3934889365, 1123432067, 4276442428, 440927760, 885671363, 1809022730, 1277867210, 4159203327, 685351006, 3839999316, 1692590718, 755242990, 3432988148, 3543183264, 260741318, 4287746418, 869037209, 4046536063, 2765603738, 3601444392, 2501057775, 71164157, 3525541322, 934562805, 2756218775, 693232806, 3718971112, 3458965204, 3514838963, 3272290054, 274726144, 3112342665, 1833460587, 872733977, 1183959507, 3304484561, 2590501874, 593846536, 2206950188, 2433727271, 3891186439, 3342243091, 2051877575, 3962124588, 219432659, 3354719269, 946460295, 3703940506, 3265276677, 851476139, 3896769498, 3770275492, 1735840755, 2440671015, 670807169, 2886446535, 2026456443, 2999789390, 731148925, 1381838338, 1546803951, 3940899886, 790339311, 4091423884, 4228893886, 2077234286, 3353501384, 3814105283, 3774979549, 654747597, 3213086714, 4081216680, 1974509562, 593000349, 844100265, 2728316821, 2381006845, 2780189930, 2472352200, 936314396, 3812982720, 736936714, 1015298155, 13573635, 2863276958, 3109575895, 3186361958, 436288873, 3411468683, 1524014434, 3963305246, 1062455361, 465775396, 2609963468, 3955717805, 997119381, 4011748583, 5226700, 2553831989, 2492041832, 1292240910, 3495305594, 1441515425, 899254910, 2118448947, 2380729090, 2876537152, 3664956722, 332059308, 483997728, 758445393, 1023351651, 1089810777, 2539728176, 2195350555, 1809846688, 1365545399, 1743023741, 90), None)
Loaded weights: -0.22587313372813492, -0.4606057387030091, -0.6431735183516258, 0.0, -5.0
events: me found the exit, 
  ----
(3, (2477760214, 2048811125, 2614429254, 1245413248, 442424719, 1833417247, 2084413210, 3208109107, 3022876966, 427268152, 341405045, 2337292613, 2640604367, 1198874822, 3386188889, 853140006, 3504280464, 3687697545, 1633619325, 1364012159, 825090323, 2091078856, 3140472161, 2333037102, 846832459, 1139995710, 1181540375, 2214733785, 2364047494, 1361035708, 2911194080, 397014025, 3001530078, 2803192297, 2529907814, 1665847957, 317553715, 1995061197, 1059322510, 1651601994, 93755947, 1073573989, 3076510529, 2763114593, 3876813265, 358868125, 3661755154, 1830185241, 108009074, 3409902624, 2767647969, 1933013109, 1844329119, 4084392665, 3080577780, 362903400, 369837192, 2417279658, 2266379863, 3510372246, 1160646081, 2855525560, 3781969581, 359850230, 3207399665, 581972684, 3224099276, 3544638712, 2088450700, 4003256174, 3740652403, 2640892709, 1280321169, 3347379259, 3000279420, 689981181, 3502791093, 64782127, 1435449613, 3259073627, 3903817806, 4081271915, 1106435334, 1205690934, 2475562820, 207430039, 2805012460, 29099565, 646273697, 1771909430, 2658232047, 1730410004, 2165905962, 2772539733, 1766701746, 3785069430, 1432492685, 2513851502, 3183202699, 2183559422, 4154207603, 963511049, 2656734862, 2538897858, 232771860, 1797480205, 1981806716, 1932298041, 2653638523, 1518023617, 2793219266, 1389636463, 2474606684, 3033182024, 4164146232, 3537526746, 3147831826, 4228184866, 1558311748, 3715664453, 2027940411, 3256944270, 1604744335, 793526635, 1318947236, 3262395869, 271270052, 2930104614, 3909938688, 1388121513, 2127914901, 3258551285, 471870982, 2410031155, 4168322769, 284933183, 1132185145, 4081028180, 3269529500, 3183016575, 3255436049, 990112803, 3739880699, 2987037880, 4095948741, 4163956928, 3499607263, 3052663929, 2175621539, 927192342, 3547190306, 889953202, 3460353051, 3237191047, 1009779937, 4052643156, 368030912, 400372245, 1174716996, 3761208305, 2858637541, 2803410229, 3206454921, 3574390470, 3172662573, 430524057, 537789332, 769914633, 1586383800, 752959377, 3470022422, 3166829430, 3788904619, 99573217, 3087432329, 4020625914, 2724819772, 1061266905, 1116269546, 3785864044, 196991899, 4033000756, 4099112844, 1058802984, 3978333247, 1089801050, 1299589830, 2214215411, 2696200356, 682042663, 40563453, 2514387093, 850021534, 2795790631, 3646363956, 1989136101, 1261985132, 3311275, 2365912647, 2513288588, 3929197766, 3004782480, 319844502, 2235888826, 802727918, 1073977046, 421574984, 1940438459, 371851581, 2364650742, 3122680770, 1594386656, 4078871485, 3611590683, 440991874, 2324768678, 2152958474, 2627213089, 1951346132, 2799550166, 2172859284, 2755333130, 1923154033, 1480915797, 84195494, 2368163549, 2627357553, 2035486175, 1230324049, 1240147471, 795949727, 3006929842, 485302080, 4161804003, 4227610818, 3873818782, 234211905, 649435805, 2054041293, 2464561715, 3530388856, 893788997, 1843633215, 2565274039, 1871767920, 3125450441, 380563769, 2023724220, 694956872, 2384162724, 3783626471, 3861605348, 2106500127, 416243406, 1469195770, 3882866227, 2980644364, 530427075, 2734839836, 2432369627, 3071724440, 2735709409, 3668645452, 3829228166, 3330390434, 2334775541, 3523366160, 2217335306, 4104702994, 3060332822, 4238064494, 3468216930, 364191528, 2017538010, 1055737633, 2950162644, 3937890978, 3838128355, 1145333749, 2143110413, 3029009193, 946900162, 4147060129, 4207080190, 414371819, 3471686636, 1804818858, 2259436376, 3697122350, 3843607574, 662716274, 490968484, 837368374, 3116314743, 526102659, 1332747325, 2488545647, 559752355, 3048095822, 3844760945, 2668783233, 491668833, 1386820986, 3003264383, 909314821, 3352184985, 3619374261, 3303107553, 1411927422, 1963179723, 1216269772, 2884625240, 3306932560, 1109197002, 1120936855, 3597486285, 3662585855, 1532444339, 1932035603, 3956488064, 2226764794, 3465675291, 1979669309, 3316244452, 236279448, 3871539272, 99298024, 1439154207, 989948414, 3635513041, 2265563292, 2967718519, 2202270476, 2189096497, 3438929396, 4132227572, 1621157059, 2522536321, 1137966839, 1902355616, 4010502965, 167357641, 3921546152, 2270518616, 3376558025, 1737430479, 3571199913, 189611308, 108673775, 3587724237, 2010771942, 1034803283, 2904726377, 1205595167, 3200913645, 618611863, 708970752, 297277446, 854653880, 322540991, 2134587072, 4215971115, 416383659, 884320203, 3886594980, 3244046430, 2160487808, 175133619, 4001001919, 2132821647, 319041355, 2400488986, 4146690757, 2712390738, 3341068889, 2574466230, 2303181689, 1370409750, 1475769475, 759235983, 3117970843, 4022928841, 162063227, 3960067346, 4041395180, 2124592468, 1882635415, 4011273788, 507104616, 3893944911, 2274763967, 2557304762, 845901541, 671020087, 1732846785, 2996647649, 1073976654, 2548857010, 230924141, 2116410411, 2399260753, 705485867, 4171233173, 942589826, 248002706, 1779227293, 3083406778, 2833928236, 1199363308, 2551775440, 614315742, 1746054451, 1699772174, 3688045346, 3564657879, 4058064536, 1584563239, 3265451669, 4115746259, 3574603144, 1529719342, 1672238668, 3055728070, 2760425086, 1449889341, 1512003128, 4169951318, 1884545238, 1509156382, 600488003, 429203020, 2315159069, 1839741934, 2967330380, 1179257706, 1559597101, 2309547948, 939423332, 1582911275, 3926190489, 3217462018, 3820178214, 1842013988, 650007277, 2679123660, 2014528982, 298684729, 647880191, 2009361077, 269095056, 790360365, 362595508, 4162579051, 194188263, 1339210544, 1736385635, 2338252875, 290293848, 3675641649, 2680909513, 127228985, 3826927103, 3554421210, 3573681215, 1499824921, 579471576, 865072503, 244203140, 3634944812, 3840165339, 3826984746, 761375162, 602256586, 4187213024, 4118695550, 767626690, 3852803305, 1789777620, 800414500, 734702222, 1657436402, 859657097, 602702875, 2224747810, 3194177625, 3462049356, 2288382527, 2119154346, 584973954, 1601873186, 1058762070, 3103404866, 3378690833, 2641726424, 2617952477, 316724276, 353410994, 3869572263, 2267212540, 4010105762, 2344150324, 1805304748, 1952023637, 24604185, 1228210964, 3892839904, 2278485651, 2348394935, 1968476106, 1950519199, 3475721595, 1051170190, 1813067980, 1073711493, 3034357234, 2922179857, 4087007201, 30384520, 1960559220, 1982625365, 2256001230, 3753196048, 4007670365, 3326070946, 1242166199, 1714388710, 1044129232, 3053705316, 3751596100, 3649421934, 3886735148, 417756273, 2698741747, 645129139, 2774858850, 470266878, 4039787600, 2815577254, 686112011, 2136710502, 4184770429, 266589806, 2279602249, 3683331689, 2329433087, 2581025615, 289459670, 1620549190, 4169571981, 2860370059, 2136675625, 3408465156, 3366048389, 4256403381, 2511294357, 253793299, 2834132355, 1840912826, 559394107, 1236701587, 225939469, 697694102, 4012530259, 2892131618, 3212070528, 4106380127, 1141967543, 562959517, 806795919, 2545544695, 4206712687, 3937599661, 2402088305, 1028936088, 3251035669, 431742226, 2893637017, 218218011, 3037287234, 755880674, 3483122442, 1630995404, 1980002018, 1676445156, 1247779592, 55723096, 1188033594, 4168194602, 1646633717, 226792292, 4044437887, 3109992599, 357832245, 1013296538, 1729830146, 3630690096, 3112243824, 518372057, 2195521276, 465727820, 1695815239, 1772301557, 3646217424, 475218620, 468323874, 829780100, 90838322, 1243948692, 4110794998, 2944542781, 3942273171, 2774071116, 328979405, 970184129, 3782980140, 2443904799, 1869602593, 1055132876, 2480785698, 3926846519, 1376713959, 3606305989, 409448704, 1238653477, 207), None)
Loaded weights: 7.197699027608719, -0.4606057387030091, -0.6431735183516258, 0.0, 5.0
events: 
  ----
(3, (2477760214, 2048811125, 2614429254, 1245413248, 442424719, 1833417247, 2084413210, 3208109107, 3022876966, 427268152, 341405045, 2337292613, 2640604367, 1198874822, 3386188889, 853140006, 3504280464, 3687697545, 1633619325, 1364012159, 825090323, 2091078856, 3140472161, 2333037102, 846832459, 1139995710, 1181540375, 2214733785, 2364047494, 1361035708, 2911194080, 397014025, 3001530078, 2803192297, 2529907814, 1665847957, 317553715, 1995061197, 1059322510, 1651601994, 93755947, 1073573989, 3076510529, 2763114593, 3876813265, 358868125, 3661755154, 1830185241, 108009074, 3409902624, 2767647969, 1933013109, 1844329119, 4084392665, 3080577780, 362903400, 369837192, 2417279658, 2266379863, 3510372246, 1160646081, 2855525560, 3781969581, 359850230, 3207399665, 581972684, 3224099276, 3544638712, 2088450700, 4003256174, 3740652403, 2640892709, 1280321169, 3347379259, 3000279420, 689981181, 3502791093, 64782127, 1435449613, 3259073627, 3903817806, 4081271915, 1106435334, 1205690934, 2475562820, 207430039, 2805012460, 29099565, 646273697, 1771909430, 2658232047, 1730410004, 2165905962, 2772539733, 1766701746, 3785069430, 1432492685, 2513851502, 3183202699, 2183559422, 4154207603, 963511049, 2656734862, 2538897858, 232771860, 1797480205, 1981806716, 1932298041, 2653638523, 1518023617, 2793219266, 1389636463, 2474606684, 3033182024, 4164146232, 3537526746, 3147831826, 4228184866, 1558311748, 3715664453, 2027940411, 3256944270, 1604744335, 793526635, 1318947236, 3262395869, 271270052, 2930104614, 3909938688, 1388121513, 2127914901, 3258551285, 471870982, 2410031155, 4168322769, 284933183, 1132185145, 4081028180, 3269529500, 3183016575, 3255436049, 990112803, 3739880699, 2987037880, 4095948741, 4163956928, 3499607263, 3052663929, 2175621539, 927192342, 3547190306, 889953202, 3460353051, 3237191047, 1009779937, 4052643156, 368030912, 400372245, 1174716996, 3761208305, 2858637541, 2803410229, 3206454921, 3574390470, 3172662573, 430524057, 537789332, 769914633, 1586383800, 752959377, 3470022422, 3166829430, 3788904619, 99573217, 3087432329, 4020625914, 2724819772, 1061266905, 1116269546, 3785864044, 196991899, 4033000756, 4099112844, 1058802984, 3978333247, 1089801050, 1299589830, 2214215411, 2696200356, 682042663, 40563453, 2514387093, 850021534, 2795790631, 3646363956, 1989136101, 1261985132, 3311275, 2365912647, 2513288588, 3929197766, 3004782480, 319844502, 2235888826, 802727918, 1073977046, 421574984, 1940438459, 371851581, 2364650742, 3122680770, 1594386656, 4078871485, 3611590683, 440991874, 2324768678, 2152958474, 2627213089, 1951346132, 2799550166, 2172859284, 2755333130, 1923154033, 1480915797, 84195494, 2368163549, 2627357553, 2035486175, 1230324049, 1240147471, 795949727, 3006929842, 485302080, 4161804003, 4227610818, 3873818782, 234211905, 649435805, 2054041293, 2464561715, 3530388856, 893788997, 1843633215, 2565274039, 1871767920, 3125450441, 380563769, 2023724220, 694956872, 2384162724, 3783626471, 3861605348, 2106500127, 416243406, 1469195770, 3882866227, 2980644364, 530427075, 2734839836, 2432369627, 3071724440, 2735709409, 3668645452, 3829228166, 3330390434, 2334775541, 3523366160, 2217335306, 4104702994, 3060332822, 4238064494, 3468216930, 364191528, 2017538010, 1055737633, 2950162644, 3937890978, 3838128355, 1145333749, 2143110413, 3029009193, 946900162, 4147060129, 4207080190, 414371819, 3471686636, 1804818858, 2259436376, 3697122350, 3843607574, 662716274, 490968484, 837368374, 3116314743, 526102659, 1332747325, 2488545647, 559752355, 3048095822, 3844760945, 2668783233, 491668833, 1386820986, 3003264383, 909314821, 3352184985, 3619374261, 3303107553, 1411927422, 1963179723, 1216269772, 2884625240, 3306932560, 1109197002, 1120936855, 3597486285, 3662585855, 1532444339, 1932035603, 3956488064, 2226764794, 3465675291, 1979669309, 3316244452, 236279448, 3871539272, 99298024, 1439154207, 989948414, 3635513041, 2265563292, 2967718519, 2202270476, 2189096497, 3438929396, 4132227572, 1621157059, 2522536321, 1137966839, 1902355616, 4010502965, 167357641, 3921546152, 2270518616, 3376558025, 1737430479, 3571199913, 189611308, 108673775, 3587724237, 2010771942, 1034803283, 2904726377, 1205595167, 3200913645, 618611863, 708970752, 297277446, 854653880, 322540991, 2134587072, 4215971115, 416383659, 884320203, 3886594980, 3244046430, 2160487808, 175133619, 4001001919, 2132821647, 319041355, 2400488986, 4146690757, 2712390738, 3341068889, 2574466230, 2303181689, 1370409750, 1475769475, 759235983, 3117970843, 4022928841, 162063227, 3960067346, 4041395180, 2124592468, 1882635415, 4011273788, 507104616, 3893944911, 2274763967, 2557304762, 845901541, 671020087, 1732846785, 2996647649, 1073976654, 2548857010, 230924141, 2116410411, 2399260753, 705485867, 4171233173, 942589826, 248002706, 1779227293, 3083406778, 2833928236, 1199363308, 2551775440, 614315742, 1746054451, 1699772174, 3688045346, 3564657879, 4058064536, 1584563239, 3265451669, 4115746259, 3574603144, 1529719342, 1672238668, 3055728070, 2760425086, 1449889341, 1512003128, 4169951318, 1884545238, 1509156382, 600488003, 429203020, 2315159069, 1839741934, 2967330380, 1179257706, 1559597101, 2309547948, 939423332, 1582911275, 3926190489, 3217462018, 3820178214, 1842013988, 650007277, 2679123660, 2014528982, 298684729, 647880191, 2009361077, 269095056, 790360365, 362595508, 4162579051, 194188263, 1339210544, 1736385635, 2338252875, 290293848, 3675641649, 2680909513, 127228985, 3826927103, 3554421210, 3573681215, 1499824921, 579471576, 865072503, 244203140, 3634944812, 3840165339, 3826984746, 761375162, 602256586, 4187213024, 4118695550, 767626690, 3852803305, 1789777620, 800414500, 734702222, 1657436402, 859657097, 602702875, 2224747810, 3194177625, 3462049356, 2288382527, 2119154346, 584973954, 1601873186, 1058762070, 3103404866, 3378690833, 2641726424, 2617952477, 316724276, 353410994, 3869572263, 2267212540, 4010105762, 2344150324, 1805304748, 1952023637, 24604185, 1228210964, 3892839904, 2278485651, 2348394935, 1968476106, 1950519199, 3475721595, 1051170190, 1813067980, 1073711493, 3034357234, 2922179857, 4087007201, 30384520, 1960559220, 1982625365, 2256001230, 3753196048, 4007670365, 3326070946, 1242166199, 1714388710, 1044129232, 3053705316, 3751596100, 3649421934, 3886735148, 417756273, 2698741747, 645129139, 2774858850, 470266878, 4039787600, 2815577254, 686112011, 2136710502, 4184770429, 266589806, 2279602249, 3683331689, 2329433087, 2581025615, 289459670, 1620549190, 4169571981, 2860370059, 2136675625, 3408465156, 3366048389, 4256403381, 2511294357, 253793299, 2834132355, 1840912826, 559394107, 1236701587, 225939469, 697694102, 4012530259, 2892131618, 3212070528, 4106380127, 1141967543, 562959517, 806795919, 2545544695, 4206712687, 3937599661, 2402088305, 1028936088, 3251035669, 431742226, 2893637017, 218218011, 3037287234, 755880674, 3483122442, 1630995404, 1980002018, 1676445156, 1247779592, 55723096, 1188033594, 4168194602, 1646633717, 226792292, 4044437887, 3109992599, 357832245, 1013296538, 1729830146, 3630690096, 3112243824, 518372057, 2195521276, 465727820, 1695815239, 1772301557, 3646217424, 475218620, 468323874, 829780100, 90838322, 1243948692, 4110794998, 2944542781, 3942273171, 2774071116, 328979405, 970184129, 3782980140, 2443904799, 1869602593, 1055132876, 2480785698, 3926846519, 1376713959, 3606305989, 409448704, 1238653477, 398), None)
Loaded weights: 7.203995757043483, -2.1371554821875014, -0.6431735183516258, 0.0, -5.0
events: me found the exit, 
  ----
(3, (1944844375, 2694222, 456680427, 455478857, 2242359803, 3330357272, 3200096580, 1423867905, 649533057, 619514847, 877314129, 2428916308, 4221808819, 2575275053, 830364704, 1296039622, 792546745, 1038052022, 1078919288, 3756835953, 4243815665, 1909332924, 2425861279, 2602158932, 1112878163, 203191570, 1065426253, 270519934, 848344806, 3998141862, 2727324173, 1082146161, 3913850984, 1391506559, 1632853896, 4258673960, 312505717, 1507587629, 1842161928, 309008998, 2970123913, 3707639380, 559201654, 1430757173, 805964215, 1089085101, 3376273086, 2626168309, 1569471430, 3669908374, 3322860826, 3627796261, 2965098787, 1960116311, 1598848768, 4078848047, 60388018, 2505117892, 266413992, 1891720820, 72640004, 850085048, 3581025970, 2165008542, 3041025177, 4090086716, 3164700227, 660086367, 365192047, 3321736209, 3643992009, 663255227, 1580109593, 3178330004, 3774429723, 2458462415, 561333160, 1186030119, 2515107632, 2448611534, 2315568190, 1330394535, 136584085, 1796043600, 3961222045, 812912621, 1565279979, 875124182, 4204017367, 508948887, 232669600, 575763351, 2496846167, 1270722575, 2285370105, 987432584, 2543755759, 1541378247, 1408493643, 4158011860, 588991996, 2282728891, 2762939203, 3445034430, 3338919157, 1331066987, 2716441946, 3743945846, 473771231, 2498788594, 2073758943, 2095796196, 774363195, 3006441319, 1472903779, 834745797, 1107162132, 3668730960, 429398252, 385712675, 551494351, 2181056748, 4169328191, 2704874524, 1736937505, 2801111567, 3513596977, 1049593015, 2524530925, 2556307141, 236432705, 2441922375, 1197369000, 43755675, 3381861041, 409916464, 535569817, 3289676716, 3688070686, 147322119, 1666910824, 2660797353, 643749690, 444050496, 1945873934, 1989978873, 410674314, 1392922609, 3262560708, 955656135, 974279583, 1185826911, 1393342103, 3091965830, 4092476334, 2186676453, 1867884128, 3064802999, 2789185844, 1691644206, 2805922815, 3889189536, 590413552, 3404881476, 4232700933, 4281162649, 597370489, 2419288924, 2075806792, 1669013820, 2146363686, 3656713733, 1279718360, 2142690036, 2640441424, 3726134511, 4227609515, 3766660064, 694682788, 1890531467, 892396673, 3475041412, 1921242230, 1610927562, 21857889, 1354726273, 4212730434, 436599642, 3456722452, 3740417435, 1805019839, 997229754, 2279478056, 2646259173, 1527902010, 818428035, 2775866896, 4170307326, 2457940470, 3432543251, 1198067985, 3411330743, 425724689, 855131568, 1235412894, 3586424948, 3163532478, 2314714723, 923642623, 1484405971, 631313124, 1434591735, 1562958063, 2816397522, 2685428895, 1404180168, 4002901646, 2606507206, 2194004084, 799950571, 1828293321, 1938160069, 1596203330, 1351393460, 1231604596, 3475121255, 2893376533, 3460950048, 3184803734, 2508738171, 45810576, 3419487835, 1669432246, 3275982117, 665609294, 4182066046, 2931783246, 2423613416, 12451730, 2459240975, 1523856720, 2659656416, 3628348098, 1492465921, 3119681805, 2450573371, 3819114031, 3896862037, 1992535150, 2036187955, 3893132966, 2778386051, 8116853, 340266928, 3131086264, 1782855136, 948480792, 3004073475, 2448755779, 2999174564, 2592066256, 201774254, 2412282987, 1910548900, 2236066440, 80482176, 1350563683, 3411810432, 2278189791, 1595498689, 840694276, 2060486179, 2093648192, 1329841649, 2338574751, 685212311, 836006712, 1025791551, 2129515900, 871817320, 686638646, 4258480399, 2390700368, 3603473816, 2988952882, 2049477501, 1939308504, 1786423315, 1076306611, 2259812619, 2410324556, 2914435458, 1981738456, 1778652893, 2582159518, 2263272199, 207326879, 3286616046, 3423992540, 2293173382, 1792992763, 3383599270, 302026415, 3815012085, 4234081972, 1732013493, 1787485665, 3759202945, 3972356637, 739999091, 2130346748, 2392233781, 1366986632, 3844925439, 2249671023, 247187959, 3942047249, 2906829430, 397994071, 3599631530, 3053191645, 1807804344, 403695994, 3499362979, 1757286627, 285637951, 1144875268, 1050409219, 1029692940, 3878419213, 204363866, 2258772339, 2539893676, 3348459424, 2752409740, 4117098081, 114663661, 2205827963, 1146789300, 2158681470, 1858519516, 1662369719, 1919654761, 3159642927, 811818600, 2868821991, 1398480053, 3135934311, 837079509, 2205032140, 652689642, 3894308170, 1544606943, 1459651736, 4125660707, 2203602029, 2424449734, 393203869, 18398535, 2026110408, 2788579025, 485714747, 2604447498, 741898315, 2763679619, 2612021470, 3572984833, 3446571624, 2013272113, 3067375680, 503180109, 2439488435, 642338000, 3806364025, 532664746, 534636711, 1344356940, 2296502529, 3372644935, 3605544069, 1453823421, 775092940, 3025330796, 388285334, 3388765213, 120354720, 1398793776, 3894549835, 1255445336, 4193475696, 2261053849, 1014293416, 1977258333, 2302084294, 276119795, 465274607, 1754078565, 2684851791, 2146392271, 3536759599, 3015181374, 942062405, 2182033198, 4237832162, 1284273777, 848069241, 618270877, 1452183287, 3274468588, 550309657, 3439668108, 870694374, 2102851088, 137213174, 1660250134, 943232216, 1722541582, 2285272201, 1375242878, 3930637887, 2892799683, 1073788377, 1653368764, 1464412625, 3583933922, 2932278749, 3031532664, 1804657182, 1136208457, 363496503, 2937042529, 1064761961, 3450498898, 3752503563, 1048954538, 869914921, 59049953, 2474968494, 4186498532, 46895470, 3590812993, 3606386445, 3655700321, 3780082152, 3881141805, 321626167, 2783451339, 3457355596, 2072048013, 3517016331, 1514324718, 3966602910, 333651275, 2342269325, 1694419662, 561249132, 3710814807, 3057211607, 490486240, 3108216181, 1749423877, 1312977059, 181204414, 1527056157, 2167432068, 2155001334, 2513573197, 1988122822, 1979560146, 2856952151, 239463900, 2818591592, 2933468747, 2568759568, 3198542772, 3709440709, 202057817, 4292268852, 2961152964, 824108556, 2497582763, 845047658, 1745440625, 4273061867, 3559117093, 1288652163, 3454277873, 2333160849, 599492159, 2420454080, 1839050757, 2029930463, 1249299052, 2272404434, 2183951002, 2369922310, 4114853453, 1904906106, 223489010, 957807578, 982426663, 675783530, 2976154948, 357495474, 153113807, 2751599338, 4009919596, 1380385235, 1593488927, 820127538, 2308665183, 2217693524, 4242538336, 1777938721, 2758045252, 2699227548, 3327513039, 3049735030, 262687351, 1965359551, 98470869, 2005928303, 3858309974, 4032284571, 4042422429, 3540772916, 2477711540, 84970969, 2775531921, 1641406777, 908065810, 1966835090, 2903321779, 2016977872, 2920495998, 3567286325, 2146589472, 3011554470, 2973456774, 4106583273, 2732395720, 485494164, 4202098204, 915556145, 2023861006, 1595444924, 3871722377, 280493636, 2817962786, 4272608049, 4110453793, 2514897278, 4141287994, 2548203025, 3758293973, 2955008018, 2448881616, 2240626200, 997316965, 147901301, 3546256491, 177466746, 2740246768, 1500481453, 1611907595, 3210389552, 157640687, 4022676548, 4056021395, 2520612865, 1342530470, 4009595919, 4099184427, 3937452896, 4130824686, 3201356742, 1558606110, 1013180747, 3197666363, 2078198106, 664470910, 3471483218, 2997751455, 3048073026, 382137009, 578766682, 1157312733, 1311520628, 439427721, 985439082, 3919549663, 1998117958, 2239929875, 3883590272, 3780998640, 616599817, 1622023667, 479433779, 3699809045, 2378954540, 1329178588, 857063362, 1374964217, 1574192477, 2421907779, 3417534686, 4093292495, 1814394310, 3774569997, 1478982394, 1166587952, 423177508, 2194484639, 1675771686, 973024795, 2758528023, 3867236886, 2401899784, 3497731436, 2245353457, 994466427, 1548130419, 2790857506, 3362804113, 139), None)
Loaded weights: 14.320831216258012, -2.1371554821875014, -0.6431735183516258, 0.0, 5.0
events: me found the exit, 
  ----
(3, (1944844375, 2694222, 456680427, 455478857, 2242359803, 3330357272, 3200096580, 1423867905, 649533057, 619514847, 877314129, 2428916308, 4221808819, 2575275053, 830364704, 1296039622, 792546745, 1038052022, 1078919288, 3756835953, 4243815665, 1909332924, 2425861279, 2602158932, 1112878163, 203191570, 1065426253, 270519934, 848344806, 3998141862, 2727324173, 1082146161, 3913850984, 1391506559, 1632853896, 4258673960, 312505717, 1507587629, 1842161928, 309008998, 2970123913, 3707639380, 559201654, 1430757173, 805964215, 1089085101, 3376273086, 2626168309, 1569471430, 3669908374, 3322860826, 3627796261, 2965098787, 1960116311, 1598848768, 4078848047, 60388018, 2505117892, 266413992, 1891720820, 72640004, 850085048, 3581025970, 2165008542, 3041025177, 4090086716, 3164700227, 660086367, 365192047, 3321736209, 3643992009, 663255227, 1580109593, 3178330004, 3774429723, 2458462415, 561333160, 1186030119, 2515107632, 2448611534, 2315568190, 1330394535, 136584085, 1796043600, 3961222045, 812912621, 1565279979, 875124182, 4204017367, 508948887, 232669600, 575763351, 2496846167, 1270722575, 2285370105, 987432584, 2543755759, 1541378247, 1408493643, 4158011860, 588991996, 2282728891, 2762939203, 3445034430, 3338919157, 1331066987, 2716441946, 3743945846, 473771231, 2498788594, 2073758943, 2095796196, 774363195, 3006441319, 1472903779, 834745797, 1107162132, 3668730960, 429398252, 385712675, 551494351, 2181056748, 4169328191, 2704874524, 1736937505, 2801111567, 3513596977, 1049593015, 2524530925, 2556307141, 236432705, 2441922375, 1197369000, 43755675, 3381861041, 409916464, 535569817, 3289676716, 3688070686, 147322119, 1666910824, 2660797353, 643749690, 444050496, 1945873934, 1989978873, 410674314, 1392922609, 3262560708, 955656135, 974279583, 1185826911, 1393342103, 3091965830, 4092476334, 2186676453, 1867884128, 3064802999, 2789185844, 1691644206, 2805922815, 3889189536, 590413552, 3404881476, 4232700933, 4281162649, 597370489, 2419288924, 2075806792, 1669013820, 2146363686, 3656713733, 1279718360, 2142690036, 2640441424, 3726134511, 4227609515, 3766660064, 694682788, 1890531467, 892396673, 3475041412, 1921242230, 1610927562, 21857889, 1354726273, 4212730434, 436599642, 3456722452, 3740417435, 1805019839, 997229754, 2279478056, 2646259173, 1527902010, 818428035, 2775866896, 4170307326, 2457940470, 3432543251, 1198067985, 3411330743, 425724689, 855131568, 1235412894, 3586424948, 3163532478, 2314714723, 923642623, 1484405971, 631313124, 1434591735, 1562958063, 2816397522, 2685428895, 1404180168, 4002901646, 2606507206, 2194004084, 799950571, 1828293321, 1938160069, 1596203330, 1351393460, 1231604596, 3475121255, 2893376533, 3460950048, 3184803734, 2508738171, 45810576, 3419487835, 1669432246, 3275982117, 665609294, 4182066046, 2931783246, 2423613416, 12451730, 2459240975, 1523856720, 2659656416, 3628348098, 1492465921, 3119681805, 2450573371, 3819114031, 3896862037, 1992535150, 2036187955, 3893132966, 2778386051, 8116853, 340266928, 3131086264, 1782855136, 948480792, 3004073475, 2448755779, 2999174564, 2592066256, 201774254, 2412282987, 1910548900, 2236066440, 80482176, 1350563683, 3411810432, 2278189791, 1595498689, 840694276, 2060486179, 2093648192, 1329841649, 2338574751, 685212311, 836006712, 1025791551, 2129515900, 871817320, 686638646, 4258480399, 2390700368, 3603473816, 2988952882, 2049477501, 1939308504, 1786423315, 1076306611, 2259812619, 2410324556, 2914435458, 1981738456, 1778652893, 2582159518, 2263272199, 207326879, 3286616046, 3423992540, 2293173382, 1792992763, 3383599270, 302026415, 3815012085, 4234081972, 1732013493, 1787485665, 3759202945, 3972356637, 739999091, 2130346748, 2392233781, 1366986632, 3844925439, 2249671023, 247187959, 3942047249, 2906829430, 397994071, 3599631530, 3053191645, 1807804344, 403695994, 3499362979, 1757286627, 285637951, 1144875268, 1050409219, 1029692940, 3878419213, 204363866, 2258772339, 2539893676, 3348459424, 2752409740, 4117098081, 114663661, 2205827963, 1146789300, 2158681470, 1858519516, 1662369719, 1919654761, 3159642927, 811818600, 2868821991, 1398480053, 3135934311, 837079509, 2205032140, 652689642, 3894308170, 1544606943, 1459651736, 4125660707, 2203602029, 2424449734, 393203869, 18398535, 2026110408, 2788579025, 485714747, 2604447498, 741898315, 2763679619, 2612021470, 3572984833, 3446571624, 2013272113, 3067375680, 503180109, 2439488435, 642338000, 3806364025, 532664746, 534636711, 1344356940, 2296502529, 3372644935, 3605544069, 1453823421, 775092940, 3025330796, 388285334, 3388765213, 120354720, 1398793776, 3894549835, 1255445336, 4193475696, 2261053849, 1014293416, 1977258333, 2302084294, 276119795, 465274607, 1754078565, 2684851791, 2146392271, 3536759599, 3015181374, 942062405, 2182033198, 4237832162, 1284273777, 848069241, 618270877, 1452183287, 3274468588, 550309657, 3439668108, 870694374, 2102851088, 137213174, 1660250134, 943232216, 1722541582, 2285272201, 1375242878, 3930637887, 2892799683, 1073788377, 1653368764, 1464412625, 3583933922, 2932278749, 3031532664, 1804657182, 1136208457, 363496503, 2937042529, 1064761961, 3450498898, 3752503563, 1048954538, 869914921, 59049953, 2474968494, 4186498532, 46895470, 3590812993, 3606386445, 3655700321, 3780082152, 3881141805, 321626167, 2783451339, 3457355596, 2072048013, 3517016331, 1514324718, 3966602910, 333651275, 2342269325, 1694419662, 561249132, 3710814807, 3057211607, 490486240, 3108216181, 1749423877, 1312977059, 181204414, 1527056157, 2167432068, 2155001334, 2513573197, 1988122822, 1979560146, 2856952151, 239463900, 2818591592, 2933468747, 2568759568, 3198542772, 3709440709, 202057817, 4292268852, 2961152964, 824108556, 2497582763, 845047658, 1745440625, 4273061867, 3559117093, 1288652163, 3454277873, 2333160849, 599492159, 2420454080, 1839050757, 2029930463, 1249299052, 2272404434, 2183951002, 2369922310, 4114853453, 1904906106, 223489010, 957807578, 982426663, 675783530, 2976154948, 357495474, 153113807, 2751599338, 4009919596, 1380385235, 1593488927, 820127538, 2308665183, 2217693524, 4242538336, 1777938721, 2758045252, 2699227548, 3327513039, 3049735030, 262687351, 1965359551, 98470869, 2005928303, 3858309974, 4032284571, 4042422429, 3540772916, 2477711540, 84970969, 2775531921, 1641406777, 908065810, 1966835090, 2903321779, 2016977872, 2920495998, 3567286325, 2146589472, 3011554470, 2973456774, 4106583273, 2732395720, 485494164, 4202098204, 915556145, 2023861006, 1595444924, 3871722377, 280493636, 2817962786, 4272608049, 4110453793, 2514897278, 4141287994, 2548203025, 3758293973, 2955008018, 2448881616, 2240626200, 997316965, 147901301, 3546256491, 177466746, 2740246768, 1500481453, 1611907595, 3210389552, 157640687, 4022676548, 4056021395, 2520612865, 1342530470, 4009595919, 4099184427, 3937452896, 4130824686, 3201356742, 1558606110, 1013180747, 3197666363, 2078198106, 664470910, 3471483218, 2997751455, 3048073026, 382137009, 578766682, 1157312733, 1311520628, 439427721, 985439082, 3919549663, 1998117958, 2239929875, 3883590272, 3780998640, 616599817, 1622023667, 479433779, 3699809045, 2378954540, 1329178588, 857063362, 1374964217, 1574192477, 2421907779, 3417534686, 4093292495, 1814394310, 3774569997, 1478982394, 1166587952, 423177508, 2194484639, 1675771686, 973024795, 2758528023, 3867236886, 2401899784, 3497731436, 2245353457, 994466427, 1548130419, 2790857506, 3362804113, 547), None)
Loaded weights: 21.008044744400134, -2.1371554821875014, -0.6431735183516258, 0.0, 5.0
events: me found the exit, 
  ----
(3, (2685605992, 3950762469, 1179983060, 677604380, 1533421385, 3713131404, 268427069, 3336523246, 3119691593, 2818031722, 1592633309, 670368874, 4118443472, 2511996316, 360333957, 4089503763, 381813165, 1121118250, 2395358783, 2178607273, 4040257879, 3233538286, 2814649237, 1414445109, 1175359312, 3829684677, 1598476014, 3436586641, 2581619470, 2097078689, 2463648889, 1998420605, 3856297687, 2678462885, 27123965, 502457655, 1783620290, 140726830, 988566554, 2181662842, 4261023364, 2837625695, 2975919659, 1460322629, 1871227012, 4252722238, 906222541, 2308152270, 1047825916, 3337581126, 990272513, 3134564803, 851663359, 1977941358, 1290410582, 1378853906, 2167716335, 588142874, 420697174, 3741628757, 2943154827, 931477177, 4190513466, 2884602262, 933663293, 3449092672, 2443294957, 316334828, 998560545, 1615058550, 3159151684, 3286386561, 3035699869, 3878797326, 2018275280, 4267937695, 592193756, 3025230892, 2514550434, 1225345606, 24672568, 761603793, 77094820, 1004216250, 4083994691, 3752320219, 3836024064, 1885436561, 2599226775, 3406510113, 53558405, 2967099979, 1821596184, 4035902886, 630441115, 3635489348, 1939168110, 853358176, 3064543724, 2764966067, 3968199032, 3322746508, 1606253829, 3221748354, 3605278592, 2710588393, 2061170825, 3728110207, 2927242387, 197636828, 1815258657, 3504466653, 2960376926, 2071364273, 96959337, 3693151594, 1152320265, 3903349298, 848592978, 1328738423, 3032966912, 3940649399, 632917937, 4011193114, 4259475639, 340200849, 907588895, 1657170996, 103566217, 1303217867, 2497601189, 3334501061, 4186998187, 2346631573, 957149066, 1005817504, 1513266694, 3287975025, 164311657, 1314905620, 633625005, 3792974363, 4194216649, 2602621903, 3199658039, 4132166745, 2249838614, 1503328236, 2590715264, 1657033369, 2867358388, 393762998, 3801022706, 2365034998, 1304821203, 2172508426, 364665237, 3005009743, 3259752581, 459356912, 4133820232, 1793697309, 766108759, 880006838, 3960336489, 1804729107, 1366700547, 500098095, 2397517998, 915542908, 1513562009, 2548203647, 2850483579, 1588960142, 418972327, 279068193, 2599523984, 2726519740, 529530716, 3749098369, 468950793, 3352915456, 1272754111, 3191174801, 2143136845, 2401409982, 4172225263, 834814395, 3557747016, 2822288733, 1402238249, 433990429, 3983110471, 2216125250, 4134826200, 2537074971, 2603747839, 2820533515, 3682868191, 2584880548, 2687584183, 155070018, 2495075828, 1810420755, 435683320, 263430054, 2150050483, 1389692131, 2122767976, 3777636029, 3756840418, 1466401445, 1271403155, 2357738144, 1893738048, 3045497560, 776744261, 2023604769, 1790205885, 1240805293, 803232053, 4293473741, 2912096171, 535969729, 3806280351, 1768627703, 2941560193, 4277733283, 951537159, 118005020, 2491630574, 715581074, 1710789057, 1546251546, 4202556497, 4004318318, 4023219102, 515069972, 3082236338, 2551213944, 2600047852, 2035833828, 112381004, 2469657076, 2463251688, 1713336823, 1827728092, 2343610208, 1696444840, 2478972102, 2676715435, 2671497909, 3999292957, 1108771890, 3119791201, 2242131586, 4235268735, 1126857351, 779917487, 2833615807, 3651498994, 2674987543, 1694675429, 1760311174, 1241863662, 2346393460, 2812773434, 655854388, 1604762592, 2825720617, 4083823243, 1374546980, 1137849881, 2864350173, 1156639322, 647935072, 1098246534, 74495679, 2737756663, 649460452, 3523603766, 198542078, 961279710, 3626458998, 3339889787, 551087034, 1932615043, 376953613, 2916386531, 3188946972, 4248103255, 1286202577, 1637761521, 2639653026, 3366008752, 3835798705, 1102132609, 3662031146, 2276835778, 1486280895, 3286700125, 2823067736, 1457062970, 1566790534, 1590155817, 967647373, 3758722009, 3994182889, 3797952695, 1004871386, 2778260735, 2614204295, 1949900795, 1051067752, 2922655413, 916378176, 2645188890, 3521509489, 2610780190, 2942691881, 2238615162, 697577510, 1777573834, 2663572416, 2740369440, 2495057262, 579552493, 4062840446, 1821400021, 430592296, 1516133092, 2639656534, 3260742713, 685621455, 1032598928, 1947749434, 2473731006, 236972283, 3501491298, 3339756720, 3556044213, 2784626178, 1526963234, 480160829, 1692372254, 3258040023, 3410954011, 1966980917, 3948316369, 1992961988, 3675964863, 182626823, 1070026717, 2514767569, 3127048925, 1315790570, 2668813914, 224047321, 4204891169, 1937972764, 1555023063, 882029583, 4108780122, 3513195800, 2384633886, 4206376118, 686333728, 3234653546, 4185786939, 772337584, 177978057, 3985788511, 1580411962, 3385211075, 3481056096, 2994441382, 4290514630, 1466165064, 3842307627, 282360563, 2616126608, 1475120357, 3404708033, 2823476036, 4035638431, 3957592989, 3061351562, 2467258084, 1443891237, 4156763204, 1783211874, 1340606488, 1862957424, 2151948965, 2300286855, 598279875, 3214502020, 3167224609, 663577911, 4030394212, 2611902195, 436114736, 1861102032, 1707023735, 583897695, 2498381773, 1832469541, 979741055, 246896979, 1834891897, 3888621666, 1092015941, 2335457733, 3386224356, 769526743, 3881507407, 892025798, 996683798, 3052599517, 576163577, 2099218801, 3341959942, 630494508, 2986161934, 1719066426, 2178734563, 4024063147, 417686092, 2598624390, 439926299, 2908428792, 1059244113, 4184767484, 3747989990, 3526449320, 3863801159, 3907560554, 2737350416, 369248786, 4190312684, 2130313721, 2233094447, 3307284012, 3303956108, 2818613989, 3779650311, 788310027, 3408433452, 1311846807, 3232919260, 700774542, 841352421, 4121802222, 3710632166, 3997235733, 2401811443, 3306979752, 3659357982, 2937034999, 2295540380, 3791676820, 4279998094, 1512521535, 4015342172, 1586103023, 1683393483, 3813688091, 2684832901, 4118035344, 1099971234, 2268322880, 1555438354, 714171775, 866261766, 2083839709, 3121648987, 2888398172, 3350504009, 3350503859, 2097669527, 456767367, 351808262, 603216296, 258492978, 3158665369, 2441487368, 1952817576, 292552754, 2538834807, 2328156472, 3449529526, 1866346712, 2288127645, 3870408055, 1639356855, 3155155993, 3500692628, 4123207538, 1298567625, 3349009621, 3197719144, 1547872504, 1815727417, 3706549054, 376553418, 3568278465, 3600730834, 1685063398, 329552231, 2760831406, 2586900444, 3111998411, 3442263029, 1627613857, 1174840259, 1475796699, 3840989607, 602438835, 4013151441, 4202280132, 1066753226, 4200441371, 92469155, 2696984848, 3015957808, 3462574488, 2199269004, 1213726794, 1101453339, 1305934387, 1744736591, 3511286959, 1169256805, 4143978086, 491448364, 2644051239, 572868745, 4244981820, 2025560364, 626497951, 1893598114, 2467256763, 4108271879, 2717562013, 4268343087, 838274309, 3879605515, 2526402539, 3486116193, 2323343621, 3560032127, 3627892029, 1179517625, 3414324696, 2855987831, 611000381, 1533857316, 2666399369, 3482419, 1929217747, 1838429810, 740710888, 2175221555, 980644452, 296926435, 219055946, 4042404498, 840737187, 2011985629, 855715313, 3001603813, 2281535060, 3077168999, 2958342124, 710268630, 2233843294, 4059261886, 1566455677, 1997393578, 738905442, 2995854968, 2050837837, 347843915, 1299781597, 476386164, 1104454800, 1419052454, 3368019276, 701299130, 1495300330, 2867557179, 367747016, 2298824182, 1480992216, 195304753, 1344386077, 3108607350, 3184543644, 2876749257, 967835604, 3494700834, 2123245379, 93920983, 1855524536, 851074855, 99684627, 1724301328, 849081161, 1006580120, 3895190745, 2765506006, 1759826575, 2585070606, 865051480, 405932080, 626042158, 2958436032, 41170388, 2483689279, 2879513746, 930078275, 2587302422, 3734609620, 4019250352, 330), None)
Loaded weights: 28.561613456187832, 1.0085328445070443, -0.6431735183516258, 0.0, 5.0
events: 
  ----
(3, (2291781098, 2844225098, 2446044145, 1818197139, 3820464497, 3487296817, 647973529, 2971777316, 2269116289, 1214196638, 1580351357, 4087322407, 3535481041, 1309207454, 3560018518, 3278240009, 17248169, 3008528982, 4203695039, 674661264, 2422305825, 520508367, 2450089651, 133271651, 3114685163, 4164955172, 890909811, 4284788875, 2963114168, 23612314, 3310063486, 502019897, 678214091, 158725912, 2450141563, 3147388471, 2813933481, 1248784214, 760331255, 3425332702, 3069637624, 2218418052, 3326064435, 2206313277, 2409754784, 385591430, 1827774247, 1203029750, 2298272834, 2655079285, 1304973669, 775357056, 1669505754, 1002021564, 390082325, 2427767213, 3787618665, 3786428005, 2543532917, 4127030324, 910708326, 2429241412, 64187739, 2389660592, 915717392, 4278191602, 549208108, 2156019292, 4093705304, 2221373472, 4166618895, 2492494345, 558668958, 3721390361, 980126153, 1238661166, 3177975903, 1883912215, 2884790908, 1294882898, 559653676, 1152916748, 1891533225, 3299871166, 3493681272, 1109958882, 3662027703, 3078374943, 2019812623, 1661376088, 1145781895, 2070189061, 2778023919, 1632968753, 1568204968, 144879937, 2111769306, 2644274864, 592598480, 2351190606, 2072962062, 2919618360, 1189236335, 484635824, 2428838035, 1283182219, 2133518168, 2808960392, 2641002016, 543689248, 301998832, 3544248701, 3367142723, 3938650028, 1237302881, 49459838, 3275036938, 1222210980, 263894193, 721104579, 4184483154, 2045912908, 1184629798, 882014084, 1243764029, 3916771268, 1131782414, 1274525807, 1180539791, 4280937840, 1666924751, 4111756897, 4193848567, 4190586302, 589305217, 868719002, 3782533428, 1387823963, 828767705, 2904892251, 2289797000, 2862876054, 1694759731, 4144754595, 2812825138, 319174459, 4020333675, 3525535173, 3024973726, 571862688, 2436295173, 153501272, 2870768532, 463146486, 456268928, 2709847245, 2586125458, 3165995247, 1911334649, 580702545, 3204926342, 3825974346, 1985342036, 1240981288, 78171189, 1576416153, 2736658982, 3548980247, 3439726535, 2405420682, 3777571398, 1038287983, 1169278997, 1214388348, 1394088970, 1495118648, 1684785546, 485551254, 659490391, 975265023, 1579810221, 1189271196, 2242705839, 1760665710, 2666717208, 1948688527, 4230980976, 4107069708, 361872927, 1141818006, 197057522, 208125352, 827871794, 3087656767, 2465603812, 3537690077, 332233378, 4159623822, 1235226713, 2852174190, 1701642526, 2673692003, 3875251616, 1666973493, 3864733947, 2175455181, 3808749684, 2218396552, 1494771441, 1061217824, 3240460986, 1066702525, 1777763877, 4078199490, 4204849764, 2767365037, 1179642668, 1951540461, 3365844901, 560482381, 3932620945, 2473503396, 2876308960, 812497267, 3408341458, 3244209697, 3680761179, 2661153854, 3883310414, 2131770961, 3677853033, 2932621969, 3683509277, 2554455584, 1483586448, 1704196022, 3961843094, 1176158432, 4140485040, 3159743288, 85988995, 1785624906, 1164825429, 576097744, 1597688791, 888549863, 3667842655, 4138847877, 800960584, 1869508072, 2775520992, 1595206079, 2216169544, 1411258953, 1287405042, 729658058, 1268551761, 3244609167, 1514255094, 3945709076, 105716868, 1430291611, 3303715633, 3221296414, 794318809, 2122156525, 3560022081, 1004968362, 4252337176, 2739499535, 845325812, 2490837495, 2762840259, 547434926, 3587764269, 500728200, 2984441562, 2345437759, 3961005303, 463696531, 4091144503, 3045465822, 3263156297, 3851863141, 214701909, 2731531768, 2929887625, 3201823277, 1176083479, 805776707, 2820831433, 4243519952, 1639900163, 1852030502, 886882647, 4020117453, 3374813425, 3472619182, 2525629267, 1194544414, 1258398357, 2576438295, 1303947323, 2461485577, 4212704912, 927266615, 1933030819, 1700835979, 176103311, 3045287462, 1155660056, 2883416568, 2665265352, 1469824363, 1967996292, 4250512348, 1922489424, 2084112067, 2391665817, 3016727897, 1235326614, 835099246, 3543955930, 2060082583, 1280797662, 1928384630, 2866589681, 2493440030, 4140888347, 2638053006, 4048731120, 1512314123, 1059056357, 4052326202, 3907796450, 3462584842, 440727866, 4282805301, 1406854674, 2610390591, 3988976369, 1249833043, 2404351617, 3572511055, 2375312634, 3744391331, 867114223, 2251217723, 628345500, 534563028, 622595493, 2631393910, 1441986914, 547510018, 1337067188, 3148634030, 2575774427, 3202305196, 2056771429, 4113167397, 210046505, 1366842328, 1562946046, 3814633959, 1281502206, 4110810595, 2732636401, 2733191273, 2805494182, 1560508175, 1378667244, 3235839464, 655049244, 3971786805, 3402992580, 3827697961, 1424393292, 3690107381, 332835167, 1527289102, 2813951306, 2170607588, 3063707841, 1345646004, 2965038905, 4045081858, 3520331499, 2280149264, 3402694308, 2781904695, 3059594528, 3916696015, 1257616186, 1826308324, 210872425, 3247902446, 1806427371, 2232018179, 107583054, 3171665607, 2299037950, 3074398021, 1569925314, 2583453226, 1395660680, 1988504131, 3701440968, 1861512927, 4152804798, 1541748766, 1861304843, 1182751301, 2445069374, 2134987277, 2983309194, 176793603, 917524169, 1811034084, 1743607875, 1453442258, 1630776476, 1238804558, 1314306794, 2089416355, 3376391313, 2122162964, 1148028975, 4017254191, 4260835447, 971113407, 3818260569, 2758540831, 3182278719, 4069347067, 1595044841, 3117264106, 2088749288, 881277779, 3147203167, 1558278135, 3775781348, 3847782061, 862457070, 4253613678, 745127997, 44671315, 2725910478, 452944883, 3562902847, 2291292290, 3845540972, 1217191988, 3406745220, 589393018, 745294475, 1870455334, 1694538123, 1209044863, 1642398926, 2933159783, 4026637373, 1451607807, 3997455551, 186345504, 4045476888, 530816960, 1597424912, 861444630, 2576981859, 2463415613, 1536830946, 1604523344, 4141108711, 2741561979, 527708246, 4234124165, 3013154057, 4164722722, 4206513996, 614178126, 3285048055, 1286327965, 2504462899, 3593506945, 3520557962, 542679988, 4275559289, 549541958, 1760247867, 1831552368, 1733986585, 1706531790, 1442948741, 1816576843, 3623346046, 2166791142, 44897235, 2712816704, 2012971457, 734303536, 2608818651, 242571261, 1692695431, 754673054, 2473435627, 7407790, 274786705, 997103696, 1190889800, 316979647, 1821602493, 4001148136, 1002642302, 1914526929, 2312707658, 2209298057, 1955806066, 2993328009, 1851387759, 1839120724, 2728497518, 4041443255, 736049969, 747562611, 1666608924, 2993171639, 737092502, 4085591375, 1533702346, 3823471369, 1121331348, 1751739836, 3447151927, 2816550133, 2268899465, 3517096958, 2193538189, 2496819339, 3993444338, 2648540419, 2145210789, 3866365583, 4009603122, 1419014628, 887733437, 1700957093, 1182315478, 1252097975, 621823460, 2834733317, 1970529576, 861721191, 3424271407, 307584088, 2709130906, 1900885755, 1799977528, 724408049, 104589294, 2026876436, 541180019, 438972968, 2211590449, 1266355381, 1995264985, 704843277, 2620785163, 1494108835, 2061149018, 2684397516, 3750938947, 2993006031, 1791736500, 2388939441, 2025150023, 490841722, 792418603, 2000397055, 1474677056, 4021961334, 3159748093, 293297073, 2968191825, 3252163495, 3413327278, 2655202786, 3926593330, 4050096504, 1123784181, 388356462, 1652669061, 483524429, 3381032891, 4046886127, 1197833809, 2939562469, 870572742, 3790322740, 886134718, 2474834097, 37000436, 4121096371, 3709352743, 3028717098, 3047637543, 138138252, 1007119945, 177656249, 3424449567, 1075159306, 1218500388, 937170858, 2656669094, 1982046919, 4104465346, 4052469121, 380555343, 903697690, 2733742530, 548491583, 3024934363, 1179754576, 4041342096, 1877410334, 575), None)
Loaded weights: 28.699490380666052, 2.0521770993650112, -0.6431735183516258, -0.7895901188964981, -3.259849608226165
events: 
  ----
(3, (3519697446, 3615814505, 1378666577, 568061081, 1239077122, 2547268945, 2171372216, 2309446807, 313114508, 1787702953, 3459454355, 131326217, 1021398481, 1156156192, 3200587294, 1211624245, 1726485286, 1436465802, 1586686411, 2810725382, 3178870492, 4158741445, 2354166844, 3840423222, 905363036, 2379419660, 3660783161, 2440126669, 1053394649, 1724403600, 948749420, 1892277325, 1029240883, 1939578939, 1622140379, 2004456244, 2545563984, 3501334221, 2681772549, 654618900, 1989809297, 1099032857, 2217282230, 2799509940, 2921704174, 2618848162, 3729956117, 672640540, 3565270070, 1570148259, 233104051, 3852256338, 2504952284, 2006903609, 3655218237, 585581295, 3404856215, 4272515054, 360864828, 1042595512, 1081420637, 3104047804, 2850283199, 2873868981, 1761985542, 3189404841, 190478094, 2334222900, 1569727440, 3121787464, 3759674317, 3376402732, 624687470, 2678544857, 2068392263, 1902834967, 1111836335, 177014120, 2596845484, 2738144415, 3663769252, 1542307655, 113482129, 2882762443, 767532780, 560770871, 344326993, 888025554, 299624600, 1174074597, 2222695067, 3811136275, 2223596983, 1239874893, 4176376753, 1760437224, 1653142547, 2254370198, 2268377793, 2137678292, 3065030620, 2374112809, 632680296, 169167181, 4047503463, 1534134315, 1062063962, 3721961211, 1346702782, 425785577, 2345029681, 3148512054, 1736784489, 2437160274, 4010145239, 442079227, 376563203, 386725069, 265949495, 1210460635, 3465780271, 1293413756, 2010643094, 515377967, 3294171221, 1248193462, 2424146587, 3648000516, 2382158351, 3276419886, 1342679712, 3198043758, 2667981270, 2320405131, 1904910705, 4258082221, 1471534471, 109504186, 1580761740, 3330506569, 3246420544, 93213364, 1062257165, 738817724, 922723789, 1076213464, 2760733657, 1859062642, 879262965, 3622532619, 238182555, 815692846, 3845857278, 2028661608, 3130399966, 2164829798, 3574025456, 1082453305, 4178308748, 1959452667, 1495812308, 2098270916, 1546928512, 3139245750, 2916719419, 2455583778, 3149344353, 2305221861, 1840048456, 3970078504, 2667018315, 3238721423, 2217847794, 4129212230, 2666232915, 1493065329, 2149328122, 4061816243, 2572794074, 2569475874, 1414187441, 3426420040, 2613219905, 3006045681, 4066425641, 2398933481, 3149817633, 414405246, 3158592681, 4023673547, 4149497772, 1515699436, 2452199982, 737848055, 3971424636, 2153827050, 3401711016, 3132999330, 3124131154, 1096114761, 2001578586, 1202488686, 2066200564, 2819731542, 746530698, 2895793949, 4137389038, 1076085120, 396075420, 479571732, 3428067896, 1643055058, 2040500331, 904962582, 4239259299, 4252923952, 3573678190, 1239597263, 943149432, 3130385624, 2087321672, 4148815666, 3784260953, 2447327538, 3220589471, 72922850, 548011009, 2725321857, 822369438, 3871322682, 4021648654, 3172242387, 3690253889, 3982122864, 3144591180, 616286535, 159600345, 4116083019, 1509493909, 3883529807, 1910421381, 91967339, 1495051741, 3497903634, 3605861030, 3939840571, 1171788699, 3936841464, 3226889521, 2665887564, 308998454, 939177592, 2127867383, 4235002048, 2228205992, 2182053422, 3748829192, 1437342999, 1163821895, 2122217073, 3224588969, 3687976092, 393812411, 1495179875, 1988389604, 751368954, 2063072705, 1210111645, 2301485249, 3709360204, 904791440, 1702614608, 3427330933, 1840666076, 1727786712, 3429945179, 2172156515, 3806347287, 826658244, 900386200, 761128022, 568945862, 3374616578, 362758370, 4023290130, 3688605735, 4165465969, 3127989641, 940516546, 620384772, 3577527901, 2161247960, 2301340602, 2285676410, 635884813, 2685098871, 3715057951, 844474043, 2863036323, 2578684155, 174539533, 2224934277, 3778666700, 1070147047, 3358051884, 979099042, 143404293, 1180144060, 1093405780, 1689478429, 3191721527, 1657913992, 3551117661, 773889427, 172155964, 1754302128, 3807299419, 439739400, 600190304, 3763973884, 1359327354, 3513798492, 2357444092, 1151549948, 3206978989, 189945318, 891621851, 1422946190, 3273435502, 1562161808, 4262458135, 2009548234, 1672856502, 1262211499, 3135894526, 493318435, 3217784364, 3794477880, 795441398, 2288841678, 1836307876, 1907030600, 3911794563, 1354486910, 3784520771, 3473223583, 3527013529, 2620029281, 1123649814, 4233186459, 282327572, 2929749220, 1513406519, 3081013697, 3299228115, 1480061885, 2619708792, 3024417229, 486673571, 1078730269, 2733817703, 1595864462, 1433060737, 830783608, 2769070228, 2520804907, 251615138, 2451327635, 4060568044, 373729147, 208013384, 1702495427, 4017312285, 3253188155, 2245312313, 1578843859, 1662684718, 3738273003, 488257193, 4142375259, 945455258, 2026934369, 3910326460, 1414696883, 940141496, 149594406, 926873459, 1010841478, 3069287808, 119184144, 1454350990, 3366142630, 2754649168, 620186250, 2846712722, 2171710434, 1999558006, 3720590188, 1183294515, 3233148813, 881441851, 4028819506, 1409315172, 3917754174, 1347534925, 3071703102, 2002096274, 1871293294, 2714343751, 900891547, 152797196, 4206812470, 1750386736, 2740367588, 3305060000, 1041554194, 3660412217, 1571443538, 1896308357, 2729462880, 252837584, 3416030217, 657228132, 2002165567, 3313702696, 17301914, 4024755457, 2428404414, 2186622062, 3554935559, 1663893382, 3953216330, 1288984767, 1704645, 1556420597, 1772373480, 2682159714, 1217911752, 2526478582, 1226407065, 3730058655, 2769940692, 3283748615, 440291503, 3518931129, 688544415, 1860363774, 3477895688, 3003173747, 2467568495, 4120457512, 2591108317, 1439170783, 2945935771, 2513399186, 2592907396, 1539261786, 3746037609, 863377599, 989638784, 521145552, 356793804, 1630960983, 823379157, 3129458347, 1986162205, 4275419972, 3826960619, 3575226666, 886160172, 4289481914, 1955562634, 577370073, 174197680, 1300239333, 9590634, 3807930205, 1865930384, 1706522847, 3325751379, 53499729, 392462446, 1881114289, 3080266189, 92294349, 3812482596, 773773906, 1833845355, 3980897828, 3185372648, 1808101252, 3297511801, 2212703104, 1359745662, 145988462, 1366546935, 3452010092, 3608901039, 1889115336, 1493167943, 3011792637, 3447808964, 3658317204, 298195529, 2732115008, 2692549075, 673022384, 236986610, 2979233990, 1717934467, 580982422, 2989425837, 2078127760, 4239095892, 1655602706, 1111931259, 2764547359, 991492405, 3055380082, 2558223117, 1766184062, 3909220426, 793024657, 3972300433, 2993225791, 4283557480, 964279939, 1741847400, 744995038, 2152920198, 201167673, 2006241384, 4037279495, 3524970910, 780582979, 2575033037, 3084053895, 3376300494, 3040325846, 894425424, 2215782923, 2101099557, 47889986, 1637001690, 2978746629, 16413835, 1543610872, 1133351560, 1543746305, 4131016552, 3288700944, 2306917, 1115225034, 630724246, 3044951084, 4139258994, 3515009335, 4245815520, 1268814528, 3936195408, 1177471167, 570973113, 3788654502, 498427679, 1847727329, 3095054636, 2112054848, 1344177161, 1638574510, 535358461, 2424419910, 2499209497, 1363129880, 929820517, 2458561116, 3429668188, 1589914939, 992026292, 2575125983, 2635499030, 1712428230, 1171982500, 2714978993, 4187753391, 4217726780, 1745324858, 956290721, 1518847298, 1418467641, 4246906908, 2799996673, 415703958, 2010354819, 4098185301, 479194814, 2885068943, 649296225, 1443799959, 4122200132, 2926123111, 1648262845, 1917850229, 72907206, 2697043938, 2597088685, 2584818002, 1789163864, 2270972490, 416956644, 3443700526, 1337754726, 925216107, 3941843098, 225206930, 3717031321, 1689142648, 502542749, 1205300847, 32725734, 656295522, 1205836450, 2447220186, 4135725805, 1607203941, 103), None)
Loaded weights: 28.770542909508848, 0.9771783787759616, -0.6431735183516258, -0.7895901188964981, -5.789590118896498
events: 
  ----
(3, (3519697446, 3615814505, 1378666577, 568061081, 1239077122, 2547268945, 2171372216, 2309446807, 313114508, 1787702953, 3459454355, 131326217, 1021398481, 1156156192, 3200587294, 1211624245, 1726485286, 1436465802, 1586686411, 2810725382, 3178870492, 4158741445, 2354166844, 3840423222, 905363036, 2379419660, 3660783161, 2440126669, 1053394649, 1724403600, 948749420, 1892277325, 1029240883, 1939578939, 1622140379, 2004456244, 2545563984, 3501334221, 2681772549, 654618900, 1989809297, 1099032857, 2217282230, 2799509940, 2921704174, 2618848162, 3729956117, 672640540, 3565270070, 1570148259, 233104051, 3852256338, 2504952284, 2006903609, 3655218237, 585581295, 3404856215, 4272515054, 360864828, 1042595512, 1081420637, 3104047804, 2850283199, 2873868981, 1761985542, 3189404841, 190478094, 2334222900, 1569727440, 3121787464, 3759674317, 3376402732, 624687470, 2678544857, 2068392263, 1902834967, 1111836335, 177014120, 2596845484, 2738144415, 3663769252, 1542307655, 113482129, 2882762443, 767532780, 560770871, 344326993, 888025554, 299624600, 1174074597, 2222695067, 3811136275, 2223596983, 1239874893, 4176376753, 1760437224, 1653142547, 2254370198, 2268377793, 2137678292, 3065030620, 2374112809, 632680296, 169167181, 4047503463, 1534134315, 1062063962, 3721961211, 1346702782, 425785577, 2345029681, 3148512054, 1736784489, 2437160274, 4010145239, 442079227, 376563203, 386725069, 265949495, 1210460635, 3465780271, 1293413756, 2010643094, 515377967, 3294171221, 1248193462, 2424146587, 3648000516, 2382158351, 3276419886, 1342679712, 3198043758, 2667981270, 2320405131, 1904910705, 4258082221, 1471534471, 109504186, 1580761740, 3330506569, 3246420544, 93213364, 1062257165, 738817724, 922723789, 1076213464, 2760733657, 1859062642, 879262965, 3622532619, 238182555, 815692846, 3845857278, 2028661608, 3130399966, 2164829798, 3574025456, 1082453305, 4178308748, 1959452667, 1495812308, 2098270916, 1546928512, 3139245750, 2916719419, 2455583778, 3149344353, 2305221861, 1840048456, 3970078504, 2667018315, 3238721423, 2217847794, 4129212230, 2666232915, 1493065329, 2149328122, 4061816243, 2572794074, 2569475874, 1414187441, 3426420040, 2613219905, 3006045681, 4066425641, 2398933481, 3149817633, 414405246, 3158592681, 4023673547, 4149497772, 1515699436, 2452199982, 737848055, 3971424636, 2153827050, 3401711016, 3132999330, 3124131154, 1096114761, 2001578586, 1202488686, 2066200564, 2819731542, 746530698, 2895793949, 4137389038, 1076085120, 396075420, 479571732, 3428067896, 1643055058, 2040500331, 904962582, 4239259299, 4252923952, 3573678190, 1239597263, 943149432, 3130385624, 2087321672, 4148815666, 3784260953, 2447327538, 3220589471, 72922850, 548011009, 2725321857, 822369438, 3871322682, 4021648654, 3172242387, 3690253889, 3982122864, 3144591180, 616286535, 159600345, 4116083019, 1509493909, 3883529807, 1910421381, 91967339, 1495051741, 3497903634, 3605861030, 3939840571, 1171788699, 3936841464, 3226889521, 2665887564, 308998454, 939177592, 2127867383, 4235002048, 2228205992, 2182053422, 3748829192, 1437342999, 1163821895, 2122217073, 3224588969, 3687976092, 393812411, 1495179875, 1988389604, 751368954, 2063072705, 1210111645, 2301485249, 3709360204, 904791440, 1702614608, 3427330933, 1840666076, 1727786712, 3429945179, 2172156515, 3806347287, 826658244, 900386200, 761128022, 568945862, 3374616578, 362758370, 4023290130, 3688605735, 4165465969, 3127989641, 940516546, 620384772, 3577527901, 2161247960, 2301340602, 2285676410, 635884813, 2685098871, 3715057951, 844474043, 2863036323, 2578684155, 174539533, 2224934277, 3778666700, 1070147047, 3358051884, 979099042, 143404293, 1180144060, 1093405780, 1689478429, 3191721527, 1657913992, 3551117661, 773889427, 172155964, 1754302128, 3807299419, 439739400, 600190304, 3763973884, 1359327354, 3513798492, 2357444092, 1151549948, 3206978989, 189945318, 891621851, 1422946190, 3273435502, 1562161808, 4262458135, 2009548234, 1672856502, 1262211499, 3135894526, 493318435, 3217784364, 3794477880, 795441398, 2288841678, 1836307876, 1907030600, 3911794563, 1354486910, 3784520771, 3473223583, 3527013529, 2620029281, 1123649814, 4233186459, 282327572, 2929749220, 1513406519, 3081013697, 3299228115, 1480061885, 2619708792, 3024417229, 486673571, 1078730269, 2733817703, 1595864462, 1433060737, 830783608, 2769070228, 2520804907, 251615138, 2451327635, 4060568044, 373729147, 208013384, 1702495427, 4017312285, 3253188155, 2245312313, 1578843859, 1662684718, 3738273003, 488257193, 4142375259, 945455258, 2026934369, 3910326460, 1414696883, 940141496, 149594406, 926873459, 1010841478, 3069287808, 119184144, 1454350990, 3366142630, 2754649168, 620186250, 2846712722, 2171710434, 1999558006, 3720590188, 1183294515, 3233148813, 881441851, 4028819506, 1409315172, 3917754174, 1347534925, 3071703102, 2002096274, 1871293294, 2714343751, 900891547, 152797196, 4206812470, 1750386736, 2740367588, 3305060000, 1041554194, 3660412217, 1571443538, 1896308357, 2729462880, 252837584, 3416030217, 657228132, 2002165567, 3313702696, 17301914, 4024755457, 2428404414, 2186622062, 3554935559, 1663893382, 3953216330, 1288984767, 1704645, 1556420597, 1772373480, 2682159714, 1217911752, 2526478582, 1226407065, 3730058655, 2769940692, 3283748615, 440291503, 3518931129, 688544415, 1860363774, 3477895688, 3003173747, 2467568495, 4120457512, 2591108317, 1439170783, 2945935771, 2513399186, 2592907396, 1539261786, 3746037609, 863377599, 989638784, 521145552, 356793804, 1630960983, 823379157, 3129458347, 1986162205, 4275419972, 3826960619, 3575226666, 886160172, 4289481914, 1955562634, 577370073, 174197680, 1300239333, 9590634, 3807930205, 1865930384, 1706522847, 3325751379, 53499729, 392462446, 1881114289, 3080266189, 92294349, 3812482596, 773773906, 1833845355, 3980897828, 3185372648, 1808101252, 3297511801, 2212703104, 1359745662, 145988462, 1366546935, 3452010092, 3608901039, 1889115336, 1493167943, 3011792637, 3447808964, 3658317204, 298195529, 2732115008, 2692549075, 673022384, 236986610, 2979233990, 1717934467, 580982422, 2989425837, 2078127760, 4239095892, 1655602706, 1111931259, 2764547359, 991492405, 3055380082, 2558223117, 1766184062, 3909220426, 793024657, 3972300433, 2993225791, 4283557480, 964279939, 1741847400, 744995038, 2152920198, 201167673, 2006241384, 4037279495, 3524970910, 780582979, 2575033037, 3084053895, 3376300494, 3040325846, 894425424, 2215782923, 2101099557, 47889986, 1637001690, 2978746629, 16413835, 1543610872, 1133351560, 1543746305, 4131016552, 3288700944, 2306917, 1115225034, 630724246, 3044951084, 4139258994, 3515009335, 4245815520, 1268814528, 3936195408, 1177471167, 570973113, 3788654502, 498427679, 1847727329, 3095054636, 2112054848, 1344177161, 1638574510, 535358461, 2424419910, 2499209497, 1363129880, 929820517, 2458561116, 3429668188, 1589914939, 992026292, 2575125983, 2635499030, 1712428230, 1171982500, 2714978993, 4187753391, 4217726780, 1745324858, 956290721, 1518847298, 1418467641, 4246906908, 2799996673, 415703958, 2010354819, 4098185301, 479194814, 2885068943, 649296225, 1443799959, 4122200132, 2926123111, 1648262845, 1917850229, 72907206, 2697043938, 2597088685, 2584818002, 1789163864, 2270972490, 416956644, 3443700526, 1337754726, 925216107, 3941843098, 225206930, 3717031321, 1689142648, 502542749, 1205300847, 32725734, 656295522, 1205836450, 2447220186, 4135725805, 1607203941, 289), None)
Loaded weights: 28.77805347277088, 0.4326873531993054, -0.6431735183516258, -0.7895901188964981, -5.789590118896498
events: 
  ----
(3, (3519697446, 3615814505, 1378666577, 568061081, 1239077122, 2547268945, 2171372216, 2309446807, 313114508, 1787702953, 3459454355, 131326217, 1021398481, 1156156192, 3200587294, 1211624245, 1726485286, 1436465802, 1586686411, 2810725382, 3178870492, 4158741445, 2354166844, 3840423222, 905363036, 2379419660, 3660783161, 2440126669, 1053394649, 1724403600, 948749420, 1892277325, 1029240883, 1939578939, 1622140379, 2004456244, 2545563984, 3501334221, 2681772549, 654618900, 1989809297, 1099032857, 2217282230, 2799509940, 2921704174, 2618848162, 3729956117, 672640540, 3565270070, 1570148259, 233104051, 3852256338, 2504952284, 2006903609, 3655218237, 585581295, 3404856215, 4272515054, 360864828, 1042595512, 1081420637, 3104047804, 2850283199, 2873868981, 1761985542, 3189404841, 190478094, 2334222900, 1569727440, 3121787464, 3759674317, 3376402732, 624687470, 2678544857, 2068392263, 1902834967, 1111836335, 177014120, 2596845484, 2738144415, 3663769252, 1542307655, 113482129, 2882762443, 767532780, 560770871, 344326993, 888025554, 299624600, 1174074597, 2222695067, 3811136275, 2223596983, 1239874893, 4176376753, 1760437224, 1653142547, 2254370198, 2268377793, 2137678292, 3065030620, 2374112809, 632680296, 169167181, 4047503463, 1534134315, 1062063962, 3721961211, 1346702782, 425785577, 2345029681, 3148512054, 1736784489, 2437160274, 4010145239, 442079227, 376563203, 386725069, 265949495, 1210460635, 3465780271, 1293413756, 2010643094, 515377967, 3294171221, 1248193462, 2424146587, 3648000516, 2382158351, 3276419886, 1342679712, 3198043758, 2667981270, 2320405131, 1904910705, 4258082221, 1471534471, 109504186, 1580761740, 3330506569, 3246420544, 93213364, 1062257165, 738817724, 922723789, 1076213464, 2760733657, 1859062642, 879262965, 3622532619, 238182555, 815692846, 3845857278, 2028661608, 3130399966, 2164829798, 3574025456, 1082453305, 4178308748, 1959452667, 1495812308, 2098270916, 1546928512, 3139245750, 2916719419, 2455583778, 3149344353, 2305221861, 1840048456, 3970078504, 2667018315, 3238721423, 2217847794, 4129212230, 2666232915, 1493065329, 2149328122, 4061816243, 2572794074, 2569475874, 1414187441, 3426420040, 2613219905, 3006045681, 4066425641, 2398933481, 3149817633, 414405246, 3158592681, 4023673547, 4149497772, 1515699436, 2452199982, 737848055, 3971424636, 2153827050, 3401711016, 3132999330, 3124131154, 1096114761, 2001578586, 1202488686, 2066200564, 2819731542, 746530698, 2895793949, 4137389038, 1076085120, 396075420, 479571732, 3428067896, 1643055058, 2040500331, 904962582, 4239259299, 4252923952, 3573678190, 1239597263, 943149432, 3130385624, 2087321672, 4148815666, 3784260953, 2447327538, 3220589471, 72922850, 548011009, 2725321857, 822369438, 3871322682, 4021648654, 3172242387, 3690253889, 3982122864, 3144591180, 616286535, 159600345, 4116083019, 1509493909, 3883529807, 1910421381, 91967339, 1495051741, 3497903634, 3605861030, 3939840571, 1171788699, 3936841464, 3226889521, 2665887564, 308998454, 939177592, 2127867383, 4235002048, 2228205992, 2182053422, 3748829192, 1437342999, 1163821895, 2122217073, 3224588969, 3687976092, 393812411, 1495179875, 1988389604, 751368954, 2063072705, 1210111645, 2301485249, 3709360204, 904791440, 1702614608, 3427330933, 1840666076, 1727786712, 3429945179, 2172156515, 3806347287, 826658244, 900386200, 761128022, 568945862, 3374616578, 362758370, 4023290130, 3688605735, 4165465969, 3127989641, 940516546, 620384772, 3577527901, 2161247960, 2301340602, 2285676410, 635884813, 2685098871, 3715057951, 844474043, 2863036323, 2578684155, 174539533, 2224934277, 3778666700, 1070147047, 3358051884, 979099042, 143404293, 1180144060, 1093405780, 1689478429, 3191721527, 1657913992, 3551117661, 773889427, 172155964, 1754302128, 3807299419, 439739400, 600190304, 3763973884, 1359327354, 3513798492, 2357444092, 1151549948, 3206978989, 189945318, 891621851, 1422946190, 3273435502, 1562161808, 4262458135, 2009548234, 1672856502, 1262211499, 3135894526, 493318435, 3217784364, 3794477880, 795441398, 2288841678, 1836307876, 1907030600, 3911794563, 1354486910, 3784520771, 3473223583, 3527013529, 2620029281, 1123649814, 4233186459, 282327572, 2929749220, 1513406519, 3081013697, 3299228115, 1480061885, 2619708792, 3024417229, 486673571, 1078730269, 2733817703, 1595864462, 1433060737, 830783608, 2769070228, 2520804907, 251615138, 2451327635, 4060568044, 373729147, 208013384, 1702495427, 4017312285, 3253188155, 2245312313, 1578843859, 1662684718, 3738273003, 488257193, 4142375259, 945455258, 2026934369, 3910326460, 1414696883, 940141496, 149594406, 926873459, 1010841478, 3069287808, 119184144, 1454350990, 3366142630, 2754649168, 620186250, 2846712722, 2171710434, 1999558006, 3720590188, 1183294515, 3233148813, 881441851, 4028819506, 1409315172, 3917754174, 1347534925, 3071703102, 2002096274, 1871293294, 2714343751, 900891547, 152797196, 4206812470, 1750386736, 2740367588, 3305060000, 1041554194, 3660412217, 1571443538, 1896308357, 2729462880, 252837584, 3416030217, 657228132, 2002165567, 3313702696, 17301914, 4024755457, 2428404414, 2186622062, 3554935559, 1663893382, 3953216330, 1288984767, 1704645, 1556420597, 1772373480, 2682159714, 1217911752, 2526478582, 1226407065, 3730058655, 2769940692, 3283748615, 440291503, 3518931129, 688544415, 1860363774, 3477895688, 3003173747, 2467568495, 4120457512, 2591108317, 1439170783, 2945935771, 2513399186, 2592907396, 1539261786, 3746037609, 863377599, 989638784, 521145552, 356793804, 1630960983, 823379157, 3129458347, 1986162205, 4275419972, 3826960619, 3575226666, 886160172, 4289481914, 1955562634, 577370073, 174197680, 1300239333, 9590634, 3807930205, 1865930384, 1706522847, 3325751379, 53499729, 392462446, 1881114289, 3080266189, 92294349, 3812482596, 773773906, 1833845355, 3980897828, 3185372648, 1808101252, 3297511801, 2212703104, 1359745662, 145988462, 1366546935, 3452010092, 3608901039, 1889115336, 1493167943, 3011792637, 3447808964, 3658317204, 298195529, 2732115008, 2692549075, 673022384, 236986610, 2979233990, 1717934467, 580982422, 2989425837, 2078127760, 4239095892, 1655602706, 1111931259, 2764547359, 991492405, 3055380082, 2558223117, 1766184062, 3909220426, 793024657, 3972300433, 2993225791, 4283557480, 964279939, 1741847400, 744995038, 2152920198, 201167673, 2006241384, 4037279495, 3524970910, 780582979, 2575033037, 3084053895, 3376300494, 3040325846, 894425424, 2215782923, 2101099557, 47889986, 1637001690, 2978746629, 16413835, 1543610872, 1133351560, 1543746305, 4131016552, 3288700944, 2306917, 1115225034, 630724246, 3044951084, 4139258994, 3515009335, 4245815520, 1268814528, 3936195408, 1177471167, 570973113, 3788654502, 498427679, 1847727329, 3095054636, 2112054848, 1344177161, 1638574510, 535358461, 2424419910, 2499209497, 1363129880, 929820517, 2458561116, 3429668188, 1589914939, 992026292, 2575125983, 2635499030, 1712428230, 1171982500, 2714978993, 4187753391, 4217726780, 1745324858, 956290721, 1518847298, 1418467641, 4246906908, 2799996673, 415703958, 2010354819, 4098185301, 479194814, 2885068943, 649296225, 1443799959, 4122200132, 2926123111, 1648262845, 1917850229, 72907206, 2697043938, 2597088685, 2584818002, 1789163864, 2270972490, 416956644, 3443700526, 1337754726, 925216107, 3941843098, 225206930, 3717031321, 1689142648, 502542749, 1205300847, 32725734, 656295522, 1205836450, 2447220186, 4135725805, 1607203941, 522), None)
Loaded weights: 29.026647295323798, -0.06384255883749379, -0.6431735183516258, -0.7895901188964981, -5.789590118896498
events: me found the exit, 
  ----
(3, (789150215, 3063509188, 1230022942, 275043514, 1656768069, 347484216, 878653866, 419766155, 458874805, 3376720516, 3043552053, 649170800, 398870027, 377031427, 128817267, 1528873379, 2308566433, 1925116570, 768669969, 2224139863, 3209842287, 925859995, 3502528251, 1441440254, 3447059471, 3544039079, 2800131974, 66020507, 845948498, 4087514935, 835902535, 99743912, 1931568069, 3396582836, 3491594960, 1191789591, 4048272764, 2317478440, 975576418, 1033582837, 4049575835, 2491647405, 444066883, 2303129832, 3944073477, 899414354, 1312130977, 4227758754, 3737759121, 4044891256, 4253161505, 4188508061, 1909710380, 1082039273, 1376402805, 3921169867, 3502496364, 3742253964, 2241789912, 3800916011, 3284532791, 4270802751, 4132561157, 1804791507, 2470557511, 614155984, 881029583, 3561992003, 1802188601, 399573629, 2156208253, 2273598877, 2718607135, 453011654, 3576843998, 2588140625, 254052612, 1088702515, 3355477498, 2412261391, 2613688812, 4292740296, 1255930857, 1441765415, 2665113386, 3813947334, 2918070564, 225294465, 1489507465, 3039542208, 2245155645, 906734624, 1076306833, 3468355203, 2969245837, 732946774, 1378052277, 3525407441, 784787741, 3600362882, 148033124, 574843772, 3304979262, 304938513, 959534862, 3316357689, 2787304939, 3405398687, 902153592, 3036027255, 1408572777, 1532603693, 1858574122, 3425393826, 1712029583, 3924686158, 1847964397, 4232824406, 4284292425, 445045719, 1569918859, 2381749049, 238016069, 3529632907, 2352156049, 3195202819, 2155640723, 1839193575, 2666856447, 1366977491, 2023577695, 1675930677, 1551699228, 3929043806, 3497719393, 41002267, 3512318659, 26902789, 590540214, 3608335527, 2348378260, 865558799, 592142862, 107300914, 1563354953, 2308224881, 385166435, 850436000, 2986835793, 2182095210, 1539484831, 1855864062, 2320448220, 3645806207, 1084712022, 687562162, 3704803541, 2314974058, 366332752, 4246138205, 3281684866, 1706734080, 4145223691, 2311763453, 1797703080, 620847177, 3222185394, 418668613, 2385216184, 2878368442, 2845003537, 598899799, 1692895326, 1190967472, 1635874558, 1362207845, 3614338403, 3727062577, 2164203213, 2917792060, 490511376, 1301591072, 1569224753, 2250865037, 2611859599, 1694812670, 3049628304, 2085614007, 2263157376, 1129705847, 934026036, 1570296878, 836193720, 2428444607, 1492600547, 313748055, 2837166852, 1100272663, 1381280116, 487959628, 1977147680, 3357545406, 3126968396, 872541560, 4246045988, 2132130865, 3234889506, 2432810339, 2489050840, 1284402244, 4155230627, 3172808718, 3619349029, 3907178472, 1234866547, 2155004077, 4036342314, 3247885605, 2045032212, 1673605561, 2087951862, 3896276117, 1878124283, 2167148466, 3555837611, 2145281074, 3623600890, 2005619784, 2244389337, 1049237401, 3622186380, 2519896506, 1645944704, 1776837132, 3528477687, 2257635334, 1793532670, 1084022176, 2349188232, 4129402134, 2378964073, 2989194818, 1931354794, 3807339762, 2665274200, 3593748483, 2982287659, 1181861928, 2019334973, 2582720096, 1310194370, 1796674091, 3976937159, 3833676626, 1122556812, 1574267478, 8141155, 2322935099, 2747691855, 3392174670, 2811935738, 44678866, 4069434873, 3389622286, 2621806421, 2656392029, 2156127076, 1824644900, 4195330443, 1082191499, 3153793984, 1413024864, 1128321980, 2101899469, 1154395600, 125640831, 425768108, 2770403011, 3815958865, 1736256519, 1351232906, 1989703028, 2742545850, 3877936869, 736831296, 1622521023, 649951792, 2680319062, 3975310909, 1170673396, 737930687, 3621020314, 1619334509, 4286098326, 1564652071, 2631148393, 3623051775, 215919475, 1381310783, 2117187142, 2152087259, 2779692728, 1555023485, 725052946, 499754722, 1431184295, 2900621521, 3143614406, 1418659481, 3436031021, 612858211, 772159323, 760007120, 2832157498, 958790617, 4038576123, 4163979716, 2486259085, 103250782, 681966508, 3858940205, 4139435635, 1241399720, 3568867004, 2542295074, 2908541231, 4243659333, 693934803, 1288516148, 1660072554, 1775197428, 149665493, 2034156083, 3142982676, 490818257, 706771566, 3320023275, 71409938, 1601164490, 410942968, 4110295430, 3415691409, 2175803249, 3353647123, 46260550, 256464858, 3449509816, 1022348032, 718704043, 1179003727, 3308378873, 2015485269, 1017649468, 2066209701, 2559349990, 2431006019, 2454758378, 2937384657, 3670676452, 3557614192, 2243889561, 1673995390, 447989031, 3286232713, 3551659727, 1682785895, 1192509745, 4076520546, 3787227757, 628647466, 2916153996, 4087348888, 1886379187, 3440886560, 3300241430, 2206873670, 879776704, 2353465108, 3437583500, 3596778129, 2083417744, 1949173768, 3688540852, 3235276041, 2374951929, 2537685046, 3812030110, 3638708034, 641204104, 3695495500, 2912621742, 960400256, 2004534540, 3570930811, 1481422260, 4122798083, 2238821132, 1406676439, 2598386510, 2813060764, 2129513641, 193023564, 1710470138, 642661786, 3316468270, 4216706692, 2586651787, 2496716908, 2386904370, 1493547063, 3145078550, 4018648215, 1957663116, 3619305920, 591764542, 855310531, 763418846, 2519139497, 1287713310, 1985983184, 746164580, 190907985, 2953876759, 2346332304, 17880282, 4239289131, 1430973715, 888306455, 953852642, 3422011279, 30492893, 41359780, 3859811724, 2008695815, 2782109591, 2612307945, 684032416, 4242557400, 1083782813, 1637368885, 3127785346, 2974753327, 1415927845, 1094865577, 203116725, 1318438379, 1147604157, 3170584720, 952027645, 356351599, 1427908867, 538801691, 4045234208, 2635887667, 986514442, 3893955444, 2283886834, 391483660, 2337065466, 1838356968, 1665826026, 2076427651, 118594227, 4004269428, 2728745585, 3010402602, 488929724, 3879783676, 3896746964, 1288176887, 2561189559, 383815787, 3540338139, 235577350, 1178133405, 3492288588, 3999974696, 3854890610, 3506625245, 899392944, 4013097829, 3824134155, 3742452335, 3686051802, 3152790057, 4106821222, 1704979364, 2436459752, 1548208166, 2272006715, 1900493933, 3719561877, 4141046370, 2228891347, 3715138304, 3706656445, 2986730627, 3283606948, 3780004636, 3280618525, 461947183, 700977946, 3600194948, 135059084, 1813433077, 3078367625, 1617771646, 1212411369, 2627864938, 2988926705, 1731964012, 1443232776, 1591740565, 1474970937, 669614132, 1738083437, 2168701617, 821386886, 48325571, 338165586, 3422050227, 2481475248, 868134142, 399462719, 1937135687, 2548125345, 1306037234, 2524308148, 2777138427, 2153365310, 285017638, 3163613630, 1011042152, 1655187503, 787152511, 2523840645, 2823982282, 2115805448, 1956764659, 3058527242, 1331291639, 944284920, 3229520662, 2046816665, 1296353047, 673688482, 157496040, 1359718514, 3450331591, 737971616, 228704209, 3065259463, 3213941348, 3863885907, 1375768810, 3171214960, 477868570, 203363732, 1034256253, 2199983795, 861569303, 766011650, 4260526398, 1811558980, 410830212, 564029418, 2843316003, 3291182417, 1567331760, 2314257490, 345463872, 1784560202, 2381582519, 3302883990, 1524203950, 3703319529, 1540793365, 1351077065, 917151326, 1335939935, 1506435063, 292389217, 1965064267, 4024569972, 3675728716, 1606240363, 4182704337, 921810394, 1565945968, 3502846584, 2411495234, 1901296721, 3345439378, 156481134, 2114527482, 736988674, 2541193022, 2533957294, 1034142324, 2558022450, 1832352453, 3331951861, 2481649591, 3760117193, 3243220925, 3115802656, 3586940852, 809717474, 1385124255, 3154438279, 1112277859, 3103196084, 3522441599, 1425601677, 2864014846, 2982500249, 1722273444, 2908928477, 716286129, 1419053149, 3694582422, 3120893981, 55682798, 201178832, 221), None)
Loaded weights: 36.2885920138436, -0.06384255883749379, -0.6431735183516258, -0.7895901188964981, 4.210409881103502
events: me found the exit, 
  ----
(3, (789150215, 3063509188, 1230022942, 275043514, 1656768069, 347484216, 878653866, 419766155, 458874805, 3376720516, 3043552053, 649170800, 398870027, 377031427, 128817267, 1528873379, 2308566433, 1925116570, 768669969, 2224139863, 3209842287, 925859995, 3502528251, 1441440254, 3447059471, 3544039079, 2800131974, 66020507, 845948498, 4087514935, 835902535, 99743912, 1931568069, 3396582836, 3491594960, 1191789591, 4048272764, 2317478440, 975576418, 1033582837, 4049575835, 2491647405, 444066883, 2303129832, 3944073477, 899414354, 1312130977, 4227758754, 3737759121, 4044891256, 4253161505, 4188508061, 1909710380, 1082039273, 1376402805, 3921169867, 3502496364, 3742253964, 2241789912, 3800916011, 3284532791, 4270802751, 4132561157, 1804791507, 2470557511, 614155984, 881029583, 3561992003, 1802188601, 399573629, 2156208253, 2273598877, 2718607135, 453011654, 3576843998, 2588140625, 254052612, 1088702515, 3355477498, 2412261391, 2613688812, 4292740296, 1255930857, 1441765415, 2665113386, 3813947334, 2918070564, 225294465, 1489507465, 3039542208, 2245155645, 906734624, 1076306833, 3468355203, 2969245837, 732946774, 1378052277, 3525407441, 784787741, 3600362882, 148033124, 574843772, 3304979262, 304938513, 959534862, 3316357689, 2787304939, 3405398687, 902153592, 3036027255, 1408572777, 1532603693, 1858574122, 3425393826, 1712029583, 3924686158, 1847964397, 4232824406, 4284292425, 445045719, 1569918859, 2381749049, 238016069, 3529632907, 2352156049, 3195202819, 2155640723, 1839193575, 2666856447, 1366977491, 2023577695, 1675930677, 1551699228, 3929043806, 3497719393, 41002267, 3512318659, 26902789, 590540214, 3608335527, 2348378260, 865558799, 592142862, 107300914, 1563354953, 2308224881, 385166435, 850436000, 2986835793, 2182095210, 1539484831, 1855864062, 2320448220, 3645806207, 1084712022, 687562162, 3704803541, 2314974058, 366332752, 4246138205, 3281684866, 1706734080, 4145223691, 2311763453, 1797703080, 620847177, 3222185394, 418668613, 2385216184, 2878368442, 2845003537, 598899799, 1692895326, 1190967472, 1635874558, 1362207845, 3614338403, 3727062577, 2164203213, 2917792060, 490511376, 1301591072, 1569224753, 2250865037, 2611859599, 1694812670, 3049628304, 2085614007, 2263157376, 1129705847, 934026036, 1570296878, 836193720, 2428444607, 1492600547, 313748055, 2837166852, 1100272663, 1381280116, 487959628, 1977147680, 3357545406, 3126968396, 872541560, 4246045988, 2132130865, 3234889506, 2432810339, 2489050840, 1284402244, 4155230627, 3172808718, 3619349029, 3907178472, 1234866547, 2155004077, 4036342314, 3247885605, 2045032212, 1673605561, 2087951862, 3896276117, 1878124283, 2167148466, 3555837611, 2145281074, 3623600890, 2005619784, 2244389337, 1049237401, 3622186380, 2519896506, 1645944704, 1776837132, 3528477687, 2257635334, 1793532670, 1084022176, 2349188232, 4129402134, 2378964073, 2989194818, 1931354794, 3807339762, 2665274200, 3593748483, 2982287659, 1181861928, 2019334973, 2582720096, 1310194370, 1796674091, 3976937159, 3833676626, 1122556812, 1574267478, 8141155, 2322935099, 2747691855, 3392174670, 2811935738, 44678866, 4069434873, 3389622286, 2621806421, 2656392029, 2156127076, 1824644900, 4195330443, 1082191499, 3153793984, 1413024864, 1128321980, 2101899469, 1154395600, 125640831, 425768108, 2770403011, 3815958865, 1736256519, 1351232906, 1989703028, 2742545850, 3877936869, 736831296, 1622521023, 649951792, 2680319062, 3975310909, 1170673396, 737930687, 3621020314, 1619334509, 4286098326, 1564652071, 2631148393, 3623051775, 215919475, 1381310783, 2117187142, 2152087259, 2779692728, 1555023485, 725052946, 499754722, 1431184295, 2900621521, 3143614406, 1418659481, 3436031021, 612858211, 772159323, 760007120, 2832157498, 958790617, 4038576123, 4163979716, 2486259085, 103250782, 681966508, 3858940205, 4139435635, 1241399720, 3568867004, 2542295074, 2908541231, 4243659333, 693934803, 1288516148, 1660072554, 1775197428, 149665493, 2034156083, 3142982676, 490818257, 706771566, 3320023275, 71409938, 1601164490, 410942968, 4110295430, 3415691409, 2175803249, 3353647123, 46260550, 256464858, 3449509816, 1022348032, 718704043, 1179003727, 3308378873, 2015485269, 1017649468, 2066209701, 2559349990, 2431006019, 2454758378, 2937384657, 3670676452, 3557614192, 2243889561, 1673995390, 447989031, 3286232713, 3551659727, 1682785895, 1192509745, 4076520546, 3787227757, 628647466, 2916153996, 4087348888, 1886379187, 3440886560, 3300241430, 2206873670, 879776704, 2353465108, 3437583500, 3596778129, 2083417744, 1949173768, 3688540852, 3235276041, 2374951929, 2537685046, 3812030110, 3638708034, 641204104, 3695495500, 2912621742, 960400256, 2004534540, 3570930811, 1481422260, 4122798083, 2238821132, 1406676439, 2598386510, 2813060764, 2129513641, 193023564, 1710470138, 642661786, 3316468270, 4216706692, 2586651787, 2496716908, 2386904370, 1493547063, 3145078550, 4018648215, 1957663116, 3619305920, 591764542, 855310531, 763418846, 2519139497, 1287713310, 1985983184, 746164580, 190907985, 2953876759, 2346332304, 17880282, 4239289131, 1430973715, 888306455, 953852642, 3422011279, 30492893, 41359780, 3859811724, 2008695815, 2782109591, 2612307945, 684032416, 4242557400, 1083782813, 1637368885, 3127785346, 2974753327, 1415927845, 1094865577, 203116725, 1318438379, 1147604157, 3170584720, 952027645, 356351599, 1427908867, 538801691, 4045234208, 2635887667, 986514442, 3893955444, 2283886834, 391483660, 2337065466, 1838356968, 1665826026, 2076427651, 118594227, 4004269428, 2728745585, 3010402602, 488929724, 3879783676, 3896746964, 1288176887, 2561189559, 383815787, 3540338139, 235577350, 1178133405, 3492288588, 3999974696, 3854890610, 3506625245, 899392944, 4013097829, 3824134155, 3742452335, 3686051802, 3152790057, 4106821222, 1704979364, 2436459752, 1548208166, 2272006715, 1900493933, 3719561877, 4141046370, 2228891347, 3715138304, 3706656445, 2986730627, 3283606948, 3780004636, 3280618525, 461947183, 700977946, 3600194948, 135059084, 1813433077, 3078367625, 1617771646, 1212411369, 2627864938, 2988926705, 1731964012, 1443232776, 1591740565, 1474970937, 669614132, 1738083437, 2168701617, 821386886, 48325571, 338165586, 3422050227, 2481475248, 868134142, 399462719, 1937135687, 2548125345, 1306037234, 2524308148, 2777138427, 2153365310, 285017638, 3163613630, 1011042152, 1655187503, 787152511, 2523840645, 2823982282, 2115805448, 1956764659, 3058527242, 1331291639, 944284920, 3229520662, 2046816665, 1296353047, 673688482, 157496040, 1359718514, 3450331591, 737971616, 228704209, 3065259463, 3213941348, 3863885907, 1375768810, 3171214960, 477868570, 203363732, 1034256253, 2199983795, 861569303, 766011650, 4260526398, 1811558980, 410830212, 564029418, 2843316003, 3291182417, 1567331760, 2314257490, 345463872, 1784560202, 2381582519, 3302883990, 1524203950, 3703319529, 1540793365, 1351077065, 917151326, 1335939935, 1506435063, 292389217, 1965064267, 4024569972, 3675728716, 1606240363, 4182704337, 921810394, 1565945968, 3502846584, 2411495234, 1901296721, 3345439378, 156481134, 2114527482, 736988674, 2541193022, 2533957294, 1034142324, 2558022450, 1832352453, 3331951861, 2481649591, 3760117193, 3243220925, 3115802656, 3586940852, 809717474, 1385124255, 3154438279, 1112277859, 3103196084, 3522441599, 1425601677, 2864014846, 2982500249, 1722273444, 2908928477, 716286129, 1419053149, 3694582422, 3120893981, 55682798, 201178832, 562), None)
Loaded weights: 43.73168717065238, -0.06384255883749379, -0.6431735183516258, -0.7895901188964981, 4.210409881103502
events: 
  ----
(3, (1217697205, 4266160065, 2946075841, 3599064916, 31086160, 2145135407, 3015967360, 1359549739, 3757540294, 1502734798, 3347589076, 481220328, 3409022313, 564685808, 1528784025, 3916158851, 2934259853, 2896515177, 2847631159, 3944828726, 1421374523, 4255803836, 480961071, 2479610812, 4227295709, 3814972116, 1394946562, 405194739, 1551341679, 2494247919, 906659651, 2554504159, 4006502741, 1776257461, 4177202032, 3736458034, 850047251, 4173369638, 477203276, 2304966322, 799620049, 2494197859, 1698379841, 1458332639, 3951222406, 3933678378, 2092789752, 4202116770, 907663319, 2746134642, 1495285633, 1079453419, 2886370116, 3843131238, 2378817569, 2575076630, 4070266357, 2013428710, 5704638, 1892357942, 4045046348, 1768720807, 2169691742, 4091680662, 697198315, 2220397195, 1568877066, 1310224690, 563030219, 2221824349, 1032475373, 541999236, 21508244, 2989588952, 3268006556, 2492924249, 3077584064, 1647878496, 247771284, 2743998942, 2586571798, 761763830, 2254756220, 3764269296, 2454041576, 2313574141, 67814213, 243759282, 3999056774, 3195959013, 3392977656, 3848071473, 960090533, 2956067060, 2288251454, 1187667687, 885139300, 320554833, 4154687612, 4134306737, 3533072410, 3274749571, 328502218, 118516392, 2450878169, 479158190, 4101588764, 921970761, 873436653, 2426339861, 4243032992, 2881602303, 2486356128, 2369168244, 1660094127, 2969198908, 1775216146, 3243228751, 3016937817, 914552235, 2936447941, 3707648062, 2753542600, 350839204, 1440319726, 3934791656, 4161277715, 3842283367, 1716833175, 3902707458, 1049560177, 2344174197, 3040970385, 3788033481, 1688243180, 2380737238, 3144538226, 1064536228, 619649545, 3987617920, 3202326864, 1694788340, 3045050387, 4173735564, 2777304991, 302822904, 1621605961, 3444557920, 1764735767, 4253734008, 1715779085, 3363863721, 3730011712, 1844579834, 2731117342, 150012625, 2729697766, 418018626, 445063169, 2109142747, 2126662804, 2669953959, 1590492306, 1187636163, 2787142137, 3723832295, 3196629689, 526976216, 1951814327, 1689819252, 217775013, 1863864735, 2861471754, 609740607, 3687733415, 1061918425, 851806545, 2209267223, 2320029559, 357100061, 1984796377, 2170950297, 3585924934, 2366900079, 1676666270, 1875005699, 147675248, 3630542348, 2803826703, 3801681227, 406708173, 1170069164, 1100877176, 2060414188, 3775035813, 3555362576, 4036062394, 1461941312, 627529764, 2912679854, 3004766065, 1620255314, 3262686606, 1404942423, 538698290, 3011692582, 831962023, 2338483409, 3757069826, 1997605818, 1858982629, 2690289746, 3363147635, 3213490949, 566678333, 2847860842, 2906333888, 3594993268, 422412186, 1486749791, 7615304, 3292654355, 1409486724, 751208732, 3320455684, 682379155, 1882723572, 3548344710, 939906258, 2221578759, 2644252553, 1893194128, 1260919337, 65312676, 306278696, 2860782265, 2044692254, 3247097232, 1740505187, 350172034, 2025706705, 579892684, 3625739770, 3783994657, 1589100727, 1750260605, 2283383586, 4053698938, 4048748172, 2074156878, 1061741174, 1417299553, 2435021693, 844193732, 919368408, 3309384705, 144250285, 4276162107, 4250574584, 3171105960, 680220380, 1488251219, 3148945205, 3850422886, 786597975, 1546681086, 4278325536, 2342936523, 1843574777, 2026287521, 1022420463, 3391272792, 1306239891, 1591359760, 1623266882, 984190337, 674660300, 2979134454, 2866872375, 2219808129, 3730685404, 2624722684, 1944482491, 2809054805, 3511685478, 319403686, 2133467421, 510330253, 193924829, 229087326, 3624412891, 3234094210, 3152332608, 2854929350, 3648704601, 3548260587, 1527364667, 2376626861, 525769639, 2556665638, 3773226628, 899055997, 2165093968, 3113543601, 3516334188, 2176711715, 4263626301, 1768212357, 2450125119, 1294980370, 1851104130, 2229524224, 2642539360, 3247476342, 2949917584, 2453956452, 1835950332, 2301560663, 4044231911, 2469396972, 1382535954, 3969700586, 1821775289, 2131102581, 3703414553, 282312065, 1003126279, 4109431040, 4064931766, 661857712, 2590834973, 931315487, 19157412, 600920747, 602150270, 2415321415, 3535786652, 3545260485, 2818505731, 2924337251, 1911929827, 3139680712, 1241554410, 682579633, 3337295266, 2501868165, 1760890923, 593843663, 1725275462, 529523819, 4059119569, 1267565680, 1309899493, 4098770272, 880753945, 796695138, 639389877, 1407847811, 3787404109, 1855369858, 2418761718, 4042381728, 889220429, 1270639562, 3562904392, 2657978958, 3570621105, 1460228281, 934828513, 2744628565, 2164906432, 1152717081, 881284200, 50161218, 2357908547, 857182967, 4222179314, 3545163, 985264446, 2688827656, 1474628094, 2401558084, 4052910218, 2105286853, 1397454169, 1797020494, 298308986, 769241936, 2969970433, 134313669, 441886211, 2644315007, 1855033605, 3534678115, 3166683142, 921602865, 2489073216, 25880066, 1020109521, 1290849921, 563560473, 3912728922, 745310228, 269691974, 4261696853, 1582756333, 1595972139, 829371456, 1961655901, 3355956429, 1675587067, 431500632, 1142902243, 1500485231, 1477484210, 2984209504, 1887584192, 2120066754, 2123501508, 1470285258, 3866582811, 1610777585, 2517081944, 2954430167, 4034720010, 3603603058, 787118842, 2943632896, 3697298762, 462991679, 1384526981, 320070900, 1364679418, 3128411315, 1605406714, 2341639890, 1231105878, 2542401908, 161350295, 3577910450, 2116475597, 3539783664, 269971937, 842938949, 1745185886, 2719369499, 1189323799, 3307464553, 1473766651, 3884297178, 2780857038, 4251226644, 4280995157, 761173745, 3883136060, 2081781931, 3485487745, 2553967476, 102651236, 2056070236, 2802697658, 2294353070, 2647798787, 2978323193, 2554153221, 690764989, 662656508, 211551547, 3724330856, 1296074366, 871617995, 3997028997, 794266494, 839739955, 3649733980, 2254937112, 155411575, 3468771271, 246912185, 1068648976, 3668851486, 3226232624, 2828755948, 3429123174, 2223341832, 2408934186, 3047131868, 1185460943, 3255455889, 1511668188, 1381137395, 1435182438, 2270551368, 2444906656, 2094621770, 2917725543, 421355379, 1280819297, 854533513, 2568451035, 1245589661, 1267357824, 2125457095, 2268441193, 858218477, 3671563784, 963040170, 3490494825, 1550390619, 8103053, 2355902545, 1730717171, 2717132005, 1826545927, 3031380836, 2451988314, 1440560925, 1081092069, 3403129643, 118512710, 3823035550, 2158331430, 1100034219, 4223279303, 525362466, 2042289758, 2472111740, 724405286, 1975148258, 3379705155, 2816250734, 2411111384, 702634219, 1885080029, 4217050904, 3324032858, 841057686, 3440232100, 2680512773, 1663414596, 3719617546, 2414567963, 2008231799, 3536106408, 2638008966, 4122971539, 3149256149, 3988558638, 3110245434, 4082006670, 4250184009, 2205545003, 4210823543, 1388983922, 3933372984, 3161732795, 561819514, 498536060, 2937750681, 3246498288, 889546282, 488450529, 4195088485, 3733041246, 3281998384, 709528397, 1431360020, 524316987, 3218856929, 4928458, 494947220, 1494854950, 4151344078, 93966588, 2486431972, 2453045139, 2932126416, 3936645374, 4116012288, 4227786177, 1710241039, 2548551139, 411931224, 1268237587, 2772179305, 1141900282, 904816751, 3196086222, 3633660060, 1927172844, 2854053181, 4159583745, 3670299001, 3956787916, 1124046776, 1006869118, 3893574146, 3755489530, 1216952448, 3675544021, 3099136231, 1551310663, 3658500300, 33958131, 1559079003, 1348460260, 4167427705, 3886682606, 137239256, 163328484, 1627889951, 2730089785, 2556989911, 77424517, 3962808387, 3260399699, 2277022452, 3590767236, 786382734, 1082850382, 379900082, 4246147953, 856708185, 689882181, 131), None)
Loaded weights: 43.88248372920705, -0.3995456094480663, -0.6431735183516258, -0.7895901188964981, -5.789590118896498
events: me found the exit, 
  ----
(3, (1217697205, 4266160065, 2946075841, 3599064916, 31086160, 2145135407, 3015967360, 1359549739, 3757540294, 1502734798, 3347589076, 481220328, 3409022313, 564685808, 1528784025, 3916158851, 2934259853, 2896515177, 2847631159, 3944828726, 1421374523, 4255803836, 480961071, 2479610812, 4227295709, 3814972116, 1394946562, 405194739, 1551341679, 2494247919, 906659651, 2554504159, 4006502741, 1776257461, 4177202032, 3736458034, 850047251, 4173369638, 477203276, 2304966322, 799620049, 2494197859, 1698379841, 1458332639, 3951222406, 3933678378, 2092789752, 4202116770, 907663319, 2746134642, 1495285633, 1079453419, 2886370116, 3843131238, 2378817569, 2575076630, 4070266357, 2013428710, 5704638, 1892357942, 4045046348, 1768720807, 2169691742, 4091680662, 697198315, 2220397195, 1568877066, 1310224690, 563030219, 2221824349, 1032475373, 541999236, 21508244, 2989588952, 3268006556, 2492924249, 3077584064, 1647878496, 247771284, 2743998942, 2586571798, 761763830, 2254756220, 3764269296, 2454041576, 2313574141, 67814213, 243759282, 3999056774, 3195959013, 3392977656, 3848071473, 960090533, 2956067060, 2288251454, 1187667687, 885139300, 320554833, 4154687612, 4134306737, 3533072410, 3274749571, 328502218, 118516392, 2450878169, 479158190, 4101588764, 921970761, 873436653, 2426339861, 4243032992, 2881602303, 2486356128, 2369168244, 1660094127, 2969198908, 1775216146, 3243228751, 3016937817, 914552235, 2936447941, 3707648062, 2753542600, 350839204, 1440319726, 3934791656, 4161277715, 3842283367, 1716833175, 3902707458, 1049560177, 2344174197, 3040970385, 3788033481, 1688243180, 2380737238, 3144538226, 1064536228, 619649545, 3987617920, 3202326864, 1694788340, 3045050387, 4173735564, 2777304991, 302822904, 1621605961, 3444557920, 1764735767, 4253734008, 1715779085, 3363863721, 3730011712, 1844579834, 2731117342, 150012625, 2729697766, 418018626, 445063169, 2109142747, 2126662804, 2669953959, 1590492306, 1187636163, 2787142137, 3723832295, 3196629689, 526976216, 1951814327, 1689819252, 217775013, 1863864735, 2861471754, 609740607, 3687733415, 1061918425, 851806545, 2209267223, 2320029559, 357100061, 1984796377, 2170950297, 3585924934, 2366900079, 1676666270, 1875005699, 147675248, 3630542348, 2803826703, 3801681227, 406708173, 1170069164, 1100877176, 2060414188, 3775035813, 3555362576, 4036062394, 1461941312, 627529764, 2912679854, 3004766065, 1620255314, 3262686606, 1404942423, 538698290, 3011692582, 831962023, 2338483409, 3757069826, 1997605818, 1858982629, 2690289746, 3363147635, 3213490949, 566678333, 2847860842, 2906333888, 3594993268, 422412186, 1486749791, 7615304, 3292654355, 1409486724, 751208732, 3320455684, 682379155, 1882723572, 3548344710, 939906258, 2221578759, 2644252553, 1893194128, 1260919337, 65312676, 306278696, 2860782265, 2044692254, 3247097232, 1740505187, 350172034, 2025706705, 579892684, 3625739770, 3783994657, 1589100727, 1750260605, 2283383586, 4053698938, 4048748172, 2074156878, 1061741174, 1417299553, 2435021693, 844193732, 919368408, 3309384705, 144250285, 4276162107, 4250574584, 3171105960, 680220380, 1488251219, 3148945205, 3850422886, 786597975, 1546681086, 4278325536, 2342936523, 1843574777, 2026287521, 1022420463, 3391272792, 1306239891, 1591359760, 1623266882, 984190337, 674660300, 2979134454, 2866872375, 2219808129, 3730685404, 2624722684, 1944482491, 2809054805, 3511685478, 319403686, 2133467421, 510330253, 193924829, 229087326, 3624412891, 3234094210, 3152332608, 2854929350, 3648704601, 3548260587, 1527364667, 2376626861, 525769639, 2556665638, 3773226628, 899055997, 2165093968, 3113543601, 3516334188, 2176711715, 4263626301, 1768212357, 2450125119, 1294980370, 1851104130, 2229524224, 2642539360, 3247476342, 2949917584, 2453956452, 1835950332, 2301560663, 4044231911, 2469396972, 1382535954, 3969700586, 1821775289, 2131102581, 3703414553, 282312065, 1003126279, 4109431040, 4064931766, 661857712, 2590834973, 931315487, 19157412, 600920747, 602150270, 2415321415, 3535786652, 3545260485, 2818505731, 2924337251, 1911929827, 3139680712, 1241554410, 682579633, 3337295266, 2501868165, 1760890923, 593843663, 1725275462, 529523819, 4059119569, 1267565680, 1309899493, 4098770272, 880753945, 796695138, 639389877, 1407847811, 3787404109, 1855369858, 2418761718, 4042381728, 889220429, 1270639562, 3562904392, 2657978958, 3570621105, 1460228281, 934828513, 2744628565, 2164906432, 1152717081, 881284200, 50161218, 2357908547, 857182967, 4222179314, 3545163, 985264446, 2688827656, 1474628094, 2401558084, 4052910218, 2105286853, 1397454169, 1797020494, 298308986, 769241936, 2969970433, 134313669, 441886211, 2644315007, 1855033605, 3534678115, 3166683142, 921602865, 2489073216, 25880066, 1020109521, 1290849921, 563560473, 3912728922, 745310228, 269691974, 4261696853, 1582756333, 1595972139, 829371456, 1961655901, 3355956429, 1675587067, 431500632, 1142902243, 1500485231, 1477484210, 2984209504, 1887584192, 2120066754, 2123501508, 1470285258, 3866582811, 1610777585, 2517081944, 2954430167, 4034720010, 3603603058, 787118842, 2943632896, 3697298762, 462991679, 1384526981, 320070900, 1364679418, 3128411315, 1605406714, 2341639890, 1231105878, 2542401908, 161350295, 3577910450, 2116475597, 3539783664, 269971937, 842938949, 1745185886, 2719369499, 1189323799, 3307464553, 1473766651, 3884297178, 2780857038, 4251226644, 4280995157, 761173745, 3883136060, 2081781931, 3485487745, 2553967476, 102651236, 2056070236, 2802697658, 2294353070, 2647798787, 2978323193, 2554153221, 690764989, 662656508, 211551547, 3724330856, 1296074366, 871617995, 3997028997, 794266494, 839739955, 3649733980, 2254937112, 155411575, 3468771271, 246912185, 1068648976, 3668851486, 3226232624, 2828755948, 3429123174, 2223341832, 2408934186, 3047131868, 1185460943, 3255455889, 1511668188, 1381137395, 1435182438, 2270551368, 2444906656, 2094621770, 2917725543, 421355379, 1280819297, 854533513, 2568451035, 1245589661, 1267357824, 2125457095, 2268441193, 858218477, 3671563784, 963040170, 3490494825, 1550390619, 8103053, 2355902545, 1730717171, 2717132005, 1826545927, 3031380836, 2451988314, 1440560925, 1081092069, 3403129643, 118512710, 3823035550, 2158331430, 1100034219, 4223279303, 525362466, 2042289758, 2472111740, 724405286, 1975148258, 3379705155, 2816250734, 2411111384, 702634219, 1885080029, 4217050904, 3324032858, 841057686, 3440232100, 2680512773, 1663414596, 3719617546, 2414567963, 2008231799, 3536106408, 2638008966, 4122971539, 3149256149, 3988558638, 3110245434, 4082006670, 4250184009, 2205545003, 4210823543, 1388983922, 3933372984, 3161732795, 561819514, 498536060, 2937750681, 3246498288, 889546282, 488450529, 4195088485, 3733041246, 3281998384, 709528397, 1431360020, 524316987, 3218856929, 4928458, 494947220, 1494854950, 4151344078, 93966588, 2486431972, 2453045139, 2932126416, 3936645374, 4116012288, 4227786177, 1710241039, 2548551139, 411931224, 1268237587, 2772179305, 1141900282, 904816751, 3196086222, 3633660060, 1927172844, 2854053181, 4159583745, 3670299001, 3956787916, 1124046776, 1006869118, 3893574146, 3755489530, 1216952448, 3675544021, 3099136231, 1551310663, 3658500300, 33958131, 1559079003, 1348460260, 4167427705, 3886682606, 137239256, 163328484, 1627889951, 2730089785, 2556989911, 77424517, 3962808387, 3260399699, 2277022452, 3590767236, 786382734, 1082850382, 379900082, 4246147953, 856708185, 689882181, 449), None)
Loaded weights: 51.199925539673146, -0.3995456094480663, -0.6431735183516258, -0.7895901188964981, 4.210409881103502
events: 
  ----
(3, (1625418323, 997240729, 3258852746, 523254053, 3970576919, 1666558716, 954005836, 3515695479, 1978753563, 4158649113, 571402110, 3703254349, 251237149, 3423771221, 3565883953, 2336028130, 2812716214, 2796096537, 919751936, 2742928156, 822354863, 3862262726, 1169974589, 4041824405, 541321997, 2732997899, 2815445237, 1604400236, 2355328055, 1906525890, 622988036, 872763756, 2099707947, 2654337187, 3061720070, 2710061466, 3432775352, 339404132, 3861121505, 2473747379, 279887538, 2449936428, 1740643649, 706880952, 25876066, 2727949645, 2631120598, 581633311, 2508962040, 4140451206, 2332582785, 819700145, 3200577561, 1653830436, 447896551, 3385812024, 4097651664, 3744725626, 304638062, 423421858, 1856123438, 3928835820, 676200544, 129029212, 2116076619, 1114688995, 1126553404, 4066137934, 2811151352, 2212999536, 3935578213, 78767668, 340280699, 2229566077, 3763718445, 3886196921, 307066472, 646910930, 2486476663, 3559884991, 3258773372, 2418572096, 566719463, 84362438, 1340011963, 1607531547, 3029999451, 421060933, 3869451166, 2499166244, 580215400, 1814966751, 716031930, 4087804160, 380282725, 90189623, 4077410819, 2061139664, 2297227168, 2274879151, 3411553640, 4100728239, 337606568, 2158878781, 2977739239, 2376379143, 4146521750, 1277871818, 1302552115, 3377190108, 1347712343, 98901788, 1121850527, 281845019, 1817915565, 3449853467, 250574428, 116386531, 2826608072, 3941392106, 1126933284, 653109319, 1290820806, 3148631294, 3026581524, 1899527202, 2821724146, 2151562801, 2153996037, 2316316039, 3927802764, 1175026041, 2230041913, 1708723919, 497371342, 1202788558, 1877198414, 3217082605, 2682001616, 1250080193, 2668222511, 509211564, 1080058214, 1664704285, 2443555582, 1132671150, 2374711613, 4250430323, 2190756029, 2275101039, 449522639, 1048261259, 2057125138, 992363975, 444232106, 2828798777, 2344967864, 4028663422, 2581607587, 3712686589, 1456837405, 462897610, 1324885300, 2972889501, 611793450, 3910549910, 35917593, 4203238763, 3031738964, 2237978599, 51332789, 2544938751, 984381443, 2522525061, 1004961339, 3180617273, 1313837066, 2197958902, 2450930640, 4101859736, 2791296876, 1770891139, 162368196, 55342036, 2045032817, 3773155378, 3572889942, 2923136493, 2174983153, 340321003, 1875369923, 718955552, 3902439341, 1295777554, 3446739290, 2604686617, 3854279764, 848979753, 1074902511, 2847559927, 1464983659, 3071833314, 4205495829, 1443475434, 2054723937, 925290488, 1614086069, 2402437549, 401941589, 470238540, 1513617750, 1424692259, 467058885, 2598791280, 3565810663, 524048461, 181586677, 2958001251, 1180208135, 2691795930, 1459733107, 2777702863, 2734251888, 3355595108, 52282339, 1742551689, 3578066506, 2967875491, 3357233190, 961457929, 3722312943, 3721887034, 2423682736, 2234534881, 1090913046, 252949259, 3254767060, 1513391579, 1293800890, 2990435141, 285228880, 1801633376, 4176868100, 2069720168, 403359679, 396186629, 3051464203, 2056125223, 1398841256, 3669336517, 2106203275, 2616274372, 3115885445, 2368449218, 387017943, 2368223927, 4030687563, 239800053, 3597367099, 871261997, 1359906820, 3109309215, 1808717032, 1524616498, 206884377, 4199813723, 1299501765, 2023153126, 2892258562, 946571381, 1813393556, 2547224707, 2957934583, 1447618038, 2747560871, 89629030, 508577122, 1524845876, 1987652393, 961928616, 2296245487, 3723792048, 3206710751, 1446890170, 2641679489, 1876769782, 2882378251, 4047269949, 3470514503, 3985795935, 3102874694, 390931720, 2009412068, 190712338, 1154045972, 1189556566, 2638863217, 1227725141, 1963263138, 2870054316, 4005817258, 2318078405, 1885155905, 4148444090, 3529900411, 1367016267, 548151996, 748780756, 1070308749, 1002615269, 290812919, 1866589960, 1845074311, 2786322732, 2947558793, 3880791840, 4080522621, 57048640, 2104360552, 1793567977, 974823092, 441825376, 2216921998, 1489612065, 2638279464, 588062689, 2987307763, 17030328, 495088166, 1057252483, 446932928, 3470633268, 563102134, 2336351581, 2379102367, 2453585001, 839980689, 1714037523, 3930566687, 2734165086, 958544635, 360259842, 1710753543, 3087069471, 3987228979, 3204044142, 3831904807, 3998518390, 2055454874, 2830622987, 4148929154, 2045421880, 2957893340, 52659021, 2907607668, 1683655045, 1151088712, 4081784939, 710387673, 112372400, 1492785522, 2971432726, 1916945781, 11576550, 2627219153, 3451468231, 2172427273, 440808872, 1012519174, 4053111531, 3353156333, 404428731, 3049222198, 127774807, 1033927585, 185880478, 2646047129, 910901240, 1501769674, 508944477, 288354883, 2495870892, 2607279301, 198562105, 313892192, 251537577, 3056469242, 1152369009, 752253729, 1914640591, 3086730786, 1976218610, 74907727, 581102517, 1481813102, 1263676294, 587852411, 724973777, 2193343555, 2124752139, 3876490286, 2034931640, 4129802119, 832885700, 3803892950, 1398412832, 4141294266, 1610264249, 4199647490, 3828572653, 3705007962, 2106912530, 782281457, 130393284, 1015804342, 3031972198, 1986793260, 3922641723, 960043796, 1319784108, 756283627, 1831566947, 597034369, 541763939, 159259237, 652719340, 790048971, 1048621311, 1455879528, 2261646774, 2209947837, 3326357042, 603170441, 2693917817, 332037113, 3142682640, 29166420, 448846335, 3530413739, 2927059105, 432121406, 1083995087, 4094455644, 565700607, 2575828065, 2828551235, 762336620, 1123280044, 4124553777, 887354913, 1277234221, 1205758458, 647638198, 186809601, 85047818, 39874904, 1610269654, 1597078735, 629811503, 1048655373, 2089749206, 955111170, 2854174480, 3413035721, 2252138423, 2002759180, 2209217494, 470705897, 2202299898, 4024330361, 669198743, 2507330803, 1619751102, 297568169, 596797182, 3764247223, 1955062935, 3530029447, 3449596132, 3987648150, 3797676485, 1713139778, 2641096447, 2426931386, 2143074805, 3883220637, 3178572983, 2738164766, 1830356816, 4133452029, 2938848829, 3691844511, 373424243, 1814407046, 1056376590, 3783957047, 63384807, 2342438444, 2162517721, 3177143874, 2837229098, 3910062245, 535866478, 2394792739, 2163018825, 2285638696, 3904082432, 2862693638, 1546956215, 4167146858, 698984900, 1812579589, 1944213616, 1090998523, 100674038, 3044717958, 2295100866, 1459589413, 1428870742, 4058832970, 2439462354, 2196582905, 1623872962, 3540770036, 3013214261, 5912120, 2137632091, 3656913251, 4240880055, 1609926878, 961275483, 251082166, 4099758196, 2531422004, 294255587, 2016327202, 3250073715, 1323290654, 2910314175, 4218494827, 447054587, 1520790931, 1376015014, 1686638521, 3628122595, 2620043711, 3606791505, 43821664, 2622700863, 1173051276, 1191689446, 905290736, 1618438582, 4098292401, 3370760412, 3796740173, 945203749, 1575759229, 1467704955, 1988704545, 2353566594, 3341488674, 477193083, 1349908937, 3648216249, 2525472927, 2161321081, 503036987, 476147589, 1524615735, 471651983, 1132703466, 1882575435, 2179719615, 123257445, 1395622886, 3113129043, 1596892647, 1136715715, 2677966418, 3442035059, 636674912, 596794521, 3090722916, 3944514021, 249382769, 4009890783, 1265661427, 1909051791, 2303436455, 2230968284, 1664360279, 1997125085, 3777746982, 2512640002, 208369918, 3811654336, 226510105, 804893281, 3375578871, 1555486983, 1079082038, 2761083388, 1635024729, 471335359, 4015765042, 742331888, 4109530890, 897131586, 3624986081, 3599850755, 1290896829, 3157008482, 141862416, 3998294073, 2467987388, 3733337083, 3428617885, 1794847675, 1169205539, 796769674, 338952970, 3557781230, 3396448141, 500), None)
Loaded weights: 51.19636104460689, -0.5023176499358822, -0.6431735183516258, -0.7895901188964981, -3.3162214497883205
events: me found the exit, 
  ----
(3, (2944851906, 2745489030, 2822080838, 1213408762, 148914886, 3930700577, 2154480544, 21679364, 4055719795, 2815447301, 3903817920, 606466131, 1530043416, 798545565, 940217827, 2104752298, 3449393687, 1742919478, 2768689384, 3085348388, 3671358168, 3270482261, 4023800377, 3829054898, 3847278649, 3916861732, 1335505749, 2521239713, 1580603277, 1032205641, 612505673, 4049454498, 283095352, 3632673470, 2524974847, 1170102741, 3935084235, 3117469654, 1809844502, 1240093709, 331567593, 948267220, 3144053373, 419745039, 3369621942, 3127227447, 3924481455, 2471352349, 3556599424, 4059878515, 2207679659, 1941797602, 1168789427, 3631255809, 1664736230, 1552201054, 1690009660, 1275432509, 251527817, 1756093121, 1780998073, 1907173663, 1029266467, 3667384364, 2161967404, 2341328014, 4064338286, 3590030923, 917272244, 1877958459, 1582732787, 275316632, 1956963736, 3468787166, 2141925488, 699255690, 50007616, 2961217946, 323137079, 362386217, 2591278119, 74949064, 4012707061, 1555839943, 3506224784, 506352013, 1160562887, 1290610746, 2903383695, 3963592067, 204127278, 2018501773, 3482058877, 2104927568, 1203090651, 3066994093, 289970414, 981562590, 994695615, 1718303315, 1755341860, 3404389645, 604053123, 1755989510, 919877113, 1684266789, 3903373382, 1060377487, 2895773254, 428939380, 2824057480, 3830650663, 1762616120, 2257355085, 3553705687, 882238302, 3682080085, 306013970, 3222067955, 3914966096, 3699504601, 1934817333, 3963274805, 3411395032, 4201713640, 1959943739, 169636659, 1789075304, 3696922660, 174550173, 603200768, 1740365812, 3021061990, 932790844, 758102481, 3282877267, 269138845, 1583871883, 2221366301, 1463053499, 32713160, 2370301452, 1407516730, 309812100, 996472260, 3452534503, 2200734431, 152930, 1190110679, 43409513, 2225701882, 2703074230, 3245393328, 1245348915, 3098744499, 630572778, 2354493838, 487658066, 367039596, 3392459636, 1344769432, 1879536865, 4145598768, 3732082327, 4087362281, 3295401000, 4097401763, 2200504723, 1295872947, 1482438652, 2401983387, 3628065627, 3371838506, 3639040333, 3292606761, 387062350, 2154494404, 1314119565, 688994090, 3936449509, 3001075449, 1192632993, 2654519224, 1758700820, 360712057, 1239982130, 1982710349, 851836098, 3723593435, 1105808609, 1578977251, 3700186758, 4023802158, 2722191217, 3080487172, 97806327, 560880493, 751022634, 2176770138, 294746666, 369917800, 3416547764, 2721573122, 4169278824, 1539447754, 226494201, 4293258064, 3471450954, 3780646036, 19196251, 1200573892, 2711287039, 3580088793, 635245615, 2590447940, 541980103, 2304496894, 343267045, 2200091217, 739140125, 1201409701, 998743043, 565281169, 4160482468, 3201445521, 4272756171, 185206915, 3414915025, 1712009693, 533972974, 649632615, 1088125342, 836316686, 3773415979, 2680923230, 3510811033, 1405264695, 3458294301, 2754770222, 330466224, 438929837, 74476641, 14503582, 1486110999, 4112829931, 654228274, 1403577192, 4083430668, 1992161640, 136047779, 3921816400, 545534244, 2950906949, 2635740641, 165395749, 3206616055, 3819635436, 2529104651, 832718571, 945354042, 1562683374, 3815203979, 1758576460, 1974356248, 502429220, 2488455339, 1973500670, 99712872, 4256701489, 2372758071, 2347087249, 167237266, 3510748876, 1627413667, 3521513646, 3704964145, 3700257513, 564306400, 1863816246, 3637250331, 3062552153, 2778737110, 932859907, 4077476515, 1005261766, 2182119251, 2302497280, 2487387077, 2657922159, 1629508096, 2435926696, 3141507550, 2384646535, 3492040036, 4136115936, 2701142995, 2456888142, 1691621282, 98580814, 63246413, 316425699, 2660047247, 303027799, 4072717858, 1094035680, 51691369, 63515971, 480164414, 2157857253, 2123302353, 1797048387, 2131280524, 220701979, 2348576476, 1061502890, 1302152430, 2911675043, 849101594, 3560210982, 3531689767, 1885108576, 1168404764, 1134754786, 535355770, 4061088753, 3141939225, 652923919, 1717656887, 1281384339, 693161315, 1338282652, 1713116450, 4174093652, 927427798, 4012113252, 1822016977, 3012344098, 75029080, 3039760648, 2895564442, 2351960524, 2015726987, 2979867406, 883196179, 1296141733, 725055295, 2658394731, 2713720212, 4261525615, 2543785844, 3080754500, 3797409926, 2890608450, 482032137, 2173102965, 4262759424, 2865385591, 4023877171, 1692568236, 2557260767, 790067639, 3439733684, 3287607584, 2270043178, 2712918967, 1574019782, 437745263, 534757707, 746952614, 2835561875, 3346161798, 565923295, 386864659, 83101648, 92828333, 3510413764, 1504968597, 2825393183, 926933831, 1357876302, 1079738341, 1812484110, 4185366185, 2232186686, 2204546777, 251106833, 829129491, 3745775831, 3489679449, 3974443553, 2761316206, 1754464785, 1278349613, 3624940948, 2793413712, 3316725329, 3570375499, 394135909, 1046855937, 4219300413, 2755793553, 1717199413, 1338012588, 2973212591, 671011997, 310027895, 475305062, 2412249720, 2886148744, 4031924245, 370791069, 2614682334, 1242198608, 1751661206, 681173105, 2798092621, 3959856547, 42060393, 4225333712, 1616319876, 232544415, 1063203611, 2365162393, 3168396928, 1068525660, 255707360, 2547618442, 1030686172, 3368197999, 2061748611, 2610967153, 2469623889, 2227191834, 789079667, 3544377154, 2709950782, 2504799611, 4155577934, 1873409136, 2575499974, 2627443991, 2690723562, 3919492839, 479684113, 3643884571, 3583676647, 225939531, 3833554786, 4177450956, 2661922648, 3558135897, 2912893130, 1647614868, 159569286, 3401273213, 1240879158, 2839791958, 2910142255, 3331543623, 262056805, 4238289322, 2328116182, 771583010, 2312396851, 3046028571, 2783217861, 3300720667, 462143312, 3935824002, 3391384202, 3408239537, 2237756852, 3072870457, 1113706519, 1514301576, 2515975164, 3089146047, 2399960866, 1448306287, 1204161656, 3994291648, 2657548933, 4151646122, 92139209, 1007500442, 4128268399, 1774354229, 732439622, 1094740010, 2790042765, 2191552520, 3487286978, 2722104168, 1792719225, 2889646764, 626211485, 2292320545, 1386198562, 1465416115, 2244973017, 2358215726, 2652790425, 1115891071, 99828754, 1706863604, 458120502, 2375849880, 1100492893, 2576410467, 1666090209, 1543833854, 35274750, 1000040433, 2319271675, 2399131910, 3658126990, 2471963213, 3148095875, 2211047931, 3331411822, 140141895, 2263692289, 2290468265, 1387565963, 620301502, 2740739900, 3056707619, 4122455527, 4051164640, 2544014757, 4122682617, 2065368282, 1214613747, 3523567725, 545906991, 961208579, 434171358, 3836712899, 2612592102, 3648902329, 1067870410, 373757689, 3872519149, 413430413, 3850480410, 641830993, 2479823383, 3883751200, 659675866, 1612785041, 85078146, 3258253098, 409861534, 1117653089, 2387556814, 2302917214, 2662230786, 4252078462, 3293591917, 4277130389, 1423107527, 940833798, 3719006698, 104703905, 3593715400, 1817064427, 2070126680, 453514961, 3426932815, 647753878, 358962790, 3964916831, 2999596863, 1154954118, 2287457383, 2077115033, 1627452760, 256398970, 3986203567, 1406614308, 1312967609, 155678182, 3792229426, 1179426906, 833711444, 3396023196, 1692154361, 2398822831, 1353402424, 2173175502, 1876730718, 54505862, 1833193173, 1358338670, 1508539700, 488442566, 1993060288, 1233521001, 2620023419, 3764177487, 618445259, 398530131, 948840119, 3468119957, 2680540934, 1629514175, 1788262347, 451407300, 3641217569, 188186871, 2054948159, 2641405672, 1254999321, 2672534480, 2529771273, 642507131, 331597232, 1222868588, 3544442463, 1535954920, 3523884049, 2357701415, 964776264, 2198664362, 253), None)
Loaded weights: 56.389839945900405, -0.5023176499358822, -0.6431735183516258, -0.7895901188964981, 4.210409881103502
events: 
  ----
(3, (132446488, 1523706942, 1342337468, 714060223, 2980847537, 2178107173, 4043556114, 1184889546, 133999462, 516435995, 2417205934, 365858228, 1044993095, 3695701274, 2805021898, 82550992, 1661219085, 2446196470, 2396201521, 3563730846, 1693793313, 3424610635, 127235891, 1668254378, 1255451193, 1403560100, 2644992185, 3516078410, 2399911606, 3233666700, 2092651399, 3353888924, 1157984022, 3485545815, 310677477, 462027781, 3803499959, 3007057841, 722645129, 987664355, 2082962759, 2799354548, 3672888888, 3813484191, 4026787416, 2346786177, 1511296064, 2184711682, 528036217, 3812140252, 3697213236, 3648633210, 2978305238, 160564213, 146026900, 3033187674, 2873897607, 565445683, 4015873226, 2356128482, 1510223531, 542389940, 3965836588, 17770058, 2954317722, 446996550, 2448377801, 377789538, 2967584909, 1516239309, 4145558845, 3176474320, 2371674144, 3637986229, 2867270521, 961820380, 236433917, 2212615688, 1245224608, 755806289, 917532071, 2287434578, 1025407541, 108056389, 3028834141, 1952617302, 98130231, 2628306763, 3258402376, 703245152, 1015488990, 395189517, 3393198970, 2098615462, 2133602116, 1501666744, 1344621593, 1358061650, 2234882547, 3547128127, 3784778411, 1032988090, 2756900171, 2722630576, 1005020320, 1097358712, 3070086945, 1604958174, 3599077330, 2665421977, 1866190493, 3127454920, 1750320353, 2285817178, 772810414, 3509046822, 4203816785, 2374038415, 4046228672, 1856052255, 470055894, 1941026237, 1409838087, 3038836096, 2922162335, 2261929293, 2800540261, 1522310371, 1878531155, 2183341204, 1309907985, 2928752042, 1414102538, 1446004053, 1590814186, 1693189445, 4281152166, 489741769, 2714984766, 3289286093, 2079873923, 1152509647, 3803231700, 4275760262, 3300604798, 4048635692, 487203708, 2111574081, 3316802266, 2774628658, 1265815430, 1612139071, 362914197, 2760756935, 499095253, 679741927, 3416441187, 2841077744, 2210512674, 2382321492, 374477904, 68230838, 92607996, 2445840298, 2275985773, 3641747312, 920467480, 3786208812, 2769451812, 4057947694, 4145589983, 135063446, 1399289595, 1065128169, 2214312242, 4243504652, 1643448187, 1410705543, 476925725, 1494388677, 3837025416, 3833938710, 3265764683, 3023962611, 3894450997, 2259559470, 2253994970, 2754477869, 586735707, 593653359, 1053521886, 2891737901, 3160482646, 1831896676, 936349142, 4264163475, 3406466158, 3339824770, 323474228, 2548047686, 1496777594, 1469459808, 2912546906, 650378956, 2735749725, 656826701, 2970149008, 3938579218, 2779485304, 1591514920, 1755885613, 390527335, 391088991, 3867082908, 1706009882, 3156333793, 408164214, 3376750546, 1973002712, 1778335895, 2671890484, 2041778010, 1268045260, 612542702, 744078097, 3654668354, 1295891192, 2091686634, 3197738448, 3015042135, 3477579147, 3974887254, 2607061842, 1843261603, 4152406101, 1225183910, 2671939705, 3163804676, 4076804655, 2894747065, 4084439389, 109046832, 2048496615, 1160840581, 3354231598, 242852309, 2105513262, 1836159089, 2621713167, 799503995, 3196901119, 4274091303, 2093979970, 2678725036, 49762845, 1642740145, 3541456616, 2196722765, 580071845, 2191820827, 3221219998, 713457269, 361694146, 2642830114, 824190153, 2009544479, 2653031463, 1525794743, 2550263626, 806063220, 743453909, 3929121437, 848629575, 3718987412, 1385260119, 3419556111, 1362934173, 1092619192, 3555116557, 803654515, 564733690, 3014516845, 2602397362, 3298948787, 1202367016, 3807302628, 3679074529, 438933744, 1574164672, 3483060641, 189081778, 1302381887, 2676688132, 2630884583, 2609903276, 232685196, 3458485095, 1221442316, 1953762137, 4225348549, 3361949048, 1105062479, 538438339, 3637385936, 3724161811, 1587282218, 3086414848, 1515548759, 1514246882, 3021730292, 1794662478, 4117298128, 651018094, 791383562, 1599709057, 1883705372, 3680395177, 30015378, 272016309, 2631140215, 1654249258, 835407879, 3253948819, 1138234561, 2284009661, 757251886, 316992829, 2983791526, 2422517110, 2333068879, 3457359618, 2022237601, 22530143, 3132362918, 4268959573, 2858157026, 3148283135, 2182355525, 3828602972, 566141659, 1224640719, 246666022, 637274660, 3059885852, 2133761713, 1924289545, 2276291094, 1405640955, 3098027139, 1478420988, 3990329809, 356552844, 2557975403, 1162021226, 3082034424, 93522784, 2951687245, 1403812750, 3258170846, 4165105592, 1028791535, 1816054431, 199897300, 2577317328, 1238809202, 4294181791, 562295199, 601063354, 3303247676, 2655173969, 1039324321, 1730121759, 4269605767, 2226872258, 3178879490, 1853697314, 735041608, 152999902, 1329072242, 2367534470, 2382588911, 3388103490, 1079395990, 2822225857, 2838800113, 138495045, 577774511, 62201114, 3664553252, 1186596112, 437951156, 1647650662, 784164787, 1130161235, 1532365069, 3226625705, 431847613, 3402513650, 507401645, 187501901, 467100664, 2270175743, 1736640866, 3556120115, 699785912, 3553400112, 515338221, 1358990881, 1504125088, 1391403960, 3746148196, 1065805549, 1026715595, 840622696, 3976794027, 87359012, 1044125890, 3099763977, 180633456, 254298498, 4244567749, 3108497669, 171680925, 2179340027, 1499535471, 2784413101, 2576398656, 2383788709, 3106697701, 551417668, 2881131503, 2567576010, 2281406435, 1932772055, 831041012, 2850477077, 2402400050, 36579550, 3203948669, 1078710623, 3551048821, 3902901470, 3805096288, 1148438255, 455288158, 2664261484, 2938332630, 1329331756, 119832053, 290796527, 1560882038, 4116847360, 3264753577, 3567555934, 2725439731, 471233367, 645144868, 152776367, 970641577, 2309317375, 3989985162, 2572249107, 3875239016, 747537952, 3763125696, 3861755335, 1000983620, 2788386430, 3734755955, 530305339, 3732936483, 1957906401, 1243104385, 1380584122, 2676295027, 1153294548, 3825433068, 1655068582, 3384759492, 3951613230, 3678981815, 4065233453, 1797683669, 1473294777, 613247721, 2025693130, 102176035, 485748164, 315851251, 2539863555, 346448703, 2429285783, 1730891824, 1119219744, 4260256036, 2312095431, 476625960, 1515136208, 297963186, 3615268387, 1610710703, 1961941130, 1940485925, 3768360635, 279981870, 1246329398, 919266458, 2090951033, 1630209310, 4135311616, 876256189, 4087443711, 1678915892, 3296369232, 1368765453, 154279161, 4235525696, 373966614, 3544502697, 3064085902, 3709156902, 3721156591, 2059819414, 1689332147, 3215573380, 3322617103, 1054214691, 1785883914, 4136052562, 3212656114, 4004932432, 333148614, 1710301432, 1645396504, 2745574775, 1901909847, 638879281, 968420646, 1600739748, 3126468123, 2677327081, 4177580441, 56674855, 404526539, 2162301844, 295789464, 3135372554, 3591186181, 2100576976, 4281855190, 842713552, 348416051, 3180103801, 825602543, 261092050, 3882346640, 4232505594, 2335214222, 3471646374, 1774604908, 1435932131, 1077258515, 3191754280, 3143313131, 235669135, 561580124, 1916369358, 3223301530, 3646248891, 3349688300, 2669567260, 1111140459, 2387145236, 2562700040, 1246823173, 157434999, 3267176508, 2498518828, 4210071546, 1715053508, 3381864137, 1672769695, 1582979730, 571778530, 4186497156, 1655877344, 1856215352, 606077811, 2660899271, 2378809292, 3591040879, 4064863006, 2794207809, 3527392775, 1402447841, 2235922069, 2440825290, 3950254923, 1232301686, 3299607219, 2098704363, 1214531431, 4178783918, 2211027123, 1807077677, 802879864, 860797701, 337282081, 2115002882, 1744263535, 3695892721, 3126031437, 1198658914, 4191137128, 2232712329, 1593180184, 3025200123, 1500715844, 4034259322, 157899674, 897962609, 745276696, 3114333931, 441386033, 13), None)
Loaded weights: 56.39170097835268, -0.4667838855016404, -0.6431735183516258, -0.7895901188964981, -3.2915813718054387
events: 
  ----
(3, (3246228338, 1942510807, 1394622644, 1479501462, 2376064306, 2255083, 3527934298, 813449240, 3617823025, 766826649, 784449937, 3668850268, 91909881, 766368414, 308237713, 743790562, 425222721, 1277324736, 2326282651, 492094085, 1470020718, 33429252, 2534273428, 2802120939, 961903361, 1866741770, 3703747796, 3890356222, 1993749602, 3657660870, 1232881443, 3162291836, 1472037643, 3825628815, 4225127613, 447115277, 763871051, 3387544588, 3250805278, 2443803337, 1269483406, 629121730, 3942195494, 402238465, 3464748446, 3676127990, 1780186935, 1346330615, 1271981304, 1723193778, 843556957, 4245866379, 2945754800, 242598467, 904411337, 3581590513, 638737474, 2164750915, 2796492875, 39993776, 354388700, 1626282675, 2147173511, 3655821958, 1991725165, 2560090482, 1633172951, 1270694798, 4270180549, 1222104281, 3336726952, 120484883, 103807380, 499034951, 3076407621, 1272766412, 2317815691, 2014138715, 2319016969, 3220237490, 635491892, 1929568523, 1931816833, 2019355865, 2558298238, 1278330227, 272213326, 1935632639, 2109786929, 3890928733, 3279486602, 1163143905, 1527888620, 2537129607, 3662512312, 2405038011, 737357987, 178119713, 1725495150, 2188359900, 1595987803, 1350085075, 3431181264, 1362889813, 1444614724, 3927626563, 2747792422, 605360131, 603170816, 1613359015, 3767608879, 906299070, 1455248135, 1333364791, 3331752635, 1824553991, 3448356820, 187351348, 3557864399, 4137124392, 3275181082, 3975194402, 2474498932, 2459244465, 3523759993, 2576880032, 1732919569, 3488892996, 134252731, 3709986716, 2115758558, 3872734711, 2775046209, 3939655664, 3946334150, 2239722800, 505225277, 1837599822, 2134906681, 400388832, 3459374961, 3388125979, 618970602, 696563285, 3261241708, 1734810587, 2636988063, 1250255100, 1053729849, 3087231640, 4179614293, 2204072660, 392020473, 2747677888, 3589012835, 858313291, 4241822337, 2679723848, 328598278, 2218288902, 2277825987, 2384785636, 2874636043, 2510466111, 3685007352, 2712437482, 3021467366, 3033471614, 768114284, 606549337, 2772168495, 816663417, 3048429357, 695507256, 2958612797, 4088192300, 200796561, 3362941960, 3421871923, 1085387065, 4170658238, 1930116998, 751657723, 2911617645, 1661621592, 3905776788, 1075461024, 3937045089, 2759089823, 401069702, 2369406281, 1055105524, 23734545, 900217462, 1015952328, 867612701, 3810310006, 2988911290, 3650479897, 715773815, 4055719991, 1993106804, 3874833144, 1906799619, 415341347, 2510695388, 1317104210, 163918525, 3770452307, 1710905145, 3605536801, 1668599159, 2202881130, 3861036618, 1382147030, 3153807328, 2703240167, 1129428141, 2560223801, 2829463721, 85786284, 1011770967, 3850578771, 1317017019, 2423922092, 1637051973, 4150984117, 1133255100, 187966634, 2618952974, 1730448634, 3305233405, 1973522335, 3849977054, 254201055, 890683313, 370107712, 2681921174, 3247182542, 653169993, 378746502, 849762406, 4113441198, 1199380388, 1850357248, 2831233451, 757853447, 3461316460, 2132334776, 3941391372, 3203034822, 3830727908, 723499917, 2356687290, 764237424, 2910453592, 4187514184, 3985940911, 1386807021, 664265229, 2699141543, 3075737378, 1877943529, 1079341508, 1630040214, 1851461964, 3364915415, 3679273152, 1293892126, 4161828800, 1802191456, 1713663154, 3284519020, 3824866154, 3566609725, 1402656225, 472018619, 3467777409, 2834405807, 1751836631, 4001886103, 3595456597, 4029482610, 3971078291, 2915018951, 2013527954, 2655227390, 2930375569, 3975799789, 1221573579, 223469788, 686842942, 2178710666, 3826423339, 336935542, 2197785023, 853765930, 2697242929, 3566562072, 3962885361, 3624264986, 377981794, 942838224, 248655687, 2761450003, 3120437753, 2183047392, 457273652, 1360697013, 2111044523, 2325782590, 2019073911, 3380596196, 3390755690, 323035812, 1111421884, 283248128, 2740490500, 3457458773, 2681621866, 2889643345, 3233221247, 1264435788, 2384322126, 414373791, 1959619818, 3264786201, 462558110, 4148011142, 2834948868, 3322354015, 4074073592, 1028963101, 2373238250, 1415516877, 3626056480, 445603562, 2314454412, 644184028, 3657361099, 1601039842, 1420876773, 2530555241, 1512604917, 754808635, 411616533, 698037160, 2428187234, 2105561035, 131032725, 1454215395, 2941096622, 784018342, 3135563300, 831894409, 4051701847, 3271450310, 2960157950, 2649049597, 679364863, 3341359032, 2487465385, 2282211987, 2028150761, 3596419889, 203816741, 1248373947, 353742268, 879443947, 2167309138, 1841736346, 725121094, 2492569229, 1444078934, 1362530075, 2260226560, 3498399944, 3494509139, 3823581841, 2590226616, 757458211, 1087290078, 1319230357, 3998873527, 1741982686, 886324982, 2424143938, 3533360217, 534859870, 2368783078, 3553482382, 1253105739, 1223324522, 70246454, 4140702103, 1577045891, 989833385, 3679974368, 4276435941, 1980457493, 4244461601, 2597774545, 338576351, 67907107, 1739429170, 938033068, 3946236230, 420733095, 440930457, 139974980, 331535661, 1329292497, 130389753, 282620644, 3920174349, 3366249579, 3605851131, 2482886160, 3488370220, 2628648422, 3811694298, 2829656040, 3098355521, 1095317634, 2616747734, 2159764757, 2985138437, 491683908, 4068570270, 1486192430, 1039033311, 2084614764, 3966514967, 1385216995, 1907764021, 987694208, 2725576139, 83157852, 710292510, 1086019635, 1903030243, 3097758751, 3462090268, 2965908673, 3202350522, 2933998406, 4037029742, 609856793, 3004701893, 2798935425, 2104981125, 3543930802, 4100910510, 1083748323, 70365922, 985002716, 1366981673, 22939082, 3206740240, 2867869750, 893354134, 618593397, 3044489475, 2402648831, 1702089006, 1419131146, 1490606094, 2450161275, 1490354495, 1154221122, 1185669070, 394036120, 1148790332, 971416865, 3113463330, 3670646458, 3358854305, 2530896091, 2513929101, 2362734356, 2108036583, 1755341841, 3064158796, 3690899394, 1582054639, 3885367021, 1482905636, 3491689123, 3889998036, 2572249073, 571690946, 2604228300, 562812444, 2067741173, 1724304255, 165104703, 1008931700, 247955120, 236790148, 3950273597, 2447053458, 2398675428, 4089841689, 1879922450, 1414952153, 3713519071, 3892337498, 882581482, 303608048, 2022438163, 2833173134, 3632292638, 2150964167, 1742129251, 2503621922, 3275742007, 598196884, 1174019469, 4001694329, 3613082977, 2970441751, 943119481, 1148154215, 4079856499, 713552205, 390889399, 2937683291, 378578643, 2199734554, 3690539902, 3703645427, 3854709941, 2528155124, 1360825666, 3417843226, 1725264656, 1300355272, 726434020, 57319610, 568575316, 3234610882, 2535759866, 1805678576, 305586289, 2676459041, 292965493, 2988903331, 3833307455, 2484526954, 1537238414, 4146035822, 1409653429, 265602347, 1043338535, 376889550, 1530782091, 698492109, 1779892689, 3946409272, 2791037166, 3948262465, 3955009272, 2325455276, 470385174, 1188382881, 2735464582, 807931193, 270610219, 3795718028, 166915815, 2466409633, 3773660064, 1574046153, 1878396574, 839398240, 1620248455, 3833385017, 260926178, 2812798902, 3619147254, 182510668, 3124911368, 1403979902, 2558530026, 770128941, 759119510, 3219344668, 2126134846, 2498812335, 2888915467, 2144648114, 3680963921, 2543471131, 3156889699, 1580204635, 4228281902, 3139816440, 1981977123, 2542048042, 1738883913, 2829078091, 938854989, 3550209584, 3501384377, 112852171, 324371489, 2773647917, 140205910, 259909995, 3670682997, 806484531, 621412180, 2626517278, 880847377, 2621246392, 3879672469, 2646014412, 3074670989, 1213297245, 3159609331, 4197009682, 2173422137, 190088017, 1514236176, 506), None)
Loaded weights: 56.44021515792156, -0.2163323016711089, -0.6431735183516258, -0.7895901188964981, -3.266318387022913
events: me found the exit, 
  ----
(3, (1002138964, 3614776255, 1511838046, 4197627576, 1137664123, 1024082802, 1546784303, 3581208949, 4164674367, 1700698449, 876936073, 3254622010, 511783947, 2212876090, 1494339360, 2455836422, 919159812, 1979026719, 520500726, 4246975948, 2466438546, 3295327974, 1445409100, 647224197, 2668299245, 2529983787, 850933629, 3767762151, 2914703862, 1281034827, 57728890, 5703108, 4087280822, 3641571678, 2820356789, 1671911533, 1986286053, 290948666, 3942844731, 3349257740, 374026813, 522888333, 2454666988, 1445724460, 3576343908, 576602456, 31405029, 2604109766, 2646323103, 1888177055, 2212003331, 3838988189, 2028342399, 4270578238, 1619655317, 2808595343, 3641942557, 3463351832, 2072302084, 1542830407, 2820749388, 433580940, 2248379765, 3614218367, 680856780, 1557370679, 2867536696, 3275326867, 2851431353, 2074733786, 1217787053, 1539505653, 3541819710, 3289141171, 1922231422, 3630305574, 3706240339, 629648633, 2234640611, 2596562875, 911452289, 894280850, 703771047, 1905807832, 2544907895, 3200223467, 2069472098, 4188334504, 1298669596, 970925921, 733763340, 3394532770, 197465197, 1328910238, 1167922638, 3984260754, 3883498298, 1437249736, 148934737, 3401304070, 3220413062, 677180524, 451072712, 3134626736, 587020442, 2720396810, 3138351052, 1169137881, 1951108819, 1094744210, 1872338101, 2689509804, 3326050775, 312294156, 938012098, 2800862253, 574859513, 641389594, 3094616611, 1111254169, 864177692, 2805723075, 119111270, 1090637684, 1962595497, 2932007216, 3570896721, 4153345487, 970755193, 3491006900, 3170011383, 1218844133, 2928673926, 2841446160, 2810023469, 1085715765, 1742687077, 1829805401, 1832634976, 4086400943, 3602737590, 1360592463, 2888380065, 3791483508, 2107613896, 4231944288, 2004111375, 434660578, 225966393, 1470125654, 2782141525, 1185976137, 1245936622, 81932800, 2493072207, 2830564532, 1911340675, 1606279501, 1495388680, 4081646323, 755333539, 664430178, 1971469870, 2257054653, 3144345485, 3499120351, 1181617961, 271677335, 672189173, 3149744753, 3514776136, 1643058373, 1565041275, 304525536, 2570786102, 2166443486, 1271871642, 3472509990, 2579722180, 3627501798, 1980298529, 684320276, 1484430367, 2070269664, 2384784194, 866260398, 886957061, 3872760765, 1724700117, 544661351, 567013060, 223182328, 3068479280, 1637065302, 1538580864, 2786333088, 3845768510, 2884780296, 811216202, 452184892, 222601369, 2768122454, 2256423319, 1036530437, 1025957795, 3034272537, 1297664824, 2951678141, 4171243362, 388899554, 3773401394, 249253726, 2849731152, 1495337944, 955538596, 1427495986, 3424698520, 158944891, 711242270, 3745023642, 812401273, 3818411819, 1109095921, 4061415364, 1749732804, 2850639188, 998729166, 1042382593, 3648527672, 697210659, 1102769049, 2685867883, 263634205, 2192169119, 1459029618, 4080816543, 1790178842, 1417868014, 193097025, 365473608, 2595676937, 1669783543, 4057963732, 32268036, 4171080981, 3499848618, 3657697914, 3968774606, 4045199584, 156370479, 1421474295, 1401712372, 2431673846, 1686019141, 4130308939, 3514231634, 2744773187, 4079751379, 2324972573, 2061931706, 2192046799, 1189353502, 1133371535, 1190160814, 645533340, 1447296399, 2852601452, 1891938098, 589471597, 3891961820, 1698576245, 4106766674, 1403201773, 4070347172, 1811043817, 178399261, 3470455168, 1319633419, 166694057, 3601681259, 212091595, 413104556, 1211604761, 381994657, 2993648081, 1956975867, 2510943312, 1196783973, 3837298358, 2158722331, 3272911456, 679162505, 3084020989, 3772890627, 1531900307, 4035236908, 4072867997, 585056545, 3033540434, 3206091699, 2404354562, 1854645398, 1174648410, 1470905477, 3765440730, 3292445843, 3613712161, 2278970116, 2460805528, 748872120, 2495393468, 3004158085, 3685933406, 855192112, 3636170870, 1159275292, 678653923, 3586045689, 2243908375, 3302202906, 3060185726, 540275944, 3933475253, 841523242, 1875642045, 2963568386, 2272444873, 2221755077, 2082473454, 3773427384, 3283889484, 3848263115, 2761926911, 1210603125, 1774140745, 957096358, 1169791572, 1017849691, 364472854, 2844358438, 2714625569, 2777335721, 1391277704, 2905973691, 3010856527, 2897839095, 1247935912, 3561675046, 1037364310, 3041330888, 1453786659, 598163834, 3014693410, 353756746, 1447542075, 1487119130, 2284634059, 1795726550, 2240905541, 2365886298, 2054450459, 2054609851, 2781841950, 3589896738, 2987053588, 3506908386, 4179317105, 1434470044, 1368375270, 3670703084, 4100017751, 4007647569, 2536975051, 3337070429, 448024034, 1697994077, 2794199968, 1294938562, 193024789, 2245605792, 612724591, 717299290, 110278576, 34012012, 1171783222, 1360990761, 51194880, 1660277132, 553781009, 476370281, 2060921671, 2669665848, 3532105412, 3825316669, 3888521353, 2892476030, 2518070145, 923080549, 2212631824, 4198416052, 3326440023, 1243907078, 439347728, 2014966275, 3574518768, 2891451239, 230033514, 3794030002, 753011382, 3365094998, 3320892503, 349081825, 1003367644, 2567035484, 462381399, 2494697719, 1770533999, 1178454482, 1125876491, 3346902109, 902245794, 2666185471, 3333459425, 3905287765, 1923564381, 4054077719, 1414826782, 872684246, 3367275969, 25282727, 65563187, 2451076343, 1151057463, 3968560765, 2994768637, 1888670040, 1431589708, 4123169597, 3079558040, 140850558, 3699096840, 1608121258, 2490989197, 2471444037, 1577709528, 1379181993, 337436873, 2968059076, 704301364, 2779283052, 3683273757, 310229779, 1353558650, 966769855, 595297903, 1758303219, 690066886, 1579915025, 4117695344, 1428782422, 164501114, 3578014252, 766386239, 403316365, 2127162987, 669909318, 2244288682, 1876218697, 1105255894, 3532288819, 173153992, 3667998219, 1432392165, 3335380331, 2179628691, 202272367, 3677848221, 2270857454, 367416702, 1999364058, 3374718610, 3984469613, 3163142323, 1438074091, 1508794234, 3869632527, 3420544308, 4048137893, 2470714169, 310658926, 1265419976, 1992287634, 4074033578, 7138060, 3978803698, 1026758359, 3768131716, 1647355831, 1484442515, 458138020, 3051413846, 2333729082, 1923384212, 2113502003, 4178269243, 2112856324, 2363540638, 94902963, 3184669690, 1549335134, 2055534382, 1803373805, 2655436821, 2671045313, 3217171489, 3043715068, 996066050, 1834916739, 3671990502, 1985769513, 636641504, 3765565951, 1343926602, 1049116900, 2960248357, 978594080, 1834610693, 2395025039, 58143017, 2976617724, 3158676992, 2871548448, 2897279538, 4072197164, 4106021516, 3026978300, 956604874, 2500460257, 2751345199, 4225039935, 2037087693, 2909514638, 3574260731, 3199736876, 67969052, 94660121, 803667546, 4235056587, 1306773039, 3522932610, 3240287663, 4046378231, 917818702, 2353639854, 821758687, 4059670359, 1290460815, 4129332176, 3060939196, 1212006912, 1039533321, 754118047, 1997070509, 4292579035, 758044440, 3567639637, 949047404, 2429739495, 2021326853, 3261378567, 3712163435, 1150792308, 2604827832, 1399186456, 2097932858, 2531406997, 4068586425, 1165293048, 1216128897, 4139835396, 137677006, 1066416388, 1424206831, 1205309698, 2107048861, 2589992907, 4065955909, 3909398803, 3043411553, 3659913159, 1631734869, 1624197062, 370848780, 252436611, 1803779467, 203250202, 953385506, 4288874434, 67487786, 443530545, 68547236, 863616762, 2489619678, 2094552346, 3717022477, 2149622492, 3254031883, 3123915525, 2662119487, 3348298358, 276956358, 1267811001, 2455238654, 219392476, 2288184345, 1876524023, 3738010992, 2281120438, 406751518, 2945647181, 1036838654, 996463102, 2168920822, 2345338155, 205), None)
Loaded weights: 64.46500503544742, 3.624283573618989, -0.6431735183516258, -0.7895901188964981, 4.210409881103502
events: 
  ----
(3, (2243373669, 4008476095, 3341280744, 1051357877, 1419879871, 2906545624, 3416995430, 807113392, 1207957264, 2392638833, 3269101103, 4205453420, 3378618827, 2843225031, 503192418, 1621790430, 989047820, 336362412, 2854472209, 537483942, 604541601, 671620013, 1295839552, 2739543179, 1283738805, 115615360, 1099233529, 611987366, 243361005, 1441588387, 875534388, 4051433370, 1829188616, 3471656886, 2059626526, 3869320730, 3827346784, 503955135, 323100254, 2272885389, 1667199396, 3198799086, 1668494824, 4142853050, 251058950, 228479904, 2664757670, 2312931528, 3011096761, 2365091607, 1535732693, 3431038932, 2599261043, 851837320, 2563172875, 2771176363, 1588132787, 1589243757, 3695181711, 1026623968, 314598103, 1868987669, 2811724214, 1568968732, 1646612840, 953921955, 3768478875, 3007049576, 1513813803, 948398627, 3678215532, 1751985481, 696575029, 1931176183, 4136648344, 2719776659, 218545096, 444217917, 3630493037, 420931074, 2650561191, 2551692658, 1340602166, 1542894966, 724130503, 3240454402, 1768239167, 1062883188, 1665321824, 3728701106, 3563295860, 1336811984, 891191457, 1772244015, 1073912539, 2171104311, 1790554984, 1885290757, 409924308, 3210800583, 907992449, 1426825975, 103148668, 3835591963, 2584418879, 790836338, 2250644352, 1512448909, 1565498701, 572832283, 361713253, 1204110286, 353789912, 1634763215, 3775733284, 1450157238, 2351530188, 988846575, 1300096367, 580903948, 3888897213, 2572328917, 1457297299, 2257042027, 4145056103, 2742666813, 3695669980, 1972844742, 308178426, 2854749345, 1939510434, 339686250, 3854899060, 1995694537, 1383837797, 106426207, 1563963999, 3256946620, 346846964, 1381635345, 1686974745, 753014176, 2334803717, 128232617, 2473887678, 934837027, 2991337053, 2612948063, 779373874, 2751742127, 104669872, 1757576152, 3549083266, 1382468823, 2775952045, 3611960016, 983560663, 476832731, 1364552433, 2204160641, 3857557729, 2360551083, 3530983169, 4182492688, 3719460399, 2369214438, 1858831823, 2687369917, 1349765554, 1345244488, 2033048410, 3487031783, 3413633143, 3521025264, 67572891, 4272232693, 1947779595, 837443032, 4210659558, 277707254, 1360004850, 4249442641, 3413247860, 254197103, 1715549139, 3615877426, 3988123651, 2549733800, 324270247, 3803997991, 4020375535, 2920572409, 2867594988, 1285045397, 1942310678, 1686525587, 1525858311, 867068718, 23379844, 2809750193, 3990626025, 3727842366, 3716355180, 2207133098, 2954667945, 4073255234, 4062667163, 2715634876, 3417813933, 4051718802, 4250832042, 2319515927, 2869067674, 217590420, 1629203616, 3024590770, 3500654142, 2639312150, 1078278330, 536024211, 791919100, 3761996601, 2526618031, 1240039452, 797996884, 3699681297, 231934580, 2836079865, 589530865, 2129797371, 3081325023, 2322746350, 895615304, 2698032479, 2425162400, 849742877, 2765995014, 1578303568, 4031674312, 1563582608, 1102312675, 621925640, 542941532, 2679492185, 2084684409, 3340881708, 1447952961, 1552350929, 4121536613, 4268277092, 2324442097, 1157398094, 3990083709, 3818621315, 1287739919, 3326419219, 3044170773, 3899460325, 2349383111, 4116478384, 2912897977, 3255642246, 3319337677, 4145916462, 2887839911, 104956264, 4279971092, 3955658445, 2371126016, 2296684173, 3431649043, 4264558511, 886053746, 1915052941, 361049113, 2484390009, 1923407565, 3329629534, 2128571070, 1169621705, 1049214302, 634754392, 927340580, 3734500228, 3185825231, 3605726631, 3348301197, 547103116, 3057349447, 3323843718, 2427566471, 3770996681, 3517177469, 338797709, 2339997054, 3126051770, 4041243244, 3243577029, 2934510671, 1847796020, 73317052, 3583108533, 281202958, 1027519397, 3782071467, 719204898, 1526583168, 3567922795, 3460746670, 1169793128, 2608459243, 1190144616, 2556031002, 1161361412, 1574362874, 4000566350, 1843961105, 263490848, 768077533, 1848499614, 968603227, 3962577630, 3632020514, 3294036201, 1745713796, 3269403375, 1683945594, 1208934262, 1702843819, 1744567002, 255403809, 1363967647, 3527389079, 737228283, 1184904030, 2140360807, 2776209769, 525597550, 1392638045, 3707249687, 2864534212, 2289796448, 3657287092, 1285174068, 4121225419, 676142011, 146442399, 3105991318, 2213616817, 2760352861, 2538871510, 4006133878, 3925030168, 1852578974, 1506208075, 2403369664, 3752610506, 3898270943, 1388147911, 33001766, 3535813835, 1083995498, 1823167054, 71129941, 2862782925, 4046024339, 949630559, 1279979242, 25634902, 1746030833, 3921932510, 1105699332, 3452115026, 4279634092, 808220206, 1026703586, 3264469070, 2599762917, 1781458696, 415281642, 1191592954, 2789011829, 3595132774, 410259148, 2917980688, 1356070129, 2988063303, 1818500022, 462027968, 1981129341, 4140050700, 3035735373, 1715420839, 2216699220, 4129150338, 2188386477, 2460284453, 2027737554, 2999500477, 828236163, 3033323251, 152101267, 1537298731, 1587522547, 4274972852, 3156382931, 564092719, 123798441, 3640719994, 813879680, 3695789504, 2074486205, 3674539036, 964358263, 78143756, 4271854159, 3248653262, 1462206133, 346161928, 4027551805, 3672501557, 2308290873, 2313952614, 3131691382, 2457138042, 1800337931, 3178983386, 1351542998, 133826738, 1165988266, 327853838, 1264175213, 1569060515, 846173242, 3650364432, 3776813579, 1382656979, 2795087206, 3463682984, 2235539742, 1662310209, 4063207737, 1692973135, 3215149522, 759322397, 3544446977, 126315249, 2077154662, 4075797519, 1649719166, 2581589322, 130458217, 1497613969, 2238085532, 73752031, 934497298, 3371129772, 2367605863, 3773232453, 830802549, 2322767945, 1599253088, 2813047684, 45218796, 1306788083, 4071417757, 3016800747, 1631820296, 2505858126, 1702211128, 737011075, 2415475284, 2102366534, 2410909143, 2206824761, 1094375924, 3183868179, 3229548878, 2137624995, 3376469812, 204222058, 2341287561, 899036089, 2575659944, 1110920765, 3925349213, 351280701, 2100688634, 2337213233, 3765399977, 3426900199, 2504693874, 1182266606, 3381195245, 743945593, 3172471618, 1626635657, 2042567173, 4085821309, 773876697, 933860112, 1826057683, 870368575, 3609838607, 3095514588, 2024737009, 2657861455, 543204515, 1274669175, 168059827, 1914823981, 734528794, 7979032, 24815426, 2049544818, 3952349894, 1773808024, 3185486324, 48389890, 3277516301, 3171018925, 3816087003, 2769806280, 1909468577, 2625575509, 21847186, 4031448748, 3706557175, 3441700811, 1323309582, 1756012213, 3073747378, 1401050164, 547601094, 2392599701, 2462358859, 3593859015, 1401832483, 2719147432, 2112159267, 1401761219, 2925207512, 2972697176, 804130079, 2490240755, 976523760, 3373500324, 3326272915, 3301831967, 568713770, 633920077, 861346851, 3304847928, 2771111370, 3925523458, 2583857715, 1558951730, 1409301503, 894607263, 1439440332, 2759914475, 3828151255, 3648399317, 4092523237, 2886313371, 256462955, 1301931067, 1334338073, 809594300, 777321054, 785508878, 4161120919, 1107290551, 910130562, 727187459, 1673098674, 3325943457, 711129545, 3584602228, 2917749119, 1906573340, 3938421859, 2896906817, 2020572123, 2086815717, 2996374586, 3967646064, 293334820, 3028692566, 2231551163, 878377142, 2712650699, 1873030669, 2488481861, 1245987815, 502196551, 1472451344, 2881557707, 3587755075, 3486114048, 3869956049, 975060033, 1130261103, 1969080599, 3672468107, 2480676050, 3704722615, 2438508346, 3321203790, 2651348229, 2763267919, 2764513775, 375007263, 790887572, 2189432466, 888094328, 904803110, 3134942595, 976262324, 953765336, 2576502187, 4139669753, 1587352295, 1232589768, 158), None)
Loaded weights: 64.117576332721, -1.3114908675034553, -0.6431735183516258, -0.7895901188964981, -5.789590118896498
events: 
  ----
(3, (2243373669, 4008476095, 3341280744, 1051357877, 1419879871, 2906545624, 3416995430, 807113392, 1207957264, 2392638833, 3269101103, 4205453420, 3378618827, 2843225031, 503192418, 1621790430, 989047820, 336362412, 2854472209, 537483942, 604541601, 671620013, 1295839552, 2739543179, 1283738805, 115615360, 1099233529, 611987366, 243361005, 1441588387, 875534388, 4051433370, 1829188616, 3471656886, 2059626526, 3869320730, 3827346784, 503955135, 323100254, 2272885389, 1667199396, 3198799086, 1668494824, 4142853050, 251058950, 228479904, 2664757670, 2312931528, 3011096761, 2365091607, 1535732693, 3431038932, 2599261043, 851837320, 2563172875, 2771176363, 1588132787, 1589243757, 3695181711, 1026623968, 314598103, 1868987669, 2811724214, 1568968732, 1646612840, 953921955, 3768478875, 3007049576, 1513813803, 948398627, 3678215532, 1751985481, 696575029, 1931176183, 4136648344, 2719776659, 218545096, 444217917, 3630493037, 420931074, 2650561191, 2551692658, 1340602166, 1542894966, 724130503, 3240454402, 1768239167, 1062883188, 1665321824, 3728701106, 3563295860, 1336811984, 891191457, 1772244015, 1073912539, 2171104311, 1790554984, 1885290757, 409924308, 3210800583, 907992449, 1426825975, 103148668, 3835591963, 2584418879, 790836338, 2250644352, 1512448909, 1565498701, 572832283, 361713253, 1204110286, 353789912, 1634763215, 3775733284, 1450157238, 2351530188, 988846575, 1300096367, 580903948, 3888897213, 2572328917, 1457297299, 2257042027, 4145056103, 2742666813, 3695669980, 1972844742, 308178426, 2854749345, 1939510434, 339686250, 3854899060, 1995694537, 1383837797, 106426207, 1563963999, 3256946620, 346846964, 1381635345, 1686974745, 753014176, 2334803717, 128232617, 2473887678, 934837027, 2991337053, 2612948063, 779373874, 2751742127, 104669872, 1757576152, 3549083266, 1382468823, 2775952045, 3611960016, 983560663, 476832731, 1364552433, 2204160641, 3857557729, 2360551083, 3530983169, 4182492688, 3719460399, 2369214438, 1858831823, 2687369917, 1349765554, 1345244488, 2033048410, 3487031783, 3413633143, 3521025264, 67572891, 4272232693, 1947779595, 837443032, 4210659558, 277707254, 1360004850, 4249442641, 3413247860, 254197103, 1715549139, 3615877426, 3988123651, 2549733800, 324270247, 3803997991, 4020375535, 2920572409, 2867594988, 1285045397, 1942310678, 1686525587, 1525858311, 867068718, 23379844, 2809750193, 3990626025, 3727842366, 3716355180, 2207133098, 2954667945, 4073255234, 4062667163, 2715634876, 3417813933, 4051718802, 4250832042, 2319515927, 2869067674, 217590420, 1629203616, 3024590770, 3500654142, 2639312150, 1078278330, 536024211, 791919100, 3761996601, 2526618031, 1240039452, 797996884, 3699681297, 231934580, 2836079865, 589530865, 2129797371, 3081325023, 2322746350, 895615304, 2698032479, 2425162400, 849742877, 2765995014, 1578303568, 4031674312, 1563582608, 1102312675, 621925640, 542941532, 2679492185, 2084684409, 3340881708, 1447952961, 1552350929, 4121536613, 4268277092, 2324442097, 1157398094, 3990083709, 3818621315, 1287739919, 3326419219, 3044170773, 3899460325, 2349383111, 4116478384, 2912897977, 3255642246, 3319337677, 4145916462, 2887839911, 104956264, 4279971092, 3955658445, 2371126016, 2296684173, 3431649043, 4264558511, 886053746, 1915052941, 361049113, 2484390009, 1923407565, 3329629534, 2128571070, 1169621705, 1049214302, 634754392, 927340580, 3734500228, 3185825231, 3605726631, 3348301197, 547103116, 3057349447, 3323843718, 2427566471, 3770996681, 3517177469, 338797709, 2339997054, 3126051770, 4041243244, 3243577029, 2934510671, 1847796020, 73317052, 3583108533, 281202958, 1027519397, 3782071467, 719204898, 1526583168, 3567922795, 3460746670, 1169793128, 2608459243, 1190144616, 2556031002, 1161361412, 1574362874, 4000566350, 1843961105, 263490848, 768077533, 1848499614, 968603227, 3962577630, 3632020514, 3294036201, 1745713796, 3269403375, 1683945594, 1208934262, 1702843819, 1744567002, 255403809, 1363967647, 3527389079, 737228283, 1184904030, 2140360807, 2776209769, 525597550, 1392638045, 3707249687, 2864534212, 2289796448, 3657287092, 1285174068, 4121225419, 676142011, 146442399, 3105991318, 2213616817, 2760352861, 2538871510, 4006133878, 3925030168, 1852578974, 1506208075, 2403369664, 3752610506, 3898270943, 1388147911, 33001766, 3535813835, 1083995498, 1823167054, 71129941, 2862782925, 4046024339, 949630559, 1279979242, 25634902, 1746030833, 3921932510, 1105699332, 3452115026, 4279634092, 808220206, 1026703586, 3264469070, 2599762917, 1781458696, 415281642, 1191592954, 2789011829, 3595132774, 410259148, 2917980688, 1356070129, 2988063303, 1818500022, 462027968, 1981129341, 4140050700, 3035735373, 1715420839, 2216699220, 4129150338, 2188386477, 2460284453, 2027737554, 2999500477, 828236163, 3033323251, 152101267, 1537298731, 1587522547, 4274972852, 3156382931, 564092719, 123798441, 3640719994, 813879680, 3695789504, 2074486205, 3674539036, 964358263, 78143756, 4271854159, 3248653262, 1462206133, 346161928, 4027551805, 3672501557, 2308290873, 2313952614, 3131691382, 2457138042, 1800337931, 3178983386, 1351542998, 133826738, 1165988266, 327853838, 1264175213, 1569060515, 846173242, 3650364432, 3776813579, 1382656979, 2795087206, 3463682984, 2235539742, 1662310209, 4063207737, 1692973135, 3215149522, 759322397, 3544446977, 126315249, 2077154662, 4075797519, 1649719166, 2581589322, 130458217, 1497613969, 2238085532, 73752031, 934497298, 3371129772, 2367605863, 3773232453, 830802549, 2322767945, 1599253088, 2813047684, 45218796, 1306788083, 4071417757, 3016800747, 1631820296, 2505858126, 1702211128, 737011075, 2415475284, 2102366534, 2410909143, 2206824761, 1094375924, 3183868179, 3229548878, 2137624995, 3376469812, 204222058, 2341287561, 899036089, 2575659944, 1110920765, 3925349213, 351280701, 2100688634, 2337213233, 3765399977, 3426900199, 2504693874, 1182266606, 3381195245, 743945593, 3172471618, 1626635657, 2042567173, 4085821309, 773876697, 933860112, 1826057683, 870368575, 3609838607, 3095514588, 2024737009, 2657861455, 543204515, 1274669175, 168059827, 1914823981, 734528794, 7979032, 24815426, 2049544818, 3952349894, 1773808024, 3185486324, 48389890, 3277516301, 3171018925, 3816087003, 2769806280, 1909468577, 2625575509, 21847186, 4031448748, 3706557175, 3441700811, 1323309582, 1756012213, 3073747378, 1401050164, 547601094, 2392599701, 2462358859, 3593859015, 1401832483, 2719147432, 2112159267, 1401761219, 2925207512, 2972697176, 804130079, 2490240755, 976523760, 3373500324, 3326272915, 3301831967, 568713770, 633920077, 861346851, 3304847928, 2771111370, 3925523458, 2583857715, 1558951730, 1409301503, 894607263, 1439440332, 2759914475, 3828151255, 3648399317, 4092523237, 2886313371, 256462955, 1301931067, 1334338073, 809594300, 777321054, 785508878, 4161120919, 1107290551, 910130562, 727187459, 1673098674, 3325943457, 711129545, 3584602228, 2917749119, 1906573340, 3938421859, 2896906817, 2020572123, 2086815717, 2996374586, 3967646064, 293334820, 3028692566, 2231551163, 878377142, 2712650699, 1873030669, 2488481861, 1245987815, 502196551, 1472451344, 2881557707, 3587755075, 3486114048, 3869956049, 975060033, 1130261103, 1969080599, 3672468107, 2480676050, 3704722615, 2438508346, 3321203790, 2651348229, 2763267919, 2764513775, 375007263, 790887572, 2189432466, 888094328, 904803110, 3134942595, 976262324, 953765336, 2576502187, 4139669753, 1587352295, 1232589768, 307), None)
Loaded weights: 64.1513327551841, -1.9697362441720634, -0.6431735183516258, -0.7895901188964981, -5.789590118896498
events: me found the exit, 
  ----
(3, (2527223762, 3512421449, 4143998982, 127186163, 529518463, 1047841304, 110256811, 3710980924, 576997044, 3657084135, 2050233247, 616077888, 4248204476, 2461419633, 1274241746, 3330069018, 863817121, 2293314779, 2929458972, 1252948545, 3660301244, 842824616, 2023894695, 632257456, 2330438265, 807850437, 2828322469, 205320659, 3635427461, 2808914880, 1748177691, 1903792822, 1644769905, 1860899585, 2013879136, 798334995, 3831757754, 3493145407, 2074711954, 600183553, 3117237009, 3217686876, 3192444099, 611302082, 4108355817, 1803732124, 4216130998, 3992338334, 204963669, 4081807300, 1569612428, 647087465, 993507258, 213133456, 3428349795, 2938047383, 858930933, 3010597575, 1764477154, 1485298200, 598032946, 4079826334, 1598505595, 3143633149, 3661087342, 250361110, 1529613400, 3119631289, 2011685459, 2655926109, 2357050483, 412524171, 3320883868, 279313103, 1207940418, 1003277474, 461774870, 917749584, 229747445, 708011167, 2356469751, 412772920, 3837496719, 2159031254, 2870968840, 3626769273, 2250789906, 1939221389, 3337070596, 2126631943, 451077650, 147389374, 1303832417, 1967891797, 217456310, 858467674, 1756357040, 543214611, 1000396158, 2733876118, 3392306081, 4036647235, 2238178699, 3819220688, 994506730, 821283071, 590505238, 254718885, 4038452515, 228894882, 58852676, 1098046363, 2746520459, 1118267967, 1090508609, 107806846, 3305790314, 3315585050, 4208713920, 3277289241, 1753175745, 4035224596, 1494320103, 1602297025, 734039578, 3409205926, 186364354, 2505059496, 2370956829, 2307280125, 3606186818, 4291208305, 2895206965, 3634361944, 756477634, 3826712004, 28523800, 3301578735, 585180956, 2105264020, 1174359795, 1049589493, 2805864616, 1513582108, 1821348502, 822175145, 4214852591, 3277072490, 2973630840, 2316113660, 4062435455, 3976769118, 3521000606, 2927280068, 1492258123, 12366348, 840338680, 1482209701, 45765548, 3071660957, 2337347701, 3311496384, 694812356, 1397848099, 2729924644, 924538349, 2062631780, 3291496770, 660485839, 1896810902, 4050330165, 3438422360, 1186705446, 4124758172, 1583322674, 2734372973, 785011566, 371509360, 738183497, 4004896216, 2379146686, 2953950158, 1936899863, 3683395882, 3246225658, 1132003999, 865310479, 2898463593, 449810294, 44355160, 3749276935, 3790613792, 2051435054, 230186813, 182736989, 3688234705, 2374241746, 1257643045, 2539317440, 3089460411, 3302505172, 3138995829, 2383345621, 665597146, 1132086496, 2739235453, 632516425, 641074050, 3944494491, 2726220514, 1299226478, 2423567235, 3631499343, 2486815007, 3202673206, 2114582272, 1636541983, 3802303183, 2719876334, 578285528, 332274880, 3899962556, 1546489302, 2388293121, 1106557998, 410294237, 3304780139, 1580936309, 1999301867, 1977383990, 1118671108, 1161744347, 3071549544, 1322575867, 493528557, 806000823, 3069390031, 1108551803, 1243720200, 1156005394, 2151588597, 1541223036, 1353614825, 3562314818, 2871120717, 1555320547, 4259689974, 2046273361, 1292379418, 2766965632, 1204896919, 621213336, 3638797787, 1476189053, 3054948741, 453092944, 1246926445, 3074424103, 198684270, 2915968882, 267224898, 2213372633, 1411085572, 729494326, 2467687307, 1143210264, 3475891384, 4284940945, 1655766725, 1090847637, 3262182858, 2928182608, 3415786885, 1753688933, 2129980285, 3966607596, 3497025899, 585226195, 2638410962, 611543317, 509534780, 3623582577, 2153050709, 4106970317, 1091510475, 2481650427, 147442398, 2712685390, 2418270173, 2383883879, 1376441286, 737058191, 3724302223, 1586548455, 3839371876, 261611365, 1743519968, 1107396235, 1871121937, 3353343938, 2741352650, 262069701, 3160090031, 2990045852, 1675404865, 550456629, 2574173045, 3948394784, 2051455500, 1880083365, 3821545186, 2805168645, 3132123003, 2831367023, 1152372138, 689657427, 2031850135, 2500436387, 1071519089, 3361967251, 1129559098, 1623720103, 3355975153, 480861426, 2550656443, 1234151747, 2264189997, 1636131243, 3278349358, 468960964, 1376395584, 2337378558, 4228113117, 6454457, 2851056457, 2063702344, 1108170005, 3003795893, 4127619407, 4142545641, 110798991, 738276763, 1612716516, 1724948432, 145878296, 1737364560, 3754402386, 2962188358, 1003472613, 314281612, 686128378, 1597576342, 3154269417, 3203429816, 2465230280, 3800550264, 1688440397, 648282622, 4282215650, 486143119, 3100757229, 457394149, 2130763953, 2380972321, 626397305, 3886320876, 1532932321, 1161616088, 2475617874, 2480922823, 985972510, 1248730815, 1317691903, 2737811704, 3721201691, 2423778655, 1585396689, 2268376059, 3781752491, 4066186595, 611088289, 869704440, 1283896682, 618717680, 2839148290, 2193620560, 3240615494, 2257970709, 1734544673, 302770754, 2418088538, 1218475944, 889931591, 33532325, 469819851, 4144299266, 224485759, 1896336820, 223635782, 3319098240, 676991114, 3934752376, 347888971, 296560436, 3510448838, 3795375617, 1947069651, 2706282627, 3897613070, 1565924855, 1062701867, 3976198900, 2261568123, 835168137, 176427665, 2048839313, 4030710237, 3576196227, 1090475489, 2386308203, 3497669502, 1309824750, 2256606826, 3300815983, 2790904319, 2313641773, 3496089808, 3341106829, 2577829536, 2278270034, 2601017395, 4105178990, 3128074336, 158956865, 3484450392, 455102637, 2972844113, 709448378, 3538641676, 821465904, 874948956, 1436026574, 1641567209, 2921479502, 1376503312, 2027225417, 529564011, 3014750744, 2573135619, 1354922867, 1420924906, 4099796921, 449293075, 532737883, 1172474492, 1398620477, 2858134234, 2882952057, 2230647358, 723894419, 561885899, 247430191, 1901225281, 151624809, 3796757354, 2327922210, 877064982, 2324729042, 694674784, 3696281591, 3551002984, 3582335982, 3261413591, 623491509, 426429355, 3403835724, 3302165287, 2708290713, 27696386, 2666902254, 3409113318, 1976924294, 398663556, 2990637484, 449528918, 3634827695, 2471812111, 2470621701, 1792174802, 2872240552, 1641971471, 4029551100, 4192782641, 954075, 3790277424, 2344775902, 3838983752, 1656492715, 1620050019, 3494644749, 3353619795, 4262213949, 1592914484, 2351990661, 3351176052, 192912298, 3981151131, 2729092824, 1274149495, 541896732, 3777979968, 1093910727, 2471995738, 903676903, 2491040301, 3841903377, 2432203421, 326892615, 2471189078, 443814662, 3055685845, 3058948992, 4000807274, 4040899861, 44509378, 1470270791, 815894118, 1560223728, 1760481474, 285661738, 2846010949, 169708635, 815698006, 120088032, 993871706, 2287271216, 2160089451, 4072756278, 1086961099, 176046405, 3220092035, 473443462, 3890536451, 3928237361, 3356748123, 458741411, 843730565, 3091070570, 809169330, 1139064840, 2617926204, 3128561831, 454709158, 4060713516, 3045889133, 2903670711, 2835049444, 3517701712, 2713165336, 2001415159, 3950818701, 1549535356, 2617135333, 2365667079, 1839616351, 1237465997, 1210497850, 515513937, 992692404, 2001267939, 3285908036, 4047939868, 2089921169, 1399001740, 2169754271, 2178521450, 3733078711, 36775104, 2428833014, 3301987559, 312935254, 1571649591, 129549898, 3281657184, 1072203747, 2298728538, 1413743389, 2727533510, 3234501991, 623746282, 70619163, 3414996896, 1954914321, 2809405901, 3536002724, 3094284250, 523754109, 3374344672, 764079679, 2765601480, 1730682375, 1701481971, 869382411, 3926212171, 3470435730, 369658927, 3136373502, 1184280966, 3856284837, 2278820370, 4018913752, 2065454034, 2502819866, 3228030223, 3705829673, 2106856626, 2523851868, 3443085312, 1422709060, 2697646413, 3819451654, 3930511463, 3552515302, 103829142, 78), None)
Loaded weights: 70.8620537031266, 2.094276250530927, -0.6431735183516258, -0.7895901188964981, 4.210409881103502
events: me was killed by stupid, 
  ----
(3, (2527223762, 3512421449, 4143998982, 127186163, 529518463, 1047841304, 110256811, 3710980924, 576997044, 3657084135, 2050233247, 616077888, 4248204476, 2461419633, 1274241746, 3330069018, 863817121, 2293314779, 2929458972, 1252948545, 3660301244, 842824616, 2023894695, 632257456, 2330438265, 807850437, 2828322469, 205320659, 3635427461, 2808914880, 1748177691, 1903792822, 1644769905, 1860899585, 2013879136, 798334995, 3831757754, 3493145407, 2074711954, 600183553, 3117237009, 3217686876, 3192444099, 611302082, 4108355817, 1803732124, 4216130998, 3992338334, 204963669, 4081807300, 1569612428, 647087465, 993507258, 213133456, 3428349795, 2938047383, 858930933, 3010597575, 1764477154, 1485298200, 598032946, 4079826334, 1598505595, 3143633149, 3661087342, 250361110, 1529613400, 3119631289, 2011685459, 2655926109, 2357050483, 412524171, 3320883868, 279313103, 1207940418, 1003277474, 461774870, 917749584, 229747445, 708011167, 2356469751, 412772920, 3837496719, 2159031254, 2870968840, 3626769273, 2250789906, 1939221389, 3337070596, 2126631943, 451077650, 147389374, 1303832417, 1967891797, 217456310, 858467674, 1756357040, 543214611, 1000396158, 2733876118, 3392306081, 4036647235, 2238178699, 3819220688, 994506730, 821283071, 590505238, 254718885, 4038452515, 228894882, 58852676, 1098046363, 2746520459, 1118267967, 1090508609, 107806846, 3305790314, 3315585050, 4208713920, 3277289241, 1753175745, 4035224596, 1494320103, 1602297025, 734039578, 3409205926, 186364354, 2505059496, 2370956829, 2307280125, 3606186818, 4291208305, 2895206965, 3634361944, 756477634, 3826712004, 28523800, 3301578735, 585180956, 2105264020, 1174359795, 1049589493, 2805864616, 1513582108, 1821348502, 822175145, 4214852591, 3277072490, 2973630840, 2316113660, 4062435455, 3976769118, 3521000606, 2927280068, 1492258123, 12366348, 840338680, 1482209701, 45765548, 3071660957, 2337347701, 3311496384, 694812356, 1397848099, 2729924644, 924538349, 2062631780, 3291496770, 660485839, 1896810902, 4050330165, 3438422360, 1186705446, 4124758172, 1583322674, 2734372973, 785011566, 371509360, 738183497, 4004896216, 2379146686, 2953950158, 1936899863, 3683395882, 3246225658, 1132003999, 865310479, 2898463593, 449810294, 44355160, 3749276935, 3790613792, 2051435054, 230186813, 182736989, 3688234705, 2374241746, 1257643045, 2539317440, 3089460411, 3302505172, 3138995829, 2383345621, 665597146, 1132086496, 2739235453, 632516425, 641074050, 3944494491, 2726220514, 1299226478, 2423567235, 3631499343, 2486815007, 3202673206, 2114582272, 1636541983, 3802303183, 2719876334, 578285528, 332274880, 3899962556, 1546489302, 2388293121, 1106557998, 410294237, 3304780139, 1580936309, 1999301867, 1977383990, 1118671108, 1161744347, 3071549544, 1322575867, 493528557, 806000823, 3069390031, 1108551803, 1243720200, 1156005394, 2151588597, 1541223036, 1353614825, 3562314818, 2871120717, 1555320547, 4259689974, 2046273361, 1292379418, 2766965632, 1204896919, 621213336, 3638797787, 1476189053, 3054948741, 453092944, 1246926445, 3074424103, 198684270, 2915968882, 267224898, 2213372633, 1411085572, 729494326, 2467687307, 1143210264, 3475891384, 4284940945, 1655766725, 1090847637, 3262182858, 2928182608, 3415786885, 1753688933, 2129980285, 3966607596, 3497025899, 585226195, 2638410962, 611543317, 509534780, 3623582577, 2153050709, 4106970317, 1091510475, 2481650427, 147442398, 2712685390, 2418270173, 2383883879, 1376441286, 737058191, 3724302223, 1586548455, 3839371876, 261611365, 1743519968, 1107396235, 1871121937, 3353343938, 2741352650, 262069701, 3160090031, 2990045852, 1675404865, 550456629, 2574173045, 3948394784, 2051455500, 1880083365, 3821545186, 2805168645, 3132123003, 2831367023, 1152372138, 689657427, 2031850135, 2500436387, 1071519089, 3361967251, 1129559098, 1623720103, 3355975153, 480861426, 2550656443, 1234151747, 2264189997, 1636131243, 3278349358, 468960964, 1376395584, 2337378558, 4228113117, 6454457, 2851056457, 2063702344, 1108170005, 3003795893, 4127619407, 4142545641, 110798991, 738276763, 1612716516, 1724948432, 145878296, 1737364560, 3754402386, 2962188358, 1003472613, 314281612, 686128378, 1597576342, 3154269417, 3203429816, 2465230280, 3800550264, 1688440397, 648282622, 4282215650, 486143119, 3100757229, 457394149, 2130763953, 2380972321, 626397305, 3886320876, 1532932321, 1161616088, 2475617874, 2480922823, 985972510, 1248730815, 1317691903, 2737811704, 3721201691, 2423778655, 1585396689, 2268376059, 3781752491, 4066186595, 611088289, 869704440, 1283896682, 618717680, 2839148290, 2193620560, 3240615494, 2257970709, 1734544673, 302770754, 2418088538, 1218475944, 889931591, 33532325, 469819851, 4144299266, 224485759, 1896336820, 223635782, 3319098240, 676991114, 3934752376, 347888971, 296560436, 3510448838, 3795375617, 1947069651, 2706282627, 3897613070, 1565924855, 1062701867, 3976198900, 2261568123, 835168137, 176427665, 2048839313, 4030710237, 3576196227, 1090475489, 2386308203, 3497669502, 1309824750, 2256606826, 3300815983, 2790904319, 2313641773, 3496089808, 3341106829, 2577829536, 2278270034, 2601017395, 4105178990, 3128074336, 158956865, 3484450392, 455102637, 2972844113, 709448378, 3538641676, 821465904, 874948956, 1436026574, 1641567209, 2921479502, 1376503312, 2027225417, 529564011, 3014750744, 2573135619, 1354922867, 1420924906, 4099796921, 449293075, 532737883, 1172474492, 1398620477, 2858134234, 2882952057, 2230647358, 723894419, 561885899, 247430191, 1901225281, 151624809, 3796757354, 2327922210, 877064982, 2324729042, 694674784, 3696281591, 3551002984, 3582335982, 3261413591, 623491509, 426429355, 3403835724, 3302165287, 2708290713, 27696386, 2666902254, 3409113318, 1976924294, 398663556, 2990637484, 449528918, 3634827695, 2471812111, 2470621701, 1792174802, 2872240552, 1641971471, 4029551100, 4192782641, 954075, 3790277424, 2344775902, 3838983752, 1656492715, 1620050019, 3494644749, 3353619795, 4262213949, 1592914484, 2351990661, 3351176052, 192912298, 3981151131, 2729092824, 1274149495, 541896732, 3777979968, 1093910727, 2471995738, 903676903, 2491040301, 3841903377, 2432203421, 326892615, 2471189078, 443814662, 3055685845, 3058948992, 4000807274, 4040899861, 44509378, 1470270791, 815894118, 1560223728, 1760481474, 285661738, 2846010949, 169708635, 815698006, 120088032, 993871706, 2287271216, 2160089451, 4072756278, 1086961099, 176046405, 3220092035, 473443462, 3890536451, 3928237361, 3356748123, 458741411, 843730565, 3091070570, 809169330, 1139064840, 2617926204, 3128561831, 454709158, 4060713516, 3045889133, 2903670711, 2835049444, 3517701712, 2713165336, 2001415159, 3950818701, 1549535356, 2617135333, 2365667079, 1839616351, 1237465997, 1210497850, 515513937, 992692404, 2001267939, 3285908036, 4047939868, 2089921169, 1399001740, 2169754271, 2178521450, 3733078711, 36775104, 2428833014, 3301987559, 312935254, 1571649591, 129549898, 3281657184, 1072203747, 2298728538, 1413743389, 2727533510, 3234501991, 623746282, 70619163, 3414996896, 1954914321, 2809405901, 3536002724, 3094284250, 523754109, 3374344672, 764079679, 2765601480, 1730682375, 1701481971, 869382411, 3926212171, 3470435730, 369658927, 3136373502, 1184280966, 3856284837, 2278820370, 4018913752, 2065454034, 2502819866, 3228030223, 3705829673, 2106856626, 2523851868, 3443085312, 1422709060, 2697646413, 3819451654, 3930511463, 3552515302, 103829142, 252), None)
Loaded weights: 70.7952117130661, -2.1577532131203423, -0.6431735183516258, -0.7895901188964981, -5.789590118896498
events: 
  ----
(3, (2527223762, 3512421449, 4143998982, 127186163, 529518463, 1047841304, 110256811, 3710980924, 576997044, 3657084135, 2050233247, 616077888, 4248204476, 2461419633, 1274241746, 3330069018, 863817121, 2293314779, 2929458972, 1252948545, 3660301244, 842824616, 2023894695, 632257456, 2330438265, 807850437, 2828322469, 205320659, 3635427461, 2808914880, 1748177691, 1903792822, 1644769905, 1860899585, 2013879136, 798334995, 3831757754, 3493145407, 2074711954, 600183553, 3117237009, 3217686876, 3192444099, 611302082, 4108355817, 1803732124, 4216130998, 3992338334, 204963669, 4081807300, 1569612428, 647087465, 993507258, 213133456, 3428349795, 2938047383, 858930933, 3010597575, 1764477154, 1485298200, 598032946, 4079826334, 1598505595, 3143633149, 3661087342, 250361110, 1529613400, 3119631289, 2011685459, 2655926109, 2357050483, 412524171, 3320883868, 279313103, 1207940418, 1003277474, 461774870, 917749584, 229747445, 708011167, 2356469751, 412772920, 3837496719, 2159031254, 2870968840, 3626769273, 2250789906, 1939221389, 3337070596, 2126631943, 451077650, 147389374, 1303832417, 1967891797, 217456310, 858467674, 1756357040, 543214611, 1000396158, 2733876118, 3392306081, 4036647235, 2238178699, 3819220688, 994506730, 821283071, 590505238, 254718885, 4038452515, 228894882, 58852676, 1098046363, 2746520459, 1118267967, 1090508609, 107806846, 3305790314, 3315585050, 4208713920, 3277289241, 1753175745, 4035224596, 1494320103, 1602297025, 734039578, 3409205926, 186364354, 2505059496, 2370956829, 2307280125, 3606186818, 4291208305, 2895206965, 3634361944, 756477634, 3826712004, 28523800, 3301578735, 585180956, 2105264020, 1174359795, 1049589493, 2805864616, 1513582108, 1821348502, 822175145, 4214852591, 3277072490, 2973630840, 2316113660, 4062435455, 3976769118, 3521000606, 2927280068, 1492258123, 12366348, 840338680, 1482209701, 45765548, 3071660957, 2337347701, 3311496384, 694812356, 1397848099, 2729924644, 924538349, 2062631780, 3291496770, 660485839, 1896810902, 4050330165, 3438422360, 1186705446, 4124758172, 1583322674, 2734372973, 785011566, 371509360, 738183497, 4004896216, 2379146686, 2953950158, 1936899863, 3683395882, 3246225658, 1132003999, 865310479, 2898463593, 449810294, 44355160, 3749276935, 3790613792, 2051435054, 230186813, 182736989, 3688234705, 2374241746, 1257643045, 2539317440, 3089460411, 3302505172, 3138995829, 2383345621, 665597146, 1132086496, 2739235453, 632516425, 641074050, 3944494491, 2726220514, 1299226478, 2423567235, 3631499343, 2486815007, 3202673206, 2114582272, 1636541983, 3802303183, 2719876334, 578285528, 332274880, 3899962556, 1546489302, 2388293121, 1106557998, 410294237, 3304780139, 1580936309, 1999301867, 1977383990, 1118671108, 1161744347, 3071549544, 1322575867, 493528557, 806000823, 3069390031, 1108551803, 1243720200, 1156005394, 2151588597, 1541223036, 1353614825, 3562314818, 2871120717, 1555320547, 4259689974, 2046273361, 1292379418, 2766965632, 1204896919, 621213336, 3638797787, 1476189053, 3054948741, 453092944, 1246926445, 3074424103, 198684270, 2915968882, 267224898, 2213372633, 1411085572, 729494326, 2467687307, 1143210264, 3475891384, 4284940945, 1655766725, 1090847637, 3262182858, 2928182608, 3415786885, 1753688933, 2129980285, 3966607596, 3497025899, 585226195, 2638410962, 611543317, 509534780, 3623582577, 2153050709, 4106970317, 1091510475, 2481650427, 147442398, 2712685390, 2418270173, 2383883879, 1376441286, 737058191, 3724302223, 1586548455, 3839371876, 261611365, 1743519968, 1107396235, 1871121937, 3353343938, 2741352650, 262069701, 3160090031, 2990045852, 1675404865, 550456629, 2574173045, 3948394784, 2051455500, 1880083365, 3821545186, 2805168645, 3132123003, 2831367023, 1152372138, 689657427, 2031850135, 2500436387, 1071519089, 3361967251, 1129559098, 1623720103, 3355975153, 480861426, 2550656443, 1234151747, 2264189997, 1636131243, 3278349358, 468960964, 1376395584, 2337378558, 4228113117, 6454457, 2851056457, 2063702344, 1108170005, 3003795893, 4127619407, 4142545641, 110798991, 738276763, 1612716516, 1724948432, 145878296, 1737364560, 3754402386, 2962188358, 1003472613, 314281612, 686128378, 1597576342, 3154269417, 3203429816, 2465230280, 3800550264, 1688440397, 648282622, 4282215650, 486143119, 3100757229, 457394149, 2130763953, 2380972321, 626397305, 3886320876, 1532932321, 1161616088, 2475617874, 2480922823, 985972510, 1248730815, 1317691903, 2737811704, 3721201691, 2423778655, 1585396689, 2268376059, 3781752491, 4066186595, 611088289, 869704440, 1283896682, 618717680, 2839148290, 2193620560, 3240615494, 2257970709, 1734544673, 302770754, 2418088538, 1218475944, 889931591, 33532325, 469819851, 4144299266, 224485759, 1896336820, 223635782, 3319098240, 676991114, 3934752376, 347888971, 296560436, 3510448838, 3795375617, 1947069651, 2706282627, 3897613070, 1565924855, 1062701867, 3976198900, 2261568123, 835168137, 176427665, 2048839313, 4030710237, 3576196227, 1090475489, 2386308203, 3497669502, 1309824750, 2256606826, 3300815983, 2790904319, 2313641773, 3496089808, 3341106829, 2577829536, 2278270034, 2601017395, 4105178990, 3128074336, 158956865, 3484450392, 455102637, 2972844113, 709448378, 3538641676, 821465904, 874948956, 1436026574, 1641567209, 2921479502, 1376503312, 2027225417, 529564011, 3014750744, 2573135619, 1354922867, 1420924906, 4099796921, 449293075, 532737883, 1172474492, 1398620477, 2858134234, 2882952057, 2230647358, 723894419, 561885899, 247430191, 1901225281, 151624809, 3796757354, 2327922210, 877064982, 2324729042, 694674784, 3696281591, 3551002984, 3582335982, 3261413591, 623491509, 426429355, 3403835724, 3302165287, 2708290713, 27696386, 2666902254, 3409113318, 1976924294, 398663556, 2990637484, 449528918, 3634827695, 2471812111, 2470621701, 1792174802, 2872240552, 1641971471, 4029551100, 4192782641, 954075, 3790277424, 2344775902, 3838983752, 1656492715, 1620050019, 3494644749, 3353619795, 4262213949, 1592914484, 2351990661, 3351176052, 192912298, 3981151131, 2729092824, 1274149495, 541896732, 3777979968, 1093910727, 2471995738, 903676903, 2491040301, 3841903377, 2432203421, 326892615, 2471189078, 443814662, 3055685845, 3058948992, 4000807274, 4040899861, 44509378, 1470270791, 815894118, 1560223728, 1760481474, 285661738, 2846010949, 169708635, 815698006, 120088032, 993871706, 2287271216, 2160089451, 4072756278, 1086961099, 176046405, 3220092035, 473443462, 3890536451, 3928237361, 3356748123, 458741411, 843730565, 3091070570, 809169330, 1139064840, 2617926204, 3128561831, 454709158, 4060713516, 3045889133, 2903670711, 2835049444, 3517701712, 2713165336, 2001415159, 3950818701, 1549535356, 2617135333, 2365667079, 1839616351, 1237465997, 1210497850, 515513937, 992692404, 2001267939, 3285908036, 4047939868, 2089921169, 1399001740, 2169754271, 2178521450, 3733078711, 36775104, 2428833014, 3301987559, 312935254, 1571649591, 129549898, 3281657184, 1072203747, 2298728538, 1413743389, 2727533510, 3234501991, 623746282, 70619163, 3414996896, 1954914321, 2809405901, 3536002724, 3094284250, 523754109, 3374344672, 764079679, 2765601480, 1730682375, 1701481971, 869382411, 3926212171, 3470435730, 369658927, 3136373502, 1184280966, 3856284837, 2278820370, 4018913752, 2065454034, 2502819866, 3228030223, 3705829673, 2106856626, 2523851868, 3443085312, 1422709060, 2697646413, 3819451654, 3930511463, 3552515302, 103829142, 444), None)
Loaded weights: 70.88253336597467, -6.196543529545433, -0.6431735183516258, -0.7895901188964981, -5.789590118896498
events: me found the exit, 
  ----
(3, (2618007587, 1964500468, 113389341, 3815244763, 1947419952, 2092484585, 1894278937, 392066482, 3297389326, 3511359224, 1165254664, 3243612430, 48375833, 4203625330, 474649215, 3385960523, 659937228, 3584571000, 3738912665, 3464436651, 3234209424, 4102192796, 768344453, 1640648747, 2697404686, 1573700323, 2561112465, 2964668980, 1274912241, 3087864677, 2158681641, 1035143546, 2835609213, 1106512924, 768656931, 3230248144, 519891633, 4280378352, 2630376746, 3015413022, 4105319879, 3774608946, 3698627784, 3390637540, 2210618336, 2660654322, 3737065426, 3510608047, 466385917, 60914646, 784750447, 972496267, 561848101, 3826381211, 2251572315, 680656978, 325528212, 874441571, 3722150669, 3145905180, 1045895209, 895685071, 2669305767, 305918233, 399109646, 1313639499, 425972186, 1142777280, 2602780970, 2125698936, 1715243483, 1446201102, 2762411994, 4159985589, 896680555, 3038737985, 2923020665, 3971662482, 3091847231, 2955689, 1260951261, 3277082827, 3555915780, 975997482, 2785741713, 3474560887, 3999106511, 2303069583, 4177378725, 4118466716, 3105070424, 3634484447, 1204548436, 4247479954, 3395112305, 2965467333, 92775697, 206095763, 172883711, 861665931, 2915548754, 2759105833, 116194682, 2115194288, 1793732745, 638022296, 3917924924, 3442589933, 1326756314, 1164964012, 487157102, 2681573816, 4236778351, 3194848925, 700482986, 2467630471, 2514998868, 3858803697, 1137701168, 2595828948, 4200174962, 1012093500, 2038179736, 894466606, 1706797406, 709682697, 3852500317, 116735760, 3301210560, 4140111750, 3493379017, 962765345, 620175101, 3482532499, 800683789, 3472516909, 1190281556, 2405279078, 369571268, 895913337, 501463573, 1914084608, 462769311, 2837017530, 3866603830, 1922533410, 568741718, 1933717506, 1479831899, 2340211336, 1672936736, 2133431943, 3109244077, 1544696460, 225552079, 2203300101, 2980521894, 973324437, 25825206, 4190310645, 3048595816, 2149853771, 3741095989, 656029240, 1171275079, 2108126497, 1230293216, 1012630792, 2827521787, 1903090450, 2146847739, 1868822573, 740662868, 3463986125, 678075489, 909583223, 3137064931, 3027995286, 3589137804, 230838248, 3154520633, 3677083373, 1574270390, 2404451693, 3961796355, 3213641333, 3073497146, 2233694448, 1803584689, 2153086183, 2350506077, 142396737, 948903986, 3030380847, 2750816521, 3850344940, 1551866257, 1606691835, 4068997014, 2169311465, 3281622797, 3541963588, 1111088239, 3778918393, 3177159925, 2028159189, 1585619534, 3599918760, 312952471, 3615383658, 168415046, 4125964604, 3872453488, 1815345248, 3781751675, 456078169, 1603675440, 1899996553, 4176810859, 3588654907, 812970465, 2337174553, 3590589070, 2877299419, 3241762899, 1291820171, 2153160560, 3122041228, 1782006054, 71526257, 3564371579, 2505341470, 4059320695, 812192149, 2760429159, 697148225, 1128441460, 2787176443, 307502475, 423786919, 3317762971, 3010071434, 4191568490, 2870008395, 284772973, 2193090083, 3676715590, 572978585, 512692176, 2609227698, 3858404996, 2623384909, 286879937, 4158893748, 2207070374, 1410312726, 2084352970, 3540780118, 177415724, 3069874277, 1238099585, 590324784, 771068546, 2949578976, 2769284647, 1827896765, 1682797333, 991707467, 2164747368, 1701915576, 1029664373, 1112609552, 3787697922, 1512090500, 269945616, 3729997487, 1477007067, 2419392501, 2351178310, 2495981323, 3589142583, 1134655363, 2196081571, 2594884508, 1772343244, 3362985023, 1126615936, 679050801, 3475484664, 4283861333, 1831079879, 3682796721, 285631079, 4015102973, 2325324686, 2996780575, 3744925160, 2869697763, 2020568091, 3018788128, 1230915761, 1043286178, 3730060464, 1893444995, 1544826641, 1986292905, 2435056439, 2547939593, 4109405425, 552359620, 2171181494, 870102844, 2540926535, 4098048030, 1575724067, 3190381089, 1150474909, 336019986, 3963288639, 1622086456, 2540763689, 3416819385, 1742163741, 2624919350, 204242557, 2881591174, 1652479210, 1336303104, 2033289236, 3490939593, 841571238, 566400919, 4037527486, 2754673907, 4158663226, 957824836, 2045217653, 1302739469, 2667362586, 1311285286, 3345424536, 2979352822, 4205839156, 562510521, 651629467, 3355650927, 2907851300, 2375213932, 540285918, 2791045518, 2133871634, 3337770026, 3938572292, 713722069, 4016421312, 3766565980, 4093653557, 828197081, 2625546537, 3896494886, 3235652492, 3245123736, 738321639, 1782417413, 930246291, 2212173003, 197269796, 2234775131, 789924322, 22949307, 569316403, 1443669826, 1286048457, 2553358402, 1735460983, 2774284839, 32951088, 3871843638, 2312285226, 3239775792, 1377942278, 1161894494, 2861265877, 308852272, 3297416328, 377914844, 203067157, 314448794, 3889823553, 147831247, 4038624883, 1516828650, 1638899439, 1192561363, 1797610139, 1493958710, 240796733, 3685804439, 1671937625, 3119928763, 37881557, 2046530623, 2538103875, 288051617, 3736932878, 3708322807, 449480632, 3220014330, 2901494897, 3874415681, 702708624, 1449519320, 2547027643, 1165828866, 1216920460, 4198397313, 215164804, 2649121552, 555663435, 3726934819, 3397961918, 2273195777, 2918087292, 2268959624, 1432759651, 4050060241, 2029928092, 1117871171, 466629546, 1549746575, 4181810152, 1988981805, 1468022918, 2632472853, 751434915, 1443992733, 2820052197, 4148727675, 3531914314, 3955894434, 2747617283, 765033746, 2193252953, 3537449085, 1812474899, 3151871731, 2209669563, 2359659610, 1478298741, 3325959303, 3188701659, 3190320556, 3164420850, 3373930914, 1335229002, 3396246426, 4277641549, 3307547536, 818442733, 865288333, 3106936569, 3230726680, 85057803, 1794373551, 4050480146, 1526270693, 683397441, 3776860896, 1755353637, 1706597999, 457752982, 695120037, 2483399964, 2630320632, 4252402742, 156621066, 3568113178, 4286549071, 184757736, 4189137949, 2639773296, 3156550239, 4098358331, 2728431457, 3908809029, 3438234955, 1254087702, 1262007926, 421724559, 2625775791, 3037343821, 2477168681, 3300040678, 138650102, 3448158805, 3570445047, 2295647423, 193392215, 4273866971, 1956231693, 2835573599, 1203726846, 1780728608, 3094752739, 957410790, 1365095485, 520436183, 2885868956, 2659163595, 341485580, 3468324893, 367916021, 222952246, 1462890088, 3487952446, 1564063409, 1119893997, 2913879303, 2412610187, 601389739, 3153510239, 3987161653, 1652700101, 1742695494, 3004979869, 1091338482, 664013621, 1790792160, 2861957450, 3676065080, 2065094067, 3983596522, 797849910, 37234405, 1738332392, 653047065, 4014263577, 3980391115, 3849649886, 824126601, 4213237152, 1715727475, 2256347036, 2670427483, 1611523657, 262544282, 4073586663, 3989984912, 3445609982, 2463870083, 4199122471, 281714968, 2996974420, 1419459849, 3355010219, 2417912509, 780212988, 1329979170, 2780427610, 1360031879, 2062923445, 2734019907, 955874786, 2190710527, 3590878079, 234356380, 2990721346, 2939938250, 2033597243, 2940512192, 1062163520, 3000528722, 1327455736, 1674043985, 3246218672, 1558125324, 3829781626, 148911992, 2551896404, 832823403, 1028062224, 370391112, 3887726679, 764236623, 1889883070, 3905856527, 406971339, 1070656886, 573590372, 2618903237, 3999252960, 1393313189, 1656222317, 2188770384, 2946671674, 543065976, 1014214527, 3761020168, 3543789272, 659125041, 1637251451, 625420287, 2995415264, 2725949932, 3020037440, 3615787577, 900279092, 2767159511, 915625657, 614208814, 769922943, 111046073, 3812522316, 531539206, 2955827839, 3010100811, 3956255844, 3131337435, 2754773209, 1269996375, 2763242758, 2229216882, 2753847367, 2572625139, 586), None)
Loaded weights: 75.45563189263329, -3.198225873214864, -0.6431735183516258, -0.7895901188964981, 4.210409881103502
events: me found the exit, 
  ----
(3, (2705005421, 4191033608, 290120841, 2018223181, 3736028948, 909436688, 444885880, 4244113289, 3048016011, 2020652988, 2672248957, 1955129506, 3685349880, 4275012208, 3951397922, 3296355677, 1873360958, 3203246239, 67717259, 1823484108, 3886505054, 4008734806, 2009668585, 3672856633, 1888544431, 951416427, 3748082322, 2844808004, 1953053372, 2711871831, 477681918, 2522445899, 1017464705, 1990297638, 1456054853, 2180416769, 2742610157, 1655558710, 265048594, 1262960345, 2268427362, 3166631470, 2395384400, 3794075123, 1657951083, 3991267760, 592335093, 3102122290, 3121414936, 232749779, 156676672, 3517657912, 1832801429, 1679633193, 3932253573, 3039735736, 1243471052, 4168125203, 2544877972, 953458054, 1184633768, 2790125281, 3817212126, 3000295934, 2126384354, 161483238, 1224557903, 4244424839, 631292249, 2192385395, 3389518183, 2062751176, 2269775210, 3640217724, 2867444570, 1511128447, 3936018609, 945477878, 3494634753, 1748102571, 1205671157, 1660572138, 2762434824, 391809895, 1117870395, 442600963, 2131442041, 227401544, 3058836741, 372642490, 3194023110, 2059860005, 2719456230, 1227630122, 1389269140, 528088497, 2540663776, 1370027509, 1417013101, 2654409622, 3233026076, 3184031334, 1267735765, 92193732, 1421660338, 1591780926, 1206287690, 1587197195, 1944734827, 293703520, 2749896000, 2033393827, 3529825181, 2589602504, 2238694889, 1203376156, 3174632271, 2919372454, 1348807899, 1072493396, 4085771289, 3010695495, 963659708, 2301324272, 1636401646, 3378167220, 614855630, 2440980093, 980290353, 3598771726, 2936320047, 568671979, 1709007022, 3049447146, 1392859299, 1291262364, 93779030, 748634634, 2773959546, 2025693388, 3560225867, 1907812430, 630429012, 2283486523, 520628322, 2525902903, 2794087770, 3575606843, 169377502, 2199290231, 1263414540, 1224655735, 4241667525, 1710876063, 2288765253, 3933315207, 2425515420, 3342623600, 905400856, 1952180808, 2522839768, 1406077343, 43871131, 3239385289, 86957836, 475208082, 2629719163, 1531217117, 1967166229, 347167840, 25340163, 1864692753, 292555513, 4067601071, 818630198, 3412724438, 972695322, 2878058358, 440286456, 1666085305, 4236078289, 4142949263, 2936263170, 3529267022, 3504155565, 3156405322, 1864167223, 2624430393, 1911335587, 3343229754, 3806739209, 1048042365, 526254733, 648831419, 565414227, 2508230266, 882858354, 2531352561, 4193304531, 3300381734, 2309199018, 724414512, 2396985362, 2788231134, 3225302858, 2647341511, 2301854392, 1683558100, 4231772684, 1890438295, 2652445769, 1174089473, 1384507678, 2220416541, 3523298506, 3438635988, 3191457565, 358376213, 1083280649, 721249355, 638312456, 3476063646, 2272929509, 1562885616, 2074630376, 2752458751, 3294391349, 3558915070, 1659312751, 2726013803, 853645634, 1063116656, 4144553733, 2445851796, 825648886, 2483837873, 4066930846, 1332082279, 3777062062, 1614925034, 2809825205, 2540612887, 150648999, 3202166231, 650046289, 1771722152, 2762728159, 3907050422, 3811746703, 87314603, 231554624, 2702503440, 54829361, 2661396161, 3281487439, 1249338201, 2284184444, 1496402920, 338460838, 3242722334, 1731615294, 1077111556, 2517697905, 1761062689, 2380061751, 2766297927, 3485576867, 2276901462, 3456525298, 157396405, 3272373371, 1379108074, 2163588210, 725996925, 247959226, 1325471914, 2630727158, 1329898339, 46223458, 2663389265, 2630164535, 1914378379, 4168862326, 1053571882, 1161933267, 4131169364, 3051393601, 1628423252, 1089346196, 203210722, 102617977, 2939522318, 2801824967, 229741704, 1018947415, 1245397933, 1310956509, 792262581, 1661244248, 2062389741, 3354326061, 2244190466, 3144981345, 1570260966, 2590006909, 1104237637, 3134611952, 2762859090, 848067208, 2752751059, 1320472825, 3490730695, 1614818828, 2297846711, 2341585543, 1293154452, 473281459, 292889094, 177303993, 816272941, 3052459433, 3089991621, 289633834, 1215429633, 1145585206, 625642776, 3118742678, 4230796310, 214501341, 310685958, 2358720720, 1827615597, 2515560600, 1008101463, 34679465, 3591452942, 2925142713, 2895530445, 505901232, 4057418705, 3264256691, 4164404339, 2389786015, 928658013, 319501262, 114035145, 2032501474, 2745033206, 2690542976, 1189634485, 2857517541, 350842348, 85412097, 320286510, 3779000403, 3647382260, 388428477, 942888036, 1442503544, 95646056, 3581184678, 2618104335, 3772869953, 2267509696, 3027925168, 3770044392, 3811371838, 2210273466, 3893448268, 2892803986, 2736615066, 2689818073, 2593565718, 1278890430, 1589232631, 1256397638, 2960479212, 262634265, 678642799, 2512545862, 1197041840, 69648496, 2739272607, 3000444888, 2357141918, 2868028749, 2097473413, 1018901927, 2392876455, 2747897981, 2887869244, 2901516452, 2798726180, 807684585, 2009236678, 3949265364, 2690750580, 3914974960, 3939986963, 3378100556, 1468518511, 2724711624, 452399833, 379891229, 1543986770, 1465614116, 2092479428, 856521270, 479175024, 4227002314, 4184777506, 1111350319, 3734797771, 1264104177, 947530534, 931477857, 3384185522, 727837683, 2288855603, 2048550610, 4229679844, 2000991341, 3592308670, 3341090588, 928673478, 2240782493, 2096089816, 2219543935, 2617942056, 2994714086, 1149177111, 3959297801, 179807634, 1180683318, 3596186693, 1899511969, 2449554421, 4149953132, 807287632, 2591027648, 3532939412, 1247069497, 1016152885, 1362452939, 2444889267, 2554547467, 1823449702, 3540899565, 1965505282, 1098205911, 36932390, 635880849, 3229754158, 2744553744, 4044879411, 2224323094, 3236511395, 4086108523, 3214725097, 1922589862, 4051747224, 3937805996, 947720377, 3403597463, 3138503626, 1819557073, 1355736474, 1243774584, 1018843903, 90101868, 862111066, 750534111, 670668116, 3658522820, 2890544947, 3378784386, 3817023059, 1212983476, 80005313, 1307541001, 1505464113, 549243021, 2184156214, 1699777281, 2790153618, 1903390381, 3839123237, 4071582246, 3615149964, 1436331400, 3089912810, 4018508740, 3770911676, 1879720790, 1960191986, 325367154, 3584715329, 1700511945, 2977425715, 226277634, 1218077058, 1003908906, 3392323204, 3225797381, 4276275618, 2487974998, 2294380191, 1257397773, 943082637, 1177436839, 3979506191, 1139100744, 3718533984, 2450679134, 2526785491, 4169578173, 2210606526, 3639845603, 1741750404, 603167671, 3798631757, 3572649578, 2043999630, 3466921548, 1337898956, 3922077213, 1337145629, 3534091400, 3897395102, 1610039655, 1797270035, 3450290918, 3653629928, 2300054916, 785582081, 2619780315, 1267002473, 1007595414, 295138396, 1573936348, 1658789201, 2293189961, 2609837798, 4114346056, 379989963, 2868854421, 1179549029, 3546234710, 1749606747, 4117693926, 1354893, 1561929628, 3591349059, 51396124, 757813655, 1535740579, 891707031, 2655765117, 2641345521, 830604061, 3026465321, 1584239704, 1313882798, 1549183961, 3933058691, 117838865, 2789914932, 654522353, 4019558291, 3520501695, 775292404, 1954848050, 2921809982, 1503341626, 3455216752, 2457634749, 43547145, 2791255375, 3576704262, 464795401, 404681482, 1273710759, 380156812, 796154722, 2505881276, 2161285698, 442173395, 3295457044, 185143218, 2546896305, 2007622093, 472461657, 3784094144, 3036526883, 3549518598, 1864378668, 2625298710, 3397491190, 1795118238, 861216884, 3348198046, 1207760775, 467551152, 3933494604, 4251815642, 1923600885, 515709170, 2232972083, 375966439, 750731519, 680567259, 3185581368, 3844470734, 4229659237, 4228299357, 4215780245, 1737694671, 1731236751, 1344298448, 3028873895, 1917573840, 3168273466, 1053172594, 1777640733, 308), None)
Loaded weights: 83.88561052905139, 1.174736792603973, -0.6431735183516258, -0.7895901188964981, 4.210409881103502
events: 
  ----
(3, (2705005421, 4191033608, 290120841, 2018223181, 3736028948, 909436688, 444885880, 4244113289, 3048016011, 2020652988, 2672248957, 1955129506, 3685349880, 4275012208, 3951397922, 3296355677, 1873360958, 3203246239, 67717259, 1823484108, 3886505054, 4008734806, 2009668585, 3672856633, 1888544431, 951416427, 3748082322, 2844808004, 1953053372, 2711871831, 477681918, 2522445899, 1017464705, 1990297638, 1456054853, 2180416769, 2742610157, 1655558710, 265048594, 1262960345, 2268427362, 3166631470, 2395384400, 3794075123, 1657951083, 3991267760, 592335093, 3102122290, 3121414936, 232749779, 156676672, 3517657912, 1832801429, 1679633193, 3932253573, 3039735736, 1243471052, 4168125203, 2544877972, 953458054, 1184633768, 2790125281, 3817212126, 3000295934, 2126384354, 161483238, 1224557903, 4244424839, 631292249, 2192385395, 3389518183, 2062751176, 2269775210, 3640217724, 2867444570, 1511128447, 3936018609, 945477878, 3494634753, 1748102571, 1205671157, 1660572138, 2762434824, 391809895, 1117870395, 442600963, 2131442041, 227401544, 3058836741, 372642490, 3194023110, 2059860005, 2719456230, 1227630122, 1389269140, 528088497, 2540663776, 1370027509, 1417013101, 2654409622, 3233026076, 3184031334, 1267735765, 92193732, 1421660338, 1591780926, 1206287690, 1587197195, 1944734827, 293703520, 2749896000, 2033393827, 3529825181, 2589602504, 2238694889, 1203376156, 3174632271, 2919372454, 1348807899, 1072493396, 4085771289, 3010695495, 963659708, 2301324272, 1636401646, 3378167220, 614855630, 2440980093, 980290353, 3598771726, 2936320047, 568671979, 1709007022, 3049447146, 1392859299, 1291262364, 93779030, 748634634, 2773959546, 2025693388, 3560225867, 1907812430, 630429012, 2283486523, 520628322, 2525902903, 2794087770, 3575606843, 169377502, 2199290231, 1263414540, 1224655735, 4241667525, 1710876063, 2288765253, 3933315207, 2425515420, 3342623600, 905400856, 1952180808, 2522839768, 1406077343, 43871131, 3239385289, 86957836, 475208082, 2629719163, 1531217117, 1967166229, 347167840, 25340163, 1864692753, 292555513, 4067601071, 818630198, 3412724438, 972695322, 2878058358, 440286456, 1666085305, 4236078289, 4142949263, 2936263170, 3529267022, 3504155565, 3156405322, 1864167223, 2624430393, 1911335587, 3343229754, 3806739209, 1048042365, 526254733, 648831419, 565414227, 2508230266, 882858354, 2531352561, 4193304531, 3300381734, 2309199018, 724414512, 2396985362, 2788231134, 3225302858, 2647341511, 2301854392, 1683558100, 4231772684, 1890438295, 2652445769, 1174089473, 1384507678, 2220416541, 3523298506, 3438635988, 3191457565, 358376213, 1083280649, 721249355, 638312456, 3476063646, 2272929509, 1562885616, 2074630376, 2752458751, 3294391349, 3558915070, 1659312751, 2726013803, 853645634, 1063116656, 4144553733, 2445851796, 825648886, 2483837873, 4066930846, 1332082279, 3777062062, 1614925034, 2809825205, 2540612887, 150648999, 3202166231, 650046289, 1771722152, 2762728159, 3907050422, 3811746703, 87314603, 231554624, 2702503440, 54829361, 2661396161, 3281487439, 1249338201, 2284184444, 1496402920, 338460838, 3242722334, 1731615294, 1077111556, 2517697905, 1761062689, 2380061751, 2766297927, 3485576867, 2276901462, 3456525298, 157396405, 3272373371, 1379108074, 2163588210, 725996925, 247959226, 1325471914, 2630727158, 1329898339, 46223458, 2663389265, 2630164535, 1914378379, 4168862326, 1053571882, 1161933267, 4131169364, 3051393601, 1628423252, 1089346196, 203210722, 102617977, 2939522318, 2801824967, 229741704, 1018947415, 1245397933, 1310956509, 792262581, 1661244248, 2062389741, 3354326061, 2244190466, 3144981345, 1570260966, 2590006909, 1104237637, 3134611952, 2762859090, 848067208, 2752751059, 1320472825, 3490730695, 1614818828, 2297846711, 2341585543, 1293154452, 473281459, 292889094, 177303993, 816272941, 3052459433, 3089991621, 289633834, 1215429633, 1145585206, 625642776, 3118742678, 4230796310, 214501341, 310685958, 2358720720, 1827615597, 2515560600, 1008101463, 34679465, 3591452942, 2925142713, 2895530445, 505901232, 4057418705, 3264256691, 4164404339, 2389786015, 928658013, 319501262, 114035145, 2032501474, 2745033206, 2690542976, 1189634485, 2857517541, 350842348, 85412097, 320286510, 3779000403, 3647382260, 388428477, 942888036, 1442503544, 95646056, 3581184678, 2618104335, 3772869953, 2267509696, 3027925168, 3770044392, 3811371838, 2210273466, 3893448268, 2892803986, 2736615066, 2689818073, 2593565718, 1278890430, 1589232631, 1256397638, 2960479212, 262634265, 678642799, 2512545862, 1197041840, 69648496, 2739272607, 3000444888, 2357141918, 2868028749, 2097473413, 1018901927, 2392876455, 2747897981, 2887869244, 2901516452, 2798726180, 807684585, 2009236678, 3949265364, 2690750580, 3914974960, 3939986963, 3378100556, 1468518511, 2724711624, 452399833, 379891229, 1543986770, 1465614116, 2092479428, 856521270, 479175024, 4227002314, 4184777506, 1111350319, 3734797771, 1264104177, 947530534, 931477857, 3384185522, 727837683, 2288855603, 2048550610, 4229679844, 2000991341, 3592308670, 3341090588, 928673478, 2240782493, 2096089816, 2219543935, 2617942056, 2994714086, 1149177111, 3959297801, 179807634, 1180683318, 3596186693, 1899511969, 2449554421, 4149953132, 807287632, 2591027648, 3532939412, 1247069497, 1016152885, 1362452939, 2444889267, 2554547467, 1823449702, 3540899565, 1965505282, 1098205911, 36932390, 635880849, 3229754158, 2744553744, 4044879411, 2224323094, 3236511395, 4086108523, 3214725097, 1922589862, 4051747224, 3937805996, 947720377, 3403597463, 3138503626, 1819557073, 1355736474, 1243774584, 1018843903, 90101868, 862111066, 750534111, 670668116, 3658522820, 2890544947, 3378784386, 3817023059, 1212983476, 80005313, 1307541001, 1505464113, 549243021, 2184156214, 1699777281, 2790153618, 1903390381, 3839123237, 4071582246, 3615149964, 1436331400, 3089912810, 4018508740, 3770911676, 1879720790, 1960191986, 325367154, 3584715329, 1700511945, 2977425715, 226277634, 1218077058, 1003908906, 3392323204, 3225797381, 4276275618, 2487974998, 2294380191, 1257397773, 943082637, 1177436839, 3979506191, 1139100744, 3718533984, 2450679134, 2526785491, 4169578173, 2210606526, 3639845603, 1741750404, 603167671, 3798631757, 3572649578, 2043999630, 3466921548, 1337898956, 3922077213, 1337145629, 3534091400, 3897395102, 1610039655, 1797270035, 3450290918, 3653629928, 2300054916, 785582081, 2619780315, 1267002473, 1007595414, 295138396, 1573936348, 1658789201, 2293189961, 2609837798, 4114346056, 379989963, 2868854421, 1179549029, 3546234710, 1749606747, 4117693926, 1354893, 1561929628, 3591349059, 51396124, 757813655, 1535740579, 891707031, 2655765117, 2641345521, 830604061, 3026465321, 1584239704, 1313882798, 1549183961, 3933058691, 117838865, 2789914932, 654522353, 4019558291, 3520501695, 775292404, 1954848050, 2921809982, 1503341626, 3455216752, 2457634749, 43547145, 2791255375, 3576704262, 464795401, 404681482, 1273710759, 380156812, 796154722, 2505881276, 2161285698, 442173395, 3295457044, 185143218, 2546896305, 2007622093, 472461657, 3784094144, 3036526883, 3549518598, 1864378668, 2625298710, 3397491190, 1795118238, 861216884, 3348198046, 1207760775, 467551152, 3933494604, 4251815642, 1923600885, 515709170, 2232972083, 375966439, 750731519, 680567259, 3185581368, 3844470734, 4229659237, 4228299357, 4215780245, 1737694671, 1731236751, 1344298448, 3028873895, 1917573840, 3168273466, 1053172594, 1777640733, 426), None)
Loaded weights: 83.78041323915009, -0.6262621942691802, -0.6431735183516258, -0.7895901188964981, -5.789590118896498
events: me found the exit, 
  ----
(3, (2512308852, 997895304, 1819597749, 2026927077, 4185767744, 397748069, 2983206150, 2681825992, 727917818, 3927156517, 1229524583, 828071308, 2224369394, 2360108339, 3104333406, 2840125908, 3441874529, 3816177596, 31272199, 4200938653, 1545196504, 1786844952, 3462887953, 492505452, 4061577095, 4188921591, 2481772222, 1299116952, 207020265, 852731559, 376406405, 1532015415, 2301587957, 4128468202, 1913513302, 3255001403, 923346221, 3518979404, 3448991506, 2442887620, 2835626363, 2004708984, 1920286694, 989198846, 2091266529, 4097760144, 1296445778, 3434908991, 1201946813, 1745156934, 4225257329, 2595266967, 3933433756, 2919992635, 2138149453, 2777468232, 111567942, 3133150969, 3640538325, 3819386743, 2040747716, 3462384518, 737285209, 2397030377, 3999670879, 2232091329, 1839731211, 1892225977, 4096401079, 2898636278, 928773276, 1059016778, 1763864658, 1712724215, 3636229055, 2344375763, 2252197055, 493319532, 611610248, 1499798774, 2033287233, 379026501, 2672462693, 3789788019, 3028598611, 614643797, 1670800549, 611319759, 979920880, 4226033990, 381986539, 3329294975, 822787741, 2437618592, 2033311171, 3950260812, 2178320755, 3353633947, 478100665, 3052429903, 1002437626, 1303861126, 264493280, 1657014747, 346438709, 3921772577, 1979722079, 1579114312, 2626403302, 2570419263, 2942533251, 2282525084, 184769475, 915218468, 540558406, 1513121304, 3306384909, 1738639713, 3882929943, 587754349, 407034527, 996746074, 661007951, 2460894650, 4032762032, 730205289, 1595049389, 2340487819, 3263583514, 2168050133, 459266850, 3668129737, 1159081490, 2611623581, 3957116456, 3675164099, 2673323137, 1014540732, 3765992637, 4170580627, 1154866097, 56540918, 3235213982, 760940896, 450945421, 3368797259, 113047434, 1403654308, 847040241, 602500067, 1848176178, 3475573606, 513492982, 2636773616, 2972272384, 2655425933, 1619922852, 2010183835, 1638170503, 1040835579, 1856304749, 86621923, 2281717670, 4143144367, 1346640017, 3641169996, 2835110248, 1237667798, 224311841, 1065573738, 2308570406, 2116362800, 1910993463, 1985192687, 1362204761, 4074396595, 1281293185, 2163044876, 986910654, 2779675838, 1143974999, 2192688135, 1922702510, 3917010435, 368721538, 4163796168, 3091872545, 1956795186, 2742045663, 4062227080, 39842421, 2645474859, 495979955, 4269315515, 384398948, 3150126457, 646292996, 912372784, 226214719, 3635096387, 2669101550, 1838209175, 1615700891, 2811128123, 2417089467, 1598522092, 2555959846, 3278918620, 2482603873, 2293835273, 2129482860, 1059733096, 3080429358, 1099957182, 3684346066, 590455967, 800979760, 1162267654, 1999745391, 1956048331, 1084805440, 2325085821, 3659213919, 1335883428, 936846106, 3319834039, 65337570, 2110125980, 3008350690, 889460500, 1736350813, 1542545437, 1599174959, 3914018429, 215480271, 1381440693, 346680521, 2044312624, 1098628089, 237034999, 1578337127, 1685959378, 791594976, 124850966, 3619362152, 2323672247, 2383761734, 3028824768, 2970849170, 3363956017, 231833188, 716988352, 1878374728, 1798284614, 2975724267, 138678615, 1581974355, 477741526, 2079633720, 4206124266, 3591035240, 3759003441, 795870836, 2834299881, 449232944, 863701148, 3527467247, 3456567426, 2865039485, 3405493508, 1407990667, 2094854104, 949256689, 1244001807, 3946578282, 1237490246, 2527992360, 4206421824, 215489888, 1025068888, 1309585825, 1129084790, 4209692893, 3171814512, 2178827475, 453430570, 2468402525, 1507089294, 3360789623, 2985577786, 2571436398, 619620579, 3285436549, 3942470015, 3436970672, 1244881798, 575760115, 114933040, 2606835811, 3554523803, 620218486, 470716112, 3849352736, 302338910, 3834081169, 958357104, 187952607, 544718085, 2643861107, 1628984262, 1357056719, 3299125333, 3117491537, 3210097977, 1122370437, 2910457590, 4083071045, 2323951336, 1193941430, 3002754198, 1414883485, 831547094, 1447328915, 2750584424, 3577815575, 9249522, 3420850244, 3839084747, 1156910853, 159925384, 2377851058, 509479033, 784467157, 3992980692, 1964491727, 1387141733, 1450633222, 3765487323, 703562923, 4081296965, 3550376642, 4261964374, 2559954921, 3432445930, 4258217306, 3689025126, 851876758, 1215163487, 3239420767, 2873605730, 3638227788, 1809581295, 571317246, 4135930203, 3878835185, 270376091, 2636151783, 832747166, 3631910781, 1873570625, 1285819205, 44353623, 2560439331, 3312095449, 1277398600, 2448296226, 3108572878, 819821719, 1432938815, 2438710739, 3833206611, 1470871430, 2933320852, 2968037038, 1994104071, 709256967, 4247938736, 3810131162, 3318234949, 2100818862, 2671417544, 964889104, 3341616737, 649174891, 3147897570, 2251209882, 3109865975, 4043076705, 3452289538, 3725626936, 2693500413, 53251715, 404573287, 2468158219, 2088226620, 1567520283, 1261420050, 1710947056, 445251222, 2200709855, 1734362251, 2235736554, 1619049570, 1650283688, 2873150878, 76502620, 3156787621, 1248361711, 3209212898, 237849919, 292456651, 2747052216, 76191087, 2759274162, 4134043485, 2276131462, 1050210222, 2673989555, 3768814914, 597551297, 483557202, 1038505403, 3629212407, 2099810663, 2913916065, 1930176083, 1132879139, 3507622394, 883884644, 2608502223, 192533088, 3578399090, 2087216375, 712823003, 585417555, 66169412, 4078208831, 652364228, 840812168, 3738283876, 3182612989, 1557838231, 2460198053, 3194506678, 2423249500, 23486556, 3289953890, 976964801, 858254281, 3674401228, 3294897331, 395719309, 2485906751, 3798446884, 1066388119, 1244915308, 3586797438, 2713209718, 582832718, 1737562595, 2618309931, 3387019084, 3996176161, 1226902828, 2531988103, 1763494196, 724689611, 3645250247, 1725095652, 916432205, 2284305702, 3293044674, 2810723541, 1094253056, 3493471873, 1507503204, 2896671083, 2528881371, 2504216603, 3659582991, 3799609823, 2957654256, 3823428616, 1298935194, 4257793631, 3499503221, 2212751865, 3182935726, 2328068597, 862334849, 3744281099, 1789330926, 1266559287, 3895194390, 3350549051, 421039490, 559867327, 3529473997, 979546969, 484028720, 1473167770, 3458555432, 2968046363, 3923738361, 2963102059, 3517978352, 3244871809, 3407685432, 4183025402, 1434147077, 3707546196, 2936827235, 1376780165, 1097183851, 3164581903, 2310013608, 1149578388, 3937239340, 2887767527, 1810774780, 2156164682, 2956359799, 1835131040, 1166949653, 2872188641, 1706034226, 4203692255, 1355877305, 3942489788, 1239995382, 886501933, 2288358501, 2106808498, 3310541056, 3077331895, 1633474712, 2132739085, 1479061729, 3930883643, 297147174, 571024194, 253851894, 3622303442, 553983871, 116621693, 3171260379, 2606103357, 3111758063, 187163685, 2403768842, 2373846438, 1733182313, 1090862588, 1148915792, 1344257349, 3345911953, 2678396265, 1510231445, 3751262504, 2918755614, 2167850744, 1379918488, 3851288406, 4199056280, 989559820, 986372145, 969575778, 2103183828, 267096406, 3482242323, 4141136243, 3940325701, 3073349755, 339717550, 2556108638, 424750724, 559978522, 2990728655, 3205410740, 771940987, 1249402327, 3966111287, 128430378, 2542674105, 1909193663, 207600715, 1301953739, 153128092, 2420850256, 2051109914, 1383512234, 2095437480, 1385719148, 3498156877, 1196255233, 1532336564, 4095412520, 2433072412, 1308698556, 2367575515, 1243508146, 2067053791, 528239009, 2206507485, 54699263, 3398873916, 3870522088, 1292258660, 3067353776, 1248716371, 943821303, 3375620357, 1630253431, 1582769158, 341253492, 654638138, 1954576160, 2291901205, 2153793295, 1631101199, 2372999446, 588570245, 4036793418, 1106303784, 188), None)
Loaded weights: 87.10205329145725, -0.6262621942691802, -0.6431735183516258, -0.7895901188964981, 4.210409881103502
events: 
  ----
(3, (2512308852, 997895304, 1819597749, 2026927077, 4185767744, 397748069, 2983206150, 2681825992, 727917818, 3927156517, 1229524583, 828071308, 2224369394, 2360108339, 3104333406, 2840125908, 3441874529, 3816177596, 31272199, 4200938653, 1545196504, 1786844952, 3462887953, 492505452, 4061577095, 4188921591, 2481772222, 1299116952, 207020265, 852731559, 376406405, 1532015415, 2301587957, 4128468202, 1913513302, 3255001403, 923346221, 3518979404, 3448991506, 2442887620, 2835626363, 2004708984, 1920286694, 989198846, 2091266529, 4097760144, 1296445778, 3434908991, 1201946813, 1745156934, 4225257329, 2595266967, 3933433756, 2919992635, 2138149453, 2777468232, 111567942, 3133150969, 3640538325, 3819386743, 2040747716, 3462384518, 737285209, 2397030377, 3999670879, 2232091329, 1839731211, 1892225977, 4096401079, 2898636278, 928773276, 1059016778, 1763864658, 1712724215, 3636229055, 2344375763, 2252197055, 493319532, 611610248, 1499798774, 2033287233, 379026501, 2672462693, 3789788019, 3028598611, 614643797, 1670800549, 611319759, 979920880, 4226033990, 381986539, 3329294975, 822787741, 2437618592, 2033311171, 3950260812, 2178320755, 3353633947, 478100665, 3052429903, 1002437626, 1303861126, 264493280, 1657014747, 346438709, 3921772577, 1979722079, 1579114312, 2626403302, 2570419263, 2942533251, 2282525084, 184769475, 915218468, 540558406, 1513121304, 3306384909, 1738639713, 3882929943, 587754349, 407034527, 996746074, 661007951, 2460894650, 4032762032, 730205289, 1595049389, 2340487819, 3263583514, 2168050133, 459266850, 3668129737, 1159081490, 2611623581, 3957116456, 3675164099, 2673323137, 1014540732, 3765992637, 4170580627, 1154866097, 56540918, 3235213982, 760940896, 450945421, 3368797259, 113047434, 1403654308, 847040241, 602500067, 1848176178, 3475573606, 513492982, 2636773616, 2972272384, 2655425933, 1619922852, 2010183835, 1638170503, 1040835579, 1856304749, 86621923, 2281717670, 4143144367, 1346640017, 3641169996, 2835110248, 1237667798, 224311841, 1065573738, 2308570406, 2116362800, 1910993463, 1985192687, 1362204761, 4074396595, 1281293185, 2163044876, 986910654, 2779675838, 1143974999, 2192688135, 1922702510, 3917010435, 368721538, 4163796168, 3091872545, 1956795186, 2742045663, 4062227080, 39842421, 2645474859, 495979955, 4269315515, 384398948, 3150126457, 646292996, 912372784, 226214719, 3635096387, 2669101550, 1838209175, 1615700891, 2811128123, 2417089467, 1598522092, 2555959846, 3278918620, 2482603873, 2293835273, 2129482860, 1059733096, 3080429358, 1099957182, 3684346066, 590455967, 800979760, 1162267654, 1999745391, 1956048331, 1084805440, 2325085821, 3659213919, 1335883428, 936846106, 3319834039, 65337570, 2110125980, 3008350690, 889460500, 1736350813, 1542545437, 1599174959, 3914018429, 215480271, 1381440693, 346680521, 2044312624, 1098628089, 237034999, 1578337127, 1685959378, 791594976, 124850966, 3619362152, 2323672247, 2383761734, 3028824768, 2970849170, 3363956017, 231833188, 716988352, 1878374728, 1798284614, 2975724267, 138678615, 1581974355, 477741526, 2079633720, 4206124266, 3591035240, 3759003441, 795870836, 2834299881, 449232944, 863701148, 3527467247, 3456567426, 2865039485, 3405493508, 1407990667, 2094854104, 949256689, 1244001807, 3946578282, 1237490246, 2527992360, 4206421824, 215489888, 1025068888, 1309585825, 1129084790, 4209692893, 3171814512, 2178827475, 453430570, 2468402525, 1507089294, 3360789623, 2985577786, 2571436398, 619620579, 3285436549, 3942470015, 3436970672, 1244881798, 575760115, 114933040, 2606835811, 3554523803, 620218486, 470716112, 3849352736, 302338910, 3834081169, 958357104, 187952607, 544718085, 2643861107, 1628984262, 1357056719, 3299125333, 3117491537, 3210097977, 1122370437, 2910457590, 4083071045, 2323951336, 1193941430, 3002754198, 1414883485, 831547094, 1447328915, 2750584424, 3577815575, 9249522, 3420850244, 3839084747, 1156910853, 159925384, 2377851058, 509479033, 784467157, 3992980692, 1964491727, 1387141733, 1450633222, 3765487323, 703562923, 4081296965, 3550376642, 4261964374, 2559954921, 3432445930, 4258217306, 3689025126, 851876758, 1215163487, 3239420767, 2873605730, 3638227788, 1809581295, 571317246, 4135930203, 3878835185, 270376091, 2636151783, 832747166, 3631910781, 1873570625, 1285819205, 44353623, 2560439331, 3312095449, 1277398600, 2448296226, 3108572878, 819821719, 1432938815, 2438710739, 3833206611, 1470871430, 2933320852, 2968037038, 1994104071, 709256967, 4247938736, 3810131162, 3318234949, 2100818862, 2671417544, 964889104, 3341616737, 649174891, 3147897570, 2251209882, 3109865975, 4043076705, 3452289538, 3725626936, 2693500413, 53251715, 404573287, 2468158219, 2088226620, 1567520283, 1261420050, 1710947056, 445251222, 2200709855, 1734362251, 2235736554, 1619049570, 1650283688, 2873150878, 76502620, 3156787621, 1248361711, 3209212898, 237849919, 292456651, 2747052216, 76191087, 2759274162, 4134043485, 2276131462, 1050210222, 2673989555, 3768814914, 597551297, 483557202, 1038505403, 3629212407, 2099810663, 2913916065, 1930176083, 1132879139, 3507622394, 883884644, 2608502223, 192533088, 3578399090, 2087216375, 712823003, 585417555, 66169412, 4078208831, 652364228, 840812168, 3738283876, 3182612989, 1557838231, 2460198053, 3194506678, 2423249500, 23486556, 3289953890, 976964801, 858254281, 3674401228, 3294897331, 395719309, 2485906751, 3798446884, 1066388119, 1244915308, 3586797438, 2713209718, 582832718, 1737562595, 2618309931, 3387019084, 3996176161, 1226902828, 2531988103, 1763494196, 724689611, 3645250247, 1725095652, 916432205, 2284305702, 3293044674, 2810723541, 1094253056, 3493471873, 1507503204, 2896671083, 2528881371, 2504216603, 3659582991, 3799609823, 2957654256, 3823428616, 1298935194, 4257793631, 3499503221, 2212751865, 3182935726, 2328068597, 862334849, 3744281099, 1789330926, 1266559287, 3895194390, 3350549051, 421039490, 559867327, 3529473997, 979546969, 484028720, 1473167770, 3458555432, 2968046363, 3923738361, 2963102059, 3517978352, 3244871809, 3407685432, 4183025402, 1434147077, 3707546196, 2936827235, 1376780165, 1097183851, 3164581903, 2310013608, 1149578388, 3937239340, 2887767527, 1810774780, 2156164682, 2956359799, 1835131040, 1166949653, 2872188641, 1706034226, 4203692255, 1355877305, 3942489788, 1239995382, 886501933, 2288358501, 2106808498, 3310541056, 3077331895, 1633474712, 2132739085, 1479061729, 3930883643, 297147174, 571024194, 253851894, 3622303442, 553983871, 116621693, 3171260379, 2606103357, 3111758063, 187163685, 2403768842, 2373846438, 1733182313, 1090862588, 1148915792, 1344257349, 3345911953, 2678396265, 1510231445, 3751262504, 2918755614, 2167850744, 1379918488, 3851288406, 4199056280, 989559820, 986372145, 969575778, 2103183828, 267096406, 3482242323, 4141136243, 3940325701, 3073349755, 339717550, 2556108638, 424750724, 559978522, 2990728655, 3205410740, 771940987, 1249402327, 3966111287, 128430378, 2542674105, 1909193663, 207600715, 1301953739, 153128092, 2420850256, 2051109914, 1383512234, 2095437480, 1385719148, 3498156877, 1196255233, 1532336564, 4095412520, 2433072412, 1308698556, 2367575515, 1243508146, 2067053791, 528239009, 2206507485, 54699263, 3398873916, 3870522088, 1292258660, 3067353776, 1248716371, 943821303, 3375620357, 1630253431, 1582769158, 341253492, 654638138, 1954576160, 2291901205, 2153793295, 1631101199, 2372999446, 588570245, 4036793418, 1106303784, 458), None)
Loaded weights: 87.25128832419006, -1.0765182331549215, -0.6431735183516258, -0.7895901188964981, -5.789590118896498
events: me found the exit, 
  ----
(3, (944221364, 3048940435, 642556914, 1541315371, 1469088391, 2020127457, 766632396, 4277231587, 2827891985, 1099232841, 1388696105, 3171034267, 3514027897, 1307224036, 4145594450, 4212215424, 3586929004, 797858049, 596716567, 1351878210, 2854313023, 1587052693, 1831890039, 3167850574, 3627551263, 2443643304, 463464619, 848106506, 4084024799, 3518573886, 1706227902, 2838497857, 3765642170, 1920934091, 1833109808, 3202631358, 44269181, 1143829722, 1262250662, 1050553181, 1566375672, 187128187, 3282785179, 451508690, 1724240991, 4093688844, 20888566, 1790266077, 895753727, 1627136261, 4000034005, 1176394759, 353345422, 584342858, 89150505, 3615022876, 1712261255, 3405275170, 2733165832, 2837152796, 2258087605, 3998017725, 4193667784, 1915460827, 309133043, 32274171, 3897373743, 905358595, 1065230287, 1889278085, 3335107298, 1380181709, 2627475945, 1030829094, 412173812, 2107533909, 260784310, 3254784453, 1969758751, 154648980, 83403814, 65971574, 869906281, 557031081, 2064897029, 1260873349, 3327353506, 3774674343, 3982768854, 1367935571, 126324558, 1263431268, 1002676817, 985492533, 1595743432, 2459819345, 315715972, 276987064, 2598898810, 2088835138, 4102345742, 1032019753, 3031631106, 3298127711, 1674391271, 1390440299, 3335573853, 3201860760, 69343280, 265412383, 2400940022, 635108292, 1312672023, 3437267063, 2182372975, 3918461020, 2881340932, 372205403, 1094485953, 3517772036, 4145614977, 648311327, 1656297505, 4172021266, 2097008284, 3688895145, 3645246607, 3396416620, 3156499463, 3072372046, 3834126466, 2289469877, 3711268967, 1094227257, 2095735387, 2872065581, 2607713758, 509138230, 2216651022, 2222807306, 1502080922, 3391504244, 1192992662, 3060917083, 2991335948, 2495188247, 147855149, 2261079770, 905548533, 2889976868, 2666343772, 1147815902, 2178049650, 3588924966, 2976233840, 826423854, 3868974274, 4190450265, 1096995251, 838852224, 3247972923, 3684148987, 1334424342, 1880914543, 2126253758, 2985546722, 2661950579, 2774307267, 621508228, 1023833073, 38705356, 2920323218, 1840229563, 1195689344, 1253639235, 1208505700, 340333736, 3308427393, 193335515, 3665821422, 705869587, 3326321123, 2209757605, 8733334, 3497078867, 3263831141, 3990817056, 4185616015, 1968171279, 2512221486, 2667537238, 1200326742, 3698691608, 419562392, 4161595595, 31110766, 3417405781, 3640146241, 3993550026, 3146820063, 2126864776, 3878635182, 131191193, 2602447024, 345472425, 324019378, 3795617843, 3551975312, 398627047, 2579878110, 1385386576, 2904151335, 715515788, 361547166, 27493269, 1995787503, 2096382469, 3066524956, 2219260416, 1423187840, 349826292, 1952801279, 116873821, 2526709915, 2565618817, 2976835643, 2131894502, 568346693, 4013500441, 2365283587, 4012809210, 3778055887, 3586495744, 4073892596, 1322410342, 1003647914, 2103978065, 3950034698, 588970687, 1735573013, 2144632461, 3767509922, 4171876107, 4262575064, 4089896837, 1687913652, 181411618, 4071136246, 2748367570, 735630149, 2844770222, 4022523579, 2754665227, 2587468033, 4020743294, 1161852073, 3750088149, 1481154594, 2489984052, 2339786510, 2607905676, 989530634, 865799061, 1337990757, 1569779860, 4212435470, 1503506204, 2436287001, 1851425785, 861273729, 612830782, 3817284728, 1209726932, 882948931, 240388094, 1043534059, 497046181, 2819072613, 1486027691, 2868934529, 57829105, 2704116888, 2315245860, 3219692081, 2272986807, 846206841, 3320949211, 1001903185, 3065433632, 3042232959, 3109320821, 2861410926, 3986321051, 2384672119, 1357847744, 3076398185, 1945159197, 1383175692, 2728758111, 3471310290, 863400782, 707362532, 882689018, 2764064673, 2660220669, 3925435439, 2147790793, 2470124480, 1935838357, 2191557329, 2590603868, 3203659378, 2374290630, 1042863039, 4131517148, 230938155, 348871975, 1678934933, 1379097647, 3370231488, 578117470, 3979842142, 2204407397, 3782824016, 1355083201, 3206219864, 2548059384, 267838291, 960986477, 2993591643, 313711548, 3986988114, 1709205761, 626229349, 243743093, 790195251, 2799766701, 1122246012, 2238945337, 670232694, 3018112348, 1465256260, 2412086185, 3579467945, 2078171240, 408930826, 1821554676, 1318810097, 1929882926, 248799623, 340610234, 1845166947, 2041186011, 869766568, 460802814, 733794603, 4025611777, 1371396067, 1722289354, 1651494170, 3647095245, 3920382101, 1351468702, 4252977914, 380621223, 3636194921, 1159419806, 3929746394, 1535339842, 2888705248, 3718527128, 2770820166, 3436043840, 3937757553, 183424390, 190882221, 3721228873, 1694597665, 988921353, 2387552790, 2301305646, 201034399, 4212278596, 4216017331, 3134352404, 2227438999, 3498660975, 2809840442, 3030376935, 2261042487, 2827128305, 3954841682, 561376952, 3767649261, 316873233, 10267021, 268111497, 252340103, 915291426, 2266447393, 1172673909, 989420146, 2032598832, 32076391, 2272605103, 2358952150, 641953862, 901181154, 408795043, 302632223, 291183306, 188533307, 3501296444, 266569297, 3132026828, 704880344, 50671144, 4004423159, 2404240617, 3525095857, 2667157914, 1294788975, 3863367170, 1148101594, 947296951, 1455628932, 2467930402, 613605562, 1939520662, 1114454185, 2981835785, 4088135437, 2674326528, 1782995269, 3528327858, 3074450343, 3400856636, 1268625684, 2188444309, 3983818669, 3806931338, 2449137944, 700541492, 885239595, 4134815026, 2789957937, 2428569919, 2487396815, 1508119833, 4258134235, 1146691842, 200374977, 3227333033, 3118298482, 83475315, 3319545766, 3693574328, 3195024093, 1274065633, 1120222026, 2518830418, 2697115177, 1598223676, 4011135437, 2684279696, 2945104645, 3537437609, 213717503, 1657323995, 4240054680, 2620544057, 956985648, 67631540, 3150298301, 2655374788, 747350712, 4186814199, 2049353596, 467272035, 1275384635, 3256663417, 2656427642, 603349604, 2020154917, 2836072391, 1284726807, 3584921689, 1192758185, 4198542613, 2231706191, 982752402, 3777451216, 3472970629, 2739910366, 3719990488, 3892134393, 2205348280, 3770607437, 3991665888, 1677563673, 330437719, 3475559084, 3553894216, 3706080975, 3235883293, 2704155444, 3465471005, 2145097100, 1385730245, 2810285070, 1902517343, 2004109738, 2345303699, 1119273219, 2138035461, 3572783210, 2147617513, 1985159769, 3749361424, 3990377918, 1328593299, 643820688, 210874940, 4284578226, 547984405, 116038639, 1065863377, 101235728, 1323112223, 3086944819, 972701004, 3762688676, 3411019951, 1119498957, 3818223500, 3588603468, 935094910, 910657950, 4129881057, 2625658215, 968388548, 3719432629, 3293178187, 2394565958, 3818453159, 2257654126, 223724136, 4277018003, 3935625051, 3319502006, 198623547, 1883665215, 2636546160, 652681861, 3041467332, 4020061958, 1180959566, 1031341864, 3143158493, 628820605, 1280078121, 1010943710, 1379741183, 4221350571, 3330916795, 2576801416, 425522332, 3021043191, 3919175442, 1839689679, 960275668, 3108052106, 1379933405, 1623144539, 36955827, 1672995107, 2398987199, 1271536480, 2750595713, 3315505391, 2632721004, 1487180395, 3111350696, 236763905, 3466246425, 3647840880, 1728023380, 3511148261, 2492265112, 2042010315, 3272450478, 1071899409, 1777569552, 3216331585, 3348227840, 1636755926, 3836541550, 3131353926, 983615092, 2848123033, 1311213505, 2623029641, 2477408668, 90476777, 1078647743, 1235747709, 3905686692, 2453745270, 4156934505, 2117746016, 1188696558, 1397687408, 2884605844, 3668105941, 3036200231, 2397035127, 461481058, 1908022953, 36632586, 667771443, 672341104, 716001332, 1617216537, 332978387, 199), None)
Loaded weights: 94.78838034184764, 3.8068372174573772, -0.6431735183516258, -0.7895901188964981, 4.210409881103502
