Starting iterations: 50
(3, (1579376141, 3368000570, 736735866, 964753401, 4052582268, 1159445347, 2225780645, 624569474, 466227463, 2029669553, 3873495771, 470951349, 3031673915, 1162669121, 1084364571, 1563807896, 2915441935, 1419308212, 204364722, 3195870781, 2183460207, 2899593837, 1950666495, 2977444497, 2158229592, 3891866886, 957059327, 1597834097, 2467178333, 3525342616, 3789041682, 2359166344, 71485704, 2587554267, 3510828529, 3044376432, 4153956146, 1079987688, 1767613661, 1017874600, 559094875, 3515353501, 1206112300, 1979401360, 398924433, 1673131429, 3250059591, 1834425984, 3090023366, 3478811540, 3770515971, 1868544967, 114697630, 3034041026, 2764909801, 3763824265, 1417843023, 3867041693, 2898300265, 1909759090, 3391471549, 4273671178, 1965208828, 1127906141, 1186002359, 3487970432, 218772697, 1471798977, 59634408, 4103003665, 2515163419, 366528529, 927836523, 2230540896, 914792262, 245979909, 2833769688, 1553647428, 1560426806, 3348997262, 3181759554, 3522308523, 3593034162, 2524339655, 1975191539, 521162748, 3255656822, 1433171387, 3488238232, 4021633380, 3837766867, 905219492, 592835947, 2154661129, 1593925980, 2269298352, 3931234554, 2248275578, 3072590331, 3745842657, 2045819318, 3793558018, 2025322076, 750152348, 3465058296, 3196667819, 3393698452, 2370940707, 2848215043, 832216069, 2804308335, 1788833385, 2496683317, 4250412169, 312148792, 528315369, 3795223577, 2965321143, 1942340490, 489212817, 2818636404, 159611603, 1189987628, 810487891, 3027730802, 1232557742, 768505099, 2646491022, 1644025584, 72140795, 2480507828, 4099645555, 2524499160, 3258157658, 972423752, 2075656124, 3851211751, 2498632644, 2922983470, 2337153669, 4268598882, 104620570, 2821333921, 3529142947, 821630304, 2877150801, 1324829099, 2062388276, 2528766047, 736194283, 543141150, 1971912304, 2797079345, 1671140146, 1737726406, 3705431484, 2651131646, 1831249698, 336493434, 3409110841, 2654059177, 2616934881, 807494431, 3782070755, 158087923, 2069297800, 2352240763, 3068605021, 3334817678, 323666766, 2972709105, 823824261, 1182706102, 336203619, 3539766939, 2341328426, 3993069172, 2567608366, 108252832, 1456319277, 1177785969, 2319832071, 4231554566, 4042322456, 45950232, 3497911042, 2126931769, 3553172336, 3476381963, 4194298933, 2140835715, 479309793, 28203583, 2127871559, 3911809234, 1405977667, 1807881672, 3438373429, 1192188323, 2329693334, 3197714195, 1105640234, 2495176637, 3514738369, 40204284, 3968903512, 962453891, 3256665183, 3200984068, 3331276506, 2303218606, 3222695681, 1218329244, 3518451097, 3267342776, 968196259, 2480833760, 2158010373, 2436966745, 4078138588, 2592492571, 424435500, 564300372, 2258243791, 3806200403, 4122631147, 2392363654, 4017933719, 1487155661, 1206166747, 3579594762, 42334742, 3358927558, 2620209593, 3473778483, 3379870526, 1387254388, 152660052, 3159368270, 576907110, 1572126783, 2397114530, 373313786, 579746638, 447887991, 3216853436, 1468711086, 511176842, 1635671295, 93887243, 723840526, 1601426545, 3261282879, 601381786, 1741502864, 3294347612, 4285346482, 2314556283, 272665480, 2510692702, 2959759601, 2081674782, 1018421748, 3103661280, 3519345510, 770305227, 12891531, 2997533006, 1706708140, 2445772412, 3558253796, 1935118273, 1957925362, 1051963017, 657017741, 3388162924, 975035291, 1613505083, 902275574, 1968676192, 2292459556, 1169915996, 22279321, 2315549707, 4084197285, 1381589620, 3506455974, 1773564176, 438066796, 536593719, 3975004802, 2893771781, 3461427144, 2321342735, 1795128487, 2389695291, 3006009988, 3335502381, 2773466884, 805469786, 3088780454, 4244446699, 3514233335, 1595403127, 4002827445, 1332098112, 2560249779, 334536015, 768288079, 919644770, 739486675, 3749361569, 1575935139, 1602035885, 552879333, 529259749, 1012149569, 2756806249, 2241733388, 2424765868, 3195444757, 1874363460, 2914054951, 2961911190, 2966348668, 338660219, 1549036394, 451916918, 1751158635, 391057964, 2294915635, 3750961793, 92929234, 3531524045, 1782741966, 987516028, 1387271082, 4261923207, 2480409435, 340746057, 2930127607, 1106384465, 204231549, 217993093, 4286506331, 2775746919, 1758715819, 2430448897, 1605805297, 4100267663, 3390128702, 1148613127, 2462796440, 2690712371, 1648032717, 1972266916, 2732464254, 212312373, 2042207675, 3313682672, 2979900454, 3096537167, 2671391326, 380629071, 3414259404, 2588918301, 1125321507, 1515522845, 1382383997, 3467196126, 1935694410, 1902253540, 2690184528, 3013062915, 2759331912, 2815875807, 197810356, 712344975, 948463546, 213944891, 2698763014, 1544036021, 3906847091, 2273677815, 391480054, 2364505028, 3671526602, 1711269842, 1395602638, 21495138, 1385013479, 1018143268, 2075489211, 2296412785, 4282430400, 510070260, 1582714339, 1910576348, 861768234, 734624049, 1728454840, 3833687291, 1818465171, 1722982063, 2735416452, 453153759, 627249428, 1307592359, 1706257102, 3891697867, 1442104524, 3185542582, 4291889336, 3741921316, 902718813, 3285408984, 1827826252, 3256679993, 213399489, 733855352, 2722700659, 303539397, 2517189720, 2304753453, 3748653880, 1225766537, 3943630749, 2109934722, 2217043243, 1862560837, 4103415273, 761182342, 2105292765, 335999173, 2783488984, 2636276277, 3372832101, 134228746, 1528571615, 2868483824, 1389717278, 3369959477, 3009357908, 2004024849, 3508204051, 3885651266, 384083421, 3163598027, 2488414130, 3028924369, 4102308982, 896744949, 2899583314, 618595924, 3921830290, 1373709087, 1292289746, 1799692421, 1104810162, 3899947336, 2834525617, 2307445560, 340858314, 3457884516, 345173079, 3285901432, 3775548448, 3279327675, 2732141375, 1936053561, 3082013919, 1837466909, 2697154144, 3771526278, 1775905955, 4172023541, 2914360157, 953206057, 828380570, 3624119204, 2467898134, 3259303986, 3003998258, 688563795, 314906668, 1652628763, 2832273569, 4099913570, 3868083435, 94170908, 3391675227, 151372847, 2597520900, 4007323404, 2536639603, 1266950488, 441516992, 4092965074, 484394228, 775250378, 1758668709, 225361741, 2138665990, 3967211028, 1348756809, 4214188023, 3482900169, 1834008177, 4149436051, 2056519447, 1959608009, 2588926645, 3911101173, 4242418426, 3377676719, 494141645, 667148614, 3576689652, 3873159783, 399633222, 1234729555, 1191757016, 570548895, 2761196375, 3534127451, 37386414, 3931850937, 2093628198, 4132301246, 2973405797, 1791448849, 3766368364, 633741917, 2436492589, 3651088199, 2820510451, 1985453028, 1069680479, 3022598436, 2529792545, 929442855, 516746088, 4208981488, 3088149517, 1348945990, 2691403812, 3425524157, 145863101, 1887171905, 2209320432, 3286490690, 4167801091, 655904581, 1750869759, 40071976, 1212992025, 200594139, 1945545402, 1952803749, 2637615782, 973194871, 4179358822, 3333123143, 1365376238, 1765474515, 1053569784, 2369449774, 980114718, 1002936904, 2749231951, 356690647, 4101355012, 1453368099, 69094953, 1194240194, 2470267656, 3943234246, 2732599487, 2113221827, 3832133486, 3281410725, 3141288541, 1965391532, 1036542072, 3760470631, 3354963537, 1021915787, 605942432, 542614900, 1450754450, 100399084, 3736970783, 3180211808, 559883161, 4081592171, 849406888, 3988259303, 3439358841, 404818312, 2567390000, 3396033953, 2764656390, 3826428399, 3019926201, 661428040, 1609774211, 1200179623, 1426620538, 2063980261, 2472229261, 1074322118, 1338802352, 2582745877, 1634200648, 3852559357, 1147560970, 1279778942, 46055057, 3898872072, 1477766429, 1256854554, 1215419743, 1926624049, 3897512506, 1), None)
Loaded weights: 117.00927221420687, -16.82054468500365, -0.7162900781796975, 0.0, -2.6569613756853157
events: me found the exit, 
  ----
(3, (1579376141, 3368000570, 736735866, 964753401, 4052582268, 1159445347, 2225780645, 624569474, 466227463, 2029669553, 3873495771, 470951349, 3031673915, 1162669121, 1084364571, 1563807896, 2915441935, 1419308212, 204364722, 3195870781, 2183460207, 2899593837, 1950666495, 2977444497, 2158229592, 3891866886, 957059327, 1597834097, 2467178333, 3525342616, 3789041682, 2359166344, 71485704, 2587554267, 3510828529, 3044376432, 4153956146, 1079987688, 1767613661, 1017874600, 559094875, 3515353501, 1206112300, 1979401360, 398924433, 1673131429, 3250059591, 1834425984, 3090023366, 3478811540, 3770515971, 1868544967, 114697630, 3034041026, 2764909801, 3763824265, 1417843023, 3867041693, 2898300265, 1909759090, 3391471549, 4273671178, 1965208828, 1127906141, 1186002359, 3487970432, 218772697, 1471798977, 59634408, 4103003665, 2515163419, 366528529, 927836523, 2230540896, 914792262, 245979909, 2833769688, 1553647428, 1560426806, 3348997262, 3181759554, 3522308523, 3593034162, 2524339655, 1975191539, 521162748, 3255656822, 1433171387, 3488238232, 4021633380, 3837766867, 905219492, 592835947, 2154661129, 1593925980, 2269298352, 3931234554, 2248275578, 3072590331, 3745842657, 2045819318, 3793558018, 2025322076, 750152348, 3465058296, 3196667819, 3393698452, 2370940707, 2848215043, 832216069, 2804308335, 1788833385, 2496683317, 4250412169, 312148792, 528315369, 3795223577, 2965321143, 1942340490, 489212817, 2818636404, 159611603, 1189987628, 810487891, 3027730802, 1232557742, 768505099, 2646491022, 1644025584, 72140795, 2480507828, 4099645555, 2524499160, 3258157658, 972423752, 2075656124, 3851211751, 2498632644, 2922983470, 2337153669, 4268598882, 104620570, 2821333921, 3529142947, 821630304, 2877150801, 1324829099, 2062388276, 2528766047, 736194283, 543141150, 1971912304, 2797079345, 1671140146, 1737726406, 3705431484, 2651131646, 1831249698, 336493434, 3409110841, 2654059177, 2616934881, 807494431, 3782070755, 158087923, 2069297800, 2352240763, 3068605021, 3334817678, 323666766, 2972709105, 823824261, 1182706102, 336203619, 3539766939, 2341328426, 3993069172, 2567608366, 108252832, 1456319277, 1177785969, 2319832071, 4231554566, 4042322456, 45950232, 3497911042, 2126931769, 3553172336, 3476381963, 4194298933, 2140835715, 479309793, 28203583, 2127871559, 3911809234, 1405977667, 1807881672, 3438373429, 1192188323, 2329693334, 3197714195, 1105640234, 2495176637, 3514738369, 40204284, 3968903512, 962453891, 3256665183, 3200984068, 3331276506, 2303218606, 3222695681, 1218329244, 3518451097, 3267342776, 968196259, 2480833760, 2158010373, 2436966745, 4078138588, 2592492571, 424435500, 564300372, 2258243791, 3806200403, 4122631147, 2392363654, 4017933719, 1487155661, 1206166747, 3579594762, 42334742, 3358927558, 2620209593, 3473778483, 3379870526, 1387254388, 152660052, 3159368270, 576907110, 1572126783, 2397114530, 373313786, 579746638, 447887991, 3216853436, 1468711086, 511176842, 1635671295, 93887243, 723840526, 1601426545, 3261282879, 601381786, 1741502864, 3294347612, 4285346482, 2314556283, 272665480, 2510692702, 2959759601, 2081674782, 1018421748, 3103661280, 3519345510, 770305227, 12891531, 2997533006, 1706708140, 2445772412, 3558253796, 1935118273, 1957925362, 1051963017, 657017741, 3388162924, 975035291, 1613505083, 902275574, 1968676192, 2292459556, 1169915996, 22279321, 2315549707, 4084197285, 1381589620, 3506455974, 1773564176, 438066796, 536593719, 3975004802, 2893771781, 3461427144, 2321342735, 1795128487, 2389695291, 3006009988, 3335502381, 2773466884, 805469786, 3088780454, 4244446699, 3514233335, 1595403127, 4002827445, 1332098112, 2560249779, 334536015, 768288079, 919644770, 739486675, 3749361569, 1575935139, 1602035885, 552879333, 529259749, 1012149569, 2756806249, 2241733388, 2424765868, 3195444757, 1874363460, 2914054951, 2961911190, 2966348668, 338660219, 1549036394, 451916918, 1751158635, 391057964, 2294915635, 3750961793, 92929234, 3531524045, 1782741966, 987516028, 1387271082, 4261923207, 2480409435, 340746057, 2930127607, 1106384465, 204231549, 217993093, 4286506331, 2775746919, 1758715819, 2430448897, 1605805297, 4100267663, 3390128702, 1148613127, 2462796440, 2690712371, 1648032717, 1972266916, 2732464254, 212312373, 2042207675, 3313682672, 2979900454, 3096537167, 2671391326, 380629071, 3414259404, 2588918301, 1125321507, 1515522845, 1382383997, 3467196126, 1935694410, 1902253540, 2690184528, 3013062915, 2759331912, 2815875807, 197810356, 712344975, 948463546, 213944891, 2698763014, 1544036021, 3906847091, 2273677815, 391480054, 2364505028, 3671526602, 1711269842, 1395602638, 21495138, 1385013479, 1018143268, 2075489211, 2296412785, 4282430400, 510070260, 1582714339, 1910576348, 861768234, 734624049, 1728454840, 3833687291, 1818465171, 1722982063, 2735416452, 453153759, 627249428, 1307592359, 1706257102, 3891697867, 1442104524, 3185542582, 4291889336, 3741921316, 902718813, 3285408984, 1827826252, 3256679993, 213399489, 733855352, 2722700659, 303539397, 2517189720, 2304753453, 3748653880, 1225766537, 3943630749, 2109934722, 2217043243, 1862560837, 4103415273, 761182342, 2105292765, 335999173, 2783488984, 2636276277, 3372832101, 134228746, 1528571615, 2868483824, 1389717278, 3369959477, 3009357908, 2004024849, 3508204051, 3885651266, 384083421, 3163598027, 2488414130, 3028924369, 4102308982, 896744949, 2899583314, 618595924, 3921830290, 1373709087, 1292289746, 1799692421, 1104810162, 3899947336, 2834525617, 2307445560, 340858314, 3457884516, 345173079, 3285901432, 3775548448, 3279327675, 2732141375, 1936053561, 3082013919, 1837466909, 2697154144, 3771526278, 1775905955, 4172023541, 2914360157, 953206057, 828380570, 3624119204, 2467898134, 3259303986, 3003998258, 688563795, 314906668, 1652628763, 2832273569, 4099913570, 3868083435, 94170908, 3391675227, 151372847, 2597520900, 4007323404, 2536639603, 1266950488, 441516992, 4092965074, 484394228, 775250378, 1758668709, 225361741, 2138665990, 3967211028, 1348756809, 4214188023, 3482900169, 1834008177, 4149436051, 2056519447, 1959608009, 2588926645, 3911101173, 4242418426, 3377676719, 494141645, 667148614, 3576689652, 3873159783, 399633222, 1234729555, 1191757016, 570548895, 2761196375, 3534127451, 37386414, 3931850937, 2093628198, 4132301246, 2973405797, 1791448849, 3766368364, 633741917, 2436492589, 3651088199, 2820510451, 1985453028, 1069680479, 3022598436, 2529792545, 929442855, 516746088, 4208981488, 3088149517, 1348945990, 2691403812, 3425524157, 145863101, 1887171905, 2209320432, 3286490690, 4167801091, 655904581, 1750869759, 40071976, 1212992025, 200594139, 1945545402, 1952803749, 2637615782, 973194871, 4179358822, 3333123143, 1365376238, 1765474515, 1053569784, 2369449774, 980114718, 1002936904, 2749231951, 356690647, 4101355012, 1453368099, 69094953, 1194240194, 2470267656, 3943234246, 2732599487, 2113221827, 3832133486, 3281410725, 3141288541, 1965391532, 1036542072, 3760470631, 3354963537, 1021915787, 605942432, 542614900, 1450754450, 100399084, 3736970783, 3180211808, 559883161, 4081592171, 849406888, 3988259303, 3439358841, 404818312, 2567390000, 3396033953, 2764656390, 3826428399, 3019926201, 661428040, 1609774211, 1200179623, 1426620538, 2063980261, 2472229261, 1074322118, 1338802352, 2582745877, 1634200648, 3852559357, 1147560970, 1279778942, 46055057, 3898872072, 1477766429, 1256854554, 1215419743, 1926624049, 3897512506, 491), None)
Loaded weights: 124.55210414616286, -16.177876449702758, -0.7162900781796975, 0.0, 5.0
events: 
  ----
(3, (1209824834, 2199133149, 1823677438, 2566319090, 1695881288, 3521522662, 1122885136, 3483710478, 1953448088, 2744246524, 2137178370, 3879130208, 3233616843, 3582311439, 2499243248, 3865626306, 2385497075, 2225444098, 1308790176, 613760958, 3267952223, 1616567456, 2419249272, 2442768411, 211118257, 1244433640, 1331709755, 2102339075, 2528145720, 148615123, 2363727022, 2172646032, 2305619779, 3859069315, 913292985, 295910027, 2212280782, 925099872, 946091159, 3267594919, 3723752238, 36969103, 3002401162, 3962935235, 3606533632, 3947566789, 792476859, 132111211, 155510411, 4016029746, 2527439039, 1820857933, 2129589807, 1326748926, 3523261513, 4186621221, 4165291972, 1167713595, 1532376826, 1644815818, 600493874, 3193758353, 2097688991, 2572707464, 3851592897, 390230882, 3413378102, 209103537, 3727536534, 1534088256, 2861221370, 2572784415, 3587488841, 3073529323, 1715344748, 419869343, 899376883, 740699276, 3258441460, 2271458029, 3089849611, 4039889048, 1937934502, 1273692541, 3829809253, 1719029789, 367760464, 1212226523, 4185694811, 1464933305, 2137269748, 3156901430, 1829718627, 488341550, 1680688946, 2727706938, 2024828705, 692850821, 3615134533, 2072023189, 514904097, 1367185510, 2675910221, 2825088461, 2607135971, 1809908285, 811153838, 2973654717, 3906944505, 1167816072, 2374982926, 2938869103, 2805045054, 4228148738, 2189913973, 1629543159, 1614696806, 2345685986, 3887998485, 1215533987, 2351815715, 3385115367, 3287232418, 1005393187, 2359070028, 3882093009, 4041721863, 1336079231, 1015026325, 1552109097, 1847103072, 2884502061, 1817082362, 1043326542, 890193550, 723305797, 2433843152, 4052951882, 2811180341, 1035401463, 1509923687, 1109407109, 1216591192, 3432326104, 3703892424, 3435296987, 3247187844, 2316755939, 4151323599, 1207131406, 1314309035, 1687815720, 928134684, 3800724704, 943602259, 826621909, 4157975329, 3900939207, 2569253078, 1450184074, 3654962542, 3711532601, 3300011174, 404894239, 2406061528, 3951539416, 196214657, 3962113252, 786156321, 3936796537, 216407568, 2590091592, 2252453106, 1624573913, 1082133915, 3636698116, 2201552267, 2114625182, 2727832133, 3185795009, 1318492776, 384497221, 1148784837, 3477707190, 849488015, 3700023663, 61205771, 3519559295, 3973189669, 1514471955, 3214122029, 3238635875, 2668977506, 3338232534, 6054899, 176403485, 3221549955, 391767497, 1027742959, 4130154655, 3339260730, 1669696311, 2767639643, 3430910053, 704901385, 1970655916, 1065497643, 2258272817, 3726447088, 1200020122, 1963008899, 4202872941, 3263126640, 2005699666, 1256477263, 739397518, 1590160991, 4065394117, 2684051245, 3801480687, 4051703894, 1832934524, 2968692153, 2639282794, 3217338768, 4128353915, 3622881572, 3208453711, 1481334793, 3136985639, 2239340937, 3960308441, 4105625138, 2991263340, 3828695615, 832896222, 2029365985, 3179531778, 3002307354, 744184051, 549432851, 2101414284, 4142052111, 2553036254, 2478150821, 3403911503, 1995556102, 569065501, 2140630228, 4200992164, 3178282968, 3567898868, 1278936489, 3767411607, 1385933965, 3048796739, 822970898, 2861044782, 3697929976, 771672060, 3537519201, 990394275, 533114186, 957140728, 3810914690, 345681679, 2118379230, 486294794, 1060350442, 3803944785, 1477781116, 1234265862, 2934547681, 1539708312, 1707557798, 3139071156, 3409299636, 426008966, 969946396, 2306709385, 4108623455, 4090175409, 2392926209, 1183771770, 3696554526, 3233631880, 780312849, 890618742, 3440863277, 1405314859, 4260481478, 929508238, 2249653142, 399053017, 3388965144, 1667850132, 980064567, 2528247238, 2949737522, 3491226338, 3053944281, 1193798104, 2423197328, 636449791, 188058966, 3556515702, 1024271263, 2560961330, 4065556687, 2310456806, 384989660, 4128815205, 1335168867, 2635961705, 25007664, 2637144229, 560229282, 3042651392, 2439171967, 3711823447, 3332970988, 1072854891, 1094944546, 2732800871, 1624114148, 2727727573, 3580478742, 723602247, 1140622023, 3285450926, 3968877786, 1465626886, 2442294460, 2837570725, 1643095581, 1079214712, 761459708, 252281351, 3869110139, 2231965039, 754935714, 1957869623, 750762929, 499022693, 3088357002, 1877241307, 2925636878, 1718542152, 1765231471, 2544318009, 4153327773, 671027538, 1598263770, 1705038880, 2459406457, 1660314630, 1100930248, 1640037301, 1989177951, 2365120579, 3996858847, 3257675669, 2371049550, 1699724367, 4153057370, 4180577271, 3268242225, 382705349, 1301163712, 4200518581, 1421276700, 3203607834, 1046944029, 2246332167, 2662186505, 3748156762, 1357620130, 2096437577, 1436406493, 1958830222, 1177762274, 559309404, 3271513344, 1775559237, 2102422663, 1470539349, 289021427, 2201290572, 2673478443, 558809368, 1746104847, 2903059321, 80888440, 1761930614, 1434771075, 3992579341, 3683027186, 1189904250, 1119925161, 410462686, 3600327941, 3698346636, 3024933946, 2876661466, 3203628324, 216749004, 4226464835, 1511778261, 1839145031, 174757308, 3107750518, 3587156654, 778102376, 3305281532, 4227029158, 3720811790, 1816239435, 2847469545, 3172114791, 2946714110, 224029039, 3014719178, 844094973, 3122715644, 1526274736, 1473038487, 3982081740, 4126595840, 1182583397, 3389884757, 267182327, 861692335, 2734953633, 2973943475, 2131651119, 612572117, 3536369679, 3910308661, 1182482106, 1433359808, 508837464, 867425558, 2982649328, 3828181015, 1553126192, 3495761702, 3767352960, 1970550531, 1900668851, 1499746434, 2209836548, 3426725180, 1981105367, 4286505200, 2186639145, 206158668, 2781687565, 2196501920, 3668257684, 3011780392, 4277218237, 3693345879, 1573888994, 4083636450, 1193300490, 3681495137, 2760835435, 1020273137, 3584018344, 142954293, 3323926635, 631119612, 2029018855, 4013086387, 1009348664, 2615280986, 1164076481, 2274974450, 2975568043, 3820322363, 4205555688, 1535760376, 3523295027, 486519034, 1398485046, 1700835223, 3159047702, 2271445572, 677498880, 2137396207, 3311958095, 211115683, 288157668, 2955051761, 3681006558, 2277623396, 2512572599, 2125496174, 1498380121, 1033654694, 3924480357, 482504430, 2832275305, 3171959200, 1892644285, 2186334561, 801012196, 1026831188, 448729931, 714462520, 395185609, 2745622362, 1703329534, 2430078281, 4080175036, 2870419052, 1211795305, 1705290886, 4218479162, 1182810708, 3480233214, 1238880779, 2785036719, 2734062260, 630259556, 2137238793, 1364162297, 250616258, 2298685464, 1092172932, 2305165012, 4259626871, 3100921162, 3789590078, 3317611506, 4089383200, 1049150703, 4225076549, 2233176835, 566586055, 190605612, 4090079336, 342737045, 1598816176, 3655572267, 1267399401, 2761777027, 1576035154, 3453812861, 2416656149, 2231014464, 2145337685, 2548191119, 4229909155, 1355398392, 2491974167, 401249300, 1982228923, 3110180113, 2897170427, 225950416, 1550750041, 4262831522, 170424630, 399070746, 414839543, 2847961516, 4168567486, 3948125615, 1010677622, 1494360513, 1599809752, 796736762, 1287438689, 803689037, 3992490151, 2954246909, 4227844135, 703984469, 472379894, 2377029548, 1087433569, 671958115, 3102838029, 229022381, 3806953093, 1683722407, 2998494965, 879868789, 808973485, 4268946504, 1279787804, 4158219392, 1360970269, 1310049137, 2766979563, 780924730, 3402953492, 2077414928, 1022925765, 4094481808, 1922699773, 2662010397, 1552664641, 321964461, 2832242409, 3156192021, 869290547, 3509894205, 582361081, 1680156500, 2430230741, 365363353, 3194037335, 1405289902, 1209678125, 2662017252, 3148603880, 1155244033, 4112488928, 3263720445, 791832757, 2386072865, 3213407187, 565), None)
Loaded weights: 121.83982719247763, -23.360164691021172, -0.7162900781796975, 0.0, -2.7740435004855217
events: 
  ----
(3, (392423482, 927354357, 3961176663, 1831579125, 1132564830, 2097738556, 245521928, 2940219279, 2362543879, 3465593553, 1428758343, 3945069700, 1589569041, 3982864987, 3633512858, 150394790, 983401861, 1927994704, 183838891, 2592889158, 1329182341, 1394155949, 2783115098, 1977570900, 3478986860, 486816881, 3323370600, 3876507202, 3703747215, 1833992707, 214033391, 2242149101, 1004070966, 1894320902, 2447336967, 900357391, 3293801676, 537590675, 627554224, 866047175, 1110209127, 2273456026, 751668304, 1996592045, 3784839251, 4007651804, 1351912359, 1206475316, 2306164037, 147180012, 2654218802, 258463714, 985365879, 1988389580, 3005439142, 3626160274, 3066278218, 2865302333, 555139209, 1436806184, 953814170, 3364760004, 553123204, 2607741210, 398660309, 247497729, 1410983801, 103108984, 3360031866, 1512415258, 756971370, 1707797890, 3320195322, 1564988216, 560588765, 4294763377, 1297987031, 1376400344, 3937812644, 1559071462, 497325924, 4005931610, 3911554818, 31187468, 2534346438, 3434837041, 2897676917, 992312170, 2464443288, 107011062, 1050193549, 1932020292, 1047514665, 1256987987, 2194789531, 2081714599, 1914515324, 3321181901, 628365744, 455109382, 3283355640, 2935404487, 2028932841, 2740796561, 162256964, 464219258, 2447265037, 4155919126, 3505074428, 3134871609, 597061352, 1369698545, 3697124965, 1583134063, 245886870, 1761086937, 46254106, 3319172217, 2186260393, 4280655961, 2809145330, 3069617418, 3921590809, 2768148269, 1765773157, 1300634293, 1614704992, 2083575170, 368114618, 2540221207, 881379472, 782317928, 2759931165, 1676730303, 1888014093, 599340526, 809683967, 2083805268, 3602516157, 3509950309, 2711895742, 1549611185, 2017705218, 3739058313, 286374056, 3916646354, 3893160176, 2688224675, 795437727, 1268375172, 1012653371, 635224215, 1586402108, 2486607067, 703172846, 2132370148, 810172910, 1114435932, 1634498419, 607109836, 3201916094, 3531583897, 1052748869, 4019802310, 182521330, 2904969570, 164609223, 2529839408, 4052903224, 74464186, 3557571467, 1758512831, 2666151977, 3742009596, 3679828822, 2812061341, 960136226, 3475592962, 2079979698, 4035444138, 1582515824, 1175877731, 1434953007, 2546658051, 3217971167, 2954068310, 554930293, 1515862288, 3124288416, 3437089188, 2503140609, 2675779911, 2002836681, 1975536129, 3060465692, 1012420865, 449059178, 872751728, 3988219067, 1504819847, 1073636924, 738726434, 274551033, 139142638, 1468252635, 2485964163, 3393975950, 1955741582, 4258315195, 1232847167, 567926660, 2078365483, 3336546241, 1694143039, 3048613022, 2805853493, 3371110014, 590804006, 1861702916, 4024957164, 486478977, 2509818444, 968274018, 3203797803, 61110085, 4201268753, 1868263851, 253069815, 1352291307, 2308238878, 1783084486, 93212508, 2547722605, 2577514324, 1784708190, 1486103097, 2532073701, 3789008245, 3546231517, 2018328181, 908858063, 1605330837, 1664599134, 181941890, 1754294649, 1679624606, 816575088, 2452447646, 58105549, 3116676499, 2551064529, 1149888358, 3001664499, 2938923393, 2384034582, 2750713801, 15624345, 4082623042, 3449094335, 2138536459, 1717175886, 3471405466, 1477098478, 165892066, 837760264, 3846747873, 1691494891, 2038829283, 3971608954, 3711348706, 1605423535, 3904965772, 3368756107, 2127435999, 2681594713, 1867464955, 195920598, 4218683778, 2560955835, 1393696907, 223430427, 3348829730, 1415712147, 2433995970, 3544932290, 4014941377, 134542423, 1580879101, 292486492, 3737051961, 136484307, 1116724848, 3550317098, 3251651875, 2253954725, 1275591199, 90953542, 1243945851, 1640300564, 2007460669, 22473514, 3758390578, 3248578654, 2385726836, 3362268662, 2896213925, 318985701, 2190277822, 2765951744, 3504865014, 4285492976, 2964737406, 4228896601, 1158078990, 2173999127, 3729667758, 4212121142, 648343424, 2054677955, 648570487, 3445326683, 635160231, 1524755560, 1121265207, 2167134448, 49354546, 4115987113, 766877020, 3984592190, 328318285, 103562998, 3994127362, 823603842, 3474882652, 363393764, 303649660, 3593330454, 717463478, 282580997, 3927430481, 3856708172, 1870717446, 3043855096, 3762727400, 1012229204, 156157047, 2781549688, 2740848870, 531022224, 2111242174, 2073063578, 2330100747, 4072198129, 166710041, 138559441, 1915028956, 1581749045, 2645037634, 2946791550, 3514741854, 3776810998, 1567686944, 852431413, 3695004009, 2201848042, 3123866530, 3819999097, 2736453355, 4089430140, 3697854591, 1654176787, 4289833586, 451993519, 3263128239, 422641571, 831468518, 3165450912, 1246857377, 1693912157, 908957552, 3149135531, 3700446639, 3177876154, 1728807517, 897477670, 3844759342, 262417237, 3138825561, 556594879, 3843077685, 57922845, 29541361, 2866626831, 1927519809, 592598297, 788034923, 4226756845, 1595990728, 459109811, 13871548, 311197248, 1400118095, 3523002051, 164789001, 2287429553, 710271692, 3550833721, 363398891, 362333800, 3741804225, 513030082, 1340982243, 3395404809, 3188290777, 3215397211, 1419214813, 1401884672, 1513033027, 2567588240, 2972609299, 2111263223, 2676678700, 188438462, 4268096787, 3038941089, 1866849783, 3970769798, 3231804072, 579896804, 2500095687, 1746797820, 2725169836, 3289125796, 4059056318, 153990192, 3302720028, 2854321955, 4119802665, 281834581, 2132033293, 736286410, 1223144863, 2671357132, 3731048132, 3526439131, 3037930003, 3652468356, 2977665407, 1369865592, 3708088936, 1885777157, 3079866239, 2868118945, 434699824, 2342275913, 1476178077, 3669199026, 1103800895, 3920704257, 109335622, 3772319279, 714164584, 605104986, 1304944761, 814647154, 295443528, 198776827, 1523058982, 2240847855, 1636913177, 673565267, 631386259, 1711240357, 92039375, 3958228805, 2348271566, 2234534687, 28725685, 2985806742, 736512399, 3725756875, 423203491, 1360842333, 2022502793, 3671825589, 2759629436, 297835574, 1672796050, 3422625915, 1510691528, 2149078837, 3113137055, 3400985496, 309241182, 1809358373, 1629913246, 2937239862, 2708354843, 1852722362, 283624120, 3475777229, 682445404, 550138010, 3722253572, 4124816459, 2808631, 814801354, 1008803714, 592197476, 163829659, 380284458, 997449951, 1574592870, 2137402291, 2673362416, 149926458, 2804118997, 2865686927, 2635574069, 808528108, 287157629, 1855508437, 3777117091, 3497108456, 3972088420, 3212729133, 3349603068, 1828822041, 590374504, 3422655683, 3126859354, 4084899976, 1121017479, 1610762414, 1048772144, 633086395, 2229742509, 1697571026, 3587708045, 3494452779, 471896800, 1828160646, 2283328829, 3775827452, 2067505410, 2640110159, 3096733318, 3143776806, 3824120203, 3597617474, 996271344, 3061234698, 1363572366, 310776812, 2790171389, 3220927942, 2738586397, 3304240896, 1794520816, 2570854556, 1465095354, 1278535044, 1276237221, 2960162027, 1776710275, 4139160193, 3926727009, 2824562797, 2372898646, 1060030447, 2417375227, 1131762833, 1547342730, 2833243167, 1593393661, 3297578860, 374287996, 2063588239, 1783900814, 3896428765, 649689111, 2810207857, 3809850785, 1516110854, 1092252886, 4152592485, 1544663920, 3128019492, 789869087, 279655721, 766808799, 3724476515, 280203473, 2492137328, 1393456047, 1323830388, 1186400390, 1148145352, 1276284364, 1079585565, 975881159, 1117067011, 4264144964, 2485195662, 3335577422, 1168936052, 2672776323, 1763177365, 1893783867, 4003664481, 3233245560, 24174630, 2358511303, 2745541687, 4185101959, 4237642211, 2584063221, 3000940222, 2949644221, 1399202815, 3754783039, 4121705899, 2324532677, 4032742640, 531), None)
Loaded weights: 118.91027283884563, -37.12166090885017, -0.7162900781796975, 0.0, -10.320328012602749
events: 
  ----
(3, (314135319, 4124318800, 2571327257, 3808351903, 2317033602, 133399063, 3774565424, 3308086688, 2231430663, 598717029, 1658783317, 2386721855, 2516548922, 1533273617, 1688344331, 1982757392, 2034895563, 2209202056, 934274470, 1321914868, 3166167889, 4040915249, 2694113517, 2219636093, 1264467750, 3172638507, 3040647812, 2332887490, 4102832508, 2376977811, 2778057995, 1476814705, 1284454404, 3909967065, 2157910574, 3213536648, 2805064101, 1632886546, 3826686146, 1464565880, 3873213387, 1120613983, 1362409434, 2715517248, 4081573093, 3105478517, 1710188485, 2889436798, 1440944070, 4154708813, 3124253866, 2931146047, 1087765827, 2820144825, 3844731633, 3675664304, 2467686470, 967186125, 665641137, 2286853899, 431386144, 1623607329, 704733800, 611724174, 587145280, 132310920, 1120077025, 2132642241, 2494433119, 1926872372, 1282641659, 224181969, 3600628754, 3763293822, 1846051844, 352724656, 3198180219, 2620063893, 158924274, 2625091911, 2608654189, 3893028718, 2053500667, 1816924677, 1947777839, 2925217471, 1322748265, 472469923, 65355574, 3264740082, 1150985431, 1401509432, 2934189946, 1401641770, 3971338136, 730618249, 3735635981, 1607628359, 954000498, 209021842, 1576125296, 532596735, 3934131041, 4103586156, 819415543, 272770452, 3744393059, 2561162802, 1301760060, 4160930000, 2292255086, 1403563028, 599620703, 865308502, 1963490228, 618579923, 2245270276, 2273263829, 4283020707, 1654639456, 3163854484, 1636053977, 2167861534, 1377622357, 3014218951, 4164919897, 1027120925, 1368492871, 1754971383, 70353482, 221712908, 2549886555, 351167320, 2578161276, 293267082, 1778716293, 176559213, 2239463537, 1551319068, 3056053101, 1255569288, 2203601797, 2559108245, 1065931203, 2257422354, 3191964571, 2743602855, 2901788463, 3287309173, 472118662, 2218719972, 2054501118, 3098053382, 3067034150, 3976214976, 3750708417, 3435999703, 282470923, 3446665880, 977598338, 1188171599, 3206382030, 756176206, 2123591034, 3126145749, 2867542579, 140410923, 2760881609, 569268339, 4221898005, 3020902488, 4218630575, 2202275733, 650423917, 765387208, 1985134058, 46312620, 995071095, 2042620069, 3683593631, 957782510, 2020689880, 1874172888, 2253141652, 1659089402, 3447670136, 2646129021, 515131643, 1879525350, 1059364358, 2646646289, 2855664010, 963928011, 2770099201, 242731493, 838853929, 190414361, 2436832933, 1362790243, 476132401, 4209714947, 1462010307, 1565329620, 3020169203, 1188720669, 48909153, 3496032970, 3844961379, 2680718412, 3553752543, 1559148495, 2734011589, 2005606000, 2504838828, 3595990348, 3270720515, 594091632, 3869436584, 3046282840, 858251325, 1018159011, 3589800392, 2229416327, 4171414292, 3892924016, 1597021671, 1848707466, 183515827, 3101857517, 1485713254, 3715397059, 1580021611, 2128016136, 2445382823, 2786638923, 2716726423, 1273076457, 565154680, 773527461, 4160628535, 2674783169, 3624890750, 1664103705, 1906823748, 2742020779, 631832591, 2395867218, 582467483, 4290529462, 3163189716, 964315732, 2701246771, 1097153576, 4032844293, 3888143775, 1219737700, 117020300, 1887077318, 2384470943, 3133232941, 920578183, 687713256, 4019167774, 639636313, 921510231, 652480301, 2924109451, 2999220493, 1466792281, 1243071463, 1503756714, 3075321437, 1437315836, 1970896583, 3597323705, 543758952, 2792026891, 2827042153, 2454116113, 4240443839, 3158970921, 1085233564, 2231803384, 1548026927, 4038942764, 1607036062, 668684269, 511240288, 3537604992, 1673169465, 720213215, 3431820708, 228211756, 2920861809, 6706, 2215120841, 2276913693, 3618077005, 177232089, 1196971824, 142990924, 2577426638, 1897961308, 3059178870, 2259619037, 204128907, 3995779019, 2381813979, 995905609, 3851045423, 3052749649, 3547745967, 4030013131, 277926014, 1363992045, 4169566686, 3181257397, 615243517, 1063327966, 505557168, 3011349798, 3378045033, 2785040409, 2728674495, 2019052044, 1423302208, 1620805326, 1880705476, 303382101, 3020330262, 2322494460, 2727258718, 4280529333, 209130873, 1980521170, 2390946897, 4132390188, 2492829201, 3425349281, 1352788014, 902514334, 3125552036, 696873070, 1907413972, 1614797936, 886781011, 1034724993, 1116322519, 1120093741, 4048512379, 3549936433, 3049816039, 3248460118, 2342908265, 476409561, 3087616994, 1391467523, 760518919, 4257474631, 3073176398, 2832146337, 722315628, 4241419810, 576793565, 1108108916, 1378828208, 449089415, 95746302, 2221771702, 1949833612, 2694782255, 2106714283, 2156149221, 1814077640, 1721650654, 993021327, 3369118584, 1994994669, 446942915, 1842012318, 1147154155, 3170314756, 302013110, 3531584209, 2957345342, 1208821727, 2648821012, 88265387, 2218616985, 687289596, 2365272851, 3264663718, 3006356259, 2667304398, 1975506668, 2746157603, 1248027967, 1622803750, 1317887784, 2781029377, 988152370, 54382504, 2792241017, 970263245, 491122634, 1826797522, 664766314, 3616803981, 1656605929, 3655954947, 1050435659, 3450299102, 2511033606, 1393722041, 3685321855, 3032503441, 252050254, 2614692584, 2154145251, 3168722551, 330822959, 327295228, 3464468821, 2607438146, 243324527, 230080517, 2230847099, 1153212085, 1327324169, 3366962010, 1959414603, 924862387, 3466432662, 2983183211, 3744308702, 2852048201, 3717285066, 4091841982, 2867229863, 3708298812, 779699825, 2512348161, 2212775752, 3164938310, 1819545372, 4092682589, 1531385519, 1382330623, 2414821308, 2248758550, 794527218, 628065220, 4281679855, 556600097, 3709665764, 3374509744, 1453585257, 441938769, 2661890406, 1834471501, 1895282233, 1137734926, 1345060612, 667465079, 1823284164, 1106824873, 2552169134, 3062586023, 573521392, 868396635, 3048816466, 3463904724, 4174937287, 3040841944, 2441062905, 87688684, 1977723607, 2721136497, 274646331, 3620774892, 1962361251, 1084415248, 934694625, 3836930828, 418208473, 3655590474, 1393240181, 2676983915, 353757011, 3714930944, 3583793987, 3703621274, 1802262523, 2517274752, 1947243865, 1712645110, 3014104107, 2783080942, 1962950118, 3543303650, 4107619132, 3142454079, 1678883515, 2603433455, 1863638023, 951405056, 1208414362, 2799915824, 965470628, 3645804520, 1567342784, 721142862, 1618670029, 863880026, 2247252965, 116501037, 3637010453, 1215979957, 3006571439, 3385343181, 370135654, 184672571, 2946389958, 3364537167, 1033516612, 2744136039, 2656118152, 4291523361, 2576888141, 702058130, 2190496949, 1562583649, 114836094, 2577197382, 1338623286, 139063173, 4204725096, 349834720, 319856535, 745412417, 3646772374, 1684730588, 2753783721, 3376716302, 3015118249, 3831064686, 2593893239, 3206035877, 3261970084, 3206104660, 1945134449, 1534325436, 2764285053, 4202890812, 3769879303, 1854040639, 3502481117, 4074293579, 2617973766, 55516405, 1504082618, 3627055463, 996838643, 807636160, 1739499398, 2888998591, 3656265557, 282879682, 1032433189, 3247405639, 1272057657, 2177691581, 494603628, 867993787, 2567396619, 1941937493, 1118522210, 3718218706, 3598930605, 609443189, 3497073349, 3188636313, 3788804381, 2354940131, 2050195152, 2573229266, 867116976, 1208859526, 1452513874, 838768370, 4213577961, 3227074477, 1680901272, 3852314736, 3262317942, 2453903415, 2341226470, 3121771444, 3296944268, 3797982772, 4228014774, 284504851, 1800199289, 759748251, 2406053803, 2512135851, 3893683495, 2028672526, 2637030302, 1725680663, 3278661641, 1958419305, 3216461654, 1239809429, 3051326658, 1252170942, 2473411089, 114212330, 3777115893, 3674500406, 4285598698, 3633841397, 2197843448, 2587327595, 255), None)
Loaded weights: 117.13306995157556, -40.267803899418894, -0.7162900781796975, 0.0, -2.50177742625782
events: me found the exit, 
  ----
(3, (314135319, 4124318800, 2571327257, 3808351903, 2317033602, 133399063, 3774565424, 3308086688, 2231430663, 598717029, 1658783317, 2386721855, 2516548922, 1533273617, 1688344331, 1982757392, 2034895563, 2209202056, 934274470, 1321914868, 3166167889, 4040915249, 2694113517, 2219636093, 1264467750, 3172638507, 3040647812, 2332887490, 4102832508, 2376977811, 2778057995, 1476814705, 1284454404, 3909967065, 2157910574, 3213536648, 2805064101, 1632886546, 3826686146, 1464565880, 3873213387, 1120613983, 1362409434, 2715517248, 4081573093, 3105478517, 1710188485, 2889436798, 1440944070, 4154708813, 3124253866, 2931146047, 1087765827, 2820144825, 3844731633, 3675664304, 2467686470, 967186125, 665641137, 2286853899, 431386144, 1623607329, 704733800, 611724174, 587145280, 132310920, 1120077025, 2132642241, 2494433119, 1926872372, 1282641659, 224181969, 3600628754, 3763293822, 1846051844, 352724656, 3198180219, 2620063893, 158924274, 2625091911, 2608654189, 3893028718, 2053500667, 1816924677, 1947777839, 2925217471, 1322748265, 472469923, 65355574, 3264740082, 1150985431, 1401509432, 2934189946, 1401641770, 3971338136, 730618249, 3735635981, 1607628359, 954000498, 209021842, 1576125296, 532596735, 3934131041, 4103586156, 819415543, 272770452, 3744393059, 2561162802, 1301760060, 4160930000, 2292255086, 1403563028, 599620703, 865308502, 1963490228, 618579923, 2245270276, 2273263829, 4283020707, 1654639456, 3163854484, 1636053977, 2167861534, 1377622357, 3014218951, 4164919897, 1027120925, 1368492871, 1754971383, 70353482, 221712908, 2549886555, 351167320, 2578161276, 293267082, 1778716293, 176559213, 2239463537, 1551319068, 3056053101, 1255569288, 2203601797, 2559108245, 1065931203, 2257422354, 3191964571, 2743602855, 2901788463, 3287309173, 472118662, 2218719972, 2054501118, 3098053382, 3067034150, 3976214976, 3750708417, 3435999703, 282470923, 3446665880, 977598338, 1188171599, 3206382030, 756176206, 2123591034, 3126145749, 2867542579, 140410923, 2760881609, 569268339, 4221898005, 3020902488, 4218630575, 2202275733, 650423917, 765387208, 1985134058, 46312620, 995071095, 2042620069, 3683593631, 957782510, 2020689880, 1874172888, 2253141652, 1659089402, 3447670136, 2646129021, 515131643, 1879525350, 1059364358, 2646646289, 2855664010, 963928011, 2770099201, 242731493, 838853929, 190414361, 2436832933, 1362790243, 476132401, 4209714947, 1462010307, 1565329620, 3020169203, 1188720669, 48909153, 3496032970, 3844961379, 2680718412, 3553752543, 1559148495, 2734011589, 2005606000, 2504838828, 3595990348, 3270720515, 594091632, 3869436584, 3046282840, 858251325, 1018159011, 3589800392, 2229416327, 4171414292, 3892924016, 1597021671, 1848707466, 183515827, 3101857517, 1485713254, 3715397059, 1580021611, 2128016136, 2445382823, 2786638923, 2716726423, 1273076457, 565154680, 773527461, 4160628535, 2674783169, 3624890750, 1664103705, 1906823748, 2742020779, 631832591, 2395867218, 582467483, 4290529462, 3163189716, 964315732, 2701246771, 1097153576, 4032844293, 3888143775, 1219737700, 117020300, 1887077318, 2384470943, 3133232941, 920578183, 687713256, 4019167774, 639636313, 921510231, 652480301, 2924109451, 2999220493, 1466792281, 1243071463, 1503756714, 3075321437, 1437315836, 1970896583, 3597323705, 543758952, 2792026891, 2827042153, 2454116113, 4240443839, 3158970921, 1085233564, 2231803384, 1548026927, 4038942764, 1607036062, 668684269, 511240288, 3537604992, 1673169465, 720213215, 3431820708, 228211756, 2920861809, 6706, 2215120841, 2276913693, 3618077005, 177232089, 1196971824, 142990924, 2577426638, 1897961308, 3059178870, 2259619037, 204128907, 3995779019, 2381813979, 995905609, 3851045423, 3052749649, 3547745967, 4030013131, 277926014, 1363992045, 4169566686, 3181257397, 615243517, 1063327966, 505557168, 3011349798, 3378045033, 2785040409, 2728674495, 2019052044, 1423302208, 1620805326, 1880705476, 303382101, 3020330262, 2322494460, 2727258718, 4280529333, 209130873, 1980521170, 2390946897, 4132390188, 2492829201, 3425349281, 1352788014, 902514334, 3125552036, 696873070, 1907413972, 1614797936, 886781011, 1034724993, 1116322519, 1120093741, 4048512379, 3549936433, 3049816039, 3248460118, 2342908265, 476409561, 3087616994, 1391467523, 760518919, 4257474631, 3073176398, 2832146337, 722315628, 4241419810, 576793565, 1108108916, 1378828208, 449089415, 95746302, 2221771702, 1949833612, 2694782255, 2106714283, 2156149221, 1814077640, 1721650654, 993021327, 3369118584, 1994994669, 446942915, 1842012318, 1147154155, 3170314756, 302013110, 3531584209, 2957345342, 1208821727, 2648821012, 88265387, 2218616985, 687289596, 2365272851, 3264663718, 3006356259, 2667304398, 1975506668, 2746157603, 1248027967, 1622803750, 1317887784, 2781029377, 988152370, 54382504, 2792241017, 970263245, 491122634, 1826797522, 664766314, 3616803981, 1656605929, 3655954947, 1050435659, 3450299102, 2511033606, 1393722041, 3685321855, 3032503441, 252050254, 2614692584, 2154145251, 3168722551, 330822959, 327295228, 3464468821, 2607438146, 243324527, 230080517, 2230847099, 1153212085, 1327324169, 3366962010, 1959414603, 924862387, 3466432662, 2983183211, 3744308702, 2852048201, 3717285066, 4091841982, 2867229863, 3708298812, 779699825, 2512348161, 2212775752, 3164938310, 1819545372, 4092682589, 1531385519, 1382330623, 2414821308, 2248758550, 794527218, 628065220, 4281679855, 556600097, 3709665764, 3374509744, 1453585257, 441938769, 2661890406, 1834471501, 1895282233, 1137734926, 1345060612, 667465079, 1823284164, 1106824873, 2552169134, 3062586023, 573521392, 868396635, 3048816466, 3463904724, 4174937287, 3040841944, 2441062905, 87688684, 1977723607, 2721136497, 274646331, 3620774892, 1962361251, 1084415248, 934694625, 3836930828, 418208473, 3655590474, 1393240181, 2676983915, 353757011, 3714930944, 3583793987, 3703621274, 1802262523, 2517274752, 1947243865, 1712645110, 3014104107, 2783080942, 1962950118, 3543303650, 4107619132, 3142454079, 1678883515, 2603433455, 1863638023, 951405056, 1208414362, 2799915824, 965470628, 3645804520, 1567342784, 721142862, 1618670029, 863880026, 2247252965, 116501037, 3637010453, 1215979957, 3006571439, 3385343181, 370135654, 184672571, 2946389958, 3364537167, 1033516612, 2744136039, 2656118152, 4291523361, 2576888141, 702058130, 2190496949, 1562583649, 114836094, 2577197382, 1338623286, 139063173, 4204725096, 349834720, 319856535, 745412417, 3646772374, 1684730588, 2753783721, 3376716302, 3015118249, 3831064686, 2593893239, 3206035877, 3261970084, 3206104660, 1945134449, 1534325436, 2764285053, 4202890812, 3769879303, 1854040639, 3502481117, 4074293579, 2617973766, 55516405, 1504082618, 3627055463, 996838643, 807636160, 1739499398, 2888998591, 3656265557, 282879682, 1032433189, 3247405639, 1272057657, 2177691581, 494603628, 867993787, 2567396619, 1941937493, 1118522210, 3718218706, 3598930605, 609443189, 3497073349, 3188636313, 3788804381, 2354940131, 2050195152, 2573229266, 867116976, 1208859526, 1452513874, 838768370, 4213577961, 3227074477, 1680901272, 3852314736, 3262317942, 2453903415, 2341226470, 3121771444, 3296944268, 3797982772, 4228014774, 284504851, 1800199289, 759748251, 2406053803, 2512135851, 3893683495, 2028672526, 2637030302, 1725680663, 3278661641, 1958419305, 3216461654, 1239809429, 3051326658, 1252170942, 2473411089, 114212330, 3777115893, 3674500406, 4285598698, 3633841397, 2197843448, 2587327595, 592), None)
Loaded weights: 120.82058500799229, -40.267803899418894, -0.7162900781796975, 0.0, 5.0
events: 
  ----
(3, (1515195150, 2602845307, 1303707537, 2146144883, 3654073980, 2517864801, 1531164701, 3335333910, 2755518015, 2415441055, 1237156429, 675443316, 760230356, 2512771857, 4138754006, 805757116, 1388600701, 2155773612, 2477079659, 2287385145, 2059142831, 1227317578, 1743787030, 1981344444, 2483543990, 2497827863, 3740065187, 1959196369, 3530069523, 1329221665, 2981567954, 1767555083, 1696718313, 881182300, 1759842679, 68014235, 3244698850, 3978744255, 3260747125, 2012721648, 193570382, 2189176650, 3454396060, 3469875420, 1346060132, 1746617461, 2864285561, 109414655, 1361590308, 106642682, 2620841663, 1988981186, 185211541, 3301428309, 1222939676, 3066022860, 3841372312, 1472446819, 1410142698, 444122233, 3007113118, 2343143506, 2137834890, 1636312601, 1075906250, 3896692139, 2169422152, 4294092980, 949227571, 657356044, 690861328, 157393913, 1139083620, 3267198288, 3304451724, 2122375589, 1646436429, 3586381568, 2450090384, 2706860478, 3593751750, 4100227737, 2029918769, 3623070955, 3465006736, 3386194570, 1940845314, 421512514, 4171767603, 2823736001, 3058377591, 40366318, 3030971541, 3821452431, 269376129, 3710927650, 1626020732, 1753147232, 1613649471, 2640278931, 859153102, 3644294281, 2843305300, 901144344, 3010402805, 3532552661, 3615040246, 165640217, 78916200, 206992429, 3476489530, 2975721300, 3230091331, 1743781146, 2711361400, 1653668943, 3922383855, 1667117547, 2008960925, 3330419551, 2712717446, 3014646560, 969859256, 2530461914, 3994452168, 1745528983, 2034939443, 2430589152, 2710106178, 2563419278, 1832768723, 3555655905, 621625772, 3391956976, 4046001660, 2593388695, 36280737, 569533752, 2320665324, 2683582636, 2357106941, 3327941890, 3936538495, 3659239583, 2722268110, 1827655717, 104253766, 1262981324, 2856882861, 2558842373, 3257049306, 3728339751, 3833518919, 91257233, 2914836483, 1538100297, 736142310, 3322163787, 866128382, 1789012389, 3981838764, 3397531297, 1007069768, 3716436751, 340612257, 3863837753, 3144476411, 2924559200, 149465322, 2213119865, 4100804298, 3844282672, 199597486, 1562214365, 3135615304, 471489338, 3071537759, 1020270982, 3346053957, 505415573, 3785826366, 3780747073, 661997119, 2701181496, 2561742885, 906001788, 1510939713, 1110498595, 2264011729, 2756171879, 488064835, 2468414824, 3128428589, 622152900, 1101954534, 4170484555, 1946851325, 870774296, 91992816, 804349112, 1216906122, 3928351974, 1634345234, 107473511, 2290656892, 1132216604, 3335969909, 3230479757, 1700555931, 527109663, 4036590771, 3873991846, 1820175169, 2823246511, 2362062263, 3993223278, 2058651841, 4011247598, 2319047807, 338828575, 741522702, 979082985, 2807378108, 2339744978, 772340441, 3021531453, 105370093, 3744067751, 4150481864, 4194727343, 2314582297, 3869755384, 133950445, 2437371623, 255025794, 1489347476, 2670689571, 3350772032, 2327171376, 4226709739, 4190266286, 505476485, 148179358, 3665500407, 1268928116, 2495756354, 1074124075, 1164059380, 392321440, 994914620, 4287675130, 4105519522, 903433674, 872694707, 278866659, 3507772757, 1996952002, 800046274, 2905791298, 2806389109, 553325480, 1596113016, 3457509864, 1125649558, 1734108918, 1282839279, 3080535465, 4181174845, 1048542822, 3778356809, 1283227437, 988735002, 3417263049, 411324794, 1454441931, 3675648382, 3407024785, 1276970472, 2447754690, 3425149790, 2760925339, 1248320224, 1100347652, 3701997710, 942110508, 3739748035, 356823113, 2589011806, 1669102993, 4078092090, 1204719819, 116136156, 1715869004, 3243166801, 1694375823, 3796359650, 3589634421, 4117572003, 718112865, 1202185794, 3463268663, 3160778018, 1705725726, 3095238396, 182322842, 1007978154, 2124682508, 311612477, 1604917073, 3138128710, 658520931, 798355754, 2174571189, 3254791467, 626819501, 1064287926, 1662227808, 2851843864, 225896630, 2903912966, 509770852, 3657877074, 359322018, 482819706, 1108609088, 1348703576, 2773733745, 2738326843, 3275017730, 3964558506, 1693518391, 1442214384, 230507446, 3967750047, 2543235822, 2140375294, 3742630906, 808116917, 3641512771, 3663915788, 2060053704, 4116229967, 1514706341, 3654630871, 3761969949, 4032867330, 2127447787, 433707855, 302045506, 3373108735, 1430210550, 2396604515, 3033587964, 2926621056, 2363194641, 1375227548, 392712402, 3402928175, 2289662278, 3898769059, 2678846278, 3478020845, 1386995110, 590326427, 149289696, 507018736, 2637055187, 2387107110, 3158331844, 1676013879, 1037816853, 990392291, 452952129, 897183657, 3486975700, 2384512785, 2063138604, 1450964836, 3906765672, 1598455021, 453766291, 3837578584, 3952797182, 1942119161, 990515579, 1028716404, 2970349615, 1983909183, 2667162847, 2742256414, 3167697756, 3571272175, 2838533854, 3249737101, 646844078, 4107381418, 3014952426, 3542868318, 1858747375, 1452711095, 1552128009, 819599915, 3656937091, 3115386298, 178340463, 3569318128, 2900537612, 166819477, 1420138143, 3778266821, 2278781783, 3529814694, 3330379007, 4006832801, 2170046388, 3245403766, 2846579987, 3291293037, 1413929612, 1789608549, 752114874, 4288217491, 3038881770, 2856471573, 2889164485, 2651783442, 3567754045, 4128152913, 3463578955, 2181543016, 2231335265, 2949017143, 2190676086, 2839548570, 226157558, 194301694, 1721321664, 1021507135, 2288811960, 2722740390, 999313520, 3443004947, 2958118989, 210669391, 1340524447, 2123556855, 2752050623, 734339792, 2036282466, 4042846789, 2579655984, 2291848689, 2105990258, 684282143, 3149432831, 87693987, 1847950552, 2258707882, 151297793, 2793963566, 2964286560, 656841984, 3525921264, 2843340993, 2118938315, 2260357223, 967009639, 2832596310, 2663977591, 302618167, 3175114269, 2932261064, 3462262830, 2444407048, 134160386, 3030006804, 3009224283, 783771832, 3747418196, 3601489348, 341126459, 2454502732, 3813484755, 2725842033, 56511975, 1572863911, 831090079, 4084814046, 1905552632, 1037300886, 762867675, 2346909140, 1198774959, 1419626458, 3393051590, 3198420140, 3015974590, 922509790, 326608107, 2982538839, 3693863994, 3182520393, 1334566742, 630312013, 1346871528, 3051797903, 3746958022, 4166358089, 1723899156, 790632804, 3386237609, 2433924885, 3344361326, 2394238308, 1075923607, 3591437636, 237453119, 3344724419, 4211127909, 759299199, 1573293075, 1932604524, 520751258, 2335728215, 2108522959, 1709513381, 2706042637, 464118094, 3901350507, 4260091291, 1340389139, 162670501, 819655177, 423688087, 2411631392, 1659279077, 4049669558, 3082863735, 2695514709, 2905864446, 2956284997, 2923791014, 1540223921, 2747310955, 3688307503, 3644034514, 1804770827, 2136254262, 2240439672, 4120531909, 830392100, 3380439713, 757208646, 1275233325, 1300105467, 1918742963, 204114128, 720667700, 2371440469, 560889579, 1500480499, 1395344456, 1736593054, 3972223033, 3208322357, 754103350, 2450315373, 4244998917, 1285006003, 2796102374, 1077672662, 2928057771, 1890998400, 3947190449, 4178486586, 861240563, 3888270358, 2809552511, 1173902854, 98622785, 1753177107, 1698268480, 2396928562, 1785851834, 3328491078, 3517901470, 3429147488, 3034725999, 3618711956, 4130365709, 3658188178, 2063448236, 754362824, 4229416552, 1583423970, 4186337847, 1055705325, 1603953747, 1245208825, 1694413082, 3825977087, 1668929591, 25959555, 3829724198, 2242729198, 98451748, 590608362, 362618204, 249142156, 1394893093, 2425839506, 617723600, 3232414049, 2883860046, 319898464, 239582472, 3759463915, 357994745, 3110043508, 3599242027, 888651560, 1728985170, 549626944, 3734798445, 222), None)
Loaded weights: 119.77629552731064, -48.7348240816009, -0.7162900781796975, 0.0, -5.0
events: 
  ----
(3, (1202811836, 2434331896, 4033602897, 1885718327, 3806028356, 760283730, 2597818801, 3250003375, 172724832, 1362411765, 500191151, 1108184693, 1926863762, 4236991676, 2322055928, 1995117214, 4008465911, 1367501150, 475202485, 1308487323, 3770586568, 1740558471, 1369913147, 651670369, 752966471, 1130330596, 1227458466, 470408467, 1620744669, 3430684116, 464211339, 1709857632, 2554681158, 696598789, 885536421, 2720007687, 1188809370, 4116698515, 1886328326, 1667079143, 1037885850, 4003368182, 3307254984, 1401802690, 1614611702, 1006969646, 3603233775, 1735580557, 2109700490, 857418303, 1350801969, 3855780343, 1267967152, 4256180030, 2479173655, 268272702, 3659530609, 2445152010, 2433665088, 2008747799, 3279282563, 1991441860, 256123901, 2428497669, 2316258058, 2458790228, 3598754971, 3138311693, 2502781665, 758497263, 896375925, 3208353477, 861350047, 3745157467, 1217265861, 1715736791, 3142802056, 1325110474, 3828451531, 3628546104, 3448609067, 975875475, 1683700590, 1930873459, 4138082313, 2593804626, 2935418576, 2785211041, 2425367064, 4087631099, 2991237289, 4073236077, 3577223694, 4235719236, 2776292421, 923162385, 1621275754, 1663188998, 688066234, 3932082137, 2205094725, 1204491841, 3944661467, 1553258527, 1308550268, 607604269, 4168532126, 1377678812, 717567814, 4174219355, 2700830691, 2676722154, 1557653481, 3642485013, 2035446253, 1790656070, 1712489806, 3807829382, 1817794612, 1593793404, 2659949651, 2816984633, 640161810, 718130295, 2654785784, 3131564892, 2203553319, 761919982, 696274146, 1323087291, 2874593761, 3121562301, 3640477283, 930102765, 3723717425, 3905326598, 163169547, 2325206614, 756845235, 777449751, 3572427510, 1291033909, 1496744046, 3776189858, 1094376043, 1490458386, 2254662413, 1476125350, 209278479, 176410214, 2302733946, 1857927172, 774561746, 3198683130, 1034099802, 953305013, 4127731159, 346947588, 3724809662, 981568518, 3602722747, 3545897585, 2527389619, 2319554940, 4177873547, 2738654524, 3152792969, 4216277312, 3020867413, 3896147720, 2408843165, 157641828, 288304599, 1565074034, 3767250998, 4063695216, 3039646834, 1136543815, 3847081958, 3608271881, 1322393856, 2404009414, 358661213, 3173998814, 1043971070, 986776781, 3529585140, 1544882033, 444970610, 468168734, 3178413275, 327523677, 2763704175, 4208769889, 3753856470, 3489354473, 3856973156, 1557985434, 4001284203, 447252776, 1787336224, 982347888, 4274386166, 3763312065, 46659769, 3153052262, 487251519, 1846268540, 2472769268, 2188900716, 1726556943, 3790601971, 3725555885, 1341846934, 1406162663, 620252638, 2624542137, 3473218944, 3713401688, 4128080748, 2440294226, 2868242218, 2469578050, 4210782875, 3825925139, 4209638505, 1744881889, 1006688856, 1964211952, 765036802, 53880011, 942548845, 3170507262, 3712884976, 3990211685, 2631179310, 854105173, 1485481783, 2800878303, 238594629, 714315425, 2383234615, 3269340730, 2336060109, 1541633407, 3847838207, 1867317217, 3943676184, 2048411673, 1852795462, 1552749488, 1980628386, 3226855650, 3631129100, 2911585126, 454627644, 3685469109, 221388842, 2940331781, 3359170194, 101982521, 331514449, 3282829388, 1970665953, 1248603195, 4071176205, 2261712422, 1659068073, 1192013581, 974535553, 1325055183, 3705803213, 1883704211, 1687472597, 1257775922, 2168340509, 1427482827, 1483831504, 2210486360, 2161320994, 2558773838, 3004157077, 564757625, 2251537127, 667073716, 1118052539, 2056493240, 734228372, 1329308249, 4121680711, 2479481707, 3106685356, 723648419, 1039604611, 2318220028, 1725916804, 3465255905, 4177782938, 2632476132, 2372484315, 2164802506, 979085130, 2054871977, 4265368005, 1358026655, 3680731725, 1208410873, 2068947548, 665626672, 2935199232, 1692152550, 1868577164, 1653798680, 1699749593, 3115658746, 2702827688, 3881409399, 4109491442, 3829645166, 2584290364, 3514077549, 4023366804, 962971692, 1101574218, 1259571882, 2728548061, 583907739, 3807736900, 837564436, 7271455, 1987043559, 1260406183, 2332064061, 3015547369, 768897443, 89077435, 969951710, 360013469, 4072340588, 565383565, 2059341421, 2373880800, 3747156082, 2399647775, 2596703111, 2318846878, 3407545860, 2542530802, 443133977, 1287109609, 3031029913, 3293880454, 3986668444, 1546813552, 1167449760, 573858955, 4072557939, 4016729410, 1463209267, 2536030144, 3386883140, 3030812130, 1616505748, 231422075, 2240538798, 3129153541, 1769136004, 2328805908, 2752107889, 3738426043, 1704505996, 3578636948, 3680686105, 2710104167, 2313368049, 1896163737, 566113748, 3173953486, 2551592621, 3131545924, 2364957014, 1215196837, 3627795990, 1921357237, 168197054, 1602837878, 3634969158, 1086933259, 2195971070, 3368253981, 2032635220, 2912748004, 1525529381, 3903638238, 3240598549, 3990128032, 2175766439, 1643752117, 3139867360, 2791723276, 3693911992, 1434400680, 2934936493, 1769293210, 1776415807, 3007092576, 182572956, 4253571728, 651892347, 3481384233, 3558685069, 3295792478, 3568304450, 2462913070, 1017999434, 3612911652, 3774452343, 3612463517, 3218640048, 3000035634, 1545112439, 2234490403, 64144444, 720805593, 333150227, 489012522, 4171724639, 2495161434, 2072947268, 632486041, 782504453, 1133408386, 4014983979, 1538764740, 1807856899, 2687488660, 84816556, 1658787027, 2966102688, 2210877589, 4033760832, 2465222174, 4223122086, 580159145, 1766121124, 1448790360, 2750353924, 2916906339, 193015511, 3755209690, 666806460, 2596901418, 2005263417, 3973331905, 3885328342, 1107411100, 784931799, 3736918932, 728393594, 3836587982, 2396876400, 3301009565, 1365300369, 3569753071, 3269410779, 1663762611, 441603310, 4244614981, 1577139699, 1165405675, 3697152681, 1020104040, 2910847355, 749957088, 4047677202, 3133044715, 959766042, 1931713434, 492360512, 326618784, 3511221418, 1160079312, 3542951899, 51142041, 3135598374, 781050133, 4051990269, 2128484165, 220952602, 1276675966, 1887733515, 2967302579, 3639073760, 2748322757, 1035033855, 518955090, 1634208622, 3729383013, 1560827449, 508754318, 2739195182, 759024793, 184424164, 2100721855, 3683292872, 3966393659, 1710317273, 3957556420, 2761932839, 2622211570, 1471305138, 1147784963, 100578825, 2206960940, 13308214, 2434829593, 1326273401, 2000750726, 1988366156, 2630486389, 74416565, 2242395825, 4199278448, 693496793, 1392104727, 356885181, 3233664124, 742654496, 3718708568, 2222993663, 1676540616, 3516145220, 1321945433, 1339665257, 2469026289, 521940715, 1813726436, 2910955283, 972670451, 2743135717, 846389130, 1297835261, 703660482, 330999359, 2556959259, 142753972, 2778953639, 3551634385, 201993641, 1641720766, 4229871045, 495092105, 497787924, 2642021689, 1121131586, 939097212, 353678853, 3922458514, 2191510029, 1052706843, 2586328013, 504714988, 2854628984, 4282742683, 1124861062, 1655971973, 3325650128, 2247913451, 2653559443, 3208965401, 21775893, 3801982919, 647812889, 3080475801, 1462369876, 696817170, 2248418313, 3595957146, 1605140217, 1084794186, 1856914128, 1123730361, 1460441942, 3515617872, 2277316621, 822385795, 1414598696, 2718378126, 1454769595, 224143709, 1890968621, 2482027594, 2223569713, 105009013, 788876240, 1651966424, 1746294861, 3649843759, 3878875673, 1886356409, 1228715171, 271421295, 1126650762, 1667800995, 4290875228, 2307902808, 2959677418, 2342169744, 4176801512, 3497028063, 552423133, 3009124305, 175851089, 2434898934, 1206556559, 736167380, 459309758, 1703424750, 1607579822, 9856177, 3677083383, 3511078453, 1536324937, 3799463545, 482), None)
Loaded weights: 117.91178946006553, -52.212381889578566, -0.7162900781796975, 0.0, -2.626833781482828
events: me found the exit, 
  ----
(3, (1769328841, 1511772311, 1197212232, 3980471962, 64468609, 982313898, 2426829714, 751058191, 44976069, 2634104980, 1166421365, 532143026, 4056161143, 2435766513, 3204727825, 2060360550, 4195100289, 2878095695, 1756295094, 3500595347, 1032194305, 235120626, 951287901, 3546322443, 2759860945, 658900973, 3187327119, 3130950690, 991672256, 746217797, 2790001130, 2007761383, 3900238020, 2915613064, 3415655262, 2351050342, 4161861074, 334904832, 143241144, 467681889, 1435521704, 3529210052, 3925981044, 3228617787, 2364727177, 1239250830, 3357891504, 1469801057, 3604999320, 312897475, 104694087, 1850277007, 3775651909, 4149510248, 3711389749, 3281867870, 2752199748, 2937193462, 2698311624, 2524666825, 2783290742, 3049309787, 1979377811, 3420113909, 2374401079, 2737321475, 273268790, 289487476, 2897833883, 2582391307, 2053821688, 2661423459, 4091762073, 554803732, 2531735004, 2955521087, 1271833989, 1515377576, 3600673783, 3338314320, 3074325900, 796217079, 3019119430, 1930648689, 141053817, 2220249267, 3372586006, 4071455274, 3461838775, 833196662, 2662528172, 1740076317, 841186908, 3140573686, 1918298852, 3904274901, 2453746630, 691067810, 2999547745, 3117888019, 614786458, 4052715019, 3910149470, 2243673872, 2788088656, 918910635, 339255889, 3471314283, 1225009609, 2894355959, 2753970225, 1409057548, 701399463, 2987646363, 1899253792, 922219694, 3002131439, 1994898732, 3193905319, 3644861839, 3183106885, 630195013, 279207825, 192014793, 3640381215, 585666748, 2145457966, 1178202982, 2871216319, 1277039699, 3897234337, 684781238, 1177591510, 3558670223, 2784450887, 2468289283, 1251098690, 1554820215, 2436884159, 1181495711, 1391515990, 358778308, 2466965300, 3420914272, 1630547828, 3016230043, 2017941356, 123470275, 230926215, 2701328538, 2767159251, 455033408, 2123278403, 2731490280, 2565018252, 3215393312, 3610053947, 1842419357, 1790556799, 2806157575, 426658421, 1355090187, 2074068133, 2141335127, 1334513778, 1859876963, 2195903291, 2147735539, 380182273, 419157953, 3243170265, 263535783, 2447408160, 822713870, 2609262463, 2081062176, 1330364517, 1703877031, 3674785993, 3782030473, 3522220409, 2350157832, 1581192485, 833789743, 3332043008, 2117864364, 646848823, 2332017460, 1022837900, 3554737818, 1926059775, 3722696403, 3912942642, 527057606, 1829086689, 4135232899, 1747727160, 2167577402, 790840652, 1565659997, 3301607959, 3629123682, 2571172230, 2438461472, 232418908, 2494205002, 1416459933, 4134548518, 3367252462, 1511338674, 577102646, 251388513, 3079475988, 2416825713, 2703733054, 2638502994, 4137882934, 692164131, 1357366370, 1406760215, 821215611, 373873167, 3840109859, 807802913, 893026526, 3063587302, 4235680597, 1409052593, 1289163798, 3754926322, 1751027187, 497728126, 1412168658, 2135174527, 1655599896, 3268589872, 676111312, 3489111237, 3248701007, 2105893112, 253807413, 3731575564, 2790822623, 250948833, 2645359, 2248155289, 3844146207, 3649215954, 959714001, 385157509, 3899025626, 2225788576, 1265719019, 3946799420, 4145155260, 2412176069, 1793290576, 686049975, 330329774, 846874759, 1025591423, 3930112888, 1871733321, 1143886608, 3014267609, 1273942187, 4086914538, 4011767281, 1448662491, 1416911308, 1997108226, 1842997919, 3802112955, 3982051881, 3456955056, 626886690, 1050596267, 131935595, 773942942, 2907309410, 937154301, 350954198, 1502362098, 4159332894, 390636404, 2644327316, 2207968259, 460375173, 371039015, 2769725945, 2538400547, 1092498233, 618335005, 358571336, 1647216950, 317985460, 3849182790, 874440202, 1092499409, 3009901692, 2084336049, 852682967, 373239810, 3133079189, 4008419921, 731261524, 4216484734, 2766678420, 940344823, 3248095797, 1151549623, 958477557, 804712192, 3588162283, 2720107134, 619907795, 1272019983, 3969067803, 716433155, 3281094197, 3436610492, 786697970, 3361921520, 3083400851, 2708029459, 2057771891, 2293073969, 2085812624, 1756384475, 1261397490, 958606620, 983979793, 4128443008, 3688507999, 1430726377, 1441533222, 1060520550, 2642099719, 2586688277, 2375661134, 3031210091, 513333273, 3900479614, 1721439987, 872208611, 3688014757, 2458244598, 1770402710, 2596499054, 2482504450, 1767618954, 2922648273, 1290915972, 1563162750, 3458953724, 192208601, 1001071346, 450414055, 591704406, 585056500, 2387590526, 3587943565, 217200609, 1213707285, 2565181610, 3850799485, 1124814997, 2583462705, 3808680006, 3787898482, 3779188522, 2508847015, 2047131767, 2780725067, 3872794064, 488422765, 3214169981, 1911346266, 1179422434, 955619560, 1609612389, 3036606855, 1609398309, 3526242532, 1108719654, 1189947228, 1580107101, 404727690, 2913731802, 118227471, 1768730277, 3153427775, 1519197452, 2071571950, 4142503203, 3480643597, 4044337732, 3705508009, 1552290849, 4294325244, 1538655706, 368662134, 145809389, 3803417253, 2081509911, 2658673415, 3752401345, 462809755, 853342787, 2906208572, 1401584000, 2898456993, 928678587, 2027460882, 2706609958, 3582147944, 557885067, 757141671, 2223743562, 507392342, 2230664456, 753715199, 2047433264, 4173938670, 2409645487, 2323140156, 386826608, 3104694069, 1401013489, 387596379, 2962276449, 2742369046, 4184955816, 4169473219, 3865566572, 2318608568, 4067559428, 973107814, 3591437044, 3485086772, 3648385662, 3707530349, 1426501593, 3254876772, 40694415, 1091587424, 2621439865, 3963283151, 966861794, 3074177405, 1027789108, 3622879773, 435686617, 2411587774, 855412735, 3267045666, 4036087096, 1038859854, 805072281, 323308778, 2217486830, 2467735951, 1907950616, 3492515042, 661302339, 3431601208, 3673294725, 4180206867, 1708700966, 293546836, 1351871061, 2413882637, 3495532393, 3716175766, 500504312, 1705934300, 795133000, 3871998330, 2366714352, 1674913982, 2309870292, 1200369550, 1464368342, 2006042307, 3869903586, 2994398479, 3558732794, 1001714802, 3427565767, 3470430483, 3309853462, 3755605801, 2198759830, 877216586, 3765036504, 1726795884, 3797419553, 2156261313, 1659934296, 4080911660, 583998650, 3413375426, 2194539682, 324769999, 3907040041, 3318837549, 2562443008, 4238116401, 1523499055, 844436267, 1289106752, 2361346223, 2623077634, 3288294552, 2330473174, 3901981252, 2662739386, 2886659205, 3597895516, 4293163800, 2391012047, 520845966, 3746977671, 1427735570, 2813626251, 1631637999, 3846534508, 1391398685, 3919200375, 1741278566, 2457137591, 277263906, 2507296575, 1808789337, 1919847998, 234956677, 1314021731, 2169967249, 2984899288, 1993310405, 1786380362, 3067677343, 3022448915, 3740123613, 2832337729, 2708139023, 859956994, 333129143, 503929645, 1868903373, 1610679944, 2948370969, 3977424176, 3921937936, 1739474862, 4214400774, 2143985211, 3781458117, 4243678147, 1645193145, 2496692521, 1079259605, 3007710772, 1588609061, 891920026, 3106998653, 1450127716, 1655776765, 3627163210, 835849131, 3470620111, 4189717424, 1494497590, 4178651868, 2101508255, 13225141, 4174576335, 2676307497, 2388672628, 2074538476, 3848153469, 3853334615, 598923249, 3783073323, 3679599481, 158087490, 870110387, 2082213756, 1249708284, 2912974120, 1102047792, 1135173101, 1068441112, 1418327421, 2831614941, 1308640447, 1409816506, 198188793, 1958119076, 3348245241, 882903075, 3343223829, 3047178851, 2155122899, 892023542, 511182103, 2100874912, 596298513, 1171158455, 2526244756, 1384860627, 2652941265, 1316874919, 2765323845, 233776480, 2686207365, 902306680, 1183085298, 582418360, 3994044072, 2329049643, 36183896, 1732592622, 482208511, 302), None)
Loaded weights: 123.23228905800909, -49.73731199277956, -0.7162900781796975, 0.0, 5.0
events: 
  ----
(3, (3987999715, 1385880355, 3694117308, 2377996442, 446567195, 3222028023, 2281271185, 2391735297, 1301972419, 3620168863, 3380224159, 2310022325, 3864336, 564676603, 297589905, 3482992521, 119665795, 2642704244, 3664850175, 154834480, 1346722925, 1723602696, 515486799, 309911892, 2724616127, 3155564115, 2060866832, 1640288666, 691687275, 3725245048, 1038491897, 325374981, 617928417, 3360490571, 1780238235, 1650706034, 3111051566, 3255161385, 639011044, 2023547146, 2273306403, 1653643100, 2972543649, 3915873904, 3263943444, 2504413204, 1020067501, 229704910, 1576237039, 3819940950, 426164107, 4095400428, 2378876634, 2040586124, 812089530, 851078841, 3296612362, 4271996020, 2696813822, 92617582, 4235907377, 3855647751, 3383526182, 2025867422, 943545696, 3230571576, 2637939344, 2271771223, 2473476709, 3910332137, 1396801287, 1942301991, 1218431740, 226796642, 2826109375, 3654576068, 2473164463, 2651640445, 3194452421, 3186423091, 3625796065, 3015659728, 536199512, 2476652514, 3884943912, 3584006332, 3057882499, 2808712204, 3760494884, 1778859400, 2901614565, 2623556476, 2616963696, 3187864245, 3812896276, 2487456149, 2936241695, 2214101213, 2030797841, 501866778, 1252839805, 825973100, 3074138398, 1995900694, 2871984374, 1211254881, 2063748013, 312725514, 2047613202, 2055995947, 3327369372, 3673742274, 205895676, 119928075, 1818233157, 3052543372, 1975541080, 382813180, 3177722701, 2179380448, 1942352189, 130000322, 1770578191, 2166780268, 666130207, 2739180231, 4219770044, 2843029297, 1393310035, 1440610603, 1392845669, 1549825088, 3440915679, 1989656858, 301229625, 550856249, 1849970564, 2422845682, 3768191772, 2102757292, 2513163999, 4188864528, 3093400746, 1604446112, 2917785995, 1528658675, 1005657456, 3430862212, 1210239927, 3555634342, 4164344674, 503885086, 788201280, 2256862917, 3172059376, 3500744810, 2550742740, 3377395335, 3224914979, 4123301383, 1055454172, 1635558642, 802501734, 1237224313, 1939930400, 964977577, 875812715, 2463020962, 1412609474, 509847189, 2792414859, 380643739, 4228437052, 1199110632, 1047587838, 27152545, 4008604558, 2272808797, 4012229924, 1962723300, 401027537, 1760503094, 2677382255, 1855965108, 4072184986, 3240954541, 4080095084, 2597695380, 3956974262, 2283041050, 1227131521, 2711748669, 3285550083, 2180591847, 1916351761, 2515960081, 3641978332, 2025836599, 2503550097, 2357221543, 1987498562, 4134180577, 1621382728, 2869063878, 1076507427, 4089268981, 736968381, 3539943317, 900578229, 1589661948, 3806593815, 3072229928, 3353010064, 3648472665, 1278004338, 3780153548, 1800116700, 1588218840, 3254806695, 545163564, 1650164855, 2062736645, 3267697001, 2976610795, 3008830329, 3048241212, 3533430790, 3318999389, 3651846839, 3673151489, 3706206143, 163230009, 390299792, 2775228744, 1978213772, 2581255568, 2701979842, 646507501, 4172233946, 3291014823, 1818813738, 2921820043, 3642717192, 547869876, 2586058467, 106738238, 3890944923, 428945214, 3001964711, 3242557287, 520312554, 2253900452, 1243159388, 1018526441, 3235011121, 3030120372, 3071219295, 2536145441, 3915342053, 1424570072, 2376028836, 3768840992, 984750922, 3053488179, 3515243000, 2751520128, 1209559825, 3286950391, 3172928504, 1020653060, 2706220324, 3453212913, 1739579810, 18489028, 104271204, 3399226247, 2301420506, 438439772, 3005434008, 2912479895, 2916373814, 1214501184, 2725937689, 727372861, 1133262280, 3688364657, 864531222, 3753899943, 1113528984, 1100231885, 280482590, 4172073196, 1833436742, 1418797898, 1266804200, 2911522075, 2187958220, 2214643037, 3116180692, 3159859236, 1869950340, 621505552, 263649473, 2923781588, 1522100231, 2904592103, 2337769294, 2391410474, 380728161, 393311953, 4130658214, 1049753932, 595392279, 2680131499, 3427704186, 3659943771, 4254389225, 2587736563, 2264200551, 2004588065, 3579790151, 2116911930, 436059756, 1948559144, 1171846844, 1578762243, 3270268049, 324749946, 662937465, 1425204451, 805256338, 12062843, 661933798, 4257543090, 941864727, 3238925760, 439506778, 3466941726, 997536756, 2756274146, 3486530231, 391547523, 3922669276, 4041184300, 3856995440, 2880989131, 767160664, 1957658072, 205739057, 1937436443, 3576011813, 2577758167, 1388593335, 3226153696, 3904655873, 2751645355, 2269632898, 2129917142, 2895948543, 2552852854, 2686935532, 2926629891, 145000141, 3008750516, 2519792498, 1090307460, 6707588, 1753516349, 2288219424, 2633409236, 2947998475, 1426601915, 3649436585, 196075114, 249726666, 3511564900, 2908212565, 1931498094, 2054262132, 2037996713, 3318509863, 2791049584, 3812511907, 2890883620, 864293069, 168661233, 2527637886, 1068807063, 365483794, 874952654, 3507348088, 2716453183, 2993578960, 953206245, 3098505746, 1482817324, 1006108234, 2448179801, 3456006756, 3565021430, 3540498483, 428139989, 460412707, 2165536050, 296030858, 3252025019, 2164305618, 3113906781, 1630944260, 4213756054, 3684438378, 4168089860, 3145240764, 500038774, 2001161601, 482830758, 902595378, 836449190, 144528773, 175151427, 918391117, 2430552567, 2425525349, 489283121, 564956812, 2034518747, 504417359, 3124221911, 2975208930, 1902085899, 3017163572, 297797765, 2541942990, 4174500172, 3621450675, 757643441, 1438362430, 654721243, 2727175246, 1684366749, 301680611, 1178247925, 1627047450, 2965985779, 1566428033, 2950065398, 3175753374, 3204423267, 3677299876, 1251105916, 2535687527, 4035137051, 3819877712, 2086943626, 3515906221, 3840443503, 1113338474, 1348778879, 2191370687, 3897412859, 4220989079, 59551718, 1757705916, 2229658001, 1783253454, 4219356574, 3762580102, 636980526, 2417282740, 435088506, 3871046121, 1944900174, 4244924737, 273746247, 1536978303, 3859163017, 1040054323, 3011845028, 2685215498, 352169327, 4128045818, 1889859653, 3919084812, 4262484820, 3521768664, 2759940550, 994291391, 3078617184, 2185683329, 3222884616, 1084607380, 1981755940, 1041035666, 1093129489, 174394907, 2537358364, 3381743415, 4121431867, 1932567781, 512892603, 2239221594, 635681426, 2454172565, 123148461, 2135445067, 1588662480, 4160564926, 967951145, 1666321898, 1024582909, 979427221, 3462309202, 453812372, 1067572223, 1121970816, 1533007766, 3157287665, 1194939992, 387578300, 1044705860, 2255097630, 1797696396, 2517056488, 2647032573, 168829532, 3539076688, 511509134, 3984484324, 2691327421, 620591763, 2595337487, 1903411483, 2079615637, 736121954, 2265809366, 1717992644, 1938800110, 1000456035, 605666021, 3568140916, 3620632488, 1163793611, 530379588, 249159396, 1496045306, 2484263550, 1240796171, 1884772086, 3141824438, 169893283, 3561477459, 3112796505, 3655902501, 2586703876, 2044341916, 4243501037, 3296960897, 2616723016, 2073544716, 2913709220, 936626720, 2961385651, 2924400235, 3779897540, 3016256709, 1473804813, 3275849905, 668282766, 861080665, 3416038752, 3666731978, 143984971, 2394748165, 1415065469, 561321953, 4124180728, 168882450, 3218066711, 2876192240, 3601564861, 115657200, 4256051412, 2958319421, 2928560036, 1400262182, 57112479, 3750196960, 2113920080, 564108469, 2780027378, 565151746, 281486621, 1059529563, 38915820, 1505846254, 1859514142, 3846974723, 3687417262, 3427122156, 2671833414, 1511871879, 2699538911, 3160455125, 3639932300, 2809718986, 2204563306, 1930246722, 3273663776, 2234991211, 44950062, 3876723730, 368492966, 2739111291, 1750036438, 1402664194, 3923052689, 662211464, 1379572435, 1569733573, 1494115455, 3035248463, 2573571442, 2609409917, 3559213924, 54), None)
Loaded weights: 122.1852558618593, -51.866594427045015, -0.7162900781796975, 0.0, -2.785647251743983
events: 
  ----
(3, (1638506263, 3823737530, 2460173499, 121635169, 2693417585, 3246739508, 1599912941, 3999326388, 1933505579, 2092240450, 1682624728, 556484492, 1928610740, 1246416893, 1186311711, 1642125858, 319801292, 2205641505, 1482302142, 2229706203, 42285090, 2663989117, 55372265, 3196457549, 1474097665, 3992567533, 768325372, 2889423334, 1447106535, 3656084716, 713886986, 976539213, 3430004209, 1607520294, 552725436, 2335541337, 14387335, 2228336577, 291948596, 3473729648, 1447955317, 588472769, 282516133, 1891544681, 211389183, 2811496851, 3054623636, 3937190057, 2650913501, 1760676228, 2230514325, 2647279561, 910308282, 2400208186, 1893124504, 3247545685, 53773744, 2177857234, 2787776984, 3848923693, 3146008995, 3863734316, 2486036660, 3884548135, 600564218, 643405812, 1582918757, 3136673827, 385843765, 283928026, 2233314146, 3025873866, 523025995, 1804225001, 520544684, 767059657, 3328168102, 2644992322, 569961935, 3371952156, 3931812812, 4025992102, 489879198, 2244689902, 443233307, 733021970, 2913246546, 2717622346, 3515008770, 3023212946, 4182760926, 3485153465, 101750925, 822598814, 2771798577, 4035313218, 2580751776, 4024990924, 2580149393, 1976538966, 3979715469, 1756197994, 1709808944, 2430619425, 3639750269, 919479964, 235335848, 1112425154, 4211056922, 3570728688, 1422765768, 628151828, 2810949287, 2505599976, 3567758228, 1642892856, 885619201, 3311617017, 464293350, 1557801648, 1155957945, 3134536164, 1054329586, 1287165006, 3817624112, 3955585462, 1349821882, 4204695082, 1628719642, 2935432163, 3276692932, 535744269, 1605802526, 188954316, 4161913560, 1289112919, 601132059, 4148200536, 416071442, 3764577886, 1198997355, 2015984816, 3145560484, 1479686066, 2983729517, 40140284, 686209062, 2754741246, 3185937453, 904815034, 1062404217, 2889420822, 2422903326, 2328834347, 3520926060, 2515286607, 1736586136, 2161031250, 520377393, 2616711279, 2873513009, 1820152383, 276584903, 235123888, 894020024, 761238785, 3895194389, 3654366756, 3252754840, 1232166699, 4119169948, 223831623, 2820727188, 3317012021, 2438107588, 3117141186, 2397878284, 1458042227, 2410439434, 2565593381, 2344116108, 1034767128, 2716100455, 1069057981, 70255965, 3385653387, 3823407214, 647700349, 1198346002, 572359551, 4096158865, 3648908907, 2085089630, 3250299477, 2201277770, 1403860405, 3875968552, 3394584953, 2979885970, 2658616354, 2046066177, 3155661000, 2327955749, 2734750921, 3253370, 1889441876, 1753471641, 1688634831, 2886131476, 3682044694, 2561631284, 3873058211, 4146000349, 2164554283, 626952640, 3605416341, 1192905274, 3952243086, 3119139847, 2405300588, 4132127886, 3858368430, 2561894485, 1950943788, 3283986796, 4073037694, 801378069, 2490650259, 395757157, 1709174715, 3667257634, 2871757369, 3543138448, 631777579, 3800926844, 599297098, 3069823851, 1478315701, 3661071360, 79704353, 3293694183, 708449307, 833826936, 2266331234, 3227071038, 4071038892, 3358460484, 2197464238, 1734553617, 1288520348, 3182294815, 852524975, 1789637446, 2494180155, 4134855228, 2496539671, 192322851, 3341421991, 1346393377, 3401456803, 796993974, 2108220953, 155024543, 1746445435, 3604076801, 3965865315, 2012293204, 146902665, 2105120451, 7342135, 2405429966, 2135849518, 2803435249, 3037355302, 1458207157, 3667381040, 635489834, 2640533209, 1376682589, 1621629217, 3944852890, 4175640651, 221530004, 586325844, 892091189, 4293509203, 1405002017, 3668690159, 1602830997, 2624979259, 3688883281, 1433395929, 202442321, 2073665169, 892882545, 1472940499, 3420764075, 3653449992, 3933273048, 1754671241, 2031091681, 2178231571, 983222307, 839636090, 306157294, 1683172968, 2411654025, 940227235, 2101856273, 640195917, 3666068296, 2464022351, 3177607192, 3414414319, 1440757560, 910171689, 1613036980, 591206322, 755909494, 3048704497, 1309744387, 2848494855, 3398938070, 3141492478, 1508756498, 565669382, 1013068395, 1744624878, 3688675012, 1914045305, 162854851, 3410495758, 137125701, 3407846396, 1657358370, 3085339319, 4085666943, 158807858, 928277989, 1500185379, 1207672438, 3762306298, 428033070, 1178333241, 163037379, 1299215690, 1720554588, 3687816830, 442564278, 2370679871, 2573377402, 333890228, 3420514502, 3173137509, 832003488, 582461147, 3515799944, 1275639908, 1408923574, 262482664, 3312708626, 625684833, 1434238093, 1758261666, 2537481882, 419402704, 1294471711, 1128695291, 911355354, 1974382846, 2881395888, 68310118, 1202950857, 798489411, 2358582988, 1917246040, 1283344525, 40617667, 160239261, 730077778, 3655415187, 961186274, 3284896605, 2806549281, 482394357, 340790414, 1562718587, 2711764920, 1986922968, 955951355, 3355435248, 1820235856, 3896461100, 4101786140, 3051473330, 3692750525, 3633303256, 2474292910, 1734971964, 1487637842, 276780032, 98732682, 3108140635, 3325964617, 4010131185, 3475780707, 1563316436, 4213391758, 3744595, 3425333202, 1132496703, 1502366979, 2267678384, 1095730801, 687385518, 1569394315, 988813996, 1767929484, 1162678805, 4262561063, 1356641905, 1383411623, 2217831026, 4157657454, 1879037131, 664642922, 442769174, 559903984, 1571873682, 2469062847, 1927825492, 200333341, 217477362, 2590380959, 2872731976, 2262502027, 1375476644, 2313803283, 232796082, 1726735091, 991009678, 354675405, 1468683699, 2965118757, 4235806709, 3880738632, 1227523714, 2614941404, 2159225232, 170531385, 2499812862, 2993353668, 2365031099, 2651095964, 2131278971, 1991827280, 3571778267, 1121160482, 1174789275, 938682116, 1684963032, 3606032674, 3099774045, 3286036364, 1705143418, 2853548355, 1446770614, 3428560829, 1724736038, 2615557203, 4276293957, 1741928001, 596061136, 2095615012, 686884789, 2694151383, 1427099470, 3987433114, 3785759175, 1370345019, 1978722246, 3266895034, 3955622333, 1669491535, 2506793284, 2498310817, 3506561171, 4155173289, 497307293, 1768921429, 1394031977, 3386352072, 1442387764, 3955957638, 56560775, 2159640967, 3819749237, 1875841123, 3910124972, 2778915164, 3892019311, 3334541472, 3471289, 2202819024, 2990268081, 1777341698, 2776123498, 3666389871, 2137225962, 2299304065, 98422269, 2024434559, 2033294707, 1926321249, 4144246564, 3633955634, 4293569047, 3495106703, 1246600187, 254018014, 235588439, 1044108165, 2149628018, 2397873797, 4038736416, 2773383839, 1579752315, 2956099040, 1252204677, 2932515451, 3552216104, 3066893179, 1906508889, 2352491362, 1262060737, 1149245158, 2733699619, 1367846629, 3096133237, 3598797772, 807692629, 1512984218, 825028955, 1286674121, 691305101, 3506206124, 2375819914, 1404250840, 1976568585, 2042427296, 2129866381, 2886807135, 1822528004, 1083122981, 3229825991, 546690779, 1072300125, 1954485189, 3718111068, 1405467221, 1247199098, 2900795336, 3342917333, 862638786, 4220762859, 2415662434, 176264420, 3344607365, 3314446922, 1959114187, 2608448579, 2548107934, 3193229867, 4013928307, 3777404418, 1600685631, 195224171, 3436512642, 3787173941, 2291305534, 2213880847, 4038443745, 1978696969, 3090546331, 3568546676, 2084162758, 1901774016, 1286902423, 932371864, 95123596, 4188525555, 296077288, 433550502, 1640539112, 1949069940, 2650573700, 407532073, 3449569606, 1269968069, 3015018709, 2800522099, 1269691897, 507289758, 532823272, 1138277750, 1879806908, 169085122, 41034873, 2015131893, 4030891348, 3987991538, 2489954967, 1618459493, 1961380858, 205523759, 634539036, 2297386317, 1883196877, 3656456880, 1799547988, 3100541093, 1630359251, 3053994767, 827568524, 562), None)
Loaded weights: 118.91702653868363, -57.01339371446235, -0.7162900781796975, 0.0, -2.4474729865377665
events: 
  ----
(3, (819274296, 633530984, 1387901986, 2746341548, 1767844532, 2730145280, 755957872, 550853832, 2466737732, 1177820238, 2394861795, 4016007190, 326061271, 3650424873, 1234763656, 2438201158, 2641295754, 4206423012, 227951473, 1082123576, 1281165239, 2476493076, 1543884105, 1993293405, 2315845714, 3092433172, 2768154141, 2056786054, 1634523656, 1723410133, 352783598, 2032598110, 1929460865, 1907739624, 525337501, 1741518925, 3502275805, 1176037600, 3182378074, 2601224728, 967761006, 1396241390, 1718235726, 4202558745, 1268142183, 2900182754, 3006133562, 3011637138, 4140623039, 20221512, 4133122603, 2523709396, 760470308, 486071286, 2021826560, 3784939825, 2347475052, 3701160485, 2125630907, 3604689831, 1889848841, 970857150, 1975678873, 3386827216, 3696525751, 826001487, 1782458112, 463374817, 2053402817, 2134480498, 512241088, 3201024740, 3404128524, 657648419, 4112085457, 478584084, 506836982, 1200327485, 2165562243, 1567700920, 3693018590, 1353639561, 1805091111, 1225973144, 3705265848, 1722660255, 1490497152, 3764465149, 4186730643, 224408297, 826585290, 3753764230, 3830881456, 1448078256, 717509204, 3781162410, 2370129102, 1118304408, 2339554984, 590352826, 3263738997, 2228327940, 3048732101, 3274492428, 79393782, 1214053616, 3260353597, 2299235242, 1207822256, 829348844, 225764878, 677819521, 3913114924, 621196862, 308237905, 2835825304, 1536251867, 3490505229, 529912093, 1735220038, 1888062965, 3504725219, 2999034283, 1740883991, 2821558328, 2570484721, 2568559834, 3833059107, 767802934, 550747172, 2791788957, 781331591, 128538888, 76889288, 2539466192, 1206873300, 1511318589, 3169573590, 410651460, 537128772, 2138365445, 651647500, 2552756439, 957792137, 3971113944, 1860580498, 114101790, 3951807520, 3727683213, 1575665054, 3900327594, 4209581095, 821587648, 3644231957, 3213393397, 3831299341, 3448589735, 2081316672, 3299198955, 3734221261, 2142596375, 54030783, 803874941, 1305792848, 3258576845, 2502278419, 3151839985, 1951026669, 494030543, 3482117040, 363216431, 3766223689, 605846558, 3821098515, 3218177393, 4237277559, 3012902838, 868214239, 3898999713, 1252152962, 1925366435, 2487998050, 4211322277, 3047106829, 3918719067, 3218085914, 2438564528, 1261677010, 2855242602, 4077513953, 3255173539, 2147118003, 887230423, 492879838, 316782378, 1815373047, 361218896, 3358549895, 873671144, 3762485887, 1156933110, 1552014941, 1385708023, 1153777221, 406945662, 1620125940, 3624007186, 2008336216, 235705890, 622405371, 2733880845, 2881990707, 3164331255, 397792124, 4109337878, 2148568813, 3245231656, 2208919730, 1833223742, 3612188993, 2506954027, 1783366794, 9230549, 2697689609, 3524992723, 1469228687, 2308395860, 1052688870, 845549246, 946761264, 2783824320, 1799566632, 1536574665, 1109924223, 424947676, 118049029, 627215466, 4289422720, 331624166, 3498332438, 3779578942, 3590579172, 1421034121, 1520784326, 1925423606, 1358014724, 1252351397, 1369422863, 3965612755, 757642522, 3417162324, 3939338869, 740388746, 1521105499, 1366681135, 2193358104, 210483830, 2741249964, 4121904826, 2293216114, 886020823, 589033691, 3883326189, 2526556483, 4064456051, 3807564023, 2288377041, 3800027084, 3929652494, 2459691789, 2966373287, 1620417298, 580540392, 4038103764, 174764290, 2487078637, 522966083, 2403152938, 326989887, 693825984, 2741517332, 3481294651, 2938590185, 395567235, 2859632462, 4119027546, 743356200, 2755408535, 4097483006, 1457000530, 1035466136, 1347251195, 3392039618, 2980746011, 349322675, 4282818399, 1319024040, 3909650876, 781255056, 665809457, 823368633, 4191151374, 18147053, 2930453621, 177483228, 3011798544, 59563639, 1468498809, 1873428157, 1396850705, 3572752088, 2620872102, 1248486884, 1729531911, 3742379940, 1050182302, 3683971198, 2323112708, 3628843300, 2397222345, 2082516913, 3515578310, 1077126785, 2004452504, 1007946107, 765079162, 940304672, 1182554497, 157120589, 1999131806, 2054698138, 2364531232, 1641747104, 2223698401, 3097719783, 2603078948, 1411906248, 763195418, 407373222, 2263508489, 122188036, 2876476089, 2203764838, 1436843618, 3000364079, 4062587415, 1734977237, 902662100, 2717998785, 282513662, 3386898262, 3219927577, 2894224465, 1142952522, 2088926278, 2551069244, 122418325, 2536648162, 712723213, 3433975618, 966330627, 4056869117, 2162446602, 1065676141, 7701509, 4043746350, 1532947564, 1887809897, 3900466677, 2026616719, 4042820537, 3111916483, 43481274, 222019242, 2970985684, 1319599801, 836400959, 627134946, 4076660441, 363077541, 4206357118, 1281815145, 915675398, 445984475, 3841506999, 4117595464, 933496422, 458899190, 3786213722, 1015856058, 3748872847, 3389535882, 244603720, 2381199394, 2068822863, 3095788334, 1663230556, 2991287524, 2749903182, 1284282604, 496981322, 3192647258, 3311991854, 1722453469, 33463507, 2442245396, 1864996414, 1441317115, 369369218, 2912300469, 1274060611, 1313638376, 1440670419, 674573276, 2140172714, 1080002365, 2992609973, 1825970881, 427168508, 820363514, 751899572, 3812043895, 3434225840, 168939476, 3889558664, 1117293103, 133019349, 123124722, 1571123071, 4136814567, 2114584208, 2465131951, 1343444430, 2682160545, 2484820597, 601056933, 1919609900, 4202745532, 686776896, 869374333, 500829502, 749806931, 3541712609, 90957788, 1507146136, 1381402636, 3053472808, 3174286568, 3199698827, 3113680626, 3277128318, 2313896985, 1977893619, 2887757967, 694696673, 3430857215, 1337760619, 3998028141, 1883550978, 772401815, 2528336855, 1344431915, 862406021, 1077225585, 1647902161, 1774545737, 4090799233, 3555247954, 2746012521, 2100034150, 3582931838, 3850553581, 2452023852, 81715810, 2685813947, 301867117, 1760039767, 236983740, 1316850044, 838094565, 193185474, 251449914, 607547993, 3591340749, 1841507493, 2436935300, 2179254166, 3194144013, 3726189687, 901287999, 3854448912, 3319963614, 2449254164, 3617698326, 3569949443, 609185689, 1009369893, 3541388622, 2129455123, 3714908874, 111943780, 4082301414, 1338964899, 3795860439, 1712115950, 2890583392, 3414406465, 2335642982, 2356755407, 3006749569, 3642990431, 363038605, 594773618, 2046161844, 1138375907, 1095664882, 198527240, 320819576, 3545393933, 3946435614, 3007232451, 2913552624, 105578057, 1525567674, 1703293809, 4073151900, 1841480093, 1610882002, 2180501723, 1035043237, 4157709904, 2643276090, 642863619, 2505671390, 3626408249, 2974016896, 2956568074, 1018335083, 1700539485, 2838402790, 1477987001, 650215679, 642614912, 1499410306, 2334853303, 3947966256, 1823372994, 136369752, 2700374343, 2799691346, 4134348879, 3339245921, 3621146678, 1200700515, 419355858, 1279441477, 3805315602, 1649495081, 3475401975, 1130715906, 1711919928, 2094632901, 1436373349, 3415830123, 802456375, 2889676304, 22432097, 347308835, 1476755246, 1442296032, 2021669694, 2806469054, 4275357250, 1546855078, 1055223040, 450375004, 522429718, 2632965063, 2220130644, 1889002489, 1911149864, 2801725674, 1492079339, 2262138826, 3123830957, 825970765, 1246621294, 100655851, 2242937155, 595991854, 3312028107, 2761552428, 91297753, 662490533, 3437931071, 3971545730, 1061657430, 3765908748, 2307727211, 2306974044, 3628766950, 3967501082, 1473343759, 1105746289, 1945629765, 1878621577, 4218656845, 2233872448, 502020054, 3452094919, 538725326, 3091004769, 3409026383, 2548507338, 3892465908, 3938142844, 2039901905, 1996778053, 1501996884, 3790255816, 4208659037, 404660622, 425035868, 994603840, 438), None)
Loaded weights: 117.13326617012463, -59.80665495909282, -0.7162900781796975, 0.0, -2.4888742184436237
events: me was killed by stupid, 
  ----
(3, (2695502288, 2327112543, 1565815994, 1764802576, 2937501018, 2481945622, 1992303545, 142420977, 4069243699, 4051598992, 575108336, 3334157878, 408163710, 792518791, 1189443659, 459906582, 1432968750, 2689851597, 1616934305, 226077105, 1696087627, 4001121415, 2458578699, 701862813, 3206433021, 130402145, 2002634647, 3613628812, 3905726874, 225325218, 1002816989, 4247601632, 3460833811, 3903410049, 939581782, 3782990719, 4241682897, 2328675416, 1851171753, 784171547, 3541874507, 467303271, 2548552494, 3776550354, 987727394, 2324481148, 1554714645, 3149658904, 315412264, 338019810, 4127562498, 3894307353, 3085603593, 4279521918, 539965534, 806458053, 1532665154, 3476671715, 2115735795, 2934328496, 4070710322, 3551346193, 182884991, 1636936659, 2444702675, 108549637, 3572685918, 3322049902, 1448714352, 4237341281, 3431802400, 3336545263, 3082436392, 1980447561, 2881586791, 2637967831, 3188954915, 966203813, 2135342001, 1189572024, 4286567975, 3804166448, 360521769, 636430750, 3835869226, 140371225, 2134353132, 2282595379, 1324877615, 2571542515, 2445031374, 2888985135, 1587504615, 4040953914, 4115490059, 3613262195, 3069333082, 3513808983, 1977050948, 2221222336, 2440922700, 3175064110, 3170592716, 1156684191, 3615262622, 4159491426, 2797993474, 99754806, 3036520598, 3443115590, 101515257, 3102181721, 3786670238, 1225032872, 18884289, 3618872640, 3371905645, 2501403826, 1928866129, 2862169901, 2724532182, 322571015, 30441674, 2804445663, 2017117655, 1254518820, 2984053748, 862448746, 3803087758, 3891911052, 2923806030, 2183363679, 1073422273, 4236183736, 4269442896, 2454950082, 2334945205, 2484837531, 2705461794, 378239447, 802759277, 4031209705, 1823308285, 1849785173, 1370659510, 623575439, 1822083474, 2100580142, 2242146815, 1486050711, 3965511828, 4169680423, 323755527, 815900266, 741218104, 672679482, 966136771, 2745470968, 3120812668, 67273798, 4207264809, 1104922646, 1703883690, 3726480385, 2940461459, 2440773826, 682948674, 3093632143, 2348451784, 3532514985, 3179623000, 168509729, 4246711094, 3193976153, 1074281946, 2803784089, 2632212630, 2480856079, 2139686429, 3209327768, 2529833206, 1625155417, 3008415648, 2619871706, 4179033319, 272865203, 3813452579, 2938512664, 3518437090, 2990956128, 3809109997, 113849975, 758530753, 3424211550, 193687688, 263386737, 2590232249, 2531475147, 1167144802, 1564289453, 1463773949, 969519951, 854298273, 3563727193, 3694384992, 2077329926, 976370397, 1962000212, 3833421355, 1929573268, 1238194310, 3668535666, 2249728121, 443255109, 1631324872, 2877733467, 3593706131, 2661299179, 1477782019, 2854769819, 35809280, 3234364385, 1753725715, 182334955, 3940499990, 496902646, 1679233971, 3113819791, 2525224007, 1336053850, 479287940, 466954209, 737394806, 2053780567, 2465284012, 3761962246, 3467365456, 1806001027, 4009303741, 1761080161, 1144852853, 3048499664, 909850613, 1812500181, 2284532815, 3694816172, 3166619497, 3393173501, 3102219786, 3076263457, 3317425784, 3910074168, 3013110419, 3337585759, 3594413824, 2928243873, 484189044, 1091724928, 3111819353, 220684199, 1613498163, 2461220095, 859796225, 486217655, 1656560892, 3010264350, 1602381309, 2785044940, 3416211006, 1451803170, 2438158427, 731033046, 3000274198, 429803668, 682470577, 3293681110, 331046903, 649304002, 4239594233, 2791214339, 31246652, 4004782453, 3805336155, 1315167973, 3052954446, 675072871, 636544292, 2294238285, 3099670072, 339566771, 3502223089, 3030386354, 3349524311, 127103576, 1621723678, 823589540, 3356817087, 2613421800, 1275111976, 909853227, 1257032142, 1917011406, 325130034, 4216947149, 542452397, 2810733653, 4096531675, 1369602470, 1377266151, 1057279813, 1811186509, 2174192344, 2732465605, 1354740542, 3611420028, 1664253712, 3699207793, 4254717788, 1917550612, 3112665824, 3625561049, 207357588, 3974284095, 837876280, 3351080810, 1775408084, 1045673439, 215714485, 2259388513, 2177334657, 1116104847, 2811301582, 1822491981, 1671231278, 1214368164, 3740163570, 3683089995, 170458410, 580520578, 2718971932, 3317035307, 1082999538, 3177292401, 1218016421, 1963180390, 2554612452, 2961177799, 711790697, 1532060536, 624917345, 1641469964, 3077790496, 685144321, 2409379287, 1063317876, 939772187, 3965767549, 1651550231, 2759089150, 4198443935, 1569770521, 3188240341, 1419335339, 303963496, 2895694476, 3438109716, 3082883516, 2196742216, 355077105, 3453586686, 2885141099, 284763883, 599187162, 1947212792, 2205106349, 71432895, 1243872614, 1277831975, 726858026, 773319480, 3483004801, 929307579, 3160039816, 2464349255, 3641855324, 3788624207, 162503485, 3390259332, 530421195, 3544064562, 3139014468, 3892956215, 2542558419, 3424359738, 2754079000, 4201379558, 3416805595, 3966839551, 1816989015, 4090495379, 2705703540, 582763469, 1296281512, 85171744, 2601911941, 136170754, 213296186, 2647138487, 4011737436, 1335900382, 3138277934, 1257323857, 72942173, 3699676150, 369186393, 1368419175, 1562764255, 4021382803, 515626506, 996068123, 1686795450, 1842503888, 1253708187, 2844341501, 1856490243, 3748617431, 1586918484, 3773132189, 2609406051, 1307537897, 1142288209, 3023732103, 3979769865, 3912705848, 3155213529, 3712493629, 1312986314, 498788774, 1514738963, 2297767654, 2503715635, 3518604647, 3912452533, 4208526943, 3079370733, 1125452823, 4105287407, 3295746842, 2617443480, 153958956, 3609405240, 153473968, 2459519342, 2846604828, 112128687, 1750409517, 3784091699, 1689452549, 2514051701, 3114458434, 2339616541, 306851249, 1495849441, 1723794023, 3327092472, 1310456866, 17010888, 2363738142, 3407975651, 486321738, 2277595772, 3241689433, 2656377501, 901600747, 466097940, 362063742, 2957772031, 3800376006, 1761372309, 3059321330, 3247566146, 1563291379, 478545176, 4080338425, 1236414914, 4186504082, 3407777278, 2519213527, 1365754943, 31485833, 2114607192, 709054326, 3636208661, 2901301411, 1831825119, 1283682163, 2130863237, 1999477901, 86256819, 4051868964, 540488807, 3594674623, 1819883746, 1623013248, 815198578, 8026246, 3821340592, 3739804676, 774323306, 390704427, 2646257148, 2755764343, 348533437, 2635418506, 2820148788, 3173749436, 498255887, 1612589992, 3241995453, 120734569, 1363662368, 3129230821, 476173049, 1675583448, 2728790054, 2749987385, 104419266, 3542061436, 3046323651, 680122394, 3047102800, 3933549427, 2904859962, 20439192, 151227238, 168540898, 4166334511, 3226609084, 2499854763, 1473939526, 3671573406, 3295094332, 1335748817, 1088445173, 2284929220, 68991861, 3180849612, 1365975973, 1597240765, 249358279, 3413911127, 2891335537, 2467478842, 841800630, 3019007816, 3083061608, 1776773962, 4229819947, 3324224335, 1604709585, 3304620051, 4222079433, 1646942744, 358977295, 473335330, 4214857453, 826362194, 3921104572, 1786157698, 2166472686, 1530584186, 174694983, 4133346231, 2936883783, 654378695, 1421914611, 2990548573, 603756710, 1445992963, 270701461, 2632142242, 3391088862, 996767486, 678465524, 2749739246, 2169679049, 1640524341, 3326098535, 4023099714, 4012188305, 1079174270, 1999172031, 1180414489, 146601084, 4105428233, 1250543194, 4259452536, 1983511809, 1413084741, 1335072169, 36551285, 1905215733, 3183306456, 3939547035, 3806209340, 2414052819, 1820652312, 2171368554, 2290995079, 3964945519, 401879592, 629289764, 2854371370, 2108601159, 3209618874, 4200469116, 1907664847, 2547703022, 3640432467, 1944676642, 2148845053, 2827824438, 3889155910, 3690814515, 603), None)
Loaded weights: 115.89868299247848, -68.16513949928247, -0.7162900781796975, 0.0, -5.0
events: me found the exit, 
  ----
(3, (807661455, 48707338, 3343409563, 3066992857, 1800142278, 2938834603, 2552609543, 995847107, 1889727050, 1570053698, 3197483948, 2738113507, 3241605186, 24403668, 1195766362, 787328330, 1436930895, 4281982038, 3458469728, 4137765925, 1099430927, 3472232784, 4139561482, 3792560155, 3073913791, 3894166159, 2184771643, 448896974, 2581087366, 3665569381, 3732131181, 1705296309, 2696111862, 404070394, 495919335, 173518910, 2891007252, 1379098066, 1394498031, 4274290608, 3378472138, 1371208836, 4168739855, 3360974882, 3573532505, 510554464, 3875863507, 4276949113, 1225256678, 3484646254, 695639753, 1593769411, 1990660883, 2268379927, 2284169741, 3207858127, 390064306, 3769338377, 2133198709, 2564662826, 2490183634, 1235394453, 274905204, 446733867, 3363747436, 1934735310, 96352464, 2908993216, 3915060685, 1732576216, 1988405558, 2432469879, 4277240625, 187246992, 380561773, 1481925075, 4034816486, 3177445907, 921112994, 385572659, 2480561758, 3142207582, 2762874173, 4089491799, 2148248736, 589158254, 1849386815, 3083240074, 1814234292, 2210436633, 1496948767, 2803942931, 965633940, 2644793858, 3638886160, 2210726712, 1566495831, 398777725, 1320287123, 935110563, 699551130, 1532600149, 183689524, 193558440, 2914256654, 1058785251, 574891547, 719855929, 1726389157, 969656467, 1536397431, 1593654309, 1942744959, 69340739, 2409131735, 3920829268, 3617159635, 1215081027, 829406709, 1283477476, 2961940212, 3251940568, 2377042777, 3025273876, 2682748407, 76502787, 980199917, 2482063841, 3491075839, 1360761189, 184983436, 1936067324, 381049926, 3399637752, 2740779794, 1908023871, 3526532618, 1503822455, 3628512982, 1991317958, 1635329303, 2053033354, 4193420595, 4061040325, 1341789732, 2043710488, 2121956706, 334219492, 4049445217, 2344197510, 3022499945, 2409450081, 378287346, 3714788811, 3092931692, 382796804, 603888714, 4008939126, 4123167563, 3448584577, 2632976928, 4108597914, 3919812110, 173129733, 3004854696, 913319481, 2422191511, 1506526662, 192404838, 1870909566, 901406451, 1425624857, 1192826269, 993968791, 2163097172, 3090148348, 2146079903, 3251451158, 1264946111, 4179967526, 3399146453, 1335392723, 1580637048, 2036368142, 456561624, 2479330224, 2145623416, 3409853343, 3631318009, 2303060252, 472651651, 1616392445, 3374943166, 93805626, 3925424728, 3529696666, 3670399942, 2524661432, 4246725203, 1333072857, 4090860665, 3561259466, 4239274458, 1815368133, 208113142, 967625577, 3500697649, 1239956214, 4133682201, 1214406491, 2889400531, 1384738660, 946417682, 661272396, 2840190678, 1479753148, 2885032557, 1246543972, 1984071918, 816157647, 783700417, 901249541, 4019110664, 3044762870, 3863100877, 1288500800, 1580819371, 3798643059, 1698070311, 3372272857, 573357046, 2125602301, 186033247, 2438800593, 1262884160, 402068578, 2974752604, 283214893, 1313276556, 2048966695, 464415292, 2236668287, 2179029759, 3367565751, 2435115392, 158587915, 179709700, 502526730, 206612127, 2489401654, 2525667207, 2013050409, 308490367, 3911699387, 3566048577, 3619050812, 4210365733, 1539715486, 3124747961, 162387376, 2286203226, 3709348280, 2636286778, 2635058026, 1267016541, 2782387150, 3989064534, 2895182805, 989765013, 1775825149, 2644328137, 3449127378, 1386304810, 1784323412, 3703954066, 2580738498, 3706368143, 2384963434, 2497252253, 910784397, 694557554, 1615164415, 1091393634, 230938901, 767385445, 1843295719, 92975315, 3356341454, 2595528467, 2704662483, 1089510770, 849662232, 815271650, 904592863, 3051932562, 1415175757, 715641004, 277150754, 317299389, 3683117014, 839420791, 522085108, 4243591658, 962350191, 934246630, 3589910288, 2116707296, 601447026, 1036033827, 140307524, 4077614139, 1215042205, 1262620401, 1167824257, 3328163074, 3675587411, 4245454263, 538730517, 3152217955, 3431596711, 3683277128, 2006789712, 3678240292, 2122343394, 1663931543, 3364917667, 2832847398, 3018799477, 2192740682, 4072236460, 406974671, 1122776439, 248888436, 108315337, 94310336, 2452460639, 2095035910, 1256101174, 1341464619, 2283382581, 1684320058, 136318768, 351736281, 3977812320, 1145999153, 4032361289, 2159965967, 2636328776, 1245946295, 3175458655, 2951457156, 1384444328, 2588540215, 1708970327, 385359283, 2133672350, 3106633137, 423408243, 2540777452, 3782642325, 1286520269, 1343807640, 2025139339, 3296656204, 1070870653, 2208710152, 935774690, 3001323568, 1555172341, 889312473, 595242351, 1579252041, 1138262500, 3871698411, 3368256868, 3561775058, 883177674, 2710490364, 2560016381, 2823402477, 533827785, 2792838312, 3332950776, 1333246692, 118740494, 673052170, 3901004227, 1245081626, 3715836803, 3022999980, 3881670337, 1641344798, 1350429860, 3259777307, 620641973, 4155196884, 2159277534, 3667159175, 4095344399, 398193831, 4083700654, 2790254976, 3131450604, 3949537026, 2244203415, 1295964578, 1858707106, 3172334459, 675833276, 1135719023, 2232462713, 2148704809, 3179665995, 2917893771, 2063515379, 1877721801, 664137354, 1399979142, 3841975727, 4218204643, 863923282, 1437368906, 1605291835, 882806424, 549738508, 2455033977, 3859748296, 655955095, 733710817, 1202484909, 4011974617, 3824419117, 1295472885, 396920450, 3192167991, 2437133948, 1186933640, 404028037, 1458830359, 3959182676, 3602797856, 1155058387, 3159821900, 1765478724, 2999908016, 3574784838, 1386028610, 1622659981, 1898014483, 3290386580, 4058615086, 4010711418, 404302158, 2221320739, 1330155834, 3438844897, 575798276, 2982722067, 576942940, 3618098958, 1097892566, 4275751279, 3181389198, 2456333344, 2011986492, 1321650920, 2085692456, 3879080082, 3408825946, 2181167041, 824994244, 1191629841, 3399861793, 122825870, 389652661, 2373850175, 3844329557, 2080119570, 1825600208, 1923860190, 515476509, 3670972365, 1998874399, 2653687236, 1728203863, 3752892486, 3685840772, 2046813082, 1155575459, 2720507670, 2284743889, 4275274120, 1789413184, 39537894, 333053107, 2625052424, 3410398820, 101161039, 4115976000, 2612166598, 3631422804, 2868463331, 2844551682, 3298936886, 2384108329, 2772142149, 1497171343, 2121631047, 4075361717, 1339035292, 3337337329, 4275500772, 1666502690, 1367783369, 2526576016, 1298484171, 2436549127, 4184234995, 3895804019, 406578674, 2980081650, 1657836081, 1706455457, 1005900991, 3631804897, 1375026524, 4060622696, 4056523081, 1264226041, 3862928706, 3580781833, 1631398523, 2506252124, 2058069587, 651986691, 2564994027, 1752563354, 545498161, 595678910, 1714024254, 665323167, 949615029, 1651351286, 4178894293, 4212821360, 2770924421, 1027023786, 1830490953, 3925601644, 1737219536, 2980311173, 715442698, 2441542776, 2971722114, 3893288385, 4131464431, 1438589542, 3797455287, 3023467456, 3047247010, 3803159282, 1955209932, 26731271, 1925510423, 3997887135, 391480450, 3166830699, 291496571, 145805511, 2037022692, 1898248348, 3865629237, 1054271157, 1245070515, 776718190, 3396010566, 3971738380, 502994010, 3281848509, 2486721510, 13837624, 1263314636, 1796540004, 2832838086, 3231536328, 2124261929, 1532896377, 994798956, 3196240143, 412901044, 1726100300, 2247186862, 2281194550, 2492962745, 3617616669, 1648558281, 3608517254, 2423187090, 3772777282, 3687246849, 1191868750, 3592238600, 942453952, 1170942548, 2138554058, 4006921841, 2835319256, 3265251285, 1230358080, 2371015660, 1572250486, 302183963, 3485605750, 4146326302, 924416292, 1017759931, 3217178587, 304836023, 404773775, 3380559493, 2517292928, 1461311766, 56449810, 1101705926, 351), None)
Loaded weights: 111.80430480871777, -68.16513949928247, -0.7162900781796975, 0.0, 5.0
events: me was killed by aggressive, 
  ----
(3, (3689411330, 1320517405, 3587442708, 2261626189, 684908042, 1874610608, 801907260, 3180505778, 1676957315, 1904427892, 1971809877, 1221794205, 51092741, 2796704852, 2539943052, 241140531, 2457299104, 502053187, 2377372676, 3730743378, 1946874926, 2678176938, 325251377, 4058694994, 3098153938, 2277114873, 2046706047, 740850255, 1717730196, 272516001, 3435381906, 1004681882, 195475792, 2028928885, 3873429810, 1528822399, 2125539435, 247661087, 2921433508, 571513325, 1892254919, 4089952975, 2413191493, 633931347, 200274531, 383632250, 2403674535, 3595370947, 4073414385, 2670649849, 3602914739, 3548012101, 1586347456, 754182391, 698100290, 1401347351, 758898680, 2849186399, 3231074548, 1751608301, 1276200198, 710029158, 1140797636, 1699731936, 2272400008, 3212786150, 2228844352, 2588491781, 1029982980, 1192456371, 1983964662, 761200413, 3348456201, 2742267309, 4062467111, 4070240978, 3236651352, 1279928420, 520817529, 3972988794, 643383101, 2811219089, 2453876394, 1589402189, 2336259194, 3643892831, 2244955265, 286510605, 1196974997, 774182740, 4083626060, 405249385, 2901772823, 3831239513, 3207659540, 2635046324, 2427556487, 2911482277, 513932294, 3751782569, 2997086010, 4029530074, 2658583570, 3467189971, 1820071373, 564578768, 1222469749, 610362916, 550952147, 3992747371, 3355683722, 1376015061, 3569989986, 1479491141, 2316270414, 2442189844, 2897760823, 388436917, 1797614649, 2306803069, 2576092575, 938120448, 1108535288, 1734042070, 3114240367, 3783824776, 2869215376, 695896641, 2691712305, 4153106606, 3363480631, 1073848538, 3278811198, 2227181696, 2162723771, 3162181721, 2406635447, 184540264, 3820633864, 3250707662, 497861364, 2255529208, 2250643587, 1079315853, 74563513, 1565564999, 4041292199, 1522330911, 3774102854, 4264315713, 3017606822, 2730358549, 3493264362, 3985556147, 1640777736, 2155459165, 2253989561, 199698619, 160368880, 466036598, 2552925434, 3236411591, 1770069119, 4213350950, 3065676047, 2427488531, 505485300, 3958441004, 546598077, 1058512845, 2720789800, 2989812438, 4261260912, 1901324214, 3128895435, 3626703909, 1792073272, 3539055214, 4143553877, 285095481, 3812595820, 3968222465, 2827491937, 222850260, 1118793492, 350537944, 340656342, 900539883, 977231527, 2353045351, 2456798669, 2585134288, 1515712681, 1377742432, 3972016995, 3936004565, 3752473829, 807875307, 2633054714, 2012733541, 4199327351, 2662800303, 886338620, 1094303669, 1405346659, 2305830919, 557791023, 3712905241, 334321923, 669735278, 2883285095, 1432444489, 2665990218, 1225935901, 2115725509, 1127326367, 2449836844, 205012307, 3186864515, 831629284, 2448957546, 803682827, 2479000830, 2082699705, 830448182, 3041483288, 3919010464, 812940366, 4080904622, 2227328495, 547099500, 3025222906, 4263144199, 1248798876, 3060342915, 2069092653, 2700816829, 1386540819, 3972778321, 249341979, 1024624692, 1318873388, 4077604663, 3672448096, 3227379609, 2296956806, 3500628439, 3945404350, 2509315121, 3241086509, 320614041, 680737586, 706828027, 2326805248, 1207128273, 2182103513, 2111658862, 1221892881, 2134167618, 260366845, 375581609, 2823724207, 362291146, 2189101338, 472444920, 3636702223, 3981464792, 3032382162, 1579381358, 403721982, 1124320954, 1656707318, 602967504, 2703738094, 2594470178, 95860329, 3627889228, 94644386, 290870620, 1245622393, 2245648855, 152733299, 3429859650, 2733490325, 104114291, 1532731458, 1281470858, 2554575440, 3821039696, 596082301, 2082320748, 2671646201, 1015216086, 2653753993, 1768759292, 674734930, 1330712226, 3862730871, 10292470, 127506029, 2902236375, 3428605138, 926704698, 3678199083, 1723269100, 1612593801, 4246884931, 2712780915, 2745285299, 852370536, 2743264220, 938068957, 1660165696, 2799735296, 3851550587, 2698440081, 3877869441, 2006844194, 3882495205, 3241191091, 2677179505, 2460991238, 3796872261, 942663699, 281627051, 1254954261, 526419148, 4093292447, 2305887500, 1264487594, 1993847991, 1796656119, 3147044971, 1242754965, 3028229332, 1589184464, 3365091312, 1995541312, 3472896400, 2801528575, 1547647453, 427574141, 2803667108, 1469556080, 3053705934, 2993874785, 3354301145, 1705340315, 2957047408, 367473466, 236525826, 766756651, 175001084, 963673750, 384576142, 636309302, 572361032, 3284284353, 2847036751, 1009868295, 2899077324, 632991009, 2655284735, 1234239318, 187482988, 3092863993, 3635647702, 3942479825, 100204107, 244580075, 4132241910, 631111499, 4147816045, 2491480853, 815448822, 3131449635, 4008389951, 1721690503, 1871814204, 114721617, 4273301735, 43527540, 3888279343, 2245053886, 535417790, 2764436686, 2128355195, 798992868, 2599424017, 2200397760, 2345194921, 2659481437, 681449793, 3579230321, 3492062918, 1624086098, 3411352401, 1093646960, 1625399386, 3293153191, 578032502, 3878434237, 2912915364, 2973337388, 3027164863, 3248312836, 2541517659, 3072043698, 1414933737, 856226818, 3561590047, 2238001902, 3675896642, 4030328688, 2605741136, 703965666, 2784518436, 957908933, 2124999934, 65586816, 2026434373, 1512045601, 4040552089, 3485997283, 2684743176, 4025922334, 3178486513, 1989792344, 610897958, 2588683023, 2848657404, 2890989510, 2191815494, 2803222763, 2515512103, 1890766023, 3001652467, 430587571, 1621062883, 4122534618, 2994117035, 1613819875, 934029885, 2338517108, 1722895600, 3569172130, 2562916093, 811606844, 233345601, 3946203753, 195310852, 2104702609, 779272150, 2385711677, 2399175009, 2719307692, 86947897, 1907206850, 2676153213, 2661427820, 3960143092, 3904451140, 845647677, 3675065507, 1976011367, 3538115397, 1028104274, 1485164313, 2526290451, 2879224789, 1617872567, 2080879702, 3410088385, 1110653266, 1956490622, 2114471108, 3167814564, 628365297, 298244189, 3161792554, 1054851129, 2775176065, 2365998907, 2538917274, 1728894770, 317483904, 1937444912, 2904165415, 3109900068, 3364329853, 4245866974, 1769786456, 3656256124, 2108955230, 3129341270, 998258012, 3256562182, 2041159962, 795240213, 1338573690, 1834211136, 3462548515, 1743147634, 104386311, 3459341407, 3837814596, 3960259077, 631626706, 1861386557, 1980951909, 3716594663, 2006892642, 3935325049, 1194168130, 1744416618, 1918215564, 3325879131, 2433720714, 3542345472, 609402927, 1984817998, 3267270643, 2898622930, 4200973965, 2395342553, 966335298, 3866490390, 1348037492, 4282618483, 3296978529, 850065609, 1812451394, 2219006335, 2000986397, 885533017, 3617277438, 3146204847, 2990688387, 83704898, 3894980048, 598007301, 3567726592, 89404324, 2595148089, 3154299455, 3119627568, 1857396680, 2876207815, 3781841390, 1670833368, 1836944662, 403322775, 308110804, 4067384051, 299011383, 3819871295, 3816453294, 751603031, 835087782, 3401831698, 811073267, 767319432, 4275293572, 1723789920, 1029392641, 1214873978, 2002562845, 3245334881, 633961615, 2676944106, 4255874229, 1885346123, 241268199, 3502993774, 1083239608, 3323790326, 1528477975, 3068079491, 1739582168, 1242029920, 483798512, 593930684, 830577109, 1112744748, 629429770, 487978924, 563407025, 713406612, 1777631867, 2905961561, 1265128321, 1221648759, 1796874490, 711662983, 47466346, 779236104, 1185189282, 2252144727, 3514186132, 2495584970, 3213778961, 1821153430, 2554573833, 3511743066, 3371973216, 1005476560, 4270968932, 2585758663, 70337666, 2300133012, 366544492, 940104709, 3746824513, 626041833, 2831416678, 471449379, 1396335044, 516966577, 590567616, 1671131777, 3201979642, 3515485007, 1075367729, 3869696720, 569), None)
Loaded weights: 110.77693294278713, -73.80246842077416, -0.7162900781796975, 0.0, -5.0
events: 
  ----
(3, (3439367695, 4010289236, 337320044, 1651723747, 2391682825, 3982819464, 3452626326, 4270080528, 2676464400, 2906479606, 2363142189, 3813655074, 695923753, 311567065, 1837701112, 274329473, 2195846151, 252465485, 641139988, 1867212157, 3604672000, 1487260539, 857216834, 1348640417, 3597585778, 3662269611, 3001592520, 2637145039, 112800286, 1434079295, 1384616715, 11228391, 3985945436, 891586447, 2719228479, 517998505, 762779872, 2768955637, 2024656697, 570519124, 2682184925, 1857337692, 988220594, 1868808912, 2412621715, 2940329160, 326775443, 3715483062, 1038431186, 3130265296, 2810710555, 761969901, 1475200205, 3187698379, 2153796029, 841216665, 3468250826, 695620541, 1533992934, 3723875182, 2093624895, 799302209, 3734146646, 2602273869, 2567652536, 3275186958, 2880743737, 3092727447, 3592765380, 2684601669, 2094805949, 111105847, 3479030852, 995052662, 3922142663, 2224254950, 942029442, 657680470, 3952391183, 938743854, 3444310080, 2935072899, 3416444088, 2163051732, 4291524705, 4056388757, 3794417082, 1601954529, 2745811132, 512700043, 1345464071, 4269822373, 1241879332, 1345022378, 524170723, 821337691, 3078231288, 1413212326, 1205115632, 3134647640, 2705554917, 1166563181, 1460011397, 2088193711, 3669232145, 1730428462, 751418353, 2676347226, 900857471, 1588507388, 248843588, 1208487749, 723152563, 4255440942, 3846978008, 2572920349, 3762451500, 3266817206, 475076598, 4294032234, 1772156525, 1771683318, 3841374002, 66434786, 363810408, 4028145330, 1910626225, 1938222791, 2282269123, 89275265, 1871277762, 2145712386, 857523622, 2917105200, 609220612, 2370393501, 2815161281, 3457936140, 652963201, 1518265603, 3566105978, 2216326530, 2433327098, 4140148063, 1148683830, 2504849437, 4029822473, 2025533057, 977283072, 1212368796, 114858098, 4164127932, 3050448180, 3062293118, 3181482014, 3968500208, 2044519607, 3674112371, 2599440552, 793501718, 1476568877, 2645789815, 128674222, 1721731156, 1334199548, 1971532765, 1323049471, 677795308, 3328829286, 3248448707, 1917385917, 2307174152, 1276416408, 1831957657, 1910922568, 2561258010, 1343937724, 594146572, 3759598458, 3193865653, 2213880388, 3558859004, 4115987732, 966726659, 2300249071, 1388150436, 3785503275, 2988203735, 3908291699, 4127219571, 2199584542, 1772078345, 697233255, 3632753754, 1649888887, 3148870951, 3339964995, 3271542188, 313572996, 1090880950, 510124915, 1146139720, 789606986, 2020418172, 1827201398, 1934457529, 3043219112, 2214825992, 358635802, 3403648720, 2187787621, 2350883481, 1083904521, 1026074470, 1140232675, 664922077, 3143127598, 765669573, 15423587, 214157543, 4189099578, 2603557759, 3610768075, 906392979, 3189428737, 3344788728, 2199474693, 2243004723, 2285689952, 570550635, 3758110496, 2703829619, 579586338, 3520358690, 530063120, 3186706156, 4290165404, 3313789726, 4230187835, 2888336657, 1869973679, 841045865, 3860987728, 1998043664, 3452179309, 1929579874, 2227693065, 3172853688, 1835551398, 4068121095, 1443608049, 1197165585, 3344632445, 1853504495, 2636669980, 2357846070, 1594033061, 3560383875, 3475436680, 1062833525, 2770463153, 704150384, 3160207381, 2947853481, 2181555636, 473997994, 153688906, 1609317874, 3092680891, 889991853, 1378936459, 2466732464, 1816531578, 1040051917, 1399015098, 702093703, 128185656, 3369392186, 3417549646, 2945621491, 3418881785, 1629511997, 3351980499, 2949280855, 1576605341, 1290615855, 1313808669, 1200687168, 648146260, 990386496, 2948097763, 3925983803, 3204229838, 3020133919, 2679254238, 1494554685, 1925002883, 3198005042, 1890723459, 3161519437, 1411724263, 2132724363, 2939537069, 497918017, 2311096778, 755940049, 1145409118, 3448516318, 436764226, 1852549629, 1764021027, 3708286003, 2118504154, 2823814562, 4055932836, 1646441632, 2933519396, 938331068, 490244110, 2799954128, 2932468554, 2045685368, 4168490408, 2477231224, 3427324321, 2198059370, 22913471, 984804510, 1282636873, 3648908660, 3360044128, 3388261072, 4181161934, 2714110894, 2822400049, 202053455, 3199315828, 1235517522, 2869807310, 2492012028, 3955790643, 1531119877, 2650803085, 2783658319, 3359185817, 3108867717, 2526868339, 2898575362, 3102274315, 3671806212, 2170289113, 4267208159, 927153527, 3798564588, 3274140096, 13944810, 3802045422, 595264538, 4004423422, 1662857316, 710670759, 995272428, 261583373, 2815649342, 2743786485, 1786313712, 4130422622, 4108161729, 2433513499, 2829115588, 1325665290, 2798477207, 2383823636, 4095970400, 4185561433, 3452368028, 574340314, 257029828, 3979744325, 2612656864, 2741833449, 3102277722, 2621098535, 2053578019, 3739965696, 1068012391, 1336429704, 1456232318, 3362562930, 361704259, 3879907931, 3619594607, 4045509256, 3588952948, 1363293302, 1544426465, 1284863503, 2605555775, 3532268621, 630582111, 82314419, 3106144545, 484915497, 3892801924, 3633272688, 3096623942, 839760337, 3662067423, 2346200913, 331729997, 2195434724, 2831561964, 1420813107, 35540047, 4202480382, 736942198, 1130727917, 2366319558, 959756035, 26030967, 1131707885, 3402261972, 1058940012, 3132625743, 3345470093, 508820785, 539557648, 301903898, 3787406735, 62381316, 4182939223, 3091936348, 2965751172, 3385470697, 1228465847, 1186259613, 2863645081, 3668546944, 256030817, 3036004393, 1007397708, 4077780810, 4196860657, 1625745381, 629105021, 3625506955, 724043437, 4203762576, 4219933055, 2547885552, 403540295, 3950772177, 3075963572, 2834151189, 2043138225, 711717435, 2255963651, 98289528, 3045888052, 3612036121, 1960832745, 2764265815, 4000457190, 1812555159, 2055465190, 1625446740, 1616618690, 3992556700, 420937274, 3595612747, 96299207, 3867684806, 2719538836, 1892250700, 3656298217, 3832817207, 3806677477, 2255971956, 1817564620, 111104251, 3710739305, 1643257974, 2792535821, 1371622111, 1314477831, 124358529, 2210652309, 2458487136, 1146626199, 616510655, 990681727, 57630397, 4010017459, 216097539, 374380675, 3386270149, 2763161031, 2778280657, 2493078083, 2958890927, 4085978832, 3498028568, 1659714730, 3282310913, 151507498, 3708517062, 3655175218, 1980250402, 3682969387, 3603755614, 1100068004, 3249897650, 3684173027, 3244341773, 1640058502, 3538893564, 3931797398, 3196806185, 1569754804, 3743194781, 1502431122, 323149700, 538465986, 1466774346, 4232707815, 847842794, 3691606199, 3756219742, 283210565, 1184508713, 900904114, 3480135841, 858412777, 4212816270, 4012476804, 3471139532, 865416055, 2598872992, 1118742352, 2767083669, 3279894867, 3428630047, 3224185436, 1894990279, 1805598965, 4175418747, 2874652544, 1758384284, 2640963193, 980569041, 4092415373, 1143236213, 790913490, 4005106232, 1083527185, 1648307287, 2189371955, 4157541172, 4196773314, 743123276, 863848592, 2787798466, 2943075471, 2512151165, 2257505843, 2380210093, 1324116479, 592440267, 1336544837, 3922196512, 2942202170, 260948018, 745876696, 2004765512, 1407320135, 682241785, 2635943300, 292831546, 312132884, 4173411549, 3893188980, 588391948, 409013406, 35079786, 4066425950, 893753127, 635813207, 1931398038, 3273196628, 3556324783, 1678101280, 3355800578, 4283878532, 1373792705, 1546643149, 2299620856, 3847491999, 1256387378, 4263048834, 2003267303, 1672360891, 2514985672, 142550680, 1723388200, 427617387, 3526374946, 1305920715, 3032526299, 2564280709, 1996774977, 3146058839, 640041273, 1237851950, 80336817, 214712156, 260798187, 1332199326, 3958750276, 2570608925, 1298524513, 2874604163, 1909452120, 2084201118, 3005058519, 165), None)
Loaded weights: 109.63950416636253, -75.88926088586012, -0.7162900781796975, 0.0, -2.5180660353369113
events: 
  ----
(3, (3972641813, 2559027323, 2376400241, 2594677736, 3482747237, 2046970850, 2537902220, 2538380024, 3993769661, 3983036696, 2883672014, 1181607322, 2206494206, 3021940504, 971142131, 3436685807, 3700479030, 3915858036, 2235685399, 1745420013, 2018606756, 548977826, 2964638968, 1749228372, 1055273822, 1718251784, 1831301751, 2218478466, 2917557745, 2422441546, 2292427446, 3614794785, 3224186396, 1901082519, 1848870743, 2793294324, 1112009292, 2892411380, 1471436215, 1011352360, 2918435118, 305217080, 2202280257, 2732969050, 2762805550, 714255207, 1314653502, 2072901780, 3310542819, 3789861759, 892190009, 1232683974, 299180106, 3241480518, 727889474, 2416696785, 1700670996, 1416675138, 76618636, 1629151683, 2332116615, 2596656927, 63847136, 945441973, 3310938320, 580961701, 2838132227, 294745860, 2850753321, 2268925379, 2008977368, 1052252184, 2348225648, 2824227579, 2764150837, 4262183893, 1666236519, 1965835313, 3213765152, 3292744133, 1208419050, 159691664, 1189713553, 1002467206, 2149145315, 3613896144, 2809400176, 1603123033, 3508971547, 852640713, 885068141, 559606021, 212500586, 2912628817, 2182979919, 4105767119, 1727829840, 901436923, 3569162089, 1830515690, 1582672312, 638773854, 393084967, 1205445383, 2750263567, 3984675213, 3429302188, 3403128266, 4066124728, 3736537744, 3406073439, 1459626157, 3894313545, 859285576, 336651107, 2881044213, 2688248918, 803849597, 3977766729, 126008447, 2319956690, 1877726509, 2665891308, 1398464678, 726569181, 3252686277, 4154914038, 1631918809, 3911753973, 3956131798, 3759219167, 158273942, 1349882929, 1737836720, 1354937008, 4190576598, 2618788872, 626298779, 2060624018, 433195466, 3639254369, 170551469, 1183070949, 2705652296, 1609724622, 557613447, 2510710360, 1992250613, 3707664053, 2822503353, 1423382210, 3347117283, 1630616302, 2906490242, 845227661, 3401753430, 1523507806, 233666629, 899341404, 930531706, 1612611024, 3119520021, 520416614, 348023534, 98780403, 286090415, 2173651083, 2780446080, 1947737363, 2931861374, 663600207, 698369673, 1180168883, 2544721822, 64559423, 1148732038, 1724559822, 1676244474, 4002274556, 3706182822, 2071703876, 1748024222, 1023806979, 1971873884, 1246533982, 2981668180, 3255949790, 521267896, 3612149825, 1684587224, 2665060813, 1322697528, 4290413442, 2351357124, 1289371214, 98014586, 815631127, 360167823, 2845028131, 1936675065, 1758112022, 3918581671, 1263665113, 1440367360, 894021451, 315542988, 616110380, 1405927654, 4150260042, 2515339942, 1808256072, 1637017694, 1771048434, 58127481, 2902327816, 1415853625, 3406888716, 2511414194, 2430739015, 1941959811, 1063951652, 1806379175, 2406376311, 760423260, 308370212, 2763946819, 1758329233, 2832718373, 1351609361, 3181700833, 1396409870, 2664654324, 1390968691, 3632881412, 2310289806, 2446806003, 2410308759, 1291330188, 2305890253, 1832262006, 872889459, 183667803, 3076289767, 1668967775, 2431043269, 506108364, 914754865, 249912311, 2156740990, 1119463135, 3538292099, 2218985151, 2287983648, 1672691833, 3263151001, 1534022908, 594584660, 4012953842, 298914372, 1270180379, 632031791, 3910487938, 1756147583, 54794390, 3796295841, 1394661394, 331226577, 684732844, 3518994353, 861201115, 2875613314, 3532527635, 2909072606, 1743627875, 4134126728, 3330483583, 3314474850, 1358194846, 2277031392, 3980292073, 682463495, 2442105460, 1592153893, 2460620165, 3943600522, 3133029341, 1121084899, 2555490349, 2269240255, 2367338830, 3562151287, 2586230199, 3785997941, 3874709612, 3826469829, 163389623, 2557729370, 2532256838, 3112751713, 2028813660, 248618849, 710134716, 701866794, 1739621506, 3131287942, 2645355791, 3800391338, 84098507, 2813974449, 3950202847, 2353734976, 4282105230, 3275772673, 3751036066, 782036233, 3326759433, 1764009495, 979195242, 841686381, 1540257231, 3513542509, 3190206363, 3177893619, 2580565855, 1950026062, 219903849, 1883375013, 3781470019, 179051748, 1934432791, 589546095, 3749055208, 3177337946, 24345451, 366651058, 3976524802, 3127200441, 3733088824, 491039315, 83000079, 3349060629, 2182633082, 1615081101, 1563382085, 3930567392, 1062284847, 1373691006, 1329296264, 42368431, 1195575519, 3044959894, 3924278969, 4040471219, 2520072214, 556759340, 3630689538, 3127920091, 3611718304, 2028046756, 3696285757, 2050759622, 3456220009, 3928927433, 1423593773, 1349055075, 1103773501, 4206129269, 157553075, 1585060047, 554056928, 724231516, 418992964, 1529694135, 1880332843, 274476731, 2380507352, 2945646811, 4215581759, 2321287571, 2844724549, 4048094639, 3849646913, 788110616, 1975209694, 3409019177, 307165720, 470868677, 1143483497, 1782529131, 3048014996, 3865676422, 2104724919, 2079911189, 3912127152, 313885871, 3411678923, 980338622, 3619692214, 3798074361, 3710599221, 305655761, 3567400308, 1887173188, 177019510, 1067460697, 780382411, 1758213910, 2812220979, 3101355367, 1013700721, 569078314, 3105085464, 700396460, 4281317537, 1256687235, 1878490216, 1659721531, 1531671187, 3608734300, 1191710123, 2839801390, 324349048, 2172857346, 3391541902, 3277256648, 3112685739, 2073037044, 3239937806, 2823495973, 4008707117, 167762222, 1831554441, 4012075623, 3643660968, 3919446391, 2063638873, 4172922982, 3043893415, 3806378133, 932567124, 988810204, 1222980527, 3172988180, 1084751725, 548798248, 1551798734, 1324866891, 3684803908, 541456991, 1516246795, 2179361899, 1238034046, 1774194710, 2368119062, 619353063, 3401383887, 4282975581, 1241370132, 1820226343, 2978953432, 1407206256, 4270664061, 2128300519, 3001782500, 2089356838, 3109864876, 1540019000, 2022458222, 3100796321, 1821012059, 1346271932, 3253381519, 1716397034, 2205805210, 3856136243, 1761039699, 25302501, 2764892005, 503586333, 1069669707, 323637314, 1213092032, 2860990796, 2639576840, 1972152301, 2302169809, 49393323, 3733498555, 1648518402, 3961672351, 2616919831, 1288458535, 2354633036, 2174673231, 2503192977, 451811725, 4170238828, 2015526268, 329786139, 3567347638, 265449839, 2266979037, 2119802400, 2165126775, 2121389565, 3948313593, 2520413048, 2624057933, 4209634139, 1043238263, 2993739228, 533340964, 1124521476, 842187424, 2972069203, 4067221620, 1264040837, 3130677805, 748700198, 2372869564, 4015132590, 4095697060, 571193618, 1063228918, 3484134067, 243587813, 387748851, 3752433180, 2417389303, 856488307, 3641663501, 2050896429, 2686570952, 2500958824, 1651608749, 1736179413, 3858799631, 3978065640, 1950621979, 1006075767, 548580210, 1317697575, 658194997, 3320034994, 2671382280, 1736492717, 799612289, 1188045966, 2048342700, 496294122, 1657457850, 1672034727, 977796725, 2298486130, 1232306615, 2459646242, 145399693, 1580274830, 2303958606, 2765942802, 308694410, 3681023018, 1053980131, 1613405567, 23418161, 3812241011, 2354921013, 2034445288, 3069946474, 938153488, 451522908, 4236059788, 82709387, 3776539778, 3261518891, 201907053, 267987010, 3157459996, 1284477960, 2228362761, 3351008016, 757071715, 3647753783, 2202016756, 351013356, 4078692304, 3856645622, 1538300396, 1056280929, 2553039193, 1893264172, 801346593, 2956180226, 1303065548, 233613135, 3050873055, 1148667257, 338075165, 4198651112, 4092784309, 2061519695, 1415822839, 3200237644, 975554097, 3529291566, 1975507753, 719842167, 606756274, 134114494, 2855513068, 3214991005, 4023750334, 2300748063, 444005739, 3672451011, 1301078948, 2153241270, 872221399, 2194262488, 4149944459, 2445911068, 749254112, 1272733951, 3573722475, 463), None)
Loaded weights: 108.06681640978098, -78.14607826559582, -0.7162900781796975, 0.0, -2.527878609554751
events: me was killed by stupid, 
  ----
(3, (42695252, 1035521438, 2423820737, 3975421884, 2846036101, 2077839874, 1093359370, 3517879256, 1480038471, 1027382513, 3299468542, 3105414040, 1717849085, 3826449164, 108051504, 1207392695, 2342262939, 2437929815, 2197533633, 1590028393, 1259809986, 3477244960, 858357761, 3056662401, 543167740, 773334502, 3359340367, 212694511, 4055241614, 1069669807, 867141057, 3361584683, 256945977, 2817436250, 2115266931, 2382405441, 3474883154, 458005363, 1696899277, 3997181169, 4235640763, 2051676394, 1726430841, 1755743051, 2225395395, 2586965899, 2103509799, 2601787398, 3045357742, 2372514568, 4280091815, 682584698, 2063245224, 3562485578, 3636967497, 460261148, 2803826359, 648158753, 1664696305, 1673598657, 2643957060, 765029975, 883600989, 1900820248, 919993200, 4081500729, 4196608870, 4050926445, 1674245010, 538285268, 1741705058, 3173642137, 2712266233, 2606106233, 669513914, 2398024454, 552040541, 4195413283, 2480816494, 1702990992, 2685320877, 2759353738, 572648072, 2320387564, 603817512, 4181542132, 1805309051, 3289858879, 1230619626, 2174326466, 1462595302, 1679238455, 1676114536, 1140680559, 2946000287, 4280718052, 38484845, 644188922, 1818468472, 3619299248, 1797982291, 2165806039, 1850017514, 2267814199, 1758937796, 409657846, 3831953554, 123716641, 2215509681, 1789953160, 1861178052, 1475222176, 1739938131, 560993458, 2468220033, 320561199, 4241395905, 514158120, 681905812, 1316251372, 1416036452, 601055440, 3837947375, 1677588255, 1307039385, 1507378025, 3606423621, 1647790614, 2070034702, 4263293891, 2602442455, 556012592, 12999979, 4050532693, 1188937158, 3995736012, 1588817274, 1595464932, 1804794416, 1400726112, 822211169, 3457060022, 726991443, 1330352661, 3340535867, 770208025, 666151959, 676168845, 2861927342, 1170380512, 4229492256, 177186779, 185211435, 2733829923, 1187538956, 1461751642, 385749391, 1405022105, 2300599711, 950378853, 3686901979, 3335645437, 2927871333, 2308923180, 1256847010, 2803720569, 855081919, 3798068071, 4099571148, 1184059597, 4103846003, 215540716, 1010678239, 3255667996, 3728803279, 931877740, 3505247871, 4112530005, 1652241726, 1917120736, 2284542419, 3406046166, 3189123623, 3801751487, 902016457, 3093603032, 3435720360, 2789358867, 2167375548, 1941684687, 1021048944, 19452064, 3728680763, 381023243, 757620380, 829804118, 3726139348, 2150481921, 1432860796, 1880232434, 3118876945, 115481563, 3642740533, 4182518837, 1560599313, 2900577498, 331589186, 3925036939, 1061772922, 1594101075, 350431645, 859204167, 847274255, 2850021273, 485434749, 2896879257, 1353608370, 194807359, 2908465466, 2682426404, 2669686363, 477513916, 2717036837, 2566457742, 2818521246, 2796694760, 1482813606, 4089724035, 3126988337, 4192555718, 3818761542, 1507827683, 1469971840, 99699661, 5080830, 2263489235, 1530957239, 1494867911, 3481524003, 3849282843, 2019757566, 2228631196, 2940395463, 451398438, 3730479025, 11535750, 3233805645, 1263635581, 924250000, 2203203103, 1830405121, 1682963180, 3335075077, 1879841372, 1629151121, 3759030692, 140096982, 2068253923, 1955574777, 2223905521, 2472807835, 2471136787, 2409796362, 1731543773, 1927083898, 4126351098, 4196940839, 1302447292, 3135822168, 1934888504, 2565423005, 3524698284, 1892652133, 1180033379, 1633485414, 3611498271, 3843262279, 4240530007, 3342396753, 3081037812, 3700489840, 784081668, 2335358209, 3533289074, 3807752976, 2606284255, 4141973000, 1195362372, 1796485872, 3347779641, 2773997852, 3741947029, 2151641615, 287456859, 748821481, 1878204095, 1801585399, 2719782541, 3244257591, 1070176918, 2390746023, 856500527, 3174478151, 1035381918, 768486267, 3801935419, 3188243114, 718988714, 1221161658, 1678014504, 4124283691, 3679788919, 2532796069, 2782663200, 2117786340, 2764251198, 2629254263, 3610267791, 3505958671, 3529111809, 2246475901, 1747300921, 717620628, 2018951114, 3118498193, 3444183669, 2113993934, 779945505, 565816835, 3873199874, 2828475459, 912681193, 3252415644, 4002130891, 836615712, 1077406514, 99725716, 3108353842, 3433011192, 3715278726, 1618755471, 2050272024, 2760144978, 3387771313, 3624225248, 5595307, 1776934696, 3425472108, 2574931040, 4269629092, 2382796956, 2894413599, 314729314, 2254574803, 1308933271, 3209866044, 2512358035, 3882801669, 2516895985, 2111328456, 1332106302, 2864864125, 491753349, 4019168404, 3874845605, 3485496021, 2395462246, 2268352217, 3733820102, 1052799229, 1127693239, 1937939263, 2364083411, 3063024533, 784093409, 1683274524, 2707976224, 540957238, 3342897574, 3936757795, 1228940892, 297051776, 1845307445, 2859360708, 446272149, 505453602, 2209941390, 2010547761, 3691473591, 3719757862, 1848518952, 3994890487, 2475313185, 3802526007, 1589924061, 2842500627, 1836277654, 480381264, 4215665449, 3962502888, 3898382246, 2793208045, 852352599, 1446343308, 2070500079, 1444753077, 4169386790, 1296998335, 205094705, 2934149938, 4262720435, 1629238303, 519818839, 817077558, 2444854055, 693214718, 3340159065, 391613790, 4221855402, 3399405612, 1595892279, 770295965, 1416013585, 3216188464, 1172740235, 682605574, 1352454773, 1959487836, 3901925650, 2648712098, 1456552494, 4087209725, 3228934542, 4261680678, 226209784, 51756617, 2629545439, 4238066952, 1761379949, 804807905, 346420881, 39903223, 1441894896, 1089770278, 631492312, 321451840, 2989639302, 1443521451, 2823746534, 940128207, 4229724849, 2468294805, 2686549091, 2468088202, 1335030715, 1557019712, 2635838924, 1286218762, 1092092815, 1047387192, 2747232172, 3861418706, 2678051489, 621021860, 1169669393, 2724642495, 3643360428, 4244803569, 1805368942, 2271077017, 2736402238, 2910684740, 17625291, 727497099, 2787284491, 2933872061, 138212722, 3138616272, 3802637462, 3479969060, 1412117052, 1952022327, 2929991200, 3952563967, 3872626004, 2902447219, 851640179, 3796188954, 1012078467, 1532469342, 2556156561, 1961925596, 741662338, 700011568, 2581493925, 2258681070, 256192646, 137731791, 4165342071, 2922257421, 3704814802, 510774646, 1322073339, 52682086, 1348654964, 2351289581, 1621077517, 955038466, 3903051104, 2450184175, 2642192352, 3279345682, 2185354383, 2004539518, 1040824446, 2545377261, 1137610224, 4077385743, 3653114443, 4153832920, 1798147593, 2108147552, 1885131844, 3586090865, 2086030112, 1406765073, 270356888, 1601987587, 4085507401, 146387358, 3651208535, 1038009247, 2819891983, 1446562851, 2154801695, 3804335202, 311051100, 385430393, 1604718611, 2259563292, 462528236, 4105161505, 2251488103, 3542760435, 1039696646, 1579454736, 4046580550, 3102547243, 1726996044, 463692745, 3498742726, 1036766836, 3385466060, 2209451210, 657496752, 4242821402, 3385122117, 2889798500, 1678250208, 2296957529, 3275248094, 4156306446, 3911849298, 2622204883, 298848468, 330938429, 2714972786, 2063723194, 566304784, 2851119356, 4157856759, 58391802, 819582698, 2446460386, 320885509, 2659631169, 3764706474, 3896595096, 937722052, 1897679594, 1239767997, 4223282003, 4277315270, 3754528357, 3739429357, 3840611850, 268442686, 3373542481, 1071435534, 1696856595, 1634131547, 4276923940, 2836785971, 288962846, 80785001, 633241765, 2916847404, 2115375555, 2473811130, 1754372523, 95118769, 837005511, 2689525979, 2286300087, 3286828925, 1262212290, 4172482298, 1254035459, 78476150, 2871392164, 3716458139, 3338695365, 3390263880, 935535792, 286324707, 3693905900, 490812818, 1867173316, 213389421, 3681458735, 3035737031, 3793932413, 451213433, 741794492, 520), None)
Loaded weights: 107.40187705893524, -83.95145066873864, -0.7162900781796975, 0.0, -5.0
events: 
  ----
(3, (2902415244, 3723119567, 923945699, 3859090832, 3523031121, 2513185276, 1220744809, 3101558294, 1871081937, 1396700794, 567720252, 2833488843, 3099974374, 2541073284, 2850759798, 4030824232, 3771868275, 2085189657, 3488824797, 498942734, 1892076721, 1372272924, 3748247030, 3850127539, 4175219891, 3921068493, 222453245, 1293376851, 3301999004, 1991454366, 1379364751, 4127658422, 3191766365, 606959494, 3445425889, 3287827785, 3916626990, 1381059020, 2385024309, 2354058254, 1176089297, 3527936915, 1802487144, 1626579319, 998356464, 2106186959, 527202692, 619139004, 2694763704, 955971617, 1070550640, 156534061, 883890250, 2178283087, 3023577547, 2331012882, 1100933998, 188446040, 1374045988, 3430425711, 147100466, 2886574826, 2216500791, 4154040353, 4085770659, 2364719229, 2393467486, 2802764808, 2369801029, 2048785181, 1118185259, 3860831753, 1069537703, 3448387419, 3022118524, 879554635, 3821144157, 303946146, 1041693374, 1461510225, 360771485, 2182767432, 3112878285, 3609698354, 2069388527, 4159352901, 2679527105, 4090281690, 29235344, 1261195711, 948410116, 910125491, 168472606, 1812804676, 688318039, 2578473027, 104876189, 2300846653, 2372089065, 1528694288, 74288156, 978366498, 1918775395, 3804367540, 1306117924, 172377088, 1733557986, 2187669955, 3579452281, 1771132410, 1262488051, 2473453751, 3533767502, 1081995177, 4179459628, 3909084017, 4201044201, 2776179517, 1838226596, 1553265422, 1542269845, 3958337377, 4125292022, 2283127436, 1519548921, 4283475755, 3843532312, 2419766329, 2548100828, 2776634746, 1020409870, 3830346078, 2115204571, 456744788, 3912178431, 2497574297, 3468351138, 3650398416, 410647022, 2736869738, 3609646775, 1558893301, 1305262003, 3514818107, 3581384660, 2768222309, 2020147884, 2302828478, 3800227168, 377348686, 3049516967, 1513632707, 3112220173, 867430995, 1501154672, 320773639, 589461687, 3821469900, 3867052506, 499846200, 2494480626, 1355717640, 956426495, 488759383, 2337199594, 2946067669, 912016261, 3514581293, 2104110246, 145902165, 862614251, 1362266036, 3821283627, 969416513, 3955626574, 1824351530, 2927441764, 2999082607, 57130282, 3014314732, 949823532, 4110481466, 2699758029, 347538520, 1836857747, 52216722, 1315885662, 3985511072, 1530047867, 2399077340, 766367604, 3024984585, 3149942879, 110323734, 1556629831, 966478033, 1019835167, 3686041826, 3466187696, 3987519828, 3256192019, 1341167225, 745305810, 1113764396, 2808103440, 982084093, 1777882636, 1548185073, 3331188127, 3074127191, 4212176044, 1716957770, 3158160857, 964980058, 1486577986, 906087248, 1301352609, 3333240648, 4023816551, 3693994868, 2512045778, 1388401182, 1911837422, 3954572596, 1230232850, 2402572288, 4157812992, 2125870697, 1898965210, 3324744246, 2653575686, 203534587, 1940317484, 3687346020, 2857342237, 3240587836, 3719467579, 1728630045, 25599793, 2121085259, 1155430600, 2387374045, 47534677, 2098258113, 1333735855, 1508186478, 134454605, 4160922300, 38673898, 417681334, 2083520629, 695119055, 336202133, 1809777970, 3240784382, 3198470894, 3672812443, 1149867636, 5849383, 2382453138, 2819093338, 3957948010, 1393737192, 3883834416, 918655197, 428635563, 457045561, 462382488, 2577913558, 3239922443, 998004343, 1068778905, 1130487236, 2692787636, 2078925152, 4184924231, 3717644430, 1488955796, 2002906244, 465279918, 2697550061, 2513245604, 132605995, 1481634360, 2509806074, 700549762, 2534029612, 3985132979, 2252191607, 976837288, 1633367450, 2852920787, 2835696910, 2214107122, 1902943855, 3156444935, 2072058702, 1014480808, 2163938866, 4270101229, 1112411225, 645872537, 3980242375, 3221729506, 328218866, 1413074601, 834214005, 1431984510, 4140777988, 2167482347, 2591936338, 857717254, 2032571900, 2545493150, 2390533665, 341602524, 389360828, 1178985584, 4078628999, 935864511, 588078198, 220180560, 3322532078, 1851867171, 957510730, 1654431721, 3458725597, 2204131586, 3751923622, 2652367921, 1654529930, 1149261280, 3556498563, 317212759, 1722754605, 2969531650, 1396402989, 3291280454, 2796540384, 1406734824, 3652037903, 1283315432, 2196407996, 3285862198, 2118996581, 174373342, 3535139578, 2215707346, 3353269762, 4163668115, 2290405713, 2945535009, 3523719516, 1396185051, 439750330, 435865595, 2339522596, 4023951714, 3809798820, 3158894190, 898302182, 2439657731, 3711868983, 2870868475, 1184002111, 2092021614, 360038293, 4254106133, 3316273612, 220462084, 3278398681, 2988917639, 1977507928, 2888679388, 2675617414, 1947940121, 1979513131, 3202288643, 4169783496, 3826961485, 1868899549, 1044154219, 546277153, 3774278960, 3220593044, 3919129794, 4100552135, 4142113213, 2489193594, 3828095285, 198848518, 3956229089, 3465926610, 1165871991, 131364437, 990478776, 2639860617, 1527409473, 3059098043, 2250423192, 1973459485, 3197667432, 2664336682, 1601728692, 4281397438, 1108124388, 4206980342, 2464083643, 2326570572, 2435727974, 3040944738, 4094887624, 3624819698, 721469560, 735603487, 2698579696, 3033938038, 1542427993, 1304326736, 2277966493, 1814412602, 3374371576, 4185764515, 30614837, 1422168289, 515093637, 3854550376, 3054993668, 3855873946, 3692508590, 4173226437, 893283003, 3523521674, 4069983502, 1765109683, 1430697335, 2761311836, 1729150131, 2090517466, 4116453430, 1222041485, 1501853571, 1793839966, 176536782, 1523052745, 3007092946, 1603148703, 3046649694, 3552815990, 4080561599, 1317841304, 3489034170, 3057293968, 3284357692, 2881075967, 2009625106, 735056495, 2845735582, 3641895866, 894352791, 4205316721, 3516859583, 3949426213, 388104634, 1469900823, 36688007, 1529578914, 53355410, 1478827878, 3676184249, 3423944750, 974786068, 2332016688, 3817242321, 2344698162, 1594877928, 2127096844, 3601289210, 3453354044, 4163159663, 1189829237, 2071384195, 3177473225, 1359512557, 839092284, 933162671, 2645483730, 3958386510, 1590106357, 3200541630, 2071427921, 1480531136, 500425644, 1961921514, 4240461359, 3703649359, 972691930, 2666843844, 3585980955, 3273465677, 5992149, 4247193658, 3028705637, 2927584682, 3529788739, 3731299122, 780659986, 2849184731, 3546744883, 589654473, 1837810722, 4025316248, 3345783268, 1545149220, 2016882766, 3158836358, 4277584074, 2323397975, 1556112017, 3550163365, 2461949775, 669908324, 4065712525, 4217860521, 111244109, 4249149286, 4141074501, 917302243, 2932721478, 1470044355, 2772654321, 1796715205, 1921599574, 3064214422, 824344394, 304662310, 3806796966, 2525768949, 1572617044, 2135796285, 4072583287, 2340579401, 4157114510, 1554347515, 3183697162, 343963286, 1940998029, 4285072390, 3828150905, 3066205150, 338874286, 817951184, 2762936901, 3710886537, 2744144893, 1365181691, 1264333915, 1970589842, 2753520524, 2929850844, 3289500521, 2851308376, 2972589900, 4176728901, 2587653552, 883237574, 3671149386, 1241630614, 3362640062, 287960208, 1868045708, 939856538, 3705004245, 2394532782, 3137121376, 3523165127, 3625702855, 224026857, 3714566054, 2906289552, 61063030, 843333392, 1976880151, 1169317927, 2178584542, 1669829370, 2297231047, 251001279, 3186816262, 3412516368, 3900437505, 617764424, 2361473732, 2143427059, 2622502268, 1877675754, 2417545282, 3890208830, 26322440, 3825404987, 1023336693, 3889663292, 133461007, 4256933793, 854040262, 1679011756, 1638095375, 964333498, 1654439097, 4149373446, 1369877541, 3459762656, 4005489741, 1254108611, 720780617, 1260138361, 2946696276, 1199447731, 3942049652, 1117597818, 3312031019, 2591160706, 1903292206, 3408312399, 212), None)
Loaded weights: 106.29858192509086, -86.03668219427497, -0.7162900781796975, 0.0, -2.363362335314449
