Starting iterations: 50
(3, (210529973, 917786879, 3560579652, 3210515972, 1201086144, 4248379658, 3265486173, 263055901, 1272088699, 367270110, 2694778064, 3839448232, 2355667408, 3831367942, 3434875917, 2340278080, 4728770, 3068674381, 4229022558, 2532279210, 2946513533, 2527977844, 2275109540, 1037592438, 2095174868, 1202355830, 143539759, 2982346295, 182991583, 263884827, 736582122, 2912924225, 2223196614, 3291178183, 3029945848, 4254439106, 2321475539, 1208022685, 2549033847, 977650889, 3910145626, 3929457082, 3965115019, 3288679122, 1625594173, 3607500832, 3368365374, 2724369861, 3579975145, 1738944689, 1032566065, 2154644774, 95213995, 3260624171, 287962822, 487462782, 3829793377, 1067643709, 1665321357, 1462135597, 859756498, 3652779749, 768646470, 1573696871, 3436439937, 1925781521, 4142826383, 900209550, 1878768042, 1870466980, 1257196419, 3157209103, 1502303418, 2776597334, 214322591, 2052189659, 2171922550, 2388508471, 4132235755, 3932883229, 3950896466, 4223416682, 852237236, 646000858, 2567354928, 1920181010, 1864104934, 262547894, 1878297694, 1958440412, 4212311009, 1086887759, 979705474, 1443174238, 3644357964, 3643429964, 2683306657, 4287252888, 1032272492, 2655942652, 1302803368, 378999008, 2526932152, 210775540, 962904268, 1480599385, 1189955269, 1159220355, 81553379, 2687175504, 1416854419, 3756214770, 1666738324, 323000948, 1058485115, 3178625096, 827981566, 3106454313, 1010917977, 3638262494, 2097560664, 3042679826, 444175736, 1277807204, 2489277589, 2696814302, 1212204010, 3135241645, 1995387221, 3803020483, 531733032, 3265270842, 708407217, 3817984458, 2269341681, 3933995947, 869772810, 1550627083, 3598151208, 172848555, 4061055310, 1522296778, 1613418576, 2916968861, 4276845066, 1857902016, 2321721323, 316485016, 5314168, 3456822433, 2242503110, 1372205978, 1057981651, 741188921, 28739275, 2352779881, 1473763809, 1873808658, 941603269, 2330487784, 3194531628, 718961243, 540013185, 2064841661, 1471365553, 4118075226, 2114726484, 382901891, 2465464718, 2603917072, 1388249213, 4248252472, 3808361888, 3134220390, 4176718649, 2433160557, 2922840486, 1831434308, 2061149843, 4162770830, 3816754905, 2032202137, 418199678, 1114091330, 2590599514, 1776730272, 2218004933, 819028121, 3479587678, 310586560, 4264369315, 3146528165, 1309227903, 2616096101, 3558507699, 2472382764, 3816481421, 3265836970, 3573697891, 1509867388, 2314433048, 3230875731, 1819334065, 1433797530, 1026594118, 3712591453, 940373791, 783788725, 3119446015, 2742639672, 3411690193, 3618440810, 2221344764, 1276078216, 338462034, 3400807531, 2405921401, 1285234350, 1437773976, 3548978850, 3532491676, 229568658, 3520869704, 4050700263, 1914057410, 1129134296, 3033495378, 726113483, 597161152, 2606897668, 2518238247, 912903017, 3642160869, 4142655742, 2636569706, 168969352, 3303198563, 1944358452, 3707552414, 4125506497, 4076531403, 3858405864, 2817340232, 2009063762, 2095129822, 2053440205, 549187768, 1348719514, 313797404, 1147180874, 463520970, 3217922774, 4249130074, 383984256, 771139058, 3292860650, 2376805207, 1168371157, 1867899022, 102707956, 3261957447, 4177529448, 4095788978, 2426782177, 1209941013, 92614787, 4263499561, 3690707268, 317819675, 3473937482, 2720790694, 782733175, 2706883152, 1550875578, 2449056887, 2376574053, 3686537664, 1021369750, 3690269713, 3874589865, 2402026704, 973068662, 1454373709, 1909048760, 3012650400, 3263740710, 2048858246, 810546636, 2966978805, 2384431385, 3907289366, 3000630221, 773456503, 3487379287, 568956638, 2181189562, 2305280516, 3090873282, 3944089559, 1303899379, 3769459777, 449802069, 2868174902, 4067600129, 1358128721, 1161656058, 671384674, 598532809, 3132416013, 3384162478, 2524700870, 4014536081, 1327420829, 1762927474, 3100707469, 2668733403, 2262208167, 1147844124, 1701950485, 1291516395, 1708428141, 2292334569, 1088003459, 1896321220, 107743222, 356679118, 455745355, 3012838716, 2384595359, 242347539, 2688819836, 2264905531, 4043179997, 3966156573, 2205555829, 3671397723, 2434757884, 1515841774, 3475949834, 2340227143, 3249332910, 1635279090, 1417072275, 2098985030, 329149663, 1796640801, 3086903547, 2737574845, 4266321341, 1575776934, 1676871809, 3404308405, 3871409771, 882379718, 1555929364, 1564534619, 3420376681, 688596572, 4044688176, 3876935729, 1223662879, 4015637663, 349755309, 1963461426, 1125344550, 188768397, 140902278, 1121591027, 1542522529, 2962286177, 482605673, 1987647486, 1377868763, 920353363, 2865988344, 1411704232, 233383198, 2336203887, 495235694, 4233522261, 2548073741, 904769119, 2058035732, 502950470, 2606820347, 2389448065, 3750288683, 3250634838, 3527582974, 2293870618, 3787107924, 2954936596, 3101325093, 1795582897, 2088655814, 4275735168, 1064929272, 3827353731, 3815283994, 2792344839, 2583565094, 1103932779, 894382376, 2705393097, 673449133, 3808372122, 2975118876, 2897616251, 3849697508, 312548476, 1343229636, 191354593, 1150074453, 2164769995, 1273998416, 3193361927, 3004285878, 3333172558, 3060349593, 2955915159, 1396645897, 4151066783, 1413156893, 490089810, 1668890260, 3157264265, 2014666573, 4270950910, 1338238518, 3206217819, 3273626681, 3713788231, 2491700574, 3682050994, 1297969934, 130494025, 1282009707, 3519684992, 12228951, 864143125, 2774439187, 2387940149, 173716360, 3903027480, 324048148, 1870821754, 37081455, 3984841090, 3035401823, 347944147, 2088790211, 1975566524, 110299664, 3615980581, 829099785, 895349320, 1135660188, 3122278723, 507336590, 737274722, 3227984798, 3079975755, 3871136928, 1920074585, 2118477381, 1028299378, 728570777, 246084530, 1285149971, 3024139839, 4248430790, 2066541000, 122956185, 4160728779, 1302263582, 1585126312, 1913342431, 43115628, 2876912071, 1788979062, 3148994857, 2213086802, 356452939, 1778475498, 3949510529, 1813389335, 1773377642, 3060131840, 2883831421, 2885767296, 242571913, 1396077390, 1699458262, 3216736846, 2647505924, 1156362144, 2445530, 1071955878, 2708246209, 2031357025, 1360844342, 1813898644, 1848418643, 2767829774, 243855887, 1321275905, 2914555962, 1936356163, 1783141825, 1316760754, 307696878, 3161374932, 3481668273, 4076289623, 1018571945, 156154635, 744960429, 622968007, 4216363277, 1924037187, 991939248, 364925567, 937664946, 293969929, 1310892111, 2201719326, 313089796, 3031848721, 3671913481, 3985078608, 2584147739, 3419170417, 330127475, 3577488235, 3668798372, 2961151060, 2202246245, 572420660, 3178083314, 3367235814, 1444782449, 1796301556, 2117853232, 1592447099, 832436855, 2415392633, 3023427156, 3954950254, 4161735705, 2327075515, 2413077953, 3051168258, 2905795556, 189389723, 1435270101, 877532238, 3046382194, 371476101, 341251753, 3678123404, 3288069809, 572951298, 2357944797, 759531220, 2184925462, 2339925273, 2807993303, 37857641, 1780865271, 3478279506, 592709674, 3875753802, 2975220182, 773455106, 4129277106, 3386174345, 3460949399, 1252192773, 665195868, 716839802, 2646907728, 4272124173, 3810445817, 799229551, 2840983571, 2883250721, 3775932325, 3087994136, 646718680, 3869736902, 1042129695, 611426126, 3480170229, 2873582208, 988256051, 1576919573, 471056016, 3034180039, 210769796, 3572022476, 2816362692, 1218930001, 2945570075, 70080647, 2370742908, 706512928, 3314073627, 3036558187, 2313591318, 1070605251, 2285012943, 88067683, 3588245233, 3551343342, 2444439052, 3415596810, 861418721, 1416662530, 3880967578, 1791729190, 3383527320, 934560975, 1836366454, 3761700989, 1), None)
Loaded weights: 2.9855610577895733, -3.315602985576043, -0.38734406341450867, -0.47260382577301546, -2.94969855650746
events: 
  ----
(3, (1999322028, 1105106542, 2764813367, 2426936097, 3665786149, 2502686891, 1741145478, 1994947054, 1325118528, 2136933691, 4291857328, 4164645698, 1881639885, 3236936143, 379765370, 1875341517, 124114461, 3124367454, 2889566195, 3954340257, 3938277143, 272552812, 1550724165, 2156780204, 1045644352, 2919274593, 534293482, 3602276719, 2275251203, 2054179170, 2705429121, 3017416990, 131031860, 2988172150, 1010558032, 667911201, 2172276268, 41033492, 3795925177, 3587932775, 2155882987, 2929474122, 1373010970, 3238665327, 625660320, 2036767524, 1811291430, 1609842869, 1129730984, 1531207545, 3823576952, 2149852828, 3906889520, 3592580111, 1145099459, 3111905524, 9043944, 2830235668, 580712057, 2708102243, 571322006, 1657853447, 2220545820, 2787355109, 3986189606, 3286685289, 1697114966, 2083871722, 3923714693, 3957375695, 739239269, 610638153, 3917234615, 3100778336, 1176097346, 2112869742, 2582144517, 3456680329, 203487687, 3711952045, 3137553257, 1664282133, 3372518911, 454749972, 4016592128, 4274569123, 1163986577, 3980311670, 184058001, 1965070103, 3349637516, 1624421795, 2940698237, 945274668, 2974171810, 464106772, 2450140685, 1275394939, 1857845601, 1784258804, 1996509822, 20922088, 758762298, 3870419710, 3717924841, 1552218993, 228031232, 1783361386, 4044335501, 2436497211, 1536684198, 1276912550, 3783874886, 4165589542, 4148351326, 1860182414, 523384227, 2722636, 3941678852, 3078430966, 1953386697, 576942680, 860900804, 4282384348, 2300629592, 3374163166, 2604013614, 172648808, 1457087942, 1315837447, 297219638, 3527697450, 2738967713, 820576886, 3046673941, 3063658352, 2607156100, 2195726127, 3313587736, 1927094563, 281693123, 3349647797, 1418932940, 3494599186, 3987407510, 195542560, 3198958988, 1739363271, 791399891, 3813407570, 3476770400, 596230495, 1033521654, 2631072215, 3400891385, 2428777008, 2234394437, 2121390363, 586836687, 4226769250, 3299937503, 3137069985, 84479859, 798098512, 1974011819, 2338070243, 1699085062, 106317640, 2650766522, 2004060753, 3728407805, 604425760, 1946112713, 2249011025, 610103560, 4029685985, 227880490, 3691957790, 1712629580, 116136702, 3504893629, 1993743605, 1069159131, 281144918, 3093310404, 3743475858, 1033739088, 3545617377, 146169108, 849763977, 3840866753, 1601231466, 3882447042, 2090304599, 4282063857, 3045845395, 3228018815, 3636119312, 341325167, 1959008329, 791578811, 384317065, 253991041, 770439480, 1001387209, 2144962335, 3116194746, 3731741209, 1680076751, 114311814, 4261233011, 3636576751, 2993792309, 3241928814, 318972186, 3917098792, 1693224353, 3319783012, 1704731000, 628336493, 2528231440, 2821273136, 4025362132, 2085548904, 3485799244, 1225995507, 3603526588, 3524294653, 314011426, 2596985650, 1844344917, 732282759, 1470822705, 412838569, 3341071703, 1026998879, 1172686121, 4136499696, 1280079228, 1660917645, 1394332161, 1702440753, 4141833337, 655371066, 942885968, 625571209, 1774997179, 1888096360, 1512362721, 2022802981, 1144797607, 1674130547, 3621499164, 789625748, 1473022267, 740991251, 3062340342, 81019001, 2408596402, 851345568, 1768229322, 2506391708, 2002078788, 1952076573, 2186012936, 665957764, 1787547211, 1690770193, 1295671716, 2197244574, 3894433233, 1051898070, 2083545193, 3487337407, 2697279406, 880871557, 2629315254, 3698839846, 2374394119, 2918060882, 1807633074, 1625227262, 3678274353, 3167575547, 1161741768, 2040630372, 2716100717, 2080433954, 1969600594, 389310481, 1104924362, 2357436518, 4030954936, 51109818, 2562510898, 4045970694, 2775303225, 2631347448, 2215077019, 971041821, 1894605613, 352587466, 5758420, 1554693358, 4218929575, 1352505249, 3615697997, 2330825735, 2004303248, 113347176, 501490752, 530613691, 1327610489, 1728455483, 294736295, 1058373638, 3613419210, 3860559974, 1759865832, 3899629138, 1829869947, 2148821372, 2021184305, 3695636540, 1316454558, 914912923, 1479886277, 3800023711, 65396176, 441480732, 1080405832, 1128693933, 1669233648, 203632531, 2906853030, 4055327748, 3833049238, 2168310866, 3414437538, 2132651923, 3628623043, 3190708905, 1273592414, 906831107, 847175640, 2919530615, 1420635490, 235347010, 3945132771, 1008168758, 2894888961, 3983650118, 661941522, 332846540, 3977147977, 511882174, 426184933, 3921340633, 957348486, 2302614211, 2083787048, 4221033615, 3425380534, 2810156302, 2882428821, 3587242405, 2761273991, 3231419093, 2549327894, 4009805238, 861740530, 1288904413, 2672508317, 2393921575, 156662883, 2777273366, 2337848427, 591611708, 2040218401, 2266269527, 1165650236, 1466876277, 348014421, 2161497127, 1033994311, 1250175523, 3825302594, 190938690, 339296320, 3400691306, 659822799, 4023833405, 3722128219, 1635176783, 1248511054, 193969651, 3637364657, 1672394446, 3748872601, 2789801271, 3476553999, 1676917734, 3226543697, 2425795292, 1166640418, 1521688905, 2390448489, 3351207622, 1053447799, 1931437088, 1327134029, 1958265536, 3699587217, 4005020987, 2380343365, 4079880820, 1548180780, 782303375, 4122327886, 3220290971, 2742883467, 3988018253, 2615575339, 3548409355, 603782433, 1216900950, 527112785, 513457092, 851800785, 250349723, 280164807, 2172710378, 3666292449, 1127454813, 2237860461, 3781988840, 3152773283, 4155230728, 484122598, 3135624363, 3532200037, 1450770683, 2302862604, 3501559842, 825973550, 669788375, 485480888, 2871898951, 1114752998, 1473254465, 3829136574, 3943231027, 615054601, 1935508994, 1348431086, 2769550859, 705283092, 548462891, 2852691103, 4044034002, 186029692, 1172110501, 2163685926, 207493939, 3728417303, 3422601346, 2720707508, 966648655, 2466858564, 3096735336, 1451701264, 595265515, 2144642631, 1331475817, 4272933991, 1874458785, 4071908630, 942683844, 3048208462, 2435369892, 3571319171, 1629357844, 350931192, 3454925915, 3020385224, 3650140186, 145441076, 3286832513, 3037721396, 1459140201, 1191118676, 2374244146, 3950032929, 307729270, 3881375892, 971024536, 2631999229, 1587898411, 1746308365, 489533517, 3426774495, 1912676308, 2400282142, 858234150, 2375014772, 3507865557, 3755187031, 2973735130, 4175445483, 3102254133, 2670721562, 2850490066, 2479973901, 3952366929, 4017884648, 2980875023, 1127926562, 3217625600, 1123685010, 3073688844, 3880281592, 2558021586, 1702437473, 928946058, 255024874, 83064215, 1943925205, 3634584164, 59513418, 639084586, 1167353330, 3657689633, 4259378578, 3793759083, 2063535662, 2122093453, 76273697, 3676175954, 1093556651, 3549128066, 1198534811, 2852828146, 3445800189, 1640959128, 1147450016, 989401785, 3923906752, 757150445, 3073363900, 820017138, 1811678047, 3400829538, 2266297257, 2296847543, 1750692976, 3045945342, 1749942526, 4132892528, 4163662420, 4198242678, 2821056543, 652598558, 4175537366, 3200318532, 73362827, 3951845186, 2694754650, 2789906776, 1472546156, 2483366926, 260076253, 4260904650, 2212618865, 668473876, 2028900394, 4203621092, 830377338, 2665782751, 2464006275, 2571459435, 3789854313, 1264581138, 1648327423, 186418486, 2608202972, 2635532570, 121557237, 1373397238, 1417186084, 3799771539, 563795715, 1249779960, 4195648149, 2816325708, 1411150987, 1194090007, 354150428, 1705107566, 4064715769, 2876408035, 1344600773, 2299805487, 1762622706, 3687854448, 3333836541, 1741381247, 2622036913, 4024280483, 1867667665, 2677505444, 2720163467, 2606456601, 3269205980, 2642635271, 1424909865, 701755693, 3668102911, 1097214175, 4040662687, 1391541334, 1230409573, 2597768270, 2273989315, 3814218343, 252), None)
Loaded weights: 3.3308786867323192, -2.751686184133021, -0.38734406341450867, -0.47260382577301546, -2.962166411401532
events: 
  ----
(3, (399724547, 2597401320, 3292473661, 1419294177, 3144700741, 1358655328, 1168845302, 3920548331, 651569499, 1430135973, 1213708813, 2333265114, 129253948, 2946390482, 1148076336, 3483047700, 974909544, 1703148791, 2760434609, 2287625117, 867847, 425027499, 2545092823, 294530914, 2136028474, 549711198, 1683630329, 328878751, 402710040, 3854237543, 2250930695, 3765910005, 1931333021, 2005277706, 781426165, 4106679473, 797243513, 3248983036, 4070118927, 516831654, 1707806485, 3479861766, 3736899871, 2421102618, 674993250, 629830570, 2673112982, 1880794644, 2721471455, 467916028, 734188238, 3664340743, 927465491, 2965488405, 3536350513, 2730317869, 1711274467, 2422300942, 3538587663, 1660932552, 2823314272, 1485203531, 3671765765, 2891719798, 524675502, 3365845007, 948360501, 3085729926, 1343398242, 2387652157, 1011882532, 3585916982, 1836859936, 1193814117, 1987538860, 2537316763, 187265335, 3305849433, 1552196189, 1224039019, 4278412991, 938483417, 2733702084, 4246105621, 792416649, 3166132060, 286469302, 544755749, 2793292263, 1394039666, 567273336, 3050098082, 1711535050, 3082491561, 3677563343, 2056234249, 3570840416, 1888890074, 1853442112, 348365643, 2387127428, 2827418276, 3895227670, 3049529999, 2618435747, 1532096577, 4119536018, 1066061494, 1569365861, 1490752745, 1076170032, 2714884926, 4156482196, 3333557641, 1214169455, 3590429805, 406007351, 2047121613, 141399592, 2383784907, 315511719, 1039626868, 3539458088, 2090922050, 1739558752, 3566970933, 2803241499, 3949342295, 2859266318, 1265178309, 2096332297, 2373918739, 2758981717, 1831020896, 4228276806, 158061625, 3764842099, 4191993314, 1060326791, 763586173, 1380546644, 1474896127, 469053369, 356898087, 3914576348, 550891865, 2470038848, 3786405602, 2994873942, 1958767264, 2405618121, 2429330962, 2305580004, 237141126, 1953678826, 3589367243, 918253790, 972116090, 1148379776, 2242541310, 3833763414, 1336693239, 954625695, 3914820286, 3324291069, 561978105, 1610265124, 2702987681, 585279636, 548408490, 3158758036, 2748137689, 2016938145, 3484818201, 1038139797, 4150890746, 1103542876, 1447213925, 2577564160, 2965079619, 536251004, 940825321, 2016737134, 2879274301, 2639815313, 2674485952, 939118959, 1467268428, 3195243198, 586350994, 322449018, 278266709, 2752924124, 2121912278, 3568790696, 1786761173, 13125233, 3773042050, 2587531600, 2498267697, 3281389961, 1574746740, 3906495724, 2103210894, 4250652761, 791931399, 2314721629, 3461916976, 1915621224, 1890963897, 157076986, 1305215661, 2159578894, 3682976184, 964274407, 1532748811, 4023727937, 2039310589, 759345170, 956133787, 1168142581, 817513950, 4219469176, 3711225285, 1825874258, 2797605605, 3432676373, 3551569584, 167040384, 2395604459, 77353650, 2008113799, 2636565808, 2058093866, 3260608276, 2654765638, 2311633797, 3434389853, 4068395459, 2344047052, 3631758366, 860081265, 2161039028, 3092752900, 920079427, 2190250472, 2816735055, 1975953306, 3409180516, 3409553474, 3288048906, 2948199816, 3058868687, 4284163021, 2146410454, 1606140780, 4227792386, 1137819093, 1127104074, 1689558115, 358384502, 371456964, 1215944996, 3882678728, 4227453167, 533371772, 2009501789, 219413083, 3760206640, 239117600, 664132660, 1215836618, 1077684159, 2550167503, 104177354, 2480220522, 870435382, 3540749845, 327897095, 32762294, 2227993216, 3169266428, 1107628762, 2909560925, 2612464895, 2629240572, 1167161263, 827963526, 1041491258, 1946439934, 3863941533, 2472635974, 1354672114, 2716180396, 981437514, 18860512, 3537952830, 3760488069, 2904225066, 3516906464, 1109089047, 1615681768, 179849666, 1342965575, 660041482, 1041219844, 3382168616, 2349619877, 1798040060, 3512798867, 4025062614, 2994802746, 2420713473, 3553714355, 2868779224, 560049044, 3089679152, 55543304, 699965993, 2666910148, 3830815693, 2692058108, 943852475, 3137740139, 2288074950, 543285592, 1242686272, 4247294738, 4092846119, 960906779, 646349022, 893354821, 488367440, 3674689335, 1684091205, 1965401621, 2722210788, 2367729602, 2699035663, 2719257002, 2926666272, 399284787, 3402962026, 592518215, 3882259100, 2702939591, 566743568, 5900829, 2926106090, 3525886082, 2604884417, 2260084231, 287150926, 640505003, 2992039539, 4103256313, 1560738971, 2139266908, 3331973965, 663875859, 1296329141, 2594648564, 3715326537, 3995020795, 1430250791, 4083743069, 867677392, 511856826, 1897580072, 303577675, 2661247217, 98332256, 3385756600, 2757372925, 3844381076, 996284455, 2367003150, 1962757470, 2982972320, 3087034129, 1223452317, 1185999353, 3809483774, 3291500556, 1623278489, 1840313687, 3561170850, 3141110651, 3029132934, 2176485098, 750861724, 3852650837, 1988655580, 3582285716, 282899717, 3277734568, 435429968, 3384723473, 1802281730, 812878558, 3924867291, 4023741643, 1954212353, 1823553273, 3161000056, 588358055, 2689200669, 502915437, 2188375443, 1968921593, 413153811, 1358455257, 627428548, 70627626, 2619275796, 31085812, 665525409, 4102573803, 823997508, 2755510343, 1899637158, 2380321733, 1474064029, 12130692, 1909856457, 3812458786, 2419173079, 2058366127, 2863155801, 1388633979, 4210062337, 2030596429, 496872116, 3136022418, 3356510094, 1440386194, 687896998, 665479884, 3407889604, 2850947813, 991491571, 830118405, 3801559069, 1901136983, 383974648, 1286652926, 1749046362, 4018432350, 3426278721, 2837212026, 3622090814, 77431428, 1324745719, 4093419563, 487899249, 2720001354, 2743744428, 4031569479, 1579778146, 2755329724, 3479594017, 2523508742, 1504970798, 4196923377, 33965417, 91838241, 385529254, 224243599, 2009008173, 4062097869, 2172982479, 3112442853, 4208808527, 2259085797, 1127917382, 3817589378, 3289153894, 152979075, 3794503855, 3399209769, 3094639909, 257670215, 4035782261, 2595434954, 13653169, 3663374030, 3373621925, 2982399044, 3640129124, 725230925, 1274061498, 3632114707, 1313530856, 3646990583, 331305623, 3332706077, 3470329456, 3374290395, 1508028972, 4096371841, 3450733704, 2442715425, 1656215107, 1228477152, 859655460, 3225038904, 1436675502, 3643368038, 2576275464, 3864157820, 288628306, 3085438866, 740512819, 4154867279, 2466483421, 3489585817, 2096051387, 720098746, 356184498, 4149694465, 821675756, 4053454434, 1006983838, 2464077604, 1910588284, 509834653, 2160339077, 2120779726, 2207362662, 3727072629, 367343719, 4050879199, 2663167124, 2846616476, 1135237659, 3372529519, 3910802809, 1196763130, 3777117787, 1073736324, 187724226, 592189714, 259575575, 2006327212, 3500410728, 75320799, 352197196, 3573679723, 3621496596, 1444634921, 4130597918, 3607865662, 2037851812, 4193385627, 2313627220, 223196316, 3911451594, 1463867852, 913081879, 3527317192, 3173969177, 2356841528, 977598363, 3535345397, 1821368179, 2937654749, 4248955636, 393261882, 1315665608, 945664755, 3371892835, 3170453200, 1491831331, 803489060, 4179899445, 3676291275, 3895307770, 874698172, 1708463417, 650914972, 2401888550, 1669277712, 1919260526, 2602250463, 4213043773, 1139021321, 2043186572, 1152803805, 553940565, 2152773874, 2667249489, 2123312668, 4224425690, 4189052027, 3698068066, 284005372, 3297279977, 2857151315, 600013346, 1117844306, 3114447861, 422834887, 1369926007, 3147901575, 2557164034, 61375906, 704814245, 1078288998, 4010329476, 269363683, 487866017, 2262752583, 2420852184, 2849849744, 82405463, 2532420144, 1412467737, 2071685841, 4207228434, 4090223748, 1359079372, 4219637587, 3328430211, 2333424270, 127), None)
Loaded weights: 3.732643553599645, -1.4104187020857735, -0.38734406341450867, -0.47260382577301546, -2.972138900714686
events: 
  ----
(3, (1544422312, 896796825, 1219636110, 3950911045, 1078467849, 1729573155, 3804144141, 2366912441, 913390452, 4050108128, 355083961, 2700609763, 704529735, 2917222674, 2346314830, 2653303805, 2846928596, 1762153636, 3587843559, 297967432, 3654998485, 4150558092, 3976351208, 3189303020, 3885282988, 2914275707, 2806758788, 13810991, 992889442, 3367843478, 3073105999, 2320953643, 1272219176, 2865082143, 1803684937, 2355263167, 1266978960, 3565574858, 3261289756, 2505643509, 790081880, 3365069559, 2251797138, 1593814394, 3054598298, 3955049729, 4294289909, 502203262, 2102104320, 1684079573, 3189029202, 3320707242, 342529247, 3690973500, 2253372575, 3443458970, 3788774723, 402211551, 1981193501, 504963095, 4182181965, 1120211118, 3532687848, 1481365061, 771398838, 3132314449, 2783514328, 1079309926, 2102192007, 774090121, 3175316122, 2977953992, 1145907024, 1421839066, 187193924, 218148059, 2497208720, 765507883, 2578602020, 1178595867, 1601613011, 1728259168, 2775314597, 3529902902, 1167384240, 994535714, 3524191639, 1564079166, 3641139999, 1556523721, 3652693889, 3908474227, 1645107742, 2360691816, 838428753, 1147644176, 469114497, 556648217, 938884223, 639566656, 1296814976, 1680671198, 158451077, 4196108628, 3465492752, 1809130772, 2260744157, 648010433, 1365965694, 2799451183, 235778382, 2861889811, 2807221100, 1780395846, 3127993632, 3977170022, 1884905720, 4099943318, 1969047786, 3615071386, 836972626, 731212287, 3288486758, 1817678452, 1352427017, 2024421465, 3101132089, 3172095426, 2751497519, 541766795, 2260092949, 1399202380, 2927605939, 3996411597, 3310111336, 4221105239, 3440797689, 2230098659, 1751594582, 4008348445, 1550004067, 2908293175, 706003357, 446201701, 2118279978, 2423949874, 143040302, 1513251136, 522310858, 1359896498, 733230032, 4142504357, 457629988, 2416619249, 3547447411, 714392219, 162563582, 1990170227, 3479356279, 2744274246, 431361642, 3229809285, 751023765, 2726983210, 28449240, 1078033616, 894225118, 898351295, 2209651972, 3629444787, 1448003164, 1296450979, 2513443836, 2284072169, 244308266, 2889398144, 1545439904, 2840782040, 2672206382, 933887006, 2240494927, 1394520932, 3747389744, 153669537, 293186281, 896513741, 315598655, 926372925, 1868717377, 1388125814, 3171371943, 2921884704, 3692373427, 393915201, 3617304949, 295304649, 1350625863, 1728597918, 1049272079, 818516066, 1127469428, 2733008419, 3831367028, 2796327673, 205352273, 3835262047, 1275357490, 1490217381, 2152297007, 84010253, 2836505842, 2824575304, 136537576, 3440248752, 325674441, 2075021277, 3592421072, 2295867712, 1460244792, 276427431, 433872453, 2070815211, 3320119534, 404709587, 869999687, 595377686, 356076509, 282209688, 2261965969, 284661060, 638484339, 2287984440, 2345611615, 405374976, 1313384598, 2623937524, 1390083181, 1537244902, 813949580, 581061393, 2466403329, 356185497, 1097498287, 2528893907, 3645226349, 2547182549, 863652555, 3015304009, 1167863461, 4110202147, 4186809881, 2064086985, 3037967665, 2608538489, 2676135508, 2248174361, 760702551, 3322899082, 3564524392, 3138452501, 2039374448, 1289073376, 2203176632, 3764955677, 68032815, 2187769504, 3901325701, 53316200, 905861515, 3089270111, 164293894, 1028342608, 2445118478, 3951821205, 2551499457, 3975127409, 2936646258, 1001369129, 2604306764, 2162260036, 1545428073, 2132760744, 1468737722, 310468398, 2148602684, 1706116278, 3918227509, 2920462900, 1439952542, 185797258, 915256496, 1153819877, 936959116, 4247404274, 2411878805, 3926024588, 1224947804, 1217036779, 2121696404, 2532319226, 3454571838, 4133889557, 804324945, 1449718447, 3216039963, 142258417, 3547427418, 2534538160, 3091329779, 1179054183, 3781483844, 4228320982, 2664899262, 4006761823, 2063123318, 3520679844, 2401891810, 1548323795, 554328291, 2097262451, 2556289862, 4078053749, 3843561912, 683828908, 1108877992, 1281536880, 1043146837, 1741175898, 209549618, 376644856, 592489136, 2621053344, 526446254, 686203231, 3716441516, 3385408519, 1897891017, 3966809151, 1131105330, 3650953878, 2347426555, 1489875458, 3854098533, 1709400862, 931221271, 1560712789, 1490742451, 2491929706, 1956969304, 4220245140, 1517227673, 3135707427, 3085020914, 1220536258, 3060016144, 4271079552, 834795129, 1598005835, 2253081257, 3589141696, 1896930702, 3116740597, 2016386779, 2539766471, 2669046182, 2570602596, 1095694140, 2424622312, 2464768846, 1668176673, 2591484332, 1865996125, 3528257718, 1267346697, 972729058, 2021962001, 4181654819, 780079613, 2732410281, 4242128678, 4007730894, 2653853063, 2249707539, 2830738414, 1507888934, 3033188071, 3246546464, 2201886396, 4214688000, 2727213777, 410861434, 1814028820, 480520920, 2700513339, 3545800272, 4127662262, 1853330651, 3371832443, 453303402, 2959921311, 619612186, 4080110391, 1641941032, 3467779597, 2073240412, 3192009166, 2096761294, 2930879387, 1979721961, 4104837293, 3485128459, 1106911914, 3023668666, 986955774, 584050631, 1483131696, 2548742616, 3464524017, 2471788889, 2593429565, 428300817, 2314304205, 1449067603, 1261995804, 90500567, 257060034, 2402971160, 415105545, 2704990104, 1001969143, 3177879774, 1038617830, 2648196503, 1042875828, 2233077098, 2267436622, 4224993040, 576054818, 659944802, 1421073123, 2566413857, 2495688024, 909190943, 3336206439, 2152009297, 3181323423, 3866276535, 1901125317, 4076443553, 3315370595, 827907065, 3297671637, 833346513, 4163140924, 2312223670, 2624851241, 241750668, 116119403, 1974365984, 1755050331, 3364426038, 313182876, 3697781472, 1977059514, 4177418348, 2900650721, 3411864213, 801865765, 1507469384, 3351312002, 2353498332, 1264056985, 3103757306, 91172667, 2998231014, 3947684446, 224790176, 2214159009, 595905816, 1727483583, 1947107942, 1271388244, 1965172068, 2809173424, 128042703, 1705258565, 324696153, 308586212, 3653341755, 1949047348, 3273129672, 1226599846, 2200614629, 4076756970, 1841259819, 3095519133, 608712387, 2871416915, 1376720, 2005798343, 2958937307, 1687232825, 3275968328, 2509030722, 3260150508, 680933258, 3812044264, 1916936432, 1285329433, 2881805823, 93235089, 739700672, 2967163264, 339521651, 3676219095, 3404197119, 2511675868, 2793323001, 2864532539, 2148096547, 631598311, 3177886143, 4260831402, 1799491882, 2848692898, 3234562413, 1822467923, 415225133, 4067543543, 2492749051, 3733374830, 2462119531, 3594280476, 4166668565, 1128410328, 3243874290, 1094946865, 1505590621, 2193561551, 390860508, 340775904, 4070769403, 4286753857, 1874631243, 459851524, 3314337664, 2140041124, 894822058, 1607634559, 1110640407, 1293508013, 1072802758, 220787419, 691552948, 627376447, 2722224459, 857502217, 3587082754, 3053117714, 4230132018, 3761550046, 2144780399, 1396685142, 3877051512, 3874012986, 2985614926, 463099811, 3702956946, 1452282803, 3669192347, 1882333833, 908718940, 3823598250, 3387656532, 1528872155, 3815006028, 2378625756, 2263977092, 2967606549, 262970191, 2329596105, 773120057, 3801761770, 3786382713, 4120151314, 4202439072, 604048580, 4136632218, 3808574123, 4010201267, 1182794987, 4245086317, 2063385204, 3113568344, 615588801, 149542793, 2990749904, 2592829295, 4136284611, 3323058940, 2197593742, 1999840235, 1268961869, 3399893073, 2372111922, 4017418934, 1668651569, 3668593663, 1717892312, 3438681979, 3847106143, 554388617, 1143954822, 1651801433, 2205148611, 2050454287, 3841853299, 561443317, 3181330375, 450191610, 1072978119, 3946112627, 2948278142, 1081120015, 89), None)
Loaded weights: 4.016640689727939, -0.3128085603648572, -0.38734406341450867, -0.47260382577301546, -2.9589135537434257
events: 
  ----
(3, (265516259, 3916075630, 4041431339, 3911133611, 2680706556, 410423468, 252010786, 2607653646, 1418213517, 1561033041, 4025778708, 460117510, 2827430924, 1049543378, 3823195958, 551005164, 2034028086, 523090725, 1079382161, 3391966293, 3829282406, 3060940857, 1123338219, 4032895546, 1243429879, 567914787, 467778822, 273924047, 2143640552, 911386204, 2535532000, 3645826807, 204143099, 832719976, 2932910498, 228309482, 3876620106, 2131376260, 2469668151, 1294119192, 1832483854, 1434954837, 1828341067, 4049724983, 4025759165, 2334311284, 3730122261, 2012999925, 2122258683, 1414039031, 3265636176, 1865808633, 640470046, 2266299370, 2985852169, 4161191121, 1452563304, 3791824047, 401884932, 2115068738, 919350285, 915119378, 755701229, 3155035619, 2694369163, 3711445860, 3439965595, 3461572897, 826976909, 2290567498, 3373344511, 2315615202, 3242946085, 905343734, 2073488826, 1706096065, 1003266779, 2511770166, 1663901544, 2399549713, 2063099287, 2847919398, 3552892113, 2463437561, 1075780834, 2151025712, 2085950077, 3820778103, 1320197272, 4025525982, 3713306055, 77176737, 3293957706, 2854453673, 2793728489, 2076917839, 2721041586, 1544092977, 224731212, 2857904610, 2092777522, 2362352549, 2129843131, 2572002471, 1782821962, 1925054087, 3075990923, 3144655787, 1096646703, 1516361802, 1451605153, 2190157222, 3335813056, 384638578, 1366014351, 3041199508, 588218135, 416916162, 2082839756, 3131620707, 1048240258, 2383014929, 3710672995, 1460641461, 1936306462, 1870582111, 2277475435, 3516193517, 3550083079, 4091827259, 3300119792, 828339880, 729474176, 2502901022, 1683096757, 853131041, 2627686682, 4232079348, 1016261320, 3904506870, 3078057194, 358268707, 3921510891, 841182252, 2451792994, 3226924111, 3442721609, 2627447122, 1307360103, 2780061246, 1196311142, 2215132141, 3624654845, 3150797959, 136135457, 1310737410, 2937304594, 3600218668, 2388238170, 3196361868, 2602332910, 226885622, 3029524662, 2836340769, 3302749524, 427644725, 107611356, 3827477517, 3221293159, 4144756315, 1145401466, 1482291956, 96299542, 1834319941, 2909044465, 2339886726, 807925632, 794715317, 878859249, 1143432583, 3194848492, 1247660565, 1870088439, 2784891508, 556974939, 2560877513, 2272675396, 542590952, 498458069, 3635741104, 2139655205, 3082536596, 2898308511, 3910512134, 1554007476, 3394609716, 289101897, 1352079089, 1537487770, 2955663694, 3056509180, 148223912, 3333462511, 3847678813, 3742203987, 3899056434, 3687936790, 1561145460, 3528004336, 812511062, 3596439860, 747291104, 3142974503, 999516656, 146749550, 1900823076, 3503393832, 464499505, 916415415, 1586601415, 1758568294, 4026225689, 710893868, 2349645976, 3838445217, 1226007941, 791010928, 206825900, 196122907, 3515238884, 3940295619, 2525290943, 3626131310, 535859385, 4078317896, 179134498, 947507271, 1041143126, 857152768, 2230570815, 3553652297, 3578287532, 1743347018, 3566636926, 1528443205, 3665518453, 107497216, 443932578, 1918661354, 1647775501, 2699365552, 3388791871, 2895071664, 2506217846, 771560898, 3615017121, 1479884471, 245052215, 3824258659, 3969010495, 3200485599, 118652869, 2387843725, 3105406660, 1046100372, 1760238400, 221429320, 1567813216, 1779620675, 1101027610, 2639191564, 2235329335, 1065741543, 4191067834, 1617088977, 222674321, 3580795261, 1357060693, 3487844321, 753616983, 2051712332, 2694754466, 358932886, 1154908923, 11241917, 2934845754, 72524747, 1728890351, 4004333348, 4173274818, 825756864, 1005261152, 2079832002, 3553675260, 2353645326, 2940126247, 1228934609, 3318435307, 74378746, 1876967667, 113291747, 2612804494, 2327730984, 1174991126, 624413361, 835770767, 1519408915, 515907372, 510629935, 3265175892, 1594519459, 2914720679, 3432771205, 2236215504, 296976558, 2160467614, 900431609, 577119018, 243985976, 459350801, 553802677, 4023142708, 351653534, 2551042981, 2754625884, 1665271494, 1129937723, 217681990, 2579274868, 1237412205, 1685567674, 1226397007, 2252069833, 3031188399, 1429586809, 4082302323, 1121927473, 2280964720, 3403003936, 67372831, 513644132, 2091803264, 1299616040, 1272289833, 1537413327, 2093955815, 2260087060, 3265002607, 2454961932, 2003937510, 3412401505, 441741918, 2931103197, 3119472884, 2378918520, 3989379357, 68601788, 3893789041, 602379432, 4287653164, 2426358023, 1292208092, 4186618800, 728205253, 2976748436, 4293216356, 1749999030, 1702191495, 318373522, 1795950058, 3734615430, 2186805166, 622943004, 2092170704, 4190422323, 4006242058, 3972470544, 3963063498, 203496838, 1950918682, 666385587, 2299589142, 4096417762, 1395525498, 1355765264, 1702790269, 1997209789, 565827209, 1910563297, 2313756339, 2971467694, 2292877734, 3692621692, 3588147095, 1201063438, 1891964861, 3067251370, 1458876839, 2074534268, 3857624022, 1620257454, 3572403308, 2079949456, 3321068750, 2565399278, 3594970117, 1144993889, 3348050729, 3987328381, 3704762036, 547524336, 3213213690, 3077163248, 865213142, 1881473247, 1597536949, 3245673251, 1603096819, 3924175997, 2806165266, 3582573011, 2459203331, 3545666332, 762505638, 3645919978, 988380807, 3785031346, 1930812625, 839518257, 308288022, 2817957807, 373612352, 3698165097, 3971606677, 2338288513, 3998400457, 3774505607, 122257295, 3537445556, 642605629, 2373894312, 4113250378, 3686486494, 3326526296, 2558613435, 4292243093, 504101758, 1789634825, 609037436, 518348898, 2690906891, 2268652395, 1371883842, 3849160189, 3408679901, 280022991, 304145975, 3326330683, 1956368130, 1292654687, 288500351, 2681665569, 3815984228, 676986525, 2155098036, 2192082044, 2680065065, 3422031300, 819283873, 149867700, 1925552654, 3101559184, 596839364, 2651772073, 2740676026, 1052808457, 1744882107, 894779225, 412812484, 2159677057, 3056043170, 2430138917, 1910722541, 718232717, 3191816838, 2531019687, 1646079136, 2854119624, 3777664657, 2002327442, 2743997254, 3685846014, 3233774135, 3883670280, 2005387538, 1665283397, 1817433348, 4134974101, 231614864, 326601114, 1638427619, 4025104316, 647809425, 2292468903, 1151005797, 4231911884, 171059495, 749088751, 3544768942, 4208252338, 4089747177, 1093430733, 2586452240, 267879357, 539940332, 3427818854, 2866260112, 2018972657, 4155834526, 3902225490, 3852394976, 833972721, 3563915259, 1735066935, 3258790150, 1337301594, 16347971, 1058993226, 152396592, 1270259746, 3981841772, 2388846713, 2080708172, 748905292, 690087635, 1662948443, 2882838844, 96083114, 3695617804, 73019613, 2326516924, 466071342, 2556492566, 1140338484, 2385621173, 2482960399, 462400966, 2508982497, 2236007165, 3880325377, 4026296527, 2257551009, 2449932799, 2900068459, 3110007590, 894454088, 1934316748, 2503647739, 2564253086, 3530777105, 2601060434, 2917168114, 3866324178, 4237393975, 3042579477, 2484343602, 2876697530, 141503273, 3251318040, 1589425172, 2845117770, 2939844119, 1990145335, 493577605, 156206806, 1607653910, 1526293241, 1986213469, 897996781, 2272292813, 4288168190, 846310250, 3542676115, 3141381532, 2251541250, 772996923, 3281367667, 1120468457, 803145319, 1909044992, 1966425440, 1990462247, 1995836493, 3691278905, 1536573666, 570851104, 2325082846, 2460771005, 3613712267, 1303331882, 2052758632, 176664265, 4015826190, 318985546, 1561625303, 2694293393, 1539285944, 2824576961, 559838573, 2626302607, 154605428, 1724120992, 1160125224, 2927280402, 820053237, 4130174149, 1273041633, 2066201705, 3222036866, 2660143953, 210504637, 2966150543, 3558251065, 1748205572, 311), None)
Loaded weights: 4.146846169540851, -0.3128085603648572, -0.38734406341450867, -0.47260382577301546, -2.9855153441307216
events: me was killed by selfpreserving, 
  ----
(3, (1648490640, 2598370614, 141135836, 796328016, 2564146234, 2088448513, 3360009545, 1805930103, 1640753266, 1942321515, 2319013930, 4192885627, 2207600605, 290596203, 4025379340, 2348265451, 2769057691, 3372660808, 3810946112, 3010072592, 2646392880, 294977367, 2675057167, 697275639, 460332877, 3735440799, 3159590558, 3870490398, 566242729, 3926551618, 2260344693, 3977757715, 179387426, 2963196798, 1351156661, 4024813260, 2470245591, 466473413, 2294540101, 3597065344, 3028425082, 2108469454, 2280989177, 1670146729, 2965002736, 765030923, 615746557, 1052142361, 1291492529, 1062807766, 2218386602, 928729715, 493821335, 1637315920, 1647513052, 982476022, 1298425717, 2161537119, 800620142, 2421047534, 3708160434, 4212585771, 3389254257, 3631676773, 4048219539, 486483574, 3598252754, 1104792109, 2263556313, 1648275337, 2398793781, 3380101228, 1377170895, 1326378195, 319734703, 2810047094, 2497027506, 3536710158, 2689284446, 2356431791, 562747850, 3899776627, 1356347170, 3592948435, 2428763197, 2529261068, 2182731113, 3647409354, 2703497416, 2512378524, 1901729735, 3271586228, 3141560217, 1774507885, 1063033606, 3517488238, 275830095, 1899321652, 1986929076, 302871837, 1763267480, 3955224722, 2262428438, 344568262, 1337751584, 2755627915, 1276849581, 3174859949, 3507303913, 3094890408, 769899836, 2955074126, 2980207243, 1115290353, 1536093959, 1386556996, 60510940, 507255690, 1208791816, 4125808849, 3864745254, 2850928, 437797847, 3693754735, 2667753857, 1320842513, 2527713438, 855211482, 2941190296, 1654692155, 1739673374, 480776560, 1092697773, 108505065, 235308854, 1917501121, 1384337590, 2003342263, 1464045984, 4033812297, 3592418276, 1905317670, 1565230795, 2210031245, 3806619094, 1743891053, 230030237, 1909415385, 2166675216, 2015923445, 243312072, 1884002780, 598151069, 855275904, 2711575712, 2240731894, 3348166013, 4268899467, 1779566350, 1053126075, 3556269568, 2191398341, 536625886, 4184142584, 2018928823, 3846598332, 1468557038, 1280450809, 1989761216, 3377746823, 608425555, 3272972307, 4045325545, 640647917, 3934362964, 780979959, 2479679232, 2322997233, 3838433290, 1171234959, 2319803272, 2603959113, 2509203191, 906596748, 2804476497, 2425606577, 3944091240, 299996471, 38305763, 626607294, 1494556323, 3770146935, 88301571, 459630522, 1401870909, 2808287414, 1833388446, 1984190767, 974361479, 3514999456, 3603347817, 1832133539, 2785837403, 2362764446, 2125782608, 2192841861, 2105920880, 1949305775, 4171321402, 1888553762, 4263444273, 2784770977, 3242428023, 224955203, 1583734450, 1833884988, 2057676885, 2997224945, 1080888057, 2139741522, 3587352250, 2502152468, 2559111965, 3890329650, 1296752530, 3280237825, 1847227602, 4270916802, 2988235204, 3826200290, 4248682576, 4106546061, 2861288066, 4056856045, 787676774, 3841962126, 1824666560, 2477971114, 1654328379, 1937098790, 2079723453, 2618999977, 2713512020, 1367990246, 2100537133, 2685554624, 3192979393, 2761095493, 3112683534, 2399183959, 3564718647, 1295498133, 2484511012, 3937209471, 1409690513, 3570532909, 1951352070, 776628379, 39211347, 3436726418, 1780433987, 3467148844, 3010042286, 3423725597, 800611429, 2388310113, 4175408048, 411288580, 1568447555, 2303872767, 3088773101, 1987059548, 293485910, 3448394698, 2702968078, 4282736848, 3458209059, 985888645, 4163264135, 541740849, 1909992705, 679574807, 2179765588, 3560510324, 2543937730, 4103708500, 985699014, 3931154976, 2269739594, 2459954193, 3313726933, 3434165874, 890717576, 2421954901, 2404260065, 2068027118, 3654531491, 3436037832, 1736495306, 3363642849, 1120989460, 1448209979, 3296301821, 524732469, 1395471894, 336306696, 2199143481, 3082134786, 3376320217, 2790633516, 1509767135, 1871100832, 3563425380, 3401585982, 3640918917, 1660491627, 2223819529, 1981767899, 1471697123, 852097692, 1579348983, 1965456457, 1151780195, 1114174945, 9722455, 3469356278, 342998334, 1707548066, 374863099, 3034724171, 2836245438, 3584632091, 1734417027, 3213458638, 496847563, 694822318, 3145868944, 1216962860, 1797810462, 3203174841, 2083441585, 2100668307, 3997651855, 3074583140, 3109238310, 1264036738, 229611065, 2943519392, 2073252867, 2795666872, 2432696384, 290491312, 307086699, 3494669730, 3709157771, 3980682054, 3483593052, 910329162, 593503206, 2422614769, 1626694663, 851696366, 3203517948, 1245026684, 144324485, 593821563, 1541216085, 3747810477, 1142347219, 1913084936, 3264321882, 2960443480, 1504203909, 2824808923, 111832668, 4148649112, 238242448, 1217407755, 1248841169, 2842927387, 913440907, 3683283793, 3961117003, 4025966197, 1439026794, 3365877647, 3071358496, 1912643119, 526527043, 1198669065, 3174151723, 375004937, 379698600, 876807657, 3979877368, 1844452757, 992394123, 428910317, 4058172920, 2169983422, 207144155, 2541575196, 209023120, 3753416311, 2019417388, 534705381, 4278225348, 1704539625, 4116468755, 3319669135, 701189745, 4238085673, 3378175194, 1242316504, 2809469106, 3153742509, 3549912088, 4109285442, 3004610558, 4136569909, 3408391396, 975541171, 4057621605, 1106206955, 2990036659, 182381790, 822148119, 1456147886, 1677995688, 754941523, 3354821438, 3381308475, 1843419152, 2703410287, 2584863892, 299159974, 2856125498, 3614600811, 1876048480, 3355239971, 2013075302, 867726941, 242072720, 2951590743, 1413841508, 258537286, 3553933577, 3354669188, 2589024549, 296861255, 1031108952, 631798579, 1748633376, 2458185187, 801231866, 570694144, 1579580832, 2272274385, 1263171453, 991588194, 1731033378, 1598773332, 702283551, 1828201498, 3538326676, 3024943856, 378130116, 3130268850, 2557321971, 2564695379, 1306975022, 754590415, 907908427, 4026354972, 1660551966, 344923148, 211979044, 3627337813, 3563195402, 3473236853, 1003078066, 3053403320, 1488788660, 1800463429, 4230806935, 1935197955, 3654778102, 2206384084, 3037001189, 2729349133, 2714316258, 3606008225, 4259624421, 2199670585, 2955570809, 1800763073, 727820138, 4278057765, 2144066449, 3097671800, 4202645524, 1801113881, 1646261852, 895868878, 81632099, 607648459, 2937186329, 1484545494, 1441470414, 1627811583, 765957453, 2595518538, 711650901, 718796848, 3430450323, 3525488130, 2008864054, 4267308442, 3103434843, 1205351800, 1368268146, 1013984195, 2449384618, 4174192928, 2870414309, 4277459380, 3622987716, 1180319884, 1938472490, 4073887819, 3246329046, 758103344, 39457710, 244057999, 523395056, 3704938055, 3834166905, 2011063385, 3030586129, 3509609530, 2267267753, 3576987150, 50659569, 446473100, 2800266243, 444564992, 2701610547, 2240356950, 2676638742, 2857386459, 2552756846, 3500108407, 28268572, 1222558893, 1064253702, 804413085, 662165353, 3848673649, 630727884, 719691434, 3917038903, 1856306338, 3458880874, 2015861829, 42166453, 1049828547, 1674818802, 1556831549, 309067161, 4203599146, 2044191152, 1528044642, 3706366367, 151541074, 2157701035, 3488044448, 77289033, 315333481, 2346716297, 1837229332, 2306127895, 1837729821, 2967123336, 2361035997, 4165159432, 2611104256, 1745544410, 3994179563, 170328430, 2221633356, 3899599920, 2867429756, 2490267320, 907425572, 3462411069, 1096559804, 2723798409, 808142400, 3601033805, 1686444721, 873746016, 822361307, 3200710205, 3115432740, 3251849244, 665852941, 609672740, 4292184802, 1288166089, 2827113201, 3700859301, 2002174974, 3751958278, 1986593925, 3491665042, 3818525676, 3823719394, 2637661930, 3222660734, 3387885737, 3039714289, 507242043, 434757015, 168183747, 504), None)
Loaded weights: 4.191724522654319, -4.604568774515358, -0.38734406341450867, -5.472603825773016, -5.472603825773016
events: 
  ----
(3, (2077138838, 3367304995, 3268387203, 295808707, 3700295438, 2817369200, 1667863940, 327241176, 3268868684, 356171056, 75813964, 3946103811, 3447626138, 4191817067, 2162601296, 3324798077, 2248457176, 3426185476, 1537577553, 1495418698, 3855254930, 1619465819, 1394269086, 331430303, 4045530444, 276995437, 618489809, 1032622795, 622770, 3274052336, 3301974457, 4032218798, 830769844, 404487373, 1981787556, 1046738472, 2165568091, 2826463223, 1027845357, 2628916401, 3247153882, 1588830620, 2162264501, 2049856605, 3154957653, 2044253164, 262759468, 1853581710, 297936950, 4202148842, 2604895064, 2679856394, 3066792186, 3531408585, 1264839344, 3379383763, 3342795624, 3872554328, 3105850417, 8125840, 3287044196, 2289284, 2687667669, 2322899443, 1386207438, 3263464795, 2098459530, 634616461, 457756719, 2901324530, 3958519265, 60133778, 4258147962, 3824364177, 2788646062, 126134443, 2002399966, 453213195, 2639609189, 4098644941, 3116436, 2783180132, 937800609, 2800372410, 450010277, 3842468009, 3084882222, 314358931, 3456177678, 4080742142, 1723289131, 1335716540, 1636525658, 2428759689, 3787159556, 2919930661, 2264945855, 1348030477, 922251900, 3406014167, 2891660470, 1243260, 2083282531, 2444199369, 932071227, 2852798282, 1131330565, 3608092930, 2968479165, 4227820059, 3123951902, 2735704603, 3837015920, 1076695339, 4049537558, 3606245350, 2568639411, 3271146239, 1734486175, 4234224603, 1922919274, 3018297574, 295176992, 740707858, 1942070711, 3987227244, 926082192, 3470625844, 1098914813, 3811643362, 1846602001, 293481327, 1419043746, 2483184035, 1534209699, 3472266312, 458884459, 3911514093, 2181712864, 1306092780, 2271559046, 2979835480, 2089750903, 3608460657, 3630278946, 1202731953, 1011105168, 1640857793, 637200355, 1745925500, 1320267723, 1036439235, 1273081728, 1790980483, 3110546105, 1835932680, 962611198, 3394338351, 387046253, 4273548981, 1502160379, 3365231323, 3730799593, 1792924954, 833459252, 2551593257, 2777319057, 58209838, 2311686329, 1106559840, 1492278674, 490056520, 893639554, 52818692, 88160491, 3351726937, 2763630658, 2025503664, 2926735472, 484221737, 1747827191, 380805232, 3671246927, 2925758208, 3287034147, 2510739745, 2932920069, 2655207503, 2006579268, 3099015199, 2521223306, 1714616624, 2073248495, 3635917823, 2877153577, 3712670263, 1831530028, 655590035, 1574811167, 4097590811, 4114095374, 201277074, 1688465467, 4055262981, 2215799058, 1300336970, 2283481141, 73059305, 1975837309, 1449636543, 3160327003, 2000335871, 3427307935, 3741629858, 1270812724, 2466561012, 3990832355, 3130398551, 231385012, 304612313, 3512578716, 1227407400, 1708144519, 2086190018, 260348070, 808703115, 4281439210, 2720362165, 1529570036, 3600394245, 676294628, 3942784567, 1280322367, 2002464705, 257409547, 2562425309, 1044985709, 2897892402, 3065611499, 149393534, 3606202401, 1758633993, 209734813, 1956705245, 3805766194, 3752434201, 3643981737, 386713735, 1698696757, 2416642596, 1802301393, 2961029656, 538601607, 639932676, 2198013263, 1785421854, 1069045343, 2824858214, 553980137, 1830376635, 1271960958, 2660725235, 2954899687, 3860423239, 2771658541, 4147628211, 950380527, 514183047, 1142718422, 1698928508, 2024294665, 2735875152, 1166230017, 959288372, 3968412140, 3203516954, 2617774709, 3111530210, 1684433757, 3748580902, 495530278, 3556325683, 2196929097, 3572067684, 723439902, 2955371790, 797657849, 3441237633, 3799934630, 4235958497, 1390225835, 3530749352, 472354144, 1711814329, 354171944, 730105421, 3327565632, 891089010, 2539807376, 2004369944, 4268412363, 3476391673, 2440923933, 2598593532, 1582173473, 2546133026, 4001571481, 41913006, 44488375, 1886441524, 2310982743, 1937705776, 58859301, 3143935130, 19064467, 2375171422, 2949745790, 4118343811, 920472481, 3479190387, 2858726741, 3420582352, 1644693491, 1148414019, 284780743, 29762085, 4268394919, 1307197740, 1730393951, 2772308005, 4253936753, 2936165594, 1262019461, 2840894608, 86020161, 1524090071, 2668202887, 2015939814, 2632193942, 3798529683, 1874532922, 3336346132, 2554961636, 1704874564, 3633867243, 351398884, 1714336715, 1855107922, 2909188926, 1053955300, 2709180173, 998397492, 270122926, 930470415, 125524362, 4180441660, 92315707, 1565525967, 1730955956, 3503990981, 2180933497, 427712741, 459452299, 26393747, 130870867, 3548073606, 2065592660, 2235248169, 608343206, 1396165445, 3544065564, 3212195324, 3860288764, 198273019, 3689888805, 640563578, 3344022279, 395210078, 103783895, 522236850, 3303848303, 3309319509, 2324076909, 4127797308, 1948605182, 3160631459, 2813524740, 171022627, 1927201929, 2648821289, 1870248655, 3114145748, 3005103467, 484697794, 1528063554, 1456236922, 381290355, 2342223962, 3716765803, 2958431916, 1853497052, 1567742679, 302911074, 331923391, 59508656, 1728490000, 3042529034, 3398481247, 3592887312, 1216511674, 2512602404, 1625914782, 3338900793, 2728951271, 561891119, 3720015722, 35106004, 4014889253, 3653166283, 1206922950, 4256877454, 3778239179, 2762280129, 3016533427, 692017851, 1980296792, 1183027881, 322367462, 3706206486, 425579429, 3059266578, 3430789087, 593361471, 3847085055, 526321715, 155749863, 3905786720, 2119842562, 2439721475, 3463960644, 924618761, 1881325386, 4091922661, 938802035, 1883664838, 692182091, 46388936, 353110117, 3371061646, 3782828593, 397588802, 1358606944, 1289216582, 1038280037, 3953245094, 1259272788, 611384589, 474844384, 3377023850, 1590267035, 359915716, 2548530728, 3553962370, 1346234405, 2083135301, 1711461611, 1768477963, 2433375084, 1773264572, 2915420147, 3836624940, 1041141247, 812691224, 3843730371, 4078043655, 1015351951, 2801185632, 3415296618, 212624611, 3804595528, 1412636210, 2027759191, 3116569056, 350091490, 3812542773, 3167005576, 3388430103, 1892335802, 488238355, 439250228, 1492517988, 3311992634, 976403559, 3785312374, 1779016495, 3490772910, 1760325888, 1707085931, 2591394757, 2363934205, 1524770674, 2397853531, 3403403502, 814744691, 403474193, 1010938893, 2377530613, 3130935878, 657267269, 2713179064, 4184197664, 2298655626, 1642810658, 521642709, 4107367168, 2206404217, 580506569, 1904093184, 3881785994, 3233651415, 1509264479, 1784817779, 1138323770, 1145820687, 3468088846, 397915291, 2297596557, 246915727, 1814309273, 2426225798, 896733000, 2177159154, 341154585, 3128532498, 2244871343, 3302114451, 1937593354, 3738508999, 1673331750, 4207007715, 1462374142, 1451600928, 2262342537, 2876642495, 3684030126, 2228454050, 1413289028, 2958991967, 4277769450, 3422939777, 1509873463, 4232046082, 586916456, 1023600552, 769590802, 1665582403, 663814717, 3456494349, 2334947802, 2101038261, 3069295524, 208087987, 1831612968, 1339212814, 4093834540, 1843114360, 2890041319, 1197731747, 2438822698, 27995360, 2809730553, 3139323729, 3824041714, 3256881060, 3424666316, 4274106091, 3963616221, 2944971033, 651130918, 1213494245, 709512733, 1657309643, 1779605081, 774591027, 3844528580, 1987099202, 2855816334, 730252402, 772096032, 3431555567, 2081492395, 1885584051, 2291091963, 1417588078, 4254252855, 1820180049, 3908991782, 3217337785, 1495322151, 1193452552, 1446148404, 1913023236, 388336377, 3938187402, 1596876804, 1440916662, 542959731, 3681835537, 137895581, 1438156900, 3573590880, 1194745164, 3639065816, 1456674309, 289467580, 3653886748, 487290660, 2835813932, 4070176564, 3144495272, 1391569772, 1284439509, 1243726143, 727533752, 195), None)
Loaded weights: 12.78754027507031, -4.604568774515358, -0.38734406341450867, -5.472603825773016, -7.826310366763209
events: 
  ----
(3, (1117228061, 2268932093, 409232343, 4220281858, 3647217098, 2476413946, 4216474112, 2777246442, 2372589711, 3433719725, 4157915481, 3682223489, 3941395328, 1958281781, 3363121013, 1806161803, 459174818, 4244749938, 1901801985, 1851567220, 37573701, 3118324766, 1908160643, 1280514041, 101789772, 2548198098, 608181756, 2412459178, 2362836019, 1716212953, 291847815, 3948380486, 3893455238, 3333722693, 1534503948, 2096796587, 3258368469, 1591950497, 1675915977, 1517240344, 4224023234, 950521060, 2093383703, 2965008897, 2942733396, 90152029, 2484778398, 2027969305, 693405330, 2076105914, 2341950341, 1101425101, 663862247, 3924713504, 2910862879, 3449703500, 2739338546, 2369771541, 2536623989, 1548819742, 2873672402, 4184171560, 1523918477, 712585990, 821426603, 511222143, 1262699321, 475141404, 2146518486, 4016810224, 542868405, 3217489029, 273723473, 3326717658, 1188629886, 971837609, 4112545345, 3121042851, 1714578975, 3334142415, 2608069891, 2541994545, 3829613728, 3042893610, 1626804803, 467741724, 3813237343, 3008506943, 347081494, 1687362767, 3344148990, 2510821845, 1283131031, 1466638468, 2292358651, 3856565728, 3454022029, 2913338789, 2325770472, 3018647179, 3435503340, 1919799589, 3854496680, 3910846803, 1095865878, 1991966369, 2350488806, 1120622843, 3923372384, 2567922064, 2534504645, 78513983, 3470962863, 1602399205, 1838343422, 1613297646, 2030305035, 3370540328, 860009515, 916042223, 2280163880, 3147245728, 1790937831, 3843956251, 3295796834, 962690153, 905462581, 1305744725, 2226423977, 2056830792, 4221308283, 3239453030, 1257585623, 1800755806, 395097362, 588777268, 1052232868, 2526315322, 542057180, 2358287209, 4276576108, 1870356651, 3245349847, 850928643, 4042226553, 1579872948, 403019480, 317112025, 3281215111, 3456190164, 2941562429, 1005530205, 2241416643, 3149667691, 759264657, 1122795191, 2610017492, 4257171590, 2887172031, 1204283987, 3568719795, 2148274100, 19780469, 1946518329, 169897317, 2342714649, 2590068778, 1506235015, 1271051444, 3441997960, 654228766, 1600011629, 2228898336, 2460038036, 894811744, 3958945931, 351332289, 1745514666, 2067291502, 2968150014, 1960254506, 1296368601, 547493269, 2426925414, 3062628109, 803242635, 3970045289, 3599554363, 3689965356, 1734159591, 3035158641, 3581689068, 1128987172, 2171797740, 738858218, 1472492402, 1321195407, 2880669379, 421813092, 4055019579, 2018081166, 1236799988, 1532155734, 1693903004, 3430798513, 1431929652, 872375910, 1717540926, 1994327285, 2683858230, 2379708095, 1035213239, 2789727802, 303923751, 2229778406, 605317847, 365026097, 308569839, 1612222040, 3241081004, 1033607462, 1336649259, 869735291, 1842887403, 1070675923, 4091606291, 2656138386, 3560946627, 1987673103, 471834967, 696865842, 1099450412, 481909866, 323614929, 353314318, 2929935824, 33622198, 956611056, 2923634351, 1466435928, 3148142039, 743702826, 3835751968, 1397080468, 2294840459, 3590568597, 1586021091, 2288003481, 1954535047, 3452030833, 2516909772, 1758711558, 524584451, 1002642307, 1579711828, 1233140601, 3694704109, 2110098104, 1906105773, 840186028, 4173302430, 4092073859, 2758788881, 3396028625, 277676440, 3975295663, 2374113633, 2317329878, 420752461, 3754593016, 1996974665, 249353786, 3186484294, 3803221258, 3556185659, 2685699565, 270340391, 3138682651, 1298579927, 3930356208, 3626690119, 807915236, 2401307878, 1899185390, 409705826, 3235504622, 1562161876, 3098652146, 502649672, 952873078, 1333231227, 1341899844, 2788512513, 287489705, 3410110052, 823048563, 1683475767, 3918734407, 3030290844, 3810982310, 2958258246, 1557335418, 3760637899, 3175881724, 246987694, 2614744244, 3140519440, 222860665, 2053940728, 473421024, 3623076809, 3491107451, 101231059, 1011549200, 755383117, 867448608, 1767259712, 3198344215, 2042361675, 1317073568, 915299144, 1592307287, 4116276802, 3707717968, 1341628438, 2645833352, 155684905, 2083570374, 880856157, 4222781498, 2519171146, 2310908645, 3249596193, 3195688893, 2251874968, 4149431555, 808203628, 556584719, 3463869447, 4287149305, 1612608604, 1041795596, 2849952236, 1537760869, 3460771677, 147647497, 1952894344, 1333278957, 2365343535, 1473018331, 2321540077, 3233461895, 522842896, 3214880302, 2668000698, 2518257696, 2315043069, 3307105581, 3815627521, 1675426011, 1788273896, 1921773068, 1363336006, 3742502906, 565489429, 2141591915, 2371085625, 2651446315, 3731274512, 2922108861, 3759336074, 171490964, 4210984981, 130699099, 843897156, 3652039947, 809054102, 2722421467, 717003125, 287993577, 1838759823, 1224816621, 3249862804, 3338718057, 1634344284, 2590809249, 3284721278, 953665019, 3176569626, 1855816727, 1784580229, 3177078261, 2164311258, 1568494692, 2853379474, 2780107618, 3046195713, 3832911501, 3921266496, 3810490160, 3416452826, 163046142, 3134706411, 406379159, 3471515011, 2264628387, 3084609213, 1100818312, 3530401252, 2488634106, 1913938802, 2170221074, 629606011, 4165566878, 3713512306, 1291315680, 173842616, 347044608, 831391185, 3959235444, 616237932, 636587260, 1776882382, 1152724605, 3182488472, 2227382417, 2449695890, 1670678749, 3821390499, 43447805, 3767469135, 2871027010, 1996553969, 1682305638, 949274549, 1360796021, 382499941, 4061546049, 3651632232, 2928593449, 3115674515, 538857591, 2871724703, 175490001, 183312753, 2828755088, 2403604019, 1972502040, 3325229890, 686935755, 4210440385, 3220234658, 3089345780, 2511665364, 1318852547, 474086453, 2616334231, 770304218, 2882999234, 2401901734, 88242305, 433316249, 2962881172, 2468223170, 2295914581, 811361629, 1418004048, 1825210494, 1657982425, 3867419738, 1989384134, 2450489830, 1980436537, 1388783681, 4054801745, 1372723688, 1206765310, 2136154060, 2728094461, 2273562121, 1989288694, 4003521939, 3750493177, 66639540, 2246766770, 3866213085, 1446028827, 3114448505, 2430069673, 1047666443, 1926820276, 987652435, 2919115692, 3034154499, 3122941355, 2531792173, 287575336, 3974612529, 4209573887, 1192189232, 3119956204, 143574103, 2963441248, 1489372757, 967457289, 3478880322, 2564349014, 1949479370, 3532249350, 3244710689, 3081276648, 3004994392, 1372228876, 1278545840, 4013632066, 2898119100, 1247630256, 342129826, 3346004228, 2941778481, 2888302626, 701687528, 2066655577, 3669793643, 149080365, 3020747834, 151510096, 785420388, 2524896145, 3166652233, 2630556556, 116432805, 4075597009, 3294274126, 2268390443, 252828045, 740723443, 3651084013, 65968165, 109493442, 3858981303, 984596679, 2800357099, 2046844525, 1369428112, 1461099616, 2451007624, 4054664890, 2537502572, 3854378510, 2028970637, 1411497051, 4008891824, 1136946041, 1666015615, 2329653510, 3593695064, 2530082146, 4265976820, 645218857, 3080505339, 2655526506, 1899606286, 850203519, 4060066541, 2946990624, 1631337748, 428674094, 1336152169, 3484697806, 3776949306, 3071149282, 56839901, 3196964018, 2844114454, 1172084934, 3109944279, 2721213319, 3720248241, 3121421919, 469845724, 3767445442, 1136416862, 1747606558, 296074447, 620213309, 947564887, 3502733935, 2861072938, 1223528809, 3914847286, 1737573019, 1082087280, 3644546331, 3033783529, 2814478490, 1610887200, 2760896608, 3070761773, 1979700786, 272622019, 650013283, 2233006304, 1838752502, 2211544872, 693995944, 3009690287, 2149914030, 136302848, 1174269538, 2853831965, 3020445102, 1133994314, 656563931, 186069200, 1198304411, 602196026, 690628786, 2259439249, 3463754594, 2671841465, 4092209828, 2496203867, 231879888, 507), None)
Loaded weights: 15.794388216097277, -4.604568774515358, -0.38734406341450867, -5.472603825773016, -7.770110705034416
events: 
  ----
(3, (3147871449, 1914808370, 1757695576, 701200206, 2715020998, 4166942644, 2240103212, 1834526929, 2472868139, 2348568318, 2795495258, 2064755016, 1147895297, 1861982257, 3301305033, 381690478, 1581613568, 1687300510, 3195054945, 2189755630, 1869497697, 1197520141, 2564885992, 3749212363, 1744071061, 2811929093, 4259197750, 7693666, 1980297355, 1853469007, 1769221212, 858591762, 3699551064, 764872641, 1109810562, 3044929844, 3838984958, 502814377, 2848774277, 1235356878, 203976073, 98239490, 2335898532, 588743099, 3072411354, 1180881381, 3013825488, 2945743331, 2630011160, 4290672812, 2867555865, 336326096, 1377110426, 1742088952, 2059526018, 4113086703, 77268741, 4222585707, 582279662, 3225819049, 3599970213, 2685672990, 3882056329, 1978826537, 327021614, 2337309134, 3359898275, 2229928949, 3448723414, 3926084680, 2780385530, 1195854985, 651551673, 2063503672, 426691120, 1338314433, 3607352180, 2279917441, 3071647634, 2637745016, 2373487609, 2647880457, 1369758510, 2561001895, 1679589559, 2992404684, 2613194992, 308333701, 2936489267, 2272633621, 3702670402, 4138035274, 747401681, 1452947236, 2986827856, 3746400691, 2359095764, 2814511091, 2433249209, 1301913889, 565905873, 1873734425, 3119580251, 1232425099, 1595106848, 4172219407, 2521548362, 1153031919, 771095775, 1708805287, 2876621101, 2417703926, 2586372066, 3239051081, 2411842923, 1413204692, 3847641097, 1827961782, 431215619, 3597237666, 2845975331, 2835692947, 126501989, 3178041694, 752904472, 116158093, 1609814938, 3702751225, 3604025430, 1032303513, 3767424668, 2848361528, 972313327, 3385841994, 515640807, 3102587895, 1086815133, 1674684887, 3099280824, 3727572966, 2159553573, 1966662256, 3044628364, 2981356982, 3264272815, 1803198371, 3582954348, 762550672, 1696452156, 2056264399, 341888642, 3834883963, 272902585, 1715507448, 2774456421, 3013764097, 333563158, 2751917834, 3181010111, 491381258, 1692439424, 3567873323, 2320045728, 78755362, 614108538, 1804150948, 104361079, 4163738120, 473762363, 3100389708, 274546588, 2301361582, 6790909, 2374271112, 254455913, 2544754569, 4241692893, 2162138415, 4027131818, 2412590014, 1809482422, 3974688094, 2007888921, 2544359124, 3490808190, 2454091928, 1110407461, 4271197598, 1714872814, 4008053103, 547556195, 2781476892, 2934669896, 3421809221, 1557177239, 3525767697, 1448996008, 1146333816, 401474898, 3541464871, 1138642996, 117210415, 2462728223, 4255333140, 196872884, 763942446, 1923754404, 122617461, 3662086177, 2612730747, 3012019786, 585206984, 2263724405, 897682467, 1782963608, 1190923433, 99633849, 2904932901, 1254217039, 1227936507, 1521431610, 2655445983, 1183727538, 1325288100, 3025792898, 369792200, 2053567735, 2914379030, 1346609026, 2643235106, 569886489, 3871305339, 3048823759, 2817083770, 3905794150, 323532311, 3145032910, 1169745407, 639739191, 2657397787, 1066058335, 2736855726, 3489664137, 3341229595, 483244486, 2211198296, 47425123, 356503917, 74783164, 387206329, 902529021, 287836738, 860415843, 101142077, 1108556895, 1288080835, 621595442, 1654652343, 2903651471, 2077878673, 3491509523, 191028757, 1385482820, 2965532336, 4176529736, 1450603622, 1375808462, 2055175354, 2915635648, 953407378, 778371477, 2789166786, 4160850416, 2742450062, 1836641745, 567618796, 492278868, 2289224489, 3321807373, 3634756806, 2314229712, 689645899, 3693610061, 56494424, 2970897020, 741711813, 1863916441, 1690064077, 2620459403, 3176088186, 1456032807, 3367128812, 2071013791, 1548039808, 1034736700, 3724985692, 3559164243, 127566370, 3035059305, 848085005, 1808587615, 420005993, 1660588220, 2150335931, 3424821946, 1795487364, 3971636328, 1111984739, 1712785359, 3212092302, 3488395249, 1794023733, 235682402, 4029836815, 518494758, 3662534242, 876378427, 219353205, 2998686131, 2270739323, 1649720368, 2510047502, 2811465143, 2498614242, 2139125898, 331672516, 311713220, 49707226, 3941917997, 1156078102, 3294354480, 1642522236, 2223829702, 3975735804, 1742410763, 3268051836, 577040220, 1859382212, 1561145596, 2010666493, 3672028518, 1581903355, 1881539909, 2269318830, 2178474142, 3668395926, 2918334404, 2276472375, 536419785, 2494143591, 1050601995, 3942763097, 2980513787, 2086168497, 771532966, 589223998, 4016169271, 563598781, 3096086778, 4085672377, 3073634259, 2498380378, 3288632434, 3573596070, 1751446143, 646939639, 761570440, 780101155, 247489796, 1952447374, 1064491317, 2413775021, 2542759288, 2363610967, 1465955971, 2679825690, 3201282432, 3171940831, 160644281, 3703663481, 818782312, 2616990596, 2778115023, 747059739, 2450103484, 2194748835, 3389029781, 2495812310, 2442248618, 1052329819, 4117703965, 2010703788, 3065283721, 2868365783, 474720185, 1253290989, 618018307, 4227043051, 3266706213, 1109090940, 190983350, 120066092, 1293672813, 3186111322, 398247700, 2555475187, 4292939214, 2728536289, 4283850718, 1907921824, 3706087548, 89281084, 2119885516, 2511696079, 2362815313, 432095833, 4227895264, 3217359651, 1338823681, 997226819, 2901928478, 4129472349, 655725999, 284583033, 2995580174, 2791201255, 2585259942, 3045274892, 3916251778, 3140912701, 3990704372, 1223992670, 3926071760, 740369972, 3088005301, 1779684447, 3502532050, 3270990037, 4019015239, 1595997149, 2523652054, 1959723538, 3074815065, 2290408144, 517923342, 3730084932, 119499140, 4192640566, 2293734089, 4270934522, 742603180, 980929205, 2444639722, 1317904113, 1944458844, 2602090740, 3126451022, 1102790846, 1790250819, 2756746937, 1326789387, 3975690616, 2964956434, 3676690821, 2850365108, 1770370415, 912855463, 1355078089, 3971237128, 1871049640, 415769214, 1149244438, 2383230105, 1893794422, 2661269672, 1461085728, 1930011785, 2921242292, 1255659865, 3734991477, 3886968151, 3171472143, 3402499744, 1266907523, 1144940954, 238821014, 2874274895, 1446914595, 787977550, 3906712737, 244123106, 1391795819, 1461270234, 3285501750, 614419125, 556407824, 3287103437, 3848504808, 4235033523, 142469410, 334362368, 341808238, 1958304067, 2480236505, 1452151724, 1743561339, 4056471793, 2746214275, 3938064404, 2785456269, 2236866223, 1211762629, 2705921392, 1543269437, 4034626937, 4188101809, 1498890602, 3811300855, 1660035321, 2152494542, 1680006316, 433395369, 1849789294, 1763761726, 1723066223, 1687581337, 1060369802, 1573933321, 3633856087, 392340122, 1466645977, 1185026076, 306542577, 2462367747, 1513542293, 1780545404, 404470676, 3810571283, 3460440890, 1745964587, 2547029536, 112647301, 2587425198, 993703657, 1355331825, 1980050760, 730977910, 1447347450, 32070867, 942736028, 3157539519, 635349858, 1443064969, 173008581, 2924160989, 2858693177, 3317166724, 1324170581, 2636685650, 1914474368, 3663541945, 2251748302, 2825012021, 2150406845, 2926140806, 2417729915, 3475692008, 728014671, 4104007137, 439829858, 3030284900, 311403439, 4178828031, 3940167127, 2047595983, 1047140749, 1341233423, 2628204347, 261229216, 1140652812, 3404503794, 2830783539, 1062932824, 2040420431, 1025011530, 731493422, 2592830103, 1312764305, 3880713049, 1135005436, 1268300875, 3934528994, 2020356154, 2412655624, 2990518863, 2982573559, 3426795056, 3795222593, 4186504952, 2499060596, 4290414346, 3988318263, 1395811658, 884565370, 4082596029, 3276442707, 3812979071, 2112330825, 2875806328, 2708498965, 919147170, 2371451628, 645953971, 1049613140, 780483648, 4148024487, 1011527010, 3864129318, 1903641030, 2011483741, 827741547, 4137280852, 4174144266, 3759070384, 172), None)
Loaded weights: 19.813213794287144, 2.2291688820225115, -0.38734406341450867, -5.472603825773016, -7.85058296360093
events: 
  ----
(3, (2240306881, 762212711, 1671056836, 711950157, 3744905559, 3001582801, 2403453692, 2828802937, 1746858298, 2951899673, 1161351570, 1872945718, 897509782, 105001039, 3384811945, 2114692921, 3962319266, 1184137926, 3068734177, 1035561670, 638010053, 2933173917, 4076164331, 92661105, 2107591522, 207420829, 2222678982, 2143111546, 4083927153, 3266549390, 3865989463, 3267165854, 1159077875, 3390006359, 1436316335, 1505839401, 3686596318, 976970006, 610480782, 1075150431, 1057354686, 316889475, 2516420587, 2240997007, 4040476287, 535024153, 3370594477, 1858508688, 2672599003, 1703038939, 1388599237, 2791184522, 2068992238, 3616744605, 2063728080, 280482951, 2755298895, 4091565527, 4236408109, 4252578087, 2071915172, 1826016840, 1390932525, 2694561829, 4117634611, 3897708125, 1319382374, 1147689711, 672733783, 3906222852, 3932382653, 738886761, 808877081, 3657460141, 1978178167, 3763455104, 1519736246, 512660668, 3186718578, 2285737159, 3009364388, 2703420900, 524302721, 411991501, 238832556, 298495510, 1117834910, 3294073387, 2451618648, 1882988229, 4255924643, 530395905, 1032288749, 4099367932, 186348189, 6755088, 2152008493, 2904789097, 1460546915, 2601505984, 1428235765, 702333714, 2505921710, 3183621685, 186935229, 1842373143, 104745415, 2550591798, 3659798288, 1075747874, 1621907776, 1306510465, 4214044219, 3137133312, 1009907715, 2591761, 1572543851, 1528550387, 3336923714, 3539092918, 1690186411, 2305141140, 3166771410, 1514242997, 541410918, 3654707727, 2349767090, 3899771263, 2741441429, 3976288218, 1183964274, 2091865128, 3546442055, 1850033596, 1565318788, 1275634037, 1886358065, 3391180821, 1313728940, 1395241329, 1093577949, 2499852705, 3217578082, 4234666549, 1739125323, 301687004, 3351801958, 1027702239, 4114794159, 2258931298, 988392872, 3351338375, 828556272, 4142133415, 3596220771, 1457905276, 2329070057, 2339746732, 2754144304, 262765746, 1835718201, 1671934964, 1564626891, 2113507181, 3211513045, 2427535936, 1646273402, 4233832585, 2786057584, 4290140674, 110915651, 2729154000, 1627754451, 4128077611, 3840878647, 3217289409, 675682097, 2347031737, 1414628659, 393145765, 1429368421, 4133826836, 2718794906, 1751575087, 3508654333, 2878266389, 3784309156, 2071668042, 963971546, 1661277240, 1623577529, 3805662883, 891635109, 296442628, 1810880544, 3446400204, 2243556763, 3127317012, 3209987205, 693683215, 3516324147, 2442591886, 1482019335, 225029874, 1848956124, 2912179027, 472097533, 324432046, 1326102715, 589242579, 3535850799, 3764280903, 253521998, 197747095, 1242721959, 1775301729, 1480456344, 3170569942, 213529189, 1435061394, 2876443215, 3893567330, 1901522217, 3502724248, 1868190929, 3850028436, 4012821436, 1964027096, 3990992505, 3224575844, 1896371372, 4120921169, 3875840562, 1345179081, 923910338, 2605730121, 701072365, 2336728341, 3455295473, 1699077578, 538469814, 160843761, 2332643027, 2783197994, 809467707, 2063820414, 1999081030, 2875168870, 2412531265, 1398597101, 3500997601, 1501738545, 394042074, 3907368525, 81048949, 2802947798, 2511023480, 534452458, 4124048816, 422630413, 4054650833, 3033947424, 832288186, 162241507, 741278419, 1201351434, 2582760643, 801893690, 2572010148, 3105771414, 74808243, 3292977710, 581677576, 1979311372, 3457169323, 2842974680, 3369500501, 1539030836, 3328327612, 863867566, 3481666585, 3868694171, 407820015, 641686015, 462056610, 965448326, 1186491032, 32405759, 801732467, 2971481230, 2715741127, 4108526212, 546709335, 1931537297, 3775716319, 3349357135, 3589180119, 3169964955, 1106084840, 1220934080, 852994986, 2034123677, 577777253, 3299121350, 859279594, 2441703876, 1796851779, 2555573912, 2529199552, 110034966, 59630816, 199682831, 3684704148, 652273004, 3210801638, 3407232013, 2620275094, 3896041571, 934832364, 1707695110, 1901902929, 227729688, 2484775164, 80874842, 3044469574, 3042612119, 3034778453, 1643404219, 1638119185, 2665758942, 841118200, 1454082538, 1878953011, 1925711790, 3897782374, 2974979248, 351022191, 1415100369, 4260202140, 1197340449, 1203689695, 968241209, 1392446750, 4213291555, 1014372756, 2661455168, 1421572417, 1657393155, 3817826492, 1646970350, 3803594375, 2388093808, 1996325099, 3293354326, 3825950459, 1468167449, 3654485405, 4081088813, 1109554039, 2115516355, 1519081748, 4154148380, 2225440790, 3170752612, 2430863808, 927812193, 451540268, 3220147520, 1541794072, 701832174, 2837810436, 2335494366, 2204528751, 646499051, 196171011, 3024868397, 1812457709, 4050728782, 2309962960, 2222854719, 2811629539, 407274346, 541559389, 168597547, 3313242087, 605153475, 2268437202, 3826166367, 2846680451, 3028378814, 4207632251, 3718345267, 4028465186, 248774558, 1522433040, 1922113373, 1498432983, 1870299933, 2082147294, 3115971974, 3029701048, 3747126145, 3577718588, 2763042222, 2177370740, 2872853992, 308286731, 1775967310, 2835637802, 1113779516, 688395545, 1632764208, 3264618781, 4286446748, 2776976590, 3914820784, 3377801882, 1420881221, 4052039273, 2888410601, 3635449933, 3559938984, 845203965, 1665284986, 362674314, 3176482537, 3334058632, 2045537859, 2624492001, 3224185438, 3374855600, 1609678561, 2463568248, 328411725, 2161040536, 3577332942, 3034820379, 1097779390, 1317942271, 4190724790, 2350618304, 3279922175, 235653041, 2033265723, 1012150649, 963230652, 4272505423, 2380306323, 3863787566, 878661419, 3964319132, 791912433, 2814785265, 110572851, 2748440630, 1724414689, 301109203, 671385881, 3202371461, 2657623559, 1829692076, 2425084245, 4131541425, 3257259694, 1538113087, 1942538642, 4202373069, 518657113, 1138699552, 519777076, 1030048217, 1227668258, 3776852277, 4205306074, 4237934736, 2264291670, 4235030384, 3158229669, 3385144952, 726691690, 1257096537, 2147325664, 166859698, 699022925, 3275895666, 615665766, 3792951637, 3450066831, 1211551552, 2493727646, 624969952, 3659872588, 2282031146, 1219415317, 2438404996, 1520574580, 998429936, 329485640, 4032446094, 2560962822, 3776898308, 28270421, 2709393892, 433330692, 787095620, 1094784948, 3262373137, 506022803, 4052495358, 2976144156, 736490248, 1284681988, 4184373619, 1929515161, 1326069505, 406826470, 2469527865, 3534892822, 3438414853, 2779832236, 216484090, 3839176938, 4036401144, 1817062927, 3522476979, 1758393055, 2710639962, 1987617542, 3929645681, 64861713, 1161258519, 1152527196, 3928286635, 1700676433, 3687766053, 2935250295, 4285832972, 3796813800, 708199638, 62078297, 1684891808, 2320541847, 4034138001, 3806886524, 636022913, 1187361251, 834656171, 3743557465, 1850138851, 3160408842, 2950780080, 1750637002, 2786688483, 3319670729, 3088284020, 662613979, 4155268114, 1112864720, 1827174231, 396077085, 2394006613, 2577505255, 1736276260, 1976884593, 259909976, 3616460810, 4200858593, 4118318152, 2432495373, 1428056147, 532542060, 1138272739, 3578904157, 3789107895, 3374281224, 1580406293, 460518191, 875375654, 3096339350, 4209180257, 1079155266, 2723266315, 2247625797, 2017478048, 1362625041, 3234979148, 1960507872, 1713322862, 1350027284, 301599585, 1299322848, 3693298436, 2878498420, 2509737433, 3161648055, 4238111718, 87974141, 2509286381, 684256528, 2797164072, 2218837924, 2802126586, 3434206647, 4218301287, 2880207358, 2464452671, 3427243223, 3427248391, 3362171181, 3674196790, 777703659, 4075469571, 1011540355, 2434663328, 4106343250, 3531253722, 2285862076, 856101676, 3496100182, 3809973120, 2241703827, 2285470957, 2347333253, 2191317608, 124), None)
Loaded weights: 22.319400658480085, 8.263460535113966, -0.38734406341450867, -5.472603825773016, -7.837131751750231
events: me killed itself, me's bomb hit a wall, 
  ----
(3, (2240306881, 762212711, 1671056836, 711950157, 3744905559, 3001582801, 2403453692, 2828802937, 1746858298, 2951899673, 1161351570, 1872945718, 897509782, 105001039, 3384811945, 2114692921, 3962319266, 1184137926, 3068734177, 1035561670, 638010053, 2933173917, 4076164331, 92661105, 2107591522, 207420829, 2222678982, 2143111546, 4083927153, 3266549390, 3865989463, 3267165854, 1159077875, 3390006359, 1436316335, 1505839401, 3686596318, 976970006, 610480782, 1075150431, 1057354686, 316889475, 2516420587, 2240997007, 4040476287, 535024153, 3370594477, 1858508688, 2672599003, 1703038939, 1388599237, 2791184522, 2068992238, 3616744605, 2063728080, 280482951, 2755298895, 4091565527, 4236408109, 4252578087, 2071915172, 1826016840, 1390932525, 2694561829, 4117634611, 3897708125, 1319382374, 1147689711, 672733783, 3906222852, 3932382653, 738886761, 808877081, 3657460141, 1978178167, 3763455104, 1519736246, 512660668, 3186718578, 2285737159, 3009364388, 2703420900, 524302721, 411991501, 238832556, 298495510, 1117834910, 3294073387, 2451618648, 1882988229, 4255924643, 530395905, 1032288749, 4099367932, 186348189, 6755088, 2152008493, 2904789097, 1460546915, 2601505984, 1428235765, 702333714, 2505921710, 3183621685, 186935229, 1842373143, 104745415, 2550591798, 3659798288, 1075747874, 1621907776, 1306510465, 4214044219, 3137133312, 1009907715, 2591761, 1572543851, 1528550387, 3336923714, 3539092918, 1690186411, 2305141140, 3166771410, 1514242997, 541410918, 3654707727, 2349767090, 3899771263, 2741441429, 3976288218, 1183964274, 2091865128, 3546442055, 1850033596, 1565318788, 1275634037, 1886358065, 3391180821, 1313728940, 1395241329, 1093577949, 2499852705, 3217578082, 4234666549, 1739125323, 301687004, 3351801958, 1027702239, 4114794159, 2258931298, 988392872, 3351338375, 828556272, 4142133415, 3596220771, 1457905276, 2329070057, 2339746732, 2754144304, 262765746, 1835718201, 1671934964, 1564626891, 2113507181, 3211513045, 2427535936, 1646273402, 4233832585, 2786057584, 4290140674, 110915651, 2729154000, 1627754451, 4128077611, 3840878647, 3217289409, 675682097, 2347031737, 1414628659, 393145765, 1429368421, 4133826836, 2718794906, 1751575087, 3508654333, 2878266389, 3784309156, 2071668042, 963971546, 1661277240, 1623577529, 3805662883, 891635109, 296442628, 1810880544, 3446400204, 2243556763, 3127317012, 3209987205, 693683215, 3516324147, 2442591886, 1482019335, 225029874, 1848956124, 2912179027, 472097533, 324432046, 1326102715, 589242579, 3535850799, 3764280903, 253521998, 197747095, 1242721959, 1775301729, 1480456344, 3170569942, 213529189, 1435061394, 2876443215, 3893567330, 1901522217, 3502724248, 1868190929, 3850028436, 4012821436, 1964027096, 3990992505, 3224575844, 1896371372, 4120921169, 3875840562, 1345179081, 923910338, 2605730121, 701072365, 2336728341, 3455295473, 1699077578, 538469814, 160843761, 2332643027, 2783197994, 809467707, 2063820414, 1999081030, 2875168870, 2412531265, 1398597101, 3500997601, 1501738545, 394042074, 3907368525, 81048949, 2802947798, 2511023480, 534452458, 4124048816, 422630413, 4054650833, 3033947424, 832288186, 162241507, 741278419, 1201351434, 2582760643, 801893690, 2572010148, 3105771414, 74808243, 3292977710, 581677576, 1979311372, 3457169323, 2842974680, 3369500501, 1539030836, 3328327612, 863867566, 3481666585, 3868694171, 407820015, 641686015, 462056610, 965448326, 1186491032, 32405759, 801732467, 2971481230, 2715741127, 4108526212, 546709335, 1931537297, 3775716319, 3349357135, 3589180119, 3169964955, 1106084840, 1220934080, 852994986, 2034123677, 577777253, 3299121350, 859279594, 2441703876, 1796851779, 2555573912, 2529199552, 110034966, 59630816, 199682831, 3684704148, 652273004, 3210801638, 3407232013, 2620275094, 3896041571, 934832364, 1707695110, 1901902929, 227729688, 2484775164, 80874842, 3044469574, 3042612119, 3034778453, 1643404219, 1638119185, 2665758942, 841118200, 1454082538, 1878953011, 1925711790, 3897782374, 2974979248, 351022191, 1415100369, 4260202140, 1197340449, 1203689695, 968241209, 1392446750, 4213291555, 1014372756, 2661455168, 1421572417, 1657393155, 3817826492, 1646970350, 3803594375, 2388093808, 1996325099, 3293354326, 3825950459, 1468167449, 3654485405, 4081088813, 1109554039, 2115516355, 1519081748, 4154148380, 2225440790, 3170752612, 2430863808, 927812193, 451540268, 3220147520, 1541794072, 701832174, 2837810436, 2335494366, 2204528751, 646499051, 196171011, 3024868397, 1812457709, 4050728782, 2309962960, 2222854719, 2811629539, 407274346, 541559389, 168597547, 3313242087, 605153475, 2268437202, 3826166367, 2846680451, 3028378814, 4207632251, 3718345267, 4028465186, 248774558, 1522433040, 1922113373, 1498432983, 1870299933, 2082147294, 3115971974, 3029701048, 3747126145, 3577718588, 2763042222, 2177370740, 2872853992, 308286731, 1775967310, 2835637802, 1113779516, 688395545, 1632764208, 3264618781, 4286446748, 2776976590, 3914820784, 3377801882, 1420881221, 4052039273, 2888410601, 3635449933, 3559938984, 845203965, 1665284986, 362674314, 3176482537, 3334058632, 2045537859, 2624492001, 3224185438, 3374855600, 1609678561, 2463568248, 328411725, 2161040536, 3577332942, 3034820379, 1097779390, 1317942271, 4190724790, 2350618304, 3279922175, 235653041, 2033265723, 1012150649, 963230652, 4272505423, 2380306323, 3863787566, 878661419, 3964319132, 791912433, 2814785265, 110572851, 2748440630, 1724414689, 301109203, 671385881, 3202371461, 2657623559, 1829692076, 2425084245, 4131541425, 3257259694, 1538113087, 1942538642, 4202373069, 518657113, 1138699552, 519777076, 1030048217, 1227668258, 3776852277, 4205306074, 4237934736, 2264291670, 4235030384, 3158229669, 3385144952, 726691690, 1257096537, 2147325664, 166859698, 699022925, 3275895666, 615665766, 3792951637, 3450066831, 1211551552, 2493727646, 624969952, 3659872588, 2282031146, 1219415317, 2438404996, 1520574580, 998429936, 329485640, 4032446094, 2560962822, 3776898308, 28270421, 2709393892, 433330692, 787095620, 1094784948, 3262373137, 506022803, 4052495358, 2976144156, 736490248, 1284681988, 4184373619, 1929515161, 1326069505, 406826470, 2469527865, 3534892822, 3438414853, 2779832236, 216484090, 3839176938, 4036401144, 1817062927, 3522476979, 1758393055, 2710639962, 1987617542, 3929645681, 64861713, 1161258519, 1152527196, 3928286635, 1700676433, 3687766053, 2935250295, 4285832972, 3796813800, 708199638, 62078297, 1684891808, 2320541847, 4034138001, 3806886524, 636022913, 1187361251, 834656171, 3743557465, 1850138851, 3160408842, 2950780080, 1750637002, 2786688483, 3319670729, 3088284020, 662613979, 4155268114, 1112864720, 1827174231, 396077085, 2394006613, 2577505255, 1736276260, 1976884593, 259909976, 3616460810, 4200858593, 4118318152, 2432495373, 1428056147, 532542060, 1138272739, 3578904157, 3789107895, 3374281224, 1580406293, 460518191, 875375654, 3096339350, 4209180257, 1079155266, 2723266315, 2247625797, 2017478048, 1362625041, 3234979148, 1960507872, 1713322862, 1350027284, 301599585, 1299322848, 3693298436, 2878498420, 2509737433, 3161648055, 4238111718, 87974141, 2509286381, 684256528, 2797164072, 2218837924, 2802126586, 3434206647, 4218301287, 2880207358, 2464452671, 3427243223, 3427248391, 3362171181, 3674196790, 777703659, 4075469571, 1011540355, 2434663328, 4106343250, 3531253722, 2285862076, 856101676, 3496100182, 3809973120, 2241703827, 2285470957, 2347333253, 2191317608, 429), None)
Loaded weights: 22.07279198202209, 8.263460535113966, -1.7837976335913621, -5.472603825773016, -10.472603825773016
events: 
  ----
(3, (2697268081, 1305881916, 898038527, 33979852, 522479926, 2459910722, 1777733837, 4123489001, 634241083, 1895595458, 1577741653, 3015381729, 3628811716, 2497754386, 2271175283, 4102044108, 2620898815, 670656865, 3079395795, 1130248999, 3671198420, 301411523, 2011424654, 3867096572, 1259771321, 811431966, 480026567, 3038817389, 3691810222, 746990332, 414322956, 1743597255, 2082613418, 988724280, 3927550634, 3205066263, 1317968582, 2466203103, 1815857982, 2875283140, 3507999904, 3715645653, 570990894, 1836664096, 361167404, 3010522936, 240281587, 2868563531, 3533712526, 1321458034, 2664405974, 2615513177, 2258529722, 2445953908, 3194013037, 752076041, 3866078983, 1150839423, 2172408493, 1817049729, 510651965, 245040716, 388845258, 2393988458, 2108313252, 2433763074, 2031700742, 3601433547, 1201853456, 373431756, 3521636018, 3268191219, 2868096829, 3734615101, 2030328162, 2354355182, 4125141636, 3798039337, 1541415914, 2781007778, 3970937943, 527276647, 3189760339, 1307828367, 1998111211, 681735421, 2458470279, 2320658142, 3315920859, 1171081563, 459669200, 3489514345, 2928210528, 4190454129, 3658920132, 288308579, 2268575230, 1675148778, 1462094356, 3357210325, 122547393, 4210332889, 1598855875, 1032087045, 2924469889, 996771288, 366437023, 1140337612, 558782885, 4062572977, 2714638604, 1427243068, 3961140892, 3975528406, 3582576595, 1321027353, 3347532223, 1819836960, 1900449597, 2019928243, 3590388700, 2459074668, 1368960681, 482733001, 1362539826, 3063012129, 2172549743, 424641190, 508451122, 3269065571, 1211042066, 1518347789, 1962874063, 1804667221, 4223585081, 1260097644, 3645266820, 3169332467, 510145808, 1189837245, 1908812775, 1976723687, 3834150044, 2394005850, 2192382201, 3549444002, 624981068, 2252415753, 93845202, 1825243519, 1707751749, 922190107, 504974214, 1573198046, 53114612, 980986312, 2154102303, 3926330732, 1621758338, 1477543889, 1938239018, 3678527597, 2960121716, 135066336, 3522771655, 376268953, 3539073514, 1551501280, 2824207627, 539134751, 3828172448, 2037815355, 4145046297, 4106409640, 2234638684, 410649882, 2099506228, 977207374, 3431780376, 2833478850, 253736108, 3918045659, 400112553, 4056597219, 1855873502, 4114608279, 100521733, 1300399868, 4048770896, 3719340259, 3464326368, 2481838617, 422553315, 2022046704, 4204179810, 1883647078, 3366192339, 2060458282, 825794878, 3036527803, 3713782954, 3723146444, 2685239633, 3009064394, 684169100, 464040982, 4073001776, 354522492, 442740873, 2083472031, 627062523, 2414383370, 1175702306, 2455459687, 1594520044, 273948111, 2405663947, 731151039, 4173201811, 76433732, 1192139933, 834766621, 3413391820, 1798845732, 3129271847, 4236120923, 4162096132, 255680658, 768582286, 1292030121, 2715742011, 1822832687, 1669403769, 1920921772, 1634199186, 3894522130, 3965132695, 2717586034, 3239705604, 3360126751, 153298485, 466843077, 2792498265, 1562423997, 444127838, 2350391024, 1458698004, 71081259, 3780243178, 3334285985, 330751547, 1084807380, 2636583911, 3355342242, 2796054278, 2530810642, 1667999369, 576057300, 2994598942, 3724287901, 1619366568, 3000266871, 584323897, 3247549296, 2972897370, 4190870912, 4236550233, 3719378418, 2180474654, 4181371944, 1331308599, 1154687784, 2307661246, 2958216441, 4265665191, 801350651, 589170408, 3187573768, 3260766478, 945151849, 2072588518, 1800347333, 2797918505, 3953826134, 1482531644, 2720032737, 4122113569, 2424563035, 370514955, 3737816054, 4106275880, 3035230672, 831029781, 3499595318, 745579059, 3026002340, 3509732574, 2970691398, 3870187283, 3013114600, 2064524588, 4046782095, 2919683981, 2893767409, 3936732107, 3076814612, 2850796782, 2815424183, 1546263148, 3218674467, 3506972119, 1523109409, 2077361739, 2369339252, 1993457671, 2343826192, 2832828853, 1085917862, 4246302058, 254680215, 4278989309, 3491488954, 1397111758, 2643247197, 2692564222, 2489122657, 568880087, 2928969622, 4119246006, 106799679, 382837488, 12068935, 34440719, 570350252, 458318228, 4063297357, 1090591366, 2671303234, 2947828595, 1456335404, 1764103957, 4243997020, 3928304343, 2579252597, 1663682688, 2182316866, 3490312301, 3888598914, 3817333403, 4190830901, 1542348401, 3007366552, 2495059850, 1785947597, 3951429877, 2880400163, 577861418, 2956361846, 4236545331, 1505409093, 1348250203, 3119255346, 358972510, 2436128612, 2118531356, 320655238, 1495056157, 473227115, 1631118608, 4028283422, 3408644405, 1511428113, 433906184, 3113250322, 90995136, 3936137851, 1416862424, 555591469, 3988797659, 3571121320, 300308843, 2315322117, 2792772866, 1003637043, 554125778, 1664146667, 3005112865, 3193564212, 2164347442, 1409466390, 4292148006, 2851601110, 1359255382, 4289644514, 4231674001, 502624063, 2392291918, 3659580239, 1705665272, 2908400581, 40250295, 4021170882, 1243763661, 1036511502, 1872831162, 481585730, 2618227429, 463308729, 2293880645, 2589295098, 3244540539, 3604857231, 2323713753, 1463775586, 959000740, 2516173341, 786458270, 1874282251, 1559345202, 3967770138, 312333860, 984507715, 1105670619, 3261790358, 4252109441, 1382316154, 1359166277, 1248078981, 3187417571, 3298401161, 1168818789, 564928304, 3412693487, 4070735228, 2143123227, 3642415067, 479733440, 2603589595, 3003916369, 1966146, 1793865287, 2164728555, 3049536269, 138489000, 924886881, 1591873643, 3681989202, 875085962, 4075196503, 4249969410, 2779335171, 812600704, 641546525, 3925638175, 3847351613, 3158201784, 3221759226, 665221158, 3130689523, 352740655, 3811814617, 2202959509, 2301844037, 411660375, 2552198843, 1697432381, 507170284, 684503205, 347005023, 566767722, 2042031916, 3019862555, 4048285341, 683480924, 1195880832, 2674350418, 27982636, 2002011399, 352382817, 559497620, 4160798418, 2723245791, 453293291, 1120583472, 1879885799, 444377195, 572867717, 77526280, 3095777720, 1886664521, 3968022486, 4113585231, 76827605, 4096732571, 2967479752, 2620788070, 4041960076, 2004301680, 142719915, 4177751868, 1770902412, 4009749077, 1663676153, 879433418, 2640187346, 2053769049, 3997813375, 1129260313, 872231755, 4080410797, 3454255572, 4259393370, 1118429042, 1262476670, 2627482536, 2256809032, 3079904381, 196180725, 3862011398, 2012948072, 3808235075, 1413212623, 1534232188, 1623239128, 1551822582, 4133934526, 3366202219, 3608822987, 701666648, 362140761, 2384623455, 1186922945, 1556342371, 486828067, 1774020819, 596661738, 3472781527, 2215839676, 3256475730, 1239724571, 286907360, 2548266768, 4207398446, 1663385898, 4208173704, 2093889120, 3115827172, 287830355, 3458983231, 79073686, 3919613112, 712592080, 1874549850, 2111952749, 1680040100, 3461388991, 1735907799, 3115133316, 2457685142, 2623399162, 4096173952, 1760550150, 1372725546, 1186983466, 3036656199, 1267661404, 745647112, 3092303948, 259114410, 3858486241, 559456603, 3498682225, 1811393222, 3028699497, 299267159, 2000038867, 3822950182, 1202286522, 1463356023, 4104051371, 3797093015, 812826120, 3616492019, 2481309437, 2422107856, 2263478723, 1790256626, 2020036177, 672774749, 870086574, 3206938342, 730794534, 3235887541, 2653780505, 1652221592, 3132057009, 1675255607, 2672803773, 1229601541, 1543274970, 3927107951, 4198245316, 237180695, 27633191, 4050083821, 317407855, 737253620, 3973954850, 3883853470, 1750306216, 2611979373, 3861547468, 1807736123, 3380513672, 3613704153, 3307138156, 226576768, 3622165389, 3632018198, 2328031296, 582661451, 549860108, 1555759627, 1207783209, 277), None)
Loaded weights: 22.905791816421726, 8.384793289586433, -1.7837976335913621, -5.472603825773016, -10.472603825773016
events: 
  ----
(3, (2697268081, 1305881916, 898038527, 33979852, 522479926, 2459910722, 1777733837, 4123489001, 634241083, 1895595458, 1577741653, 3015381729, 3628811716, 2497754386, 2271175283, 4102044108, 2620898815, 670656865, 3079395795, 1130248999, 3671198420, 301411523, 2011424654, 3867096572, 1259771321, 811431966, 480026567, 3038817389, 3691810222, 746990332, 414322956, 1743597255, 2082613418, 988724280, 3927550634, 3205066263, 1317968582, 2466203103, 1815857982, 2875283140, 3507999904, 3715645653, 570990894, 1836664096, 361167404, 3010522936, 240281587, 2868563531, 3533712526, 1321458034, 2664405974, 2615513177, 2258529722, 2445953908, 3194013037, 752076041, 3866078983, 1150839423, 2172408493, 1817049729, 510651965, 245040716, 388845258, 2393988458, 2108313252, 2433763074, 2031700742, 3601433547, 1201853456, 373431756, 3521636018, 3268191219, 2868096829, 3734615101, 2030328162, 2354355182, 4125141636, 3798039337, 1541415914, 2781007778, 3970937943, 527276647, 3189760339, 1307828367, 1998111211, 681735421, 2458470279, 2320658142, 3315920859, 1171081563, 459669200, 3489514345, 2928210528, 4190454129, 3658920132, 288308579, 2268575230, 1675148778, 1462094356, 3357210325, 122547393, 4210332889, 1598855875, 1032087045, 2924469889, 996771288, 366437023, 1140337612, 558782885, 4062572977, 2714638604, 1427243068, 3961140892, 3975528406, 3582576595, 1321027353, 3347532223, 1819836960, 1900449597, 2019928243, 3590388700, 2459074668, 1368960681, 482733001, 1362539826, 3063012129, 2172549743, 424641190, 508451122, 3269065571, 1211042066, 1518347789, 1962874063, 1804667221, 4223585081, 1260097644, 3645266820, 3169332467, 510145808, 1189837245, 1908812775, 1976723687, 3834150044, 2394005850, 2192382201, 3549444002, 624981068, 2252415753, 93845202, 1825243519, 1707751749, 922190107, 504974214, 1573198046, 53114612, 980986312, 2154102303, 3926330732, 1621758338, 1477543889, 1938239018, 3678527597, 2960121716, 135066336, 3522771655, 376268953, 3539073514, 1551501280, 2824207627, 539134751, 3828172448, 2037815355, 4145046297, 4106409640, 2234638684, 410649882, 2099506228, 977207374, 3431780376, 2833478850, 253736108, 3918045659, 400112553, 4056597219, 1855873502, 4114608279, 100521733, 1300399868, 4048770896, 3719340259, 3464326368, 2481838617, 422553315, 2022046704, 4204179810, 1883647078, 3366192339, 2060458282, 825794878, 3036527803, 3713782954, 3723146444, 2685239633, 3009064394, 684169100, 464040982, 4073001776, 354522492, 442740873, 2083472031, 627062523, 2414383370, 1175702306, 2455459687, 1594520044, 273948111, 2405663947, 731151039, 4173201811, 76433732, 1192139933, 834766621, 3413391820, 1798845732, 3129271847, 4236120923, 4162096132, 255680658, 768582286, 1292030121, 2715742011, 1822832687, 1669403769, 1920921772, 1634199186, 3894522130, 3965132695, 2717586034, 3239705604, 3360126751, 153298485, 466843077, 2792498265, 1562423997, 444127838, 2350391024, 1458698004, 71081259, 3780243178, 3334285985, 330751547, 1084807380, 2636583911, 3355342242, 2796054278, 2530810642, 1667999369, 576057300, 2994598942, 3724287901, 1619366568, 3000266871, 584323897, 3247549296, 2972897370, 4190870912, 4236550233, 3719378418, 2180474654, 4181371944, 1331308599, 1154687784, 2307661246, 2958216441, 4265665191, 801350651, 589170408, 3187573768, 3260766478, 945151849, 2072588518, 1800347333, 2797918505, 3953826134, 1482531644, 2720032737, 4122113569, 2424563035, 370514955, 3737816054, 4106275880, 3035230672, 831029781, 3499595318, 745579059, 3026002340, 3509732574, 2970691398, 3870187283, 3013114600, 2064524588, 4046782095, 2919683981, 2893767409, 3936732107, 3076814612, 2850796782, 2815424183, 1546263148, 3218674467, 3506972119, 1523109409, 2077361739, 2369339252, 1993457671, 2343826192, 2832828853, 1085917862, 4246302058, 254680215, 4278989309, 3491488954, 1397111758, 2643247197, 2692564222, 2489122657, 568880087, 2928969622, 4119246006, 106799679, 382837488, 12068935, 34440719, 570350252, 458318228, 4063297357, 1090591366, 2671303234, 2947828595, 1456335404, 1764103957, 4243997020, 3928304343, 2579252597, 1663682688, 2182316866, 3490312301, 3888598914, 3817333403, 4190830901, 1542348401, 3007366552, 2495059850, 1785947597, 3951429877, 2880400163, 577861418, 2956361846, 4236545331, 1505409093, 1348250203, 3119255346, 358972510, 2436128612, 2118531356, 320655238, 1495056157, 473227115, 1631118608, 4028283422, 3408644405, 1511428113, 433906184, 3113250322, 90995136, 3936137851, 1416862424, 555591469, 3988797659, 3571121320, 300308843, 2315322117, 2792772866, 1003637043, 554125778, 1664146667, 3005112865, 3193564212, 2164347442, 1409466390, 4292148006, 2851601110, 1359255382, 4289644514, 4231674001, 502624063, 2392291918, 3659580239, 1705665272, 2908400581, 40250295, 4021170882, 1243763661, 1036511502, 1872831162, 481585730, 2618227429, 463308729, 2293880645, 2589295098, 3244540539, 3604857231, 2323713753, 1463775586, 959000740, 2516173341, 786458270, 1874282251, 1559345202, 3967770138, 312333860, 984507715, 1105670619, 3261790358, 4252109441, 1382316154, 1359166277, 1248078981, 3187417571, 3298401161, 1168818789, 564928304, 3412693487, 4070735228, 2143123227, 3642415067, 479733440, 2603589595, 3003916369, 1966146, 1793865287, 2164728555, 3049536269, 138489000, 924886881, 1591873643, 3681989202, 875085962, 4075196503, 4249969410, 2779335171, 812600704, 641546525, 3925638175, 3847351613, 3158201784, 3221759226, 665221158, 3130689523, 352740655, 3811814617, 2202959509, 2301844037, 411660375, 2552198843, 1697432381, 507170284, 684503205, 347005023, 566767722, 2042031916, 3019862555, 4048285341, 683480924, 1195880832, 2674350418, 27982636, 2002011399, 352382817, 559497620, 4160798418, 2723245791, 453293291, 1120583472, 1879885799, 444377195, 572867717, 77526280, 3095777720, 1886664521, 3968022486, 4113585231, 76827605, 4096732571, 2967479752, 2620788070, 4041960076, 2004301680, 142719915, 4177751868, 1770902412, 4009749077, 1663676153, 879433418, 2640187346, 2053769049, 3997813375, 1129260313, 872231755, 4080410797, 3454255572, 4259393370, 1118429042, 1262476670, 2627482536, 2256809032, 3079904381, 196180725, 3862011398, 2012948072, 3808235075, 1413212623, 1534232188, 1623239128, 1551822582, 4133934526, 3366202219, 3608822987, 701666648, 362140761, 2384623455, 1186922945, 1556342371, 486828067, 1774020819, 596661738, 3472781527, 2215839676, 3256475730, 1239724571, 286907360, 2548266768, 4207398446, 1663385898, 4208173704, 2093889120, 3115827172, 287830355, 3458983231, 79073686, 3919613112, 712592080, 1874549850, 2111952749, 1680040100, 3461388991, 1735907799, 3115133316, 2457685142, 2623399162, 4096173952, 1760550150, 1372725546, 1186983466, 3036656199, 1267661404, 745647112, 3092303948, 259114410, 3858486241, 559456603, 3498682225, 1811393222, 3028699497, 299267159, 2000038867, 3822950182, 1202286522, 1463356023, 4104051371, 3797093015, 812826120, 3616492019, 2481309437, 2422107856, 2263478723, 1790256626, 2020036177, 672774749, 870086574, 3206938342, 730794534, 3235887541, 2653780505, 1652221592, 3132057009, 1675255607, 2672803773, 1229601541, 1543274970, 3927107951, 4198245316, 237180695, 27633191, 4050083821, 317407855, 737253620, 3973954850, 3883853470, 1750306216, 2611979373, 3861547468, 1807736123, 3380513672, 3613704153, 3307138156, 226576768, 3622165389, 3632018198, 2328031296, 582661451, 549860108, 1555759627, 1207783209, 367), None)
Loaded weights: 23.112392896053905, 9.199025530535824, -1.7837976335913621, -5.472603825773016, -10.472603825773016
events: 
  ----
(3, (3167475153, 3865161560, 2891552035, 234102572, 3873543139, 2815552372, 2653741221, 2756670072, 617239715, 704871568, 2605235734, 3835458983, 3492141939, 465879965, 2896026985, 1569874169, 2647356685, 3152309394, 1834905425, 59335668, 3192152501, 1728072693, 3745563876, 3994954791, 578869580, 3600928487, 1106386559, 2473872470, 69692676, 1566192579, 3768191801, 2213361078, 3656304021, 1889933104, 3877640420, 2888752268, 1658154828, 161518212, 3433725113, 1947454608, 1822101358, 3792203974, 916628178, 1613712209, 2562676087, 1810217003, 2218064722, 1584443686, 964951250, 3557916601, 3771906169, 2980685450, 3048490680, 1670486122, 4279115739, 2348965441, 314112511, 2095543476, 1393563687, 1446470459, 552336128, 2970362006, 308202394, 2649131915, 2345032980, 4123000774, 2866086253, 4224588979, 1846398427, 919158453, 3500298627, 3638527774, 3616299691, 87344029, 3050651628, 2344336351, 3229948439, 716677237, 2374385283, 4009071064, 2716481771, 2466754327, 3735552268, 1518628600, 789111934, 2336794615, 132352095, 2346057941, 3784490009, 798473197, 3127420003, 4022446216, 2510169902, 2173202356, 615479841, 118460714, 2244178798, 2607988930, 557041363, 709176371, 3540372931, 4264510997, 2127162593, 3886189587, 3008047289, 4039815017, 362218284, 351376351, 3664793438, 3199125241, 700851463, 99624965, 2236415814, 1043305186, 62340105, 4167224178, 1023646830, 1027065065, 599673038, 2626937235, 1123564227, 401963405, 3767624531, 3395704026, 3598431360, 2193951636, 744974475, 1398391407, 1308793040, 2897457122, 1666377490, 2326114272, 3109412908, 720740892, 590531063, 1885391777, 3665350277, 646541915, 2582469099, 1863702011, 670204688, 4032683548, 247227062, 3376932675, 4264258753, 2825384968, 4178403441, 3088603617, 3550676480, 307893145, 2471788801, 3240575228, 710155769, 3895834562, 927276596, 4135687050, 149049819, 343304293, 2068900232, 1588874946, 218458477, 3393889068, 3629882762, 1171425852, 3134314901, 2024463839, 679669210, 970849309, 2190937868, 510070616, 1575169166, 2918270201, 2677717173, 1673548277, 2629084668, 1432771804, 2845428046, 932191323, 591892914, 2756857200, 3932524424, 2245863292, 1433602821, 2501655160, 2481321628, 209261230, 3039069571, 2834810232, 1899565421, 227251074, 2828604290, 4253473267, 262048342, 2188289623, 1403788309, 2105871107, 3812980364, 2061940231, 970525491, 225949026, 4055557595, 2151959410, 38917951, 3195085481, 4159207887, 927047311, 1261792409, 1700673398, 3052688383, 2689151830, 3945395623, 2222392079, 4168521412, 4096433307, 1997027316, 4110856065, 96208392, 1915949007, 2270808270, 3071194897, 1443735772, 4257624048, 4284410578, 2800776839, 3354495614, 548488201, 6553440, 2855011478, 1508407251, 633229921, 3803165668, 1311353088, 2666435362, 2929660908, 2422188785, 3421072311, 2063529385, 4223942676, 431455991, 230488246, 2401618336, 648839066, 2852817272, 2432112674, 3186123754, 103191771, 2560597438, 2397869760, 2639687290, 261298982, 3460972621, 3038503008, 3042898998, 312880636, 3625501151, 3969519263, 1282458665, 4188336438, 1947962023, 2846624961, 4039417812, 792895911, 2363885876, 978061153, 1967479876, 736140362, 449533545, 744537313, 2660574930, 3355903510, 1111939781, 2625199016, 2865000072, 1646017246, 2425999364, 671940518, 3404611005, 2180977918, 1955330529, 2289098443, 3476989911, 1969537936, 4191621866, 2123769953, 4110415771, 2965476328, 2273190217, 4075390426, 2657707373, 1748938126, 3348263779, 1242213569, 3723769053, 1709564075, 3789589601, 110423988, 1849797910, 989712085, 2165553770, 2852866109, 2762345477, 2078205173, 1150204536, 752831277, 1896193023, 3648251124, 605739612, 3489609181, 367236697, 790930232, 2934487351, 2347325316, 2379495501, 3850623107, 2383411549, 754370588, 1338728126, 2229539542, 828249628, 856723215, 3917848041, 1292658630, 2428584411, 3590181137, 1213468589, 3905897447, 1024421880, 2848364440, 604579797, 1973501337, 2130061551, 725965665, 3761619519, 406828006, 3034668198, 3136340509, 2972888024, 3876892769, 1855380755, 685196307, 5550668, 4021098941, 766794007, 1284995118, 1010697544, 3534880807, 4017112658, 2855500625, 4061678024, 342817972, 3552982550, 2619375429, 1861487021, 2158812206, 2676410145, 523903813, 3030970329, 2216169812, 2138063645, 141755870, 906208645, 1770026968, 2029708307, 2774258187, 788993432, 745256634, 4161211025, 393146776, 3360719635, 4062263027, 1027874708, 4073004485, 3031417601, 3149618321, 341749763, 3113929580, 2614915280, 1018965427, 2873769640, 4222583187, 1950189215, 1685992629, 845154252, 409072946, 3169236687, 4225198151, 26786008, 1300611188, 2689319719, 3887194137, 287930199, 3528692286, 1199423022, 3482796365, 3996121949, 2245833259, 3934248480, 792075762, 575971780, 1201741233, 1410812052, 1621966021, 1267050587, 2655606803, 969550202, 3024641055, 1888763507, 1999754485, 3371689857, 2898942695, 1736075872, 1336787247, 1743170079, 2846891473, 990090409, 642327074, 2740486360, 2262945691, 3417929470, 1188061508, 103883817, 3931583527, 1555068744, 83149587, 332696122, 2286954062, 2974618623, 1984710133, 2063611497, 4186703570, 2930191665, 1263796711, 1309712433, 2917361611, 3504073796, 4223156383, 886459492, 732386640, 3296199470, 1409826104, 1839316273, 3034749613, 2972072405, 2267342183, 3293230885, 2866975207, 3977959252, 4134948904, 2205064817, 881000204, 4274507847, 1307026991, 2370292441, 3955472673, 4096994890, 971793838, 1986883186, 1726628034, 2644650824, 914355601, 1982897273, 1305392908, 514155331, 4026138155, 274370901, 380246017, 2161250363, 477759824, 910714799, 2530344686, 268440048, 1548035195, 1383604085, 3141289342, 2170501737, 3716355052, 2905704826, 1573029666, 2780250282, 2304682847, 3666225740, 210905973, 3456061703, 3984463621, 1838290396, 4227962938, 2883810885, 3968235272, 3463449308, 3131544287, 3655114137, 2919745905, 2298460760, 1119569037, 1652275794, 3873477524, 3015482798, 3742283727, 2700667958, 3724707662, 3429596971, 2013640615, 842626243, 3292609108, 1707255693, 3668421633, 1893727384, 1338543789, 3589759769, 2670129664, 6733772, 2511018018, 2505997655, 2301638813, 2980811774, 1554520972, 3035537451, 4102732896, 838287349, 1971454755, 2532353171, 3428437855, 922008408, 1082055277, 30319626, 2085166848, 1485757063, 4031727273, 3894197766, 3667341576, 3599268626, 3329021969, 1324965946, 2311905002, 3728154408, 2878611181, 1831674086, 3487844638, 1981005398, 2237191613, 4000473867, 4083949130, 1566861449, 1923256314, 4202891750, 763742702, 3800811385, 1469636521, 257371917, 2752579463, 2160161913, 2139726208, 1329010830, 253681578, 400976408, 3468327905, 1769449819, 935890596, 1701554460, 2586219007, 1816681829, 2617789491, 2578396424, 843432484, 2194918735, 2024672023, 889138229, 1206669465, 1146634386, 3826301285, 4258995017, 1237700651, 1375310924, 1049873574, 144760423, 3287712347, 2008697705, 1632764914, 1063756495, 2262121529, 3633677098, 759812871, 3485495524, 4236761265, 1583634794, 170578404, 2907181609, 3137849460, 1886276623, 1734876000, 4036777752, 2522904989, 4202019689, 2302310877, 2469524383, 548740183, 1687050738, 3236541129, 3745209640, 414058345, 3332722035, 3393686359, 541108384, 979857401, 3972086875, 3199398610, 3452002050, 126023120, 274199137, 2797561125, 1802809812, 1345448077, 3748146563, 4079114219, 789231170, 3867895783, 1431026944, 2098687708, 2536696350, 2401784916, 3757332683, 1501219463, 1059759456, 1829930007, 466), None)
Loaded weights: 23.867019430705906, 9.367407043288, -1.7837976335913621, -5.472603825773016, -10.472603825773016
events: 
  ----
(3, (1543948894, 3983596426, 22745639, 4268700090, 860211583, 2644207830, 3429818671, 4071076852, 2705973847, 2100322680, 2625068793, 971881191, 2015398902, 3896259595, 3094102412, 4027293766, 4097977240, 3567522782, 663589848, 628228317, 1818843838, 3826848908, 2832713608, 1467041935, 1477403531, 2772551848, 223274296, 1372011704, 1073057648, 403220156, 934993710, 2399134844, 2178878794, 2637635907, 490958753, 1064966039, 2838703753, 1871078087, 2175903447, 43764691, 446917939, 2670285383, 4246153295, 4176914261, 1478030951, 3007071356, 3894197748, 3633006924, 434282212, 75185079, 2929886061, 3652500781, 1162490681, 1481142133, 2465085904, 1561528057, 3585082235, 1152619142, 2348770540, 1712886770, 2121027721, 3566030469, 2709782667, 869511923, 923879663, 3536278314, 186007725, 4266968935, 2496018308, 831227941, 1880476383, 3297180197, 1296248831, 183143942, 2156939595, 2872189601, 2003772827, 513054199, 2868501248, 1691100624, 2370429046, 3403890732, 3827080227, 3439482995, 2420033617, 386278903, 1906157488, 2220096271, 851637523, 803181739, 2607194956, 2227116363, 4200834309, 310612054, 2910847460, 2317222895, 251798764, 2884299236, 1791669586, 53922704, 957457434, 1184148121, 1960538520, 214326184, 2573750476, 2029188437, 1462846308, 1224376354, 486047650, 3174325956, 3560450672, 3612417210, 3224451953, 2562035991, 2845474203, 3420435296, 245590582, 2692003737, 3421068186, 1285164437, 1719185529, 2562145923, 280045902, 4258102995, 2369473173, 4191141826, 4040854405, 651159650, 1779484913, 690465038, 4112355673, 3031846416, 2414731270, 1578741558, 1733561630, 4207785895, 1132517144, 1271464706, 1159087311, 2127847790, 4157253136, 827166477, 955487939, 141518260, 2808079438, 3102369902, 3081114581, 2471660262, 4255150333, 1915303718, 923500503, 3279261998, 2416696422, 3680762723, 1154050117, 2454618300, 2620218183, 709762780, 3789577344, 4143820082, 317579058, 155609049, 4174370017, 3894935920, 2035651075, 2381202405, 3080948981, 2207795913, 933072059, 437172850, 3357295162, 2459806743, 217588032, 4085336503, 595000901, 1161130219, 4233327188, 419632830, 3521094883, 42503341, 599560268, 3436615570, 2354782469, 2439477348, 1802852944, 1281000186, 2835102221, 3220201731, 216995877, 3104087016, 1556878418, 933300516, 4283955348, 4385229, 833244355, 3419865135, 1833013761, 383108825, 638502630, 3311115200, 2160826224, 119211624, 2661164770, 609861963, 149943503, 2631052851, 147354690, 1865655675, 4002835321, 559748366, 3702637704, 1819064579, 1168284599, 284207662, 4089057170, 2645962375, 1395876051, 749097509, 604277936, 1045260654, 1140095268, 3902644087, 1163452360, 3154943476, 2418727004, 1058757328, 2013562460, 2851750248, 1722237541, 806144981, 2575033658, 1009942766, 3402948896, 491357320, 240891632, 1161701468, 1087521138, 1235505501, 1060357820, 2142400294, 3144289222, 2909340976, 3094359127, 2864061037, 247458156, 734158087, 1644448701, 583167363, 2748356895, 385505137, 234666175, 44046736, 3960659542, 3091870984, 3196226344, 3234160059, 618323495, 3569330850, 52515523, 4189930144, 1402913103, 456158011, 4216628472, 2475786411, 2054565090, 366787900, 2376279420, 367656538, 4213887308, 87881202, 4140436097, 226148643, 3258079507, 3763361270, 2358064799, 2778542309, 1149546952, 1307561794, 1149526679, 3151876109, 586813117, 2919608485, 3142623766, 1992771689, 483613554, 1363723415, 527192351, 2823836384, 2693929026, 457542117, 3487454284, 2162418270, 960304032, 2733553218, 3172905149, 2749817103, 3053313936, 1889277930, 143388388, 2249759010, 3993848995, 2732004471, 609564648, 3605354683, 841836429, 4176786990, 3661303777, 1588632453, 3715174832, 1784705127, 2297885617, 1339843752, 4241455465, 2945641409, 3525877505, 354900556, 766352832, 3284772930, 71298579, 1470749486, 1946526645, 1021841878, 2045270968, 4062221285, 109443272, 877462190, 399867996, 4062021423, 3846997130, 3534279984, 2154579655, 813302028, 887958694, 1296166199, 2357875187, 1147218510, 1471591979, 981201958, 1513229932, 3223020119, 913026326, 1716052431, 3985903479, 280782994, 270862165, 3159455923, 2156593378, 527733917, 3531620569, 961688133, 718664110, 1665793692, 4187607509, 638671050, 4032448799, 3914076098, 1798021540, 330104840, 2962214143, 233079323, 1792644314, 3256995784, 1902702205, 335764948, 1576851551, 3760025944, 895687074, 1256871750, 3512050859, 1716623625, 2818923401, 1677767953, 2084534009, 1686240011, 2409623376, 2957920405, 3045036320, 581853315, 665510200, 1931325430, 1884574182, 1576627107, 2659088933, 458666239, 3467450912, 2704015596, 3493809416, 2613087870, 3818268426, 693362581, 3238119535, 451628308, 858608540, 1505542532, 1484694275, 1117938603, 1301656715, 3644199640, 675648016, 653493514, 1524590346, 2679937719, 3541658685, 2696308457, 2586806382, 815598341, 2685982216, 2664420179, 62589502, 4293268533, 800663596, 3247357824, 3247062221, 1819623558, 2899636242, 490952777, 1669123322, 957394733, 1422473606, 1699207775, 2892088065, 1609725799, 1353044345, 1688983324, 318625278, 3886088134, 661981669, 608386203, 1004340481, 1355088037, 3640357223, 3069121544, 321629449, 1621459552, 2347185643, 3036499275, 881770406, 4270703903, 107521951, 3933926896, 2475251623, 841065383, 1194126571, 2820574110, 3772754441, 1384769306, 1165377914, 2605418179, 3000819953, 3811804980, 1140325948, 260148719, 3555866271, 35459449, 4111233983, 1569846620, 58321844, 2544562334, 4261792505, 1757683651, 1001316110, 2550249358, 3955910550, 2448931079, 3690589570, 2790424190, 831482766, 960923854, 2785147463, 4033881263, 496777359, 3196802569, 912031672, 3148047958, 1275323509, 4115160482, 2015040736, 522655978, 3741842656, 2169621360, 1728811117, 24482676, 796059366, 1377031369, 3938412223, 3487062334, 2415819044, 883344417, 3748336267, 246569707, 1570428108, 1040839118, 3985223589, 3164534869, 647608208, 2733940635, 4088602314, 2796977306, 1652261508, 1024415321, 89800442, 211368993, 2277354959, 2943177425, 4189366685, 1022074075, 87107460, 2433290222, 3784755621, 4217634288, 2081604728, 3480540422, 2362992646, 1203345632, 3322175270, 602798216, 1627445205, 237861737, 589976336, 2874011958, 1573577010, 3865373969, 449920230, 3038416277, 1320720490, 3183752056, 657951401, 2583892896, 3483143411, 1326516833, 752583788, 1431426960, 4229093723, 3038806133, 2456953900, 2884075971, 1301435624, 4093586586, 3564682921, 318699571, 3592742116, 630332314, 745938353, 283908403, 2500545717, 2893200752, 2775385125, 3936781548, 3085443786, 2692763995, 2380546853, 555644047, 868380027, 472298832, 1279789568, 150987000, 3377238626, 3000603209, 2757884204, 3686904523, 3662511089, 3227372407, 490982236, 3487031379, 3743695218, 3645188265, 2061892292, 340233567, 3444051362, 175190540, 3981848664, 953798003, 2736299744, 500424462, 2810668399, 810931634, 167457724, 2892926998, 4180398175, 2513637440, 3921478038, 3619320173, 235361093, 68783377, 381184250, 1059288372, 1348953633, 2347106818, 4053123704, 1227277809, 3325809093, 3117331764, 1032387945, 3857928370, 2209900978, 3809642578, 3744329906, 3348690205, 2975794810, 3328532639, 2561314431, 3753884416, 880103350, 437764050, 2113346026, 1095388857, 819778846, 3782678537, 3618531822, 3955499727, 2856776806, 2014428222, 1102420934, 2277119529, 831360338, 2301884810, 400058619, 3399007584, 1568630590, 3319779110, 2886276120, 1206645171, 3978531199, 1670828452, 180), None)
Loaded weights: 24.06636817688639, 6.103389002459979, -1.7837976335913621, -5.472603825773016, -10.472603825773016
events: 
  ----
(3, (2865508898, 3765748814, 2499012547, 1960878556, 4264281691, 3984502741, 2938541592, 692695926, 3344144899, 3485706058, 2942726891, 176402188, 467380453, 395742008, 2895700416, 1282904805, 785058540, 191116185, 4057468086, 1041912298, 253179834, 3930609409, 1588217846, 89997382, 2569997799, 1427414351, 2267043066, 1336974860, 16465682, 3530870180, 1336017378, 2833728118, 753595768, 341213519, 2756051498, 2185913433, 408709033, 2546590236, 2359597597, 3407248606, 3886437595, 3867985900, 409278777, 611763527, 1727687171, 832088738, 726462311, 3448972442, 2014552307, 2901570279, 1341077240, 1938522394, 1140092689, 3387417417, 1017481167, 4285372851, 1368246306, 2531664345, 3683080411, 2670414340, 796132668, 3929512519, 3121311614, 1407626043, 1951087246, 161770670, 3910052521, 3611376862, 4266659494, 41978910, 544960366, 3677093834, 1229604957, 496838391, 1326040548, 3457767714, 1634556385, 373703550, 696371486, 1199868657, 987938731, 4222441879, 3423533015, 1933173532, 3641595919, 1094121139, 3732475932, 3967750453, 3990709385, 212973201, 2024154814, 3103462688, 1606322339, 4005697060, 3618801351, 2486493833, 1756566723, 949635198, 2214164010, 1549266014, 150779540, 1766309249, 2132661034, 2685967777, 1098205585, 2217647232, 3029793657, 2384168130, 374083154, 2395214830, 1243425198, 1085312313, 1952521875, 4246552980, 3560634051, 4173376446, 1712357066, 3198057843, 625018192, 2046526299, 3577166934, 856106567, 2339875547, 2382321014, 2089866013, 3350486191, 1315701120, 1453979318, 1437263660, 2753153336, 2486797972, 3992887370, 2889239638, 2693855789, 82122760, 2177672558, 3398547041, 1851559902, 2496843649, 2881513559, 2813150382, 2781687877, 752807084, 3479475510, 4206670123, 3975436696, 682636740, 3911993484, 1156445547, 1933426155, 1519886205, 1980778806, 2263136345, 1385577930, 462325557, 3996548735, 3335194453, 4020419858, 364406790, 1546449392, 1163178225, 1098484155, 3660458568, 205197567, 4022094028, 3779103879, 1898035372, 2483794512, 3144021187, 3929760764, 1330792762, 3271555050, 4203650518, 1520375039, 2589652882, 3861667650, 1790920262, 1112017863, 3010303978, 496135617, 1296928389, 776709024, 3347690826, 2889667638, 631891072, 3643970898, 2420719364, 3185039998, 2353701076, 1068109319, 1473033332, 2471940145, 3790369144, 1229714645, 3052268627, 1240332530, 3551906040, 602807399, 4284192557, 2310683928, 1258867733, 3475953130, 2652018405, 3258891802, 104404794, 3933025174, 3648793461, 2549874436, 3995625905, 1324799224, 1313624773, 111693505, 3830247538, 1269619870, 769624294, 1372235803, 2807470253, 3007016971, 2453772040, 1904132470, 1124980404, 2836529004, 263077649, 2355618638, 686689032, 1419595416, 1493963268, 298278776, 848430482, 1151616836, 3753783171, 1431305033, 1526172606, 2476712559, 857549854, 826026463, 3817235337, 2389665426, 1979302741, 2953290453, 3793046497, 1024924059, 3612117913, 2762015245, 801488811, 3308757865, 1510582454, 723604174, 4166470749, 3643979943, 4162247432, 1577286737, 3188124029, 3928980135, 4094024726, 3229685388, 2289768329, 1908127639, 281577728, 418778044, 1171179081, 2310242569, 1651758864, 860525137, 2184760576, 630000125, 3704147445, 462153341, 766413541, 4220089375, 3613836195, 2980021529, 1106314513, 1307786224, 3978779834, 108154436, 1637342767, 2279041971, 2673593798, 2770786518, 3457310808, 1740633922, 2793455229, 2029128768, 370635501, 1407077488, 2791555250, 4079605719, 1349360020, 3400286861, 3117085964, 668920502, 1661925956, 3173003232, 610308600, 532261728, 2039646317, 1594479940, 4000386699, 253682028, 851431240, 10335331, 558837159, 3605592525, 2733196267, 654407285, 31044399, 3156310506, 2135853942, 93756903, 2728001115, 1648871418, 3978799682, 708604508, 2310537507, 3048002424, 3862244748, 3410702863, 3947991468, 3248243826, 3700489131, 1805718678, 4052613266, 1527847430, 1426161869, 3214120667, 2162421972, 4249753227, 123955068, 3732790168, 790928447, 2666051515, 3884781720, 2716244676, 1976355395, 1895644945, 2354436683, 3896271542, 2759438151, 480831845, 471425925, 1963352043, 4036640756, 1840283157, 4207695273, 3182053123, 3280293803, 1748050748, 3272833721, 3809957726, 3487418983, 480232107, 522311440, 4143757378, 2843247787, 246291732, 4126110151, 3888693870, 4117009731, 2630896299, 2612112123, 3881326568, 16636460, 3382661922, 3508932130, 1731899432, 2299485534, 3539439720, 1891550246, 3919301596, 3776117036, 1580140700, 3974342343, 2630110171, 568842460, 199544387, 596018795, 1084881303, 734225, 3183373145, 2238306808, 3110154389, 899045880, 3529408835, 3380753446, 3209897702, 197766476, 3608170151, 1759878753, 657111316, 1056740840, 119858892, 3398311332, 1998712746, 1329081142, 2987299417, 2726073117, 3011751383, 1196969172, 2213403360, 3810241668, 4289770964, 606004739, 441715326, 2355415500, 3114798371, 655527598, 235064267, 2950280852, 286149272, 673674730, 974673533, 1175162058, 1943346764, 4063574229, 2225666953, 1261938870, 4114678070, 1685726769, 1906637330, 3536148246, 1199586364, 2119493255, 3695417601, 288523640, 2240904486, 2326272607, 3356852521, 3733283631, 1281214696, 1932781714, 1720711488, 2523957534, 1149501335, 2909925778, 3458612910, 2870488791, 2408480928, 3741433726, 804465733, 1154305640, 2855196096, 4017461349, 988848338, 1059496097, 420971674, 564805892, 3859522379, 1036829440, 1596965101, 3442974887, 3820795014, 2806000780, 1520828338, 1780700610, 2398419389, 2576427373, 4187078617, 411102517, 2340328102, 1250778068, 3997808440, 865492077, 155397691, 1949488862, 3901002722, 1220728696, 3154959423, 108779603, 1869693410, 4083833698, 1417998820, 3914604082, 1303422126, 2870977632, 2392154684, 954151809, 232160762, 3923656845, 2972890448, 3748854432, 1413846546, 3647221998, 721583573, 755565064, 2185823706, 918198517, 2794261421, 3541815213, 232775354, 2866621674, 1939225888, 2253761005, 2511613299, 836109530, 1065464164, 3218206428, 4039567365, 983967256, 1395005672, 3226856613, 2397726842, 4146156454, 1162867877, 395868344, 34873580, 1908791950, 1288562736, 879155242, 1356462407, 431468770, 3787780637, 202526406, 2486401307, 758875716, 4060636687, 2023292307, 3136179524, 752748015, 2584929656, 2124664568, 678401410, 2981426021, 2281367677, 4054127109, 542868491, 987670583, 1481055150, 768559349, 1163819225, 1938870072, 3162661979, 1766707722, 4278029744, 3330904641, 3087393136, 3981621783, 734679800, 1555127795, 825440193, 69672460, 1294493389, 982288773, 446913416, 1883922947, 701197603, 394008392, 712335842, 2360041313, 1448268683, 1994429644, 2877299172, 1806149992, 3371146602, 3159996715, 2752082993, 3100341803, 495522710, 2809424442, 804930089, 3634420601, 412729626, 4011999079, 4290858683, 3191796908, 1437891050, 3214651508, 828958414, 2977051769, 1772490160, 880142403, 364843685, 1322350819, 531139035, 1190881108, 56631576, 3583251562, 2897691357, 267364866, 3147088365, 2800497634, 2578043467, 2561133013, 1483908202, 3384155248, 3029972798, 2664929088, 1190918852, 240263383, 2175550875, 4196849920, 2434684209, 1310972563, 1893697908, 2502900641, 907605733, 4137662956, 2137093039, 561529505, 894739676, 1266273764, 723509982, 2692098591, 1486652502, 2801160487, 3078421895, 2389737890, 3948062775, 2433909519, 2072067299, 381225606, 2131822488, 216581288, 2655330318, 2360698719, 605339956, 2426863648, 3559649374, 1380762840, 1442374099, 168310707, 1985784613, 1073055635, 4145711628, 535), None)
Loaded weights: 26.49614749840911, 10.209790453657586, -1.7837976335913621, -5.472603825773016, -7.834705732887361
events: 
  ----
(3, (1214053983, 1135109683, 242503418, 2432850980, 175622550, 1880440468, 4104095449, 174109163, 2543242761, 1558120565, 3028626132, 4214263923, 665558844, 1026280572, 781723346, 1487312214, 2391305987, 3590411530, 2642579030, 452748128, 4244034892, 3400960747, 2153744410, 2757926290, 2830627838, 2321059586, 3079227138, 4219941450, 4143176429, 635135784, 445224268, 751568740, 938762050, 3537676259, 484614888, 1441243868, 2426379472, 3815306499, 1316688345, 2591457676, 1380746289, 4202615457, 35621346, 2541826512, 3469128466, 525642051, 1098643663, 14944053, 2789578728, 3394127572, 382186752, 4092393555, 4019804156, 1789004069, 127810017, 1892601679, 3858878919, 73087973, 3292512562, 225925828, 3223447590, 1697899144, 4197900933, 1211692065, 535688662, 3282974119, 2283433925, 1336299546, 982194881, 2550342485, 2971820588, 2299366951, 694782007, 181263337, 1801349426, 3397769353, 3489429414, 922100674, 3082112768, 2046334735, 142133240, 2396072433, 1603393062, 4249550671, 3863398138, 182749406, 3347553934, 362709569, 1512443482, 2229951160, 785563946, 3690595715, 3191029669, 3410251771, 3965941421, 749715285, 3714350694, 384975037, 1264366831, 4202486199, 4091857966, 4127690111, 364400840, 2846704454, 1218284300, 607301302, 741237407, 3411835978, 3416046188, 1583035887, 2079861635, 2656506801, 3347057109, 178835873, 2654789681, 1002135367, 1765991711, 4227614865, 4054317931, 1487597835, 4183858980, 3102309171, 1994521102, 3594282086, 2457002377, 3331087527, 2884168722, 1943310381, 2776238512, 1122585584, 1692382993, 3280074919, 158765925, 43704598, 2589406839, 1221935828, 1447407993, 3908855920, 3145855055, 60188612, 3618565025, 1078341765, 2293714667, 4013689741, 2634312895, 869497930, 4252853460, 2787794286, 322144073, 2565788707, 825850546, 1786276694, 2093185251, 966460143, 2364045635, 826596448, 2915972563, 2156384338, 3470119806, 2277121525, 1743386673, 3306480531, 986206020, 2939031911, 1569982930, 2353990378, 1438894815, 3365567885, 336024978, 3329707105, 1338696708, 1625930831, 1366285403, 3586928941, 35811965, 1635102609, 720042844, 2903920297, 2407677200, 726760790, 3848137654, 1834841551, 1815233331, 2271739906, 3733019798, 2055330707, 2811663583, 563038612, 3552103063, 239069666, 3727199021, 3630468715, 3617741087, 2418710087, 4212248710, 3393270730, 519955102, 1670122824, 2561301618, 1382327461, 3205880527, 970768132, 4197401014, 2367577465, 1928572676, 2799555865, 1582173105, 3588140098, 631469268, 4068962002, 600449192, 1717748368, 4265634392, 3754868883, 3684946221, 3704427976, 1157169214, 79569077, 4210061080, 2522030509, 3870785934, 4177836532, 2932195485, 1961542535, 321665224, 3812553190, 1361216379, 2401273727, 540661629, 1478992403, 3670678930, 3301213131, 1832977777, 2126048029, 3885021327, 2002844237, 671372254, 3701522438, 2390926895, 369128455, 2351565044, 4104792702, 534092454, 1320012842, 2505328526, 954512836, 4288241842, 42482360, 2971672765, 2684408650, 3486177065, 2242110162, 2744524714, 82394215, 2726174223, 4170661695, 755656884, 1439256969, 116610421, 3187925782, 3356266508, 584318291, 1191874003, 683433055, 394515884, 64799101, 745034838, 2692757981, 3394600927, 3948053212, 4131303876, 1774515314, 1740875558, 997560761, 696559254, 1938383095, 375144352, 484745718, 1149962706, 1351115909, 3324774705, 450364583, 1713775008, 205140255, 3185636034, 342580852, 1280389837, 261006158, 1759640766, 1181323639, 3480656533, 1690304174, 1566495035, 3016504997, 3121046224, 3522085038, 1208259511, 1491758985, 1330717066, 3518497160, 3227650779, 30323436, 730071661, 737846967, 79958855, 3238016808, 3505918169, 3269259092, 291859587, 2898402653, 2667208467, 2151471329, 3835518059, 3631046027, 4200334841, 2245073652, 3409786781, 2685460446, 2133223546, 1085401976, 825551305, 1185140814, 3367274342, 167962475, 37312540, 3355725461, 2120158360, 2069836075, 1921763625, 1978462848, 3477112776, 2104404437, 2972008308, 659262411, 1048512489, 2460124142, 1846571151, 836875089, 4255646942, 1158195172, 2024884582, 2142152331, 2956046886, 1787493417, 4039981725, 621550984, 2725709396, 1549418687, 629815040, 423688818, 3427919113, 424332963, 3685466014, 2731765818, 1571197502, 2485033805, 986722940, 4005028618, 2229580196, 213062930, 3372835448, 2372193801, 351309490, 3814228527, 2167223248, 2917902432, 1121359641, 1886366462, 1343150489, 2033973684, 1389345688, 3047755604, 735118014, 1644939221, 915677722, 3121914236, 1479933086, 3243693762, 3061999411, 2931280732, 331135289, 1059188456, 536112933, 1868963160, 3613388390, 3646424510, 2453083049, 3942941215, 118255659, 2259631021, 3890985980, 4244430054, 2628338044, 1198172915, 1721368272, 3450145349, 374922279, 1944506099, 2545347288, 394694301, 2270690850, 1570569170, 2724446135, 2085662670, 3340090325, 4066257849, 104696584, 2971947336, 4058109597, 597230783, 777882310, 438843657, 2619900630, 1227946834, 1371551338, 3257797687, 384895179, 2937688554, 36059879, 3422043090, 2618867601, 1318867164, 1921471807, 760471797, 128499162, 3514217741, 3212103391, 1557059506, 414000434, 2465151282, 3556588444, 2161313402, 2066591314, 2117328105, 1983227741, 3124503732, 3749790807, 2015927249, 513746004, 349983732, 636743457, 3820393970, 2382397650, 1744560058, 574575249, 1356052513, 3443080719, 1519810392, 4242216768, 415981488, 2641870582, 1121304149, 162856046, 3211146661, 2615689544, 3356634921, 2724271058, 1891085437, 2659447297, 1174362323, 3850181550, 2737403607, 1665094985, 4222784625, 191788174, 602341227, 3915494549, 654805808, 1020522839, 441801997, 3649927227, 3525877054, 1211409313, 1808065940, 3073677029, 1196235245, 374967467, 3025034202, 2424360933, 4141485246, 2659535739, 841490159, 2677119292, 2726730338, 1083839901, 844720452, 353823580, 3287112923, 1269139399, 4081997685, 798487986, 1692904728, 797173890, 937175545, 3890626183, 2261730631, 313549944, 1532091967, 3343062389, 341262177, 3417481784, 373235179, 159604038, 1529415727, 3365974739, 3052888978, 2119229813, 3052648216, 1528959264, 3861542740, 3539471807, 3603927287, 2680599388, 3549091818, 1000214306, 617273527, 1152367720, 1474279701, 639137679, 1187377946, 2883203177, 242130456, 2824362161, 3356852364, 754255148, 2294876925, 948898776, 563572064, 3161825463, 1513725794, 2796172051, 2384224465, 327972004, 1246055743, 3647109623, 128913547, 4124321796, 4031867542, 2602839408, 3300600554, 3229947699, 959849077, 4258148975, 2404031874, 244542752, 274199224, 2444123861, 4025700957, 3947113412, 926439327, 3675266133, 825166377, 2164695024, 1006820894, 2118489005, 2715282639, 4106631859, 2796879718, 2055424610, 2237920292, 989639392, 2439568494, 435692911, 2368384762, 2526866927, 126893188, 4002275648, 3904030465, 2090925744, 316141115, 1629719758, 1387842257, 637598171, 2933959770, 3240077659, 1082449524, 538581522, 3301368272, 2801302825, 2768832051, 1826077831, 3537394480, 3100563229, 1817515590, 3954925855, 1384748063, 1495157886, 2350540904, 2292458061, 1235844626, 3209809857, 2644091389, 2084015692, 3634389480, 1553195263, 3709418132, 3273854839, 3832409750, 4030850523, 3042238251, 2773270716, 1383220442, 1562664067, 3365799040, 817456411, 1690012577, 816666105, 1725896313, 3290820430, 3308109519, 4038968414, 1407176760, 152973543, 3705720974, 3658681873, 1814758611, 3031682919, 906304632, 3488386540, 2493118608, 1055039772, 1881177313, 1630633932, 2877166551, 173), None)
Loaded weights: 28.911569252219603, 10.209790453657586, -1.7837976335913621, -5.472603825773016, -7.7735596973658545
events: 
  ----
(3, (1214053983, 1135109683, 242503418, 2432850980, 175622550, 1880440468, 4104095449, 174109163, 2543242761, 1558120565, 3028626132, 4214263923, 665558844, 1026280572, 781723346, 1487312214, 2391305987, 3590411530, 2642579030, 452748128, 4244034892, 3400960747, 2153744410, 2757926290, 2830627838, 2321059586, 3079227138, 4219941450, 4143176429, 635135784, 445224268, 751568740, 938762050, 3537676259, 484614888, 1441243868, 2426379472, 3815306499, 1316688345, 2591457676, 1380746289, 4202615457, 35621346, 2541826512, 3469128466, 525642051, 1098643663, 14944053, 2789578728, 3394127572, 382186752, 4092393555, 4019804156, 1789004069, 127810017, 1892601679, 3858878919, 73087973, 3292512562, 225925828, 3223447590, 1697899144, 4197900933, 1211692065, 535688662, 3282974119, 2283433925, 1336299546, 982194881, 2550342485, 2971820588, 2299366951, 694782007, 181263337, 1801349426, 3397769353, 3489429414, 922100674, 3082112768, 2046334735, 142133240, 2396072433, 1603393062, 4249550671, 3863398138, 182749406, 3347553934, 362709569, 1512443482, 2229951160, 785563946, 3690595715, 3191029669, 3410251771, 3965941421, 749715285, 3714350694, 384975037, 1264366831, 4202486199, 4091857966, 4127690111, 364400840, 2846704454, 1218284300, 607301302, 741237407, 3411835978, 3416046188, 1583035887, 2079861635, 2656506801, 3347057109, 178835873, 2654789681, 1002135367, 1765991711, 4227614865, 4054317931, 1487597835, 4183858980, 3102309171, 1994521102, 3594282086, 2457002377, 3331087527, 2884168722, 1943310381, 2776238512, 1122585584, 1692382993, 3280074919, 158765925, 43704598, 2589406839, 1221935828, 1447407993, 3908855920, 3145855055, 60188612, 3618565025, 1078341765, 2293714667, 4013689741, 2634312895, 869497930, 4252853460, 2787794286, 322144073, 2565788707, 825850546, 1786276694, 2093185251, 966460143, 2364045635, 826596448, 2915972563, 2156384338, 3470119806, 2277121525, 1743386673, 3306480531, 986206020, 2939031911, 1569982930, 2353990378, 1438894815, 3365567885, 336024978, 3329707105, 1338696708, 1625930831, 1366285403, 3586928941, 35811965, 1635102609, 720042844, 2903920297, 2407677200, 726760790, 3848137654, 1834841551, 1815233331, 2271739906, 3733019798, 2055330707, 2811663583, 563038612, 3552103063, 239069666, 3727199021, 3630468715, 3617741087, 2418710087, 4212248710, 3393270730, 519955102, 1670122824, 2561301618, 1382327461, 3205880527, 970768132, 4197401014, 2367577465, 1928572676, 2799555865, 1582173105, 3588140098, 631469268, 4068962002, 600449192, 1717748368, 4265634392, 3754868883, 3684946221, 3704427976, 1157169214, 79569077, 4210061080, 2522030509, 3870785934, 4177836532, 2932195485, 1961542535, 321665224, 3812553190, 1361216379, 2401273727, 540661629, 1478992403, 3670678930, 3301213131, 1832977777, 2126048029, 3885021327, 2002844237, 671372254, 3701522438, 2390926895, 369128455, 2351565044, 4104792702, 534092454, 1320012842, 2505328526, 954512836, 4288241842, 42482360, 2971672765, 2684408650, 3486177065, 2242110162, 2744524714, 82394215, 2726174223, 4170661695, 755656884, 1439256969, 116610421, 3187925782, 3356266508, 584318291, 1191874003, 683433055, 394515884, 64799101, 745034838, 2692757981, 3394600927, 3948053212, 4131303876, 1774515314, 1740875558, 997560761, 696559254, 1938383095, 375144352, 484745718, 1149962706, 1351115909, 3324774705, 450364583, 1713775008, 205140255, 3185636034, 342580852, 1280389837, 261006158, 1759640766, 1181323639, 3480656533, 1690304174, 1566495035, 3016504997, 3121046224, 3522085038, 1208259511, 1491758985, 1330717066, 3518497160, 3227650779, 30323436, 730071661, 737846967, 79958855, 3238016808, 3505918169, 3269259092, 291859587, 2898402653, 2667208467, 2151471329, 3835518059, 3631046027, 4200334841, 2245073652, 3409786781, 2685460446, 2133223546, 1085401976, 825551305, 1185140814, 3367274342, 167962475, 37312540, 3355725461, 2120158360, 2069836075, 1921763625, 1978462848, 3477112776, 2104404437, 2972008308, 659262411, 1048512489, 2460124142, 1846571151, 836875089, 4255646942, 1158195172, 2024884582, 2142152331, 2956046886, 1787493417, 4039981725, 621550984, 2725709396, 1549418687, 629815040, 423688818, 3427919113, 424332963, 3685466014, 2731765818, 1571197502, 2485033805, 986722940, 4005028618, 2229580196, 213062930, 3372835448, 2372193801, 351309490, 3814228527, 2167223248, 2917902432, 1121359641, 1886366462, 1343150489, 2033973684, 1389345688, 3047755604, 735118014, 1644939221, 915677722, 3121914236, 1479933086, 3243693762, 3061999411, 2931280732, 331135289, 1059188456, 536112933, 1868963160, 3613388390, 3646424510, 2453083049, 3942941215, 118255659, 2259631021, 3890985980, 4244430054, 2628338044, 1198172915, 1721368272, 3450145349, 374922279, 1944506099, 2545347288, 394694301, 2270690850, 1570569170, 2724446135, 2085662670, 3340090325, 4066257849, 104696584, 2971947336, 4058109597, 597230783, 777882310, 438843657, 2619900630, 1227946834, 1371551338, 3257797687, 384895179, 2937688554, 36059879, 3422043090, 2618867601, 1318867164, 1921471807, 760471797, 128499162, 3514217741, 3212103391, 1557059506, 414000434, 2465151282, 3556588444, 2161313402, 2066591314, 2117328105, 1983227741, 3124503732, 3749790807, 2015927249, 513746004, 349983732, 636743457, 3820393970, 2382397650, 1744560058, 574575249, 1356052513, 3443080719, 1519810392, 4242216768, 415981488, 2641870582, 1121304149, 162856046, 3211146661, 2615689544, 3356634921, 2724271058, 1891085437, 2659447297, 1174362323, 3850181550, 2737403607, 1665094985, 4222784625, 191788174, 602341227, 3915494549, 654805808, 1020522839, 441801997, 3649927227, 3525877054, 1211409313, 1808065940, 3073677029, 1196235245, 374967467, 3025034202, 2424360933, 4141485246, 2659535739, 841490159, 2677119292, 2726730338, 1083839901, 844720452, 353823580, 3287112923, 1269139399, 4081997685, 798487986, 1692904728, 797173890, 937175545, 3890626183, 2261730631, 313549944, 1532091967, 3343062389, 341262177, 3417481784, 373235179, 159604038, 1529415727, 3365974739, 3052888978, 2119229813, 3052648216, 1528959264, 3861542740, 3539471807, 3603927287, 2680599388, 3549091818, 1000214306, 617273527, 1152367720, 1474279701, 639137679, 1187377946, 2883203177, 242130456, 2824362161, 3356852364, 754255148, 2294876925, 948898776, 563572064, 3161825463, 1513725794, 2796172051, 2384224465, 327972004, 1246055743, 3647109623, 128913547, 4124321796, 4031867542, 2602839408, 3300600554, 3229947699, 959849077, 4258148975, 2404031874, 244542752, 274199224, 2444123861, 4025700957, 3947113412, 926439327, 3675266133, 825166377, 2164695024, 1006820894, 2118489005, 2715282639, 4106631859, 2796879718, 2055424610, 2237920292, 989639392, 2439568494, 435692911, 2368384762, 2526866927, 126893188, 4002275648, 3904030465, 2090925744, 316141115, 1629719758, 1387842257, 637598171, 2933959770, 3240077659, 1082449524, 538581522, 3301368272, 2801302825, 2768832051, 1826077831, 3537394480, 3100563229, 1817515590, 3954925855, 1384748063, 1495157886, 2350540904, 2292458061, 1235844626, 3209809857, 2644091389, 2084015692, 3634389480, 1553195263, 3709418132, 3273854839, 3832409750, 4030850523, 3042238251, 2773270716, 1383220442, 1562664067, 3365799040, 817456411, 1690012577, 816666105, 1725896313, 3290820430, 3308109519, 4038968414, 1407176760, 152973543, 3705720974, 3658681873, 1814758611, 3031682919, 906304632, 3488386540, 2493118608, 1055039772, 1881177313, 1630633932, 2877166551, 317), None)
Loaded weights: 29.212694936174213, 10.649018217081418, -1.7837976335913621, -5.472603825773016, -10.472603825773016
events: 
  ----
(3, (3941485264, 50729791, 3128389433, 3345156841, 2466545916, 3970725399, 1961613346, 442558259, 1580924719, 2016677985, 232381038, 2653576044, 482954833, 3493051932, 1971283077, 771629568, 1743424871, 3219133034, 3813651209, 1922349344, 1788234025, 637010716, 8563475, 1599149303, 3509764302, 2928795906, 2909512262, 3257593400, 1024260670, 2117983293, 662621827, 1731450316, 3083258951, 3408059341, 2028533890, 866330340, 2269402558, 981868507, 1179537837, 281909928, 576118011, 3472135728, 1191120171, 2087184198, 1489443104, 3511035540, 3405038647, 1888124106, 1338963931, 2572941806, 3503493396, 2805366196, 2357869061, 217588301, 3738424280, 4134869543, 4214511391, 2189303512, 491936280, 1677260975, 3190977342, 40099830, 1898772066, 2861253707, 2511307580, 1893079956, 861114294, 2886621887, 1955998541, 1472789272, 553649595, 991912894, 194729166, 2938949889, 3621487299, 2647739007, 3109300087, 1317731369, 4030911215, 1870628833, 1910046813, 2771041321, 3194507070, 3587850197, 1397891766, 3124932933, 3189607430, 3593737280, 3174056897, 3304003162, 1207357546, 3408007392, 3872204613, 2719690770, 3348837574, 2607760810, 3239873259, 971305100, 1605057646, 2737765969, 1141592775, 1180342330, 3727968592, 2697404347, 589931136, 3888690912, 2900653214, 2961565705, 3543709848, 3407712979, 1287238504, 609912012, 3514267651, 3111383387, 3365494203, 2881470519, 1202249984, 2572972639, 1819499437, 3078658817, 3393391955, 2607852992, 744181622, 2053046370, 1912714196, 3139123061, 2587970730, 3974705975, 4280520674, 4280550070, 182956193, 1884661170, 4245411801, 4016031182, 3271584669, 438424616, 904014640, 1322458763, 4095704638, 1537425254, 3584921813, 2181924943, 246969090, 327737270, 2588598125, 3821697938, 1034762799, 18976657, 4130313994, 3919740605, 2448618854, 1571309422, 1652245418, 160550885, 3203324996, 4074951741, 2356423311, 784116011, 725802199, 1126461109, 646704779, 3934433323, 2600505309, 1213941913, 321275950, 1845720395, 3767212098, 1183979768, 3236033069, 2728169468, 1485186134, 1442330210, 3182720379, 739589536, 3589688051, 1506741930, 2158060198, 3676059619, 474868650, 3026007834, 2311137449, 1894787512, 1501217289, 3475031771, 1597309309, 2523990703, 2866407231, 3704126063, 178100614, 1828069141, 1195254976, 2951154080, 780789278, 1176622512, 1852305168, 44126167, 3014851074, 3327108417, 1144882131, 2351988021, 1608072267, 3438866722, 1659627433, 4121127816, 958928614, 597964950, 1890713796, 1805276239, 1548879735, 678211678, 2346600740, 3130179626, 1492014145, 1658854490, 3717529404, 628226584, 3130346513, 1330135498, 3559959983, 2820070612, 3658598745, 2499222332, 1233102605, 1608599729, 213414925, 3667413070, 1035131770, 1423056622, 698541225, 2824019048, 3091250568, 942957072, 3258423757, 199449508, 1653647227, 2794498109, 4029889726, 813154355, 464681450, 2659552029, 1644999831, 3957070754, 473957691, 3368165628, 3289185284, 3485448972, 4157043990, 3651607630, 2271552153, 4235689909, 3594259438, 2759814860, 3365867259, 1872875299, 2623598088, 4196811098, 2268235258, 3447042637, 668115506, 3653350832, 1676043190, 3714233165, 3827433869, 4028170468, 1206178831, 3666009464, 4195695321, 3491460406, 3416170757, 2327981415, 1464139242, 2146503125, 1954038815, 3546329034, 181226435, 822748394, 2482811734, 2796987446, 4022068135, 2006160360, 777744811, 730531996, 1627214537, 2729443226, 28374481, 3164076636, 1463227490, 3517921722, 1217070093, 2368942978, 3556516141, 2258990586, 2933557869, 541504884, 4193660173, 2438945440, 3925748655, 3196186698, 2919496504, 4003235179, 2617065154, 849752648, 122442840, 1885228796, 2138973370, 366170273, 4021261295, 878630585, 3370548699, 37235271, 143950678, 3368674326, 2371939713, 943200555, 2183696070, 2469406568, 1471019382, 1843201088, 2944675282, 1709355244, 4076804336, 2733300898, 2397433686, 3131882377, 1188624363, 1788909135, 2702443139, 358894612, 983124980, 928411651, 2752901910, 3497580923, 1790370022, 737743337, 358904517, 857117189, 1768683724, 4277764004, 3643257623, 3382591077, 2680786058, 2130128224, 2230350593, 3572018370, 1925319601, 3954601373, 3796936902, 99249314, 65001975, 2545367308, 4241687857, 4024925594, 3771788900, 2385746491, 196761350, 3021033547, 2242339459, 799935077, 3414732342, 32953193, 155768245, 3561898396, 454963011, 172371843, 1306651776, 2248405675, 290552596, 1847126247, 1061076351, 996772354, 1868164660, 1548624950, 3933302922, 2178895781, 4221953033, 2727393333, 317859789, 1531335913, 1539406784, 1315923318, 3275496471, 1049938397, 2476782038, 2095481273, 874789755, 792141719, 430047986, 3332046738, 595719878, 3915370581, 2294158778, 1080451606, 3602544844, 4182247585, 1549367267, 1892425093, 2152664185, 3610869742, 2735033085, 113669615, 730192212, 3426352472, 204036570, 313707382, 160161246, 339090363, 89111417, 524276282, 4140367314, 2160039126, 4077289692, 1208399102, 3463181193, 4187505766, 2123929675, 2835962297, 1195918271, 2964251670, 719992069, 3288864736, 532775880, 1010089045, 103360730, 4253521499, 2508651733, 758495097, 2249075499, 1410657754, 611030031, 997144410, 1062156877, 1471559579, 1968023559, 1397586315, 3409664929, 1487874066, 3759631857, 2858187863, 833993428, 4045992216, 4239065719, 224192081, 1614173900, 2711952791, 1741172269, 2400117217, 1476709545, 134522321, 1619038349, 1024300918, 1141911737, 1688736027, 1752691524, 568586394, 4024513203, 3633772587, 3237992156, 4274234422, 3040434653, 262819997, 3223689056, 3899789224, 3876541080, 1624169189, 2840899693, 656808359, 2546900194, 1186240515, 1237015548, 1899967309, 3577339992, 3329221090, 2214768420, 315522625, 1764208643, 739967189, 1884757563, 4066250458, 98431702, 3382426275, 237169600, 4110961805, 2940992318, 1026189146, 612356579, 3451172786, 2506361570, 3271118822, 1447722250, 2519810211, 2826179147, 264831166, 2976688599, 1944548801, 2360297864, 2458983978, 380173229, 2613805994, 635535280, 4044859086, 3936846652, 775851115, 773305301, 888860349, 4256240296, 995683841, 2354901398, 41034291, 3427844782, 3591067788, 3841913491, 2108156626, 704946080, 252398206, 4113913260, 994520563, 654212299, 2945490710, 4265903542, 3942708153, 3128078443, 1876347339, 697246529, 3855476119, 1107321395, 3919741538, 3998428211, 1836644113, 2605302519, 595451901, 1651550095, 943703216, 2081693772, 1937240769, 1010038978, 4016714262, 3227575714, 1126343605, 1740540901, 1471673776, 3848455395, 898351080, 2829091889, 2305592571, 290806655, 697305321, 786505810, 886908318, 929765600, 823958345, 3919767795, 2077932360, 1292229416, 4265903597, 1015417936, 1644510153, 3116532732, 691801058, 1311786974, 1769004826, 1732777294, 86226985, 2668965933, 1734288405, 1631997884, 3627899682, 2825643228, 4230187507, 3290209333, 2733204610, 4154678730, 70014563, 2305213129, 2771040353, 4222801236, 678102873, 3604377120, 3227373662, 1689365295, 1837768968, 287397761, 964204178, 3604192379, 287955289, 1784506299, 1727889687, 147476736, 2130080416, 798671418, 1832439548, 991237976, 2637218179, 1260703668, 3301421713, 4012340256, 2551854751, 3624188020, 879006968, 2774407336, 1785672568, 3866220822, 4044088341, 150429973, 1087962983, 1080844648, 50732991, 738143515, 1842271766, 478844842, 3655626857, 1088855955, 3386124574, 3443529290, 3053418250, 1779780498, 1810995134, 4274974604, 1809801055, 3355162299, 2785462288, 2508071260, 4066941620, 3858161980, 4114098449, 104), None)
Loaded weights: 31.39189708406624, 14.351151880000463, -1.7837976335913621, -5.472603825773016, -7.805743538568526
events: 
  ----
(3, (3941485264, 50729791, 3128389433, 3345156841, 2466545916, 3970725399, 1961613346, 442558259, 1580924719, 2016677985, 232381038, 2653576044, 482954833, 3493051932, 1971283077, 771629568, 1743424871, 3219133034, 3813651209, 1922349344, 1788234025, 637010716, 8563475, 1599149303, 3509764302, 2928795906, 2909512262, 3257593400, 1024260670, 2117983293, 662621827, 1731450316, 3083258951, 3408059341, 2028533890, 866330340, 2269402558, 981868507, 1179537837, 281909928, 576118011, 3472135728, 1191120171, 2087184198, 1489443104, 3511035540, 3405038647, 1888124106, 1338963931, 2572941806, 3503493396, 2805366196, 2357869061, 217588301, 3738424280, 4134869543, 4214511391, 2189303512, 491936280, 1677260975, 3190977342, 40099830, 1898772066, 2861253707, 2511307580, 1893079956, 861114294, 2886621887, 1955998541, 1472789272, 553649595, 991912894, 194729166, 2938949889, 3621487299, 2647739007, 3109300087, 1317731369, 4030911215, 1870628833, 1910046813, 2771041321, 3194507070, 3587850197, 1397891766, 3124932933, 3189607430, 3593737280, 3174056897, 3304003162, 1207357546, 3408007392, 3872204613, 2719690770, 3348837574, 2607760810, 3239873259, 971305100, 1605057646, 2737765969, 1141592775, 1180342330, 3727968592, 2697404347, 589931136, 3888690912, 2900653214, 2961565705, 3543709848, 3407712979, 1287238504, 609912012, 3514267651, 3111383387, 3365494203, 2881470519, 1202249984, 2572972639, 1819499437, 3078658817, 3393391955, 2607852992, 744181622, 2053046370, 1912714196, 3139123061, 2587970730, 3974705975, 4280520674, 4280550070, 182956193, 1884661170, 4245411801, 4016031182, 3271584669, 438424616, 904014640, 1322458763, 4095704638, 1537425254, 3584921813, 2181924943, 246969090, 327737270, 2588598125, 3821697938, 1034762799, 18976657, 4130313994, 3919740605, 2448618854, 1571309422, 1652245418, 160550885, 3203324996, 4074951741, 2356423311, 784116011, 725802199, 1126461109, 646704779, 3934433323, 2600505309, 1213941913, 321275950, 1845720395, 3767212098, 1183979768, 3236033069, 2728169468, 1485186134, 1442330210, 3182720379, 739589536, 3589688051, 1506741930, 2158060198, 3676059619, 474868650, 3026007834, 2311137449, 1894787512, 1501217289, 3475031771, 1597309309, 2523990703, 2866407231, 3704126063, 178100614, 1828069141, 1195254976, 2951154080, 780789278, 1176622512, 1852305168, 44126167, 3014851074, 3327108417, 1144882131, 2351988021, 1608072267, 3438866722, 1659627433, 4121127816, 958928614, 597964950, 1890713796, 1805276239, 1548879735, 678211678, 2346600740, 3130179626, 1492014145, 1658854490, 3717529404, 628226584, 3130346513, 1330135498, 3559959983, 2820070612, 3658598745, 2499222332, 1233102605, 1608599729, 213414925, 3667413070, 1035131770, 1423056622, 698541225, 2824019048, 3091250568, 942957072, 3258423757, 199449508, 1653647227, 2794498109, 4029889726, 813154355, 464681450, 2659552029, 1644999831, 3957070754, 473957691, 3368165628, 3289185284, 3485448972, 4157043990, 3651607630, 2271552153, 4235689909, 3594259438, 2759814860, 3365867259, 1872875299, 2623598088, 4196811098, 2268235258, 3447042637, 668115506, 3653350832, 1676043190, 3714233165, 3827433869, 4028170468, 1206178831, 3666009464, 4195695321, 3491460406, 3416170757, 2327981415, 1464139242, 2146503125, 1954038815, 3546329034, 181226435, 822748394, 2482811734, 2796987446, 4022068135, 2006160360, 777744811, 730531996, 1627214537, 2729443226, 28374481, 3164076636, 1463227490, 3517921722, 1217070093, 2368942978, 3556516141, 2258990586, 2933557869, 541504884, 4193660173, 2438945440, 3925748655, 3196186698, 2919496504, 4003235179, 2617065154, 849752648, 122442840, 1885228796, 2138973370, 366170273, 4021261295, 878630585, 3370548699, 37235271, 143950678, 3368674326, 2371939713, 943200555, 2183696070, 2469406568, 1471019382, 1843201088, 2944675282, 1709355244, 4076804336, 2733300898, 2397433686, 3131882377, 1188624363, 1788909135, 2702443139, 358894612, 983124980, 928411651, 2752901910, 3497580923, 1790370022, 737743337, 358904517, 857117189, 1768683724, 4277764004, 3643257623, 3382591077, 2680786058, 2130128224, 2230350593, 3572018370, 1925319601, 3954601373, 3796936902, 99249314, 65001975, 2545367308, 4241687857, 4024925594, 3771788900, 2385746491, 196761350, 3021033547, 2242339459, 799935077, 3414732342, 32953193, 155768245, 3561898396, 454963011, 172371843, 1306651776, 2248405675, 290552596, 1847126247, 1061076351, 996772354, 1868164660, 1548624950, 3933302922, 2178895781, 4221953033, 2727393333, 317859789, 1531335913, 1539406784, 1315923318, 3275496471, 1049938397, 2476782038, 2095481273, 874789755, 792141719, 430047986, 3332046738, 595719878, 3915370581, 2294158778, 1080451606, 3602544844, 4182247585, 1549367267, 1892425093, 2152664185, 3610869742, 2735033085, 113669615, 730192212, 3426352472, 204036570, 313707382, 160161246, 339090363, 89111417, 524276282, 4140367314, 2160039126, 4077289692, 1208399102, 3463181193, 4187505766, 2123929675, 2835962297, 1195918271, 2964251670, 719992069, 3288864736, 532775880, 1010089045, 103360730, 4253521499, 2508651733, 758495097, 2249075499, 1410657754, 611030031, 997144410, 1062156877, 1471559579, 1968023559, 1397586315, 3409664929, 1487874066, 3759631857, 2858187863, 833993428, 4045992216, 4239065719, 224192081, 1614173900, 2711952791, 1741172269, 2400117217, 1476709545, 134522321, 1619038349, 1024300918, 1141911737, 1688736027, 1752691524, 568586394, 4024513203, 3633772587, 3237992156, 4274234422, 3040434653, 262819997, 3223689056, 3899789224, 3876541080, 1624169189, 2840899693, 656808359, 2546900194, 1186240515, 1237015548, 1899967309, 3577339992, 3329221090, 2214768420, 315522625, 1764208643, 739967189, 1884757563, 4066250458, 98431702, 3382426275, 237169600, 4110961805, 2940992318, 1026189146, 612356579, 3451172786, 2506361570, 3271118822, 1447722250, 2519810211, 2826179147, 264831166, 2976688599, 1944548801, 2360297864, 2458983978, 380173229, 2613805994, 635535280, 4044859086, 3936846652, 775851115, 773305301, 888860349, 4256240296, 995683841, 2354901398, 41034291, 3427844782, 3591067788, 3841913491, 2108156626, 704946080, 252398206, 4113913260, 994520563, 654212299, 2945490710, 4265903542, 3942708153, 3128078443, 1876347339, 697246529, 3855476119, 1107321395, 3919741538, 3998428211, 1836644113, 2605302519, 595451901, 1651550095, 943703216, 2081693772, 1937240769, 1010038978, 4016714262, 3227575714, 1126343605, 1740540901, 1471673776, 3848455395, 898351080, 2829091889, 2305592571, 290806655, 697305321, 786505810, 886908318, 929765600, 823958345, 3919767795, 2077932360, 1292229416, 4265903597, 1015417936, 1644510153, 3116532732, 691801058, 1311786974, 1769004826, 1732777294, 86226985, 2668965933, 1734288405, 1631997884, 3627899682, 2825643228, 4230187507, 3290209333, 2733204610, 4154678730, 70014563, 2305213129, 2771040353, 4222801236, 678102873, 3604377120, 3227373662, 1689365295, 1837768968, 287397761, 964204178, 3604192379, 287955289, 1784506299, 1727889687, 147476736, 2130080416, 798671418, 1832439548, 991237976, 2637218179, 1260703668, 3301421713, 4012340256, 2551854751, 3624188020, 879006968, 2774407336, 1785672568, 3866220822, 4044088341, 150429973, 1087962983, 1080844648, 50732991, 738143515, 1842271766, 478844842, 3655626857, 1088855955, 3386124574, 3443529290, 3053418250, 1779780498, 1810995134, 4274974604, 1809801055, 3355162299, 2785462288, 2508071260, 4066941620, 3858161980, 4114098449, 252), None)
Loaded weights: 31.769015489800747, 15.593931391337168, -1.7837976335913621, -5.472603825773016, -10.472603825773016
events: 
  ----
(3, (1095991023, 372162756, 3842763231, 2441350700, 653516678, 2793232426, 3652282686, 261221835, 1958277281, 2473451193, 1910307849, 2559268771, 3108578169, 848961260, 3531593562, 584683308, 4114060116, 1753822263, 1638966872, 4072084412, 3972629764, 4042607238, 2332535348, 3067872172, 2964667947, 4181931970, 1071522297, 3731183225, 3301724648, 2629247801, 54803376, 761390829, 2740695974, 767469643, 3723474094, 1100944016, 695483951, 1409821668, 2147725226, 4277471913, 549419775, 2000251619, 1845192739, 260498282, 3221312452, 1815334438, 1616992167, 3637968877, 1157487270, 3170735233, 1372242659, 3126372838, 1080587932, 3287006369, 389111101, 267530865, 527314666, 583244707, 2156749358, 628832732, 941939841, 1929423236, 1090055334, 92839387, 4854866, 759961503, 3863531282, 852799764, 498129664, 71010108, 3434499785, 866371693, 2452835542, 764712660, 2043926089, 3444312826, 3353918228, 1196280501, 1677600950, 818486395, 3800652165, 2529868632, 1947914309, 1967804559, 3140177719, 1223630102, 3272196219, 3181816254, 3896003625, 2222531943, 4232405625, 716675190, 405314800, 779753780, 2691158868, 3434945972, 1029074107, 501561662, 2255431890, 1513110123, 835791556, 3891602565, 311195555, 491794164, 358459255, 2402643466, 830369051, 632206592, 3548059651, 904292059, 2938089982, 894862592, 3276784504, 2910508131, 509649197, 3609200951, 2726746831, 917413080, 1166780631, 1414395455, 2744878311, 1790332494, 2669413926, 1929800557, 935639283, 4212756485, 3582557211, 1250137203, 48775197, 415746248, 3076862184, 2283501381, 2330144631, 2382616343, 792023863, 3297380496, 2837598386, 2603748195, 611850194, 1500717923, 3327635322, 1879227046, 652457337, 4271592244, 1261557224, 807103227, 2597724489, 2282369184, 984356534, 594241998, 231533808, 2328596242, 4292723403, 2473186706, 2342282019, 255665230, 2971522963, 3949105831, 1680210170, 2612247214, 2415360687, 3743765101, 103129938, 1134985536, 2293056240, 220171508, 1323660683, 3095761875, 578063004, 1199281618, 1805189757, 4010538538, 2608052578, 2527701993, 2837611089, 741162981, 1555607653, 1960393876, 591154472, 3134461134, 867809890, 3946640723, 1529048361, 2324593568, 937481936, 512746536, 4137707677, 1501771457, 1517053090, 41393177, 1916268184, 74341344, 1959683238, 1834708913, 3759514122, 2937601332, 1056465326, 176037541, 546894234, 3038869050, 877633972, 1202035934, 1527590961, 1926316049, 3917548063, 1724352232, 3496818593, 1874161496, 66886187, 915277309, 423835159, 3207201474, 3546354585, 1819789683, 3066995326, 2771209902, 283522102, 3679157350, 2589717296, 4288166636, 3254326032, 3358517829, 42634579, 1059920866, 2726405021, 2888452941, 4103123402, 3955039585, 2817377616, 863709581, 2403975850, 2260511238, 2013856210, 2945323766, 1139298672, 3697426028, 22385310, 2702360794, 4100049646, 333225303, 2788393654, 1122439469, 4278311935, 4093706203, 3517994958, 3795717215, 1872954899, 2918374713, 2753502541, 608243982, 370174370, 2978109659, 3078878901, 3106896722, 2745056165, 1123201093, 361091875, 3843582921, 2636138255, 3176520836, 1779484196, 1021272368, 2810192569, 3234273284, 2483928283, 1891947384, 598600874, 344945490, 4070631806, 1005742657, 94743080, 1363837421, 2423825701, 1769219205, 1582465761, 3989069299, 3752094339, 1150634460, 2508214776, 3674603833, 3466447681, 2266481660, 1424920025, 1354903659, 797912393, 3953354014, 2348284063, 2810436427, 4291406393, 2616464182, 2341654802, 2545913636, 2551973453, 3238102624, 1142755416, 3860888777, 2017731823, 1608396554, 2256780025, 843409509, 2230441397, 755505575, 3215916464, 1889412956, 1056020124, 2044460997, 505081352, 3043701732, 465007786, 1389500384, 1402676605, 4258332259, 2448396657, 428709624, 3803416716, 1363149117, 1094683340, 1773035808, 1314444336, 3595369726, 3297677193, 1100530328, 3470752578, 1081444732, 3074385893, 2734932756, 2957998730, 2371589211, 582698996, 3809301052, 3131052281, 258912942, 1114522903, 338889111, 893221019, 1473548750, 767767159, 59016970, 3150015480, 2517510365, 3041560525, 137727664, 155661250, 4195659544, 3130031825, 880567811, 1608765056, 2292505153, 2707608413, 2526821585, 3683021751, 1710367500, 2775120237, 2534547532, 2993433602, 2933168330, 904180799, 2521310630, 1878088857, 3623239357, 3022241753, 128540829, 102137250, 2420866675, 2779847365, 720888071, 1437323424, 3675434135, 1575750999, 3350386755, 3569549880, 3800490411, 2790817168, 1597657568, 2199116455, 4229623185, 2477495886, 1096669836, 1101147755, 789307711, 2470619705, 817393976, 199839823, 1705738494, 1566764503, 2852206100, 778795688, 4094439586, 3589389732, 301682097, 2988409351, 1857264201, 263549895, 2660733880, 1216656992, 3713236856, 4142585815, 70784122, 1068812476, 1248840137, 371994023, 345633298, 3464453365, 583856256, 2617081554, 2412838998, 2526174132, 2167034637, 1815817192, 3728004080, 3236319534, 1228454828, 3848194569, 131273779, 2727341760, 1916785105, 2204647450, 3309872331, 2571733694, 3701374814, 1140000584, 2730033614, 3312723731, 1077575932, 1769062188, 3909396585, 3449551848, 3066679691, 1652026386, 430187751, 1813897884, 1968646405, 3165944730, 4209630265, 1740829572, 608066204, 3141159080, 3011278894, 2774628719, 3489817587, 2274350052, 1220276611, 1340064322, 4199258117, 2993870224, 3382146607, 3629284126, 1995090093, 1992686088, 3646022988, 1539820589, 2710732352, 3204365422, 929941427, 833145921, 534332293, 2910032403, 2873502945, 4179643111, 2661619694, 2704385142, 4036707361, 714057282, 1976493313, 329893807, 2201993883, 3235353284, 3562551174, 1209642281, 875035654, 1989973158, 2867069133, 2277507124, 257813229, 890802773, 408260619, 3662628460, 3518383675, 2573836662, 1458319791, 419694931, 3583588822, 1558169096, 1744682711, 1334015302, 734371049, 4095803158, 459518663, 2607593671, 3102327838, 3343222298, 292674535, 2460999560, 3357989777, 2611430527, 4132166096, 3224718143, 1640727480, 1437713636, 3614342793, 1483136257, 2917141356, 2732253357, 2258953657, 723330227, 1895050277, 3659247220, 2256622720, 3266192643, 954705684, 2544950729, 3614148576, 3782209253, 1006104741, 2362905132, 1016435977, 1065878791, 816010615, 721086823, 80138866, 1028226910, 948522342, 333400923, 2151521252, 1236464616, 2568173921, 3170094914, 490334801, 1866841963, 2711864832, 2872332828, 328823415, 1460984822, 782254606, 2397149324, 4128029293, 3008868605, 1825730287, 824441705, 3233956517, 3157713928, 2095474742, 2030862191, 3069066792, 318343780, 3578399618, 1855097280, 3406840708, 568557640, 3660205462, 336527492, 2967700549, 4173597161, 2593171062, 2302560982, 4286535133, 3210735900, 1118142022, 2386217572, 2131119250, 3439314268, 1146596175, 2028736020, 3017892034, 3530716730, 2330416650, 1248351279, 2947459259, 258710400, 59523160, 2017467942, 3240658187, 1346987189, 1072862549, 3755984401, 3103530210, 3031226209, 4222651041, 987301817, 2939884489, 179800257, 1707833151, 142666182, 1271382240, 2650967683, 837106179, 379528176, 465107535, 987983467, 3883391171, 1629955470, 2744365128, 891118833, 3436797083, 2766087592, 3470387416, 2657823054, 1881778736, 3962265673, 1195389276, 1920749864, 247530587, 1161840701, 182217603, 1087025224, 1205135683, 2606738212, 2041237789, 177003493, 4138975495, 2034360837, 585904623, 491137491, 4224479712, 1438844513, 202526308, 3441504016, 3478591458, 4105105697, 3045650263, 790020177, 2077518046, 465716146, 1330370687, 506), None)
Loaded weights: 35.41199172843604, 15.593931391337168, -1.7837976335913621, -5.472603825773016, -7.931520237925399
events: 
  ----
(3, (254768152, 2486799500, 44945119, 1163248228, 128409095, 2728913002, 4228691642, 950646365, 527392725, 2004129135, 342312963, 2845248139, 2272910470, 3923360387, 408190010, 3754230691, 3936304887, 2455223788, 1264867343, 4111237784, 3174171016, 3704250276, 2280685192, 2191599746, 3726154287, 60000048, 4127234847, 186095576, 1045924138, 2352604720, 963744290, 1943680449, 3597910045, 1122646219, 362324045, 822531154, 3505244619, 1740842065, 3259789079, 1919763720, 300449152, 177503649, 3619754566, 2811197958, 1050810000, 3873954126, 1328043820, 3490461891, 1323371696, 700426928, 1808202846, 384942406, 1638697923, 2304234092, 1063507879, 2974395163, 3204758205, 837713238, 1298456427, 677989516, 2462480419, 3646700724, 90827228, 2702487135, 2134245169, 430686667, 748993931, 493988399, 2166489349, 2139358591, 344023919, 1090521922, 1659746156, 3548237661, 2353137072, 3828637118, 4126392168, 82281998, 2570694377, 1912822385, 2597526423, 2053929355, 4114721079, 2644057623, 2985211741, 3830683370, 959375880, 2727863181, 4042374789, 319487733, 1312325372, 2541287103, 2949957764, 3614863280, 1999590717, 1426872586, 3335800590, 2559627286, 39547962, 3638419037, 3409551653, 2248101866, 3653659123, 3418406501, 2860170345, 1668114175, 2490613561, 2611484781, 3004149655, 3449058955, 3693745664, 3809068223, 4149378554, 1099447680, 1710437284, 690238301, 1621147337, 924481176, 2411454153, 3075307435, 1173910096, 628419188, 3830273819, 3215168504, 2618111419, 3759359369, 2088034562, 3519963961, 2507201797, 2806077238, 3225215276, 3007092751, 2141887828, 1705397080, 836531775, 59110319, 4197578592, 3705508709, 1136499459, 2424072000, 349385660, 3143274762, 4287621951, 3652062972, 4259540372, 3983531796, 4075497080, 1336901951, 3305095013, 1752498104, 3463808013, 3339047410, 2476648287, 3368649162, 4152170082, 2034389759, 1982423034, 4214011563, 4071000202, 1638726804, 3024054191, 3441957837, 1591020594, 3366544420, 47738165, 3331720206, 917182964, 2202547060, 2841287907, 3870057934, 2552976302, 1121077041, 3520079219, 3050958801, 238463526, 3877473368, 94243615, 3460423813, 2778076805, 3983542864, 1462124759, 3460301298, 2860264985, 1363665833, 1787594027, 2866310487, 3188648799, 3006577874, 2849391824, 797234364, 428857279, 8674360, 1221779396, 1361966219, 4095717074, 1784763430, 1357832982, 3029556581, 3561575365, 3293378964, 1408984159, 1487227022, 3877642635, 3753141496, 2107819823, 4101923634, 2097601583, 3627830658, 3315293026, 251035888, 1715458172, 4197769974, 427857249, 1646703418, 1887082168, 1429550024, 3597258707, 418316281, 1943950098, 2916984472, 843633183, 753076055, 2854118054, 2807996736, 3033136551, 1636440919, 2745034256, 1557763760, 1418504341, 84488074, 101422951, 2074337006, 3043025169, 2650316290, 379103595, 1606784666, 1744696578, 1851239796, 2037511423, 2489327069, 295862986, 3202097434, 1020120209, 2185696528, 2051017500, 2780654553, 2063424731, 1983201265, 2397755171, 2365082201, 57193520, 483512746, 1594112665, 1053242898, 4083580709, 2912800868, 666723083, 4008247674, 762370947, 2742788879, 1552255059, 2672820686, 1365596240, 65251193, 530664941, 3550124354, 2016083105, 683149631, 3462789214, 3574843218, 371362351, 2945905885, 190151635, 4178159235, 2145822437, 3090909486, 1274351198, 1627837602, 3799675141, 2682969788, 3403428754, 3424395668, 2098161, 835427526, 71290841, 2442630139, 3802141174, 1948917216, 2493920559, 1084260693, 3939199437, 2855488712, 2032861947, 1319777703, 3077121172, 1678287789, 1349194490, 2395475660, 2167017391, 4187876713, 485585745, 2476047208, 2625326608, 3935007782, 2701314355, 2520046061, 1756808067, 3607667138, 1392865915, 1166314326, 981062137, 1611779898, 2828361110, 142028366, 1396659148, 3496901603, 668847717, 1762923748, 3160312000, 1419460511, 3082424060, 1346431132, 892771764, 1145259043, 3373347228, 1518127487, 125346991, 2590245599, 3027887860, 496947536, 2356668210, 306523709, 4034679531, 400929707, 2957136010, 1021740659, 3428201742, 3251282940, 822501390, 889163459, 93518552, 1632676421, 338584785, 2766156158, 4096587078, 2689218953, 706194004, 2353113889, 4147266755, 277274143, 3445260926, 397539794, 2879018415, 625145603, 2258906972, 1451898821, 2892318181, 785186751, 30357390, 3165909607, 3212463049, 852969710, 2460548169, 836881117, 279892793, 1768452947, 620593620, 3811411400, 25906676, 2515429923, 837144310, 2932822876, 2196961252, 1785363444, 2829731624, 2368369730, 148509438, 2007770087, 1233686962, 53953180, 2425731414, 1803619994, 1268224640, 3247479246, 3995872673, 2777888222, 1537926341, 3737631101, 484249034, 3738336750, 653793759, 2617926665, 3386756562, 1391018692, 2917240008, 1260865495, 2763026419, 2280732656, 4276949770, 1137607551, 3214218968, 2952901763, 3061576728, 140555382, 2309578926, 4007607135, 887984905, 557569315, 3780798474, 3389982350, 903593599, 3240841456, 1882806161, 2940804159, 1394861285, 2825020637, 3559405062, 1428886240, 1858823063, 690707552, 1081177196, 262999428, 175903832, 1683373184, 421116302, 2995039793, 102801806, 583045718, 3447712290, 3509506245, 2081898661, 1677261538, 268582385, 250062317, 3391316172, 3624304438, 1464384743, 2911362068, 188572624, 1514634387, 2675178276, 1469413273, 4044902165, 2404427035, 3844994097, 536309405, 1335902737, 153759515, 4978161, 1593128047, 3080167008, 3954615184, 2738112593, 574697711, 3393030061, 3678261571, 3382872357, 3818062539, 888231193, 3858248490, 2092797133, 1138719306, 4230632645, 4146177546, 4139842790, 421150109, 4266395166, 3970360449, 2765086489, 126060226, 238921129, 966789894, 2065378928, 4185498926, 3809953579, 2748150805, 2100025755, 1339843723, 4004477346, 3398340335, 336308985, 2634652705, 124501968, 8182184, 1644396497, 392209416, 2009254579, 3359335663, 3273974721, 851942237, 3528718933, 385262121, 780223573, 2901536321, 1402856919, 930606366, 2784364174, 1023043677, 489257798, 4268664204, 4026114869, 3078841964, 1650543405, 2272472280, 3228856943, 3480725055, 3702158588, 847483340, 2423255582, 2465258954, 1518231350, 3984623732, 1432673142, 3838548192, 3009963963, 308971379, 3254360881, 1723772321, 2823824881, 1737473364, 1391366932, 663630310, 1679191647, 884108046, 457777827, 3746818062, 772384926, 2992315451, 2202310760, 3386992414, 978288066, 2324210888, 2170878186, 1875251141, 889605163, 2477136602, 2867137790, 3152059538, 3648544439, 4136513426, 1979980373, 4138851492, 3407439095, 1856047959, 1135677733, 3407334432, 1897078365, 3880505048, 2102775383, 2133925366, 3308926686, 746292663, 389323332, 1139245508, 2094209262, 3956678266, 2093772403, 2339013120, 1841694836, 3590565957, 3972454099, 2352240512, 622212626, 2775518739, 2226718969, 3443194566, 3122686529, 1109866264, 1620478569, 672033730, 494715684, 83949507, 649839612, 2633038211, 3493832016, 879533996, 4099287952, 155103613, 2569322729, 2009669904, 2393898051, 2196003775, 1936316341, 980202107, 4013347425, 176203382, 677855135, 990071843, 2556695632, 3795545742, 539497209, 3542667678, 3591138753, 1989284608, 2218881444, 1321130323, 3992633147, 2667105805, 3446623218, 3150765936, 4093790470, 318952425, 290255196, 683625178, 3444500377, 1143424032, 3874134733, 215704699, 3385876166, 2923418461, 1240347110, 2038925719, 2557807918, 2823018282, 3637419599, 978164290, 3111777823, 3316109712, 1606853501, 123608357, 1862497963, 2684398865, 4119468855, 2737296895, 408), None)
Loaded weights: 35.654181458935234, 15.727988852491716, -1.7837976335913621, -5.472603825773016, -10.472603825773016
events: me killed itself, me's bomb hit a wall, me's bomb hit a wall, me's bomb hit a monster, 
  ----
(3, (2381181366, 649282746, 1633968717, 625871108, 2706522294, 3363680069, 3443318663, 521568155, 1282261303, 2815854551, 2901991609, 2733016649, 669739792, 2045870178, 2009162238, 2625534005, 3865232073, 2946070589, 2464425361, 2326869698, 994983218, 758340819, 1752942625, 3061156260, 1315229212, 2826234120, 568194924, 103972123, 3029884201, 1519937695, 2183477353, 2135866099, 693337215, 4023623772, 2071695563, 2709285323, 3826157338, 1913513880, 2704334258, 1606189607, 835015195, 551414515, 159433104, 3223515244, 1692834622, 2525783171, 1046350245, 2187162217, 187218885, 2051226686, 38981560, 2845114575, 1516166489, 1898890604, 1780139714, 1706993104, 2058751556, 1971804359, 3473504005, 1506346475, 2403146897, 1984274935, 1819989210, 2586821514, 3590466160, 1936767711, 1620165570, 1868123323, 4291858429, 1828980598, 3425100064, 2511930543, 3073757619, 1209837425, 1270490585, 31650244, 3138020905, 1988305024, 1136945650, 3913999503, 2883774609, 1292312038, 491434299, 3589554568, 4011874132, 1543293652, 2285869233, 2205356108, 3354225581, 1356789197, 1519365999, 2496563075, 1501342853, 818733076, 1014009516, 233531346, 3770254922, 313548746, 2182197999, 1499621059, 2114310056, 3905093472, 42355297, 600591838, 1597859276, 4048561262, 1404014641, 16455035, 817180069, 2998894588, 3658466124, 3955674339, 4063544074, 1753728740, 1612325125, 4231804109, 4282819500, 767375360, 3502541945, 2735055385, 1946474651, 58605219, 945714344, 2246097174, 3465487357, 439099102, 2237524557, 3371826430, 2364752789, 1310185480, 1926095075, 4237416130, 4214375090, 3148477954, 306376128, 3162243930, 2560652968, 3452973429, 2610440570, 3767309600, 2790118423, 1068964855, 2589534444, 150318239, 2147889966, 2993485771, 2424208151, 4173758024, 3207443452, 3475074180, 2227775009, 2912038183, 458611987, 3196370415, 3385990167, 740308409, 3883493966, 92298411, 2600493104, 4292570491, 1962295097, 44863085, 4065788503, 883052694, 2944357767, 2118367976, 2764773289, 1226634839, 3194800161, 4130718614, 3125191775, 3514181647, 3957992693, 1516738103, 915288559, 4252792492, 584628510, 469507789, 1121229444, 114146084, 773763460, 1427269434, 2254594075, 585174537, 243326411, 3043365573, 1677126674, 3151884297, 1564658728, 3181929631, 994140735, 3155000242, 1403331604, 438814096, 2786622349, 4269481034, 4124249453, 2003658905, 748201369, 487570891, 2997512778, 1744301032, 3558272268, 333158990, 691921520, 4140248980, 77687835, 2944617000, 56362072, 3589632755, 834737408, 471377065, 2670496448, 1909684922, 1394413683, 709450264, 2101090313, 3777083334, 748898574, 2035625935, 1256121060, 1254724142, 1425100165, 2892970151, 1238175845, 3829721151, 3444252327, 1050875171, 607638399, 4217968929, 413132403, 585793761, 2256658500, 527973357, 821343446, 2140355510, 2432520557, 155757081, 836647032, 1866082933, 1721733359, 2964273001, 2640179901, 2604844871, 609189134, 1989294883, 681777637, 2771641980, 4064790816, 701469241, 3088933233, 4176372623, 3071767041, 2170976289, 1358730537, 2119064691, 1844242466, 1301669239, 4160478123, 3726182537, 3766198459, 331955427, 965020328, 1926664499, 1539353401, 1143804733, 3538433639, 385330740, 1247021402, 3684250712, 1323383517, 3091502600, 855639837, 3634752008, 2655041278, 1859271914, 1254119023, 2858895333, 3865079697, 1060160656, 388027814, 3003283429, 2103143347, 3785447799, 3829670373, 3193536510, 601623323, 476493529, 2401063298, 3222786275, 3476448750, 866065362, 3442282707, 2066043272, 2220207538, 3622110848, 1784676368, 364598824, 1887388356, 1615190212, 1104550597, 92766929, 1957120983, 1921233519, 2761030825, 2929178860, 3268326510, 1533600115, 1875204173, 2575231256, 3858540053, 4218091935, 533159411, 2711630167, 843881826, 218840128, 1683292095, 1151396623, 1737205907, 1117891579, 1491899482, 652984438, 3066197276, 3291553412, 3867577258, 413487207, 3445151603, 607730898, 2785908680, 79542776, 4091963935, 4262198374, 598363492, 1267644532, 3347113629, 379467554, 3529125378, 2190275403, 1756478301, 4043161190, 3240567577, 4077233074, 3997969522, 2236668175, 3834680347, 2244958547, 1009633110, 2526366245, 3526746483, 519255447, 3459794431, 1112193525, 3515209088, 2249194979, 984897475, 63525304, 2155419400, 1915386660, 2076221230, 1032312713, 3804385909, 2183013179, 2105825003, 167751659, 1617737731, 2313611664, 3508164548, 3867701997, 2890440249, 3266039703, 529663281, 3246344412, 3344550449, 2217433219, 3193128041, 4215323267, 1845480872, 2685234936, 2886306921, 320799160, 3410246306, 3961115991, 216562014, 157797441, 1464452676, 1876796045, 1236271386, 983087580, 767930522, 941866599, 2746208845, 3415323502, 389487498, 2990264781, 3045582179, 893144839, 3050133614, 3308269018, 697948527, 4095780761, 2607807657, 1840499683, 3108777111, 638323017, 4120589245, 2175460319, 2404966762, 515081601, 806741117, 1166479355, 41199217, 4019504860, 1003105285, 2473569983, 920941240, 928438059, 3611160047, 2502714155, 2828588418, 1939709474, 502350674, 2737205665, 3427795466, 4183806378, 4146564958, 1871246686, 208663776, 2484445019, 2523411285, 857079169, 573040447, 3090435159, 1757171133, 565238909, 3279975859, 4059097844, 3275136249, 1952425192, 2821958207, 2425714514, 2198958505, 4070147878, 4108957770, 2527220430, 936554583, 2457589977, 3838347421, 3555961027, 4240160966, 1329234613, 3652479343, 2170520722, 745324695, 1901948334, 3392490845, 3656263474, 329787547, 3689937952, 269916532, 1641518845, 1050117832, 2548641387, 67365043, 3952946974, 3704423432, 251149175, 2153900266, 2918240188, 4084134920, 55283894, 2274542276, 432204342, 1244588468, 3223325359, 1843260585, 366646578, 2536050851, 2404048288, 77698087, 1679431586, 384435950, 323570369, 2121281703, 3320178453, 1176876915, 1427246637, 1661733409, 417423748, 3550626194, 2309244765, 2695196920, 3582507468, 3411891394, 573469779, 223107259, 1487866397, 485273769, 1081444222, 2272511182, 3723781720, 2204391742, 1987617719, 1835772550, 3019038599, 1423189029, 2285196783, 1718684790, 521612457, 4202305792, 275006504, 3613465933, 2398506078, 2352788366, 3814754329, 3428533695, 921251013, 708851436, 1108789193, 1079559544, 3831126361, 1759660411, 794176066, 3451663111, 4274790814, 974299695, 662410891, 3764446726, 7624433, 1635201374, 696317238, 2009587723, 3827531996, 1081872337, 1095049892, 1388047390, 985128498, 3297683281, 273168785, 2150493782, 4258127878, 2600001285, 3469254598, 3813869876, 3699689458, 1630211359, 2248841058, 1896107159, 3209610158, 426987149, 2489282163, 184839296, 3978086024, 961974405, 4080098052, 298988527, 1097011246, 17365240, 2231725605, 1275237531, 3435239122, 227840948, 2500590996, 2636185844, 151919265, 3826355752, 2896772770, 2448303594, 1751439090, 3875706451, 3773976032, 517476913, 4157437413, 314545485, 1412568574, 3433235955, 3894342843, 3278167542, 1537381716, 967715197, 1339726718, 1584750819, 3657960646, 2281158746, 787140327, 929703967, 4143689790, 3104751943, 4008728669, 4077098108, 3029921608, 543934244, 2455911996, 4071612432, 3543854870, 417312411, 62747003, 350165070, 2032509128, 2627282788, 3176722098, 1419936168, 3069525191, 4011794414, 3528462011, 3256798440, 108294608, 3430548314, 4021032385, 571378726, 1746887085, 2897000533, 1534279891, 1006389528, 3168796386, 1740535037, 2826042186, 1525700271, 1430532908, 1362496803, 3116240896, 993212314, 1447712807, 4255585575, 4080771253, 99), None)
Loaded weights: 35.018746843428424, 11.754075507640895, -6.732184763377813, -5.472603825773016, -10.472603825773016
events: 
  ----
(3, (745409224, 1797502730, 2622775190, 3350408381, 1466051625, 2651205526, 299570126, 96540334, 830584119, 4249292696, 2969021373, 3266623816, 399334538, 2790755543, 1127411434, 244279497, 1709757649, 187056742, 341474371, 3139873923, 788914149, 959710964, 667537303, 1333503551, 2113988129, 3522369381, 3965019597, 1811708699, 3942814304, 2454353319, 649949788, 1112218059, 3654119253, 3218249065, 445210261, 2672062339, 974561411, 2075979228, 52240904, 3640233337, 2569232023, 131169622, 3823945935, 3451757960, 1204888005, 959855216, 2337525914, 2301985242, 1942255442, 4154687508, 3545972294, 2546056397, 59158508, 2105337496, 2388493575, 223241702, 1636101090, 697521218, 972024102, 1562251482, 750317242, 3074987408, 1096768971, 2709468399, 3163953879, 3959182504, 1038388038, 3923708885, 2917376014, 1983160375, 333264500, 154455782, 3950407686, 2954053544, 197431347, 3878230666, 197143695, 3131001183, 123205512, 3392585948, 2249692461, 259878639, 2204404523, 3004866636, 311137636, 2852618610, 4159591288, 3906790274, 1033074354, 1438938070, 2251204787, 634972556, 475182924, 1945220680, 3665692781, 3538024758, 1385263990, 389257481, 2312509201, 1388967704, 1626226543, 1623249849, 772372588, 4087448299, 3673988335, 3848050760, 826741751, 1774024675, 3769365688, 2556941870, 2363288705, 101616342, 3259942770, 1051122104, 4145559775, 2879162393, 3099058395, 4145145822, 2900464231, 622759259, 2623023653, 2018839594, 3572474589, 1388516659, 2862424743, 134247006, 1012583613, 2969629506, 2947499261, 1604404249, 2752856274, 1657579334, 1720150606, 4264849660, 3494744188, 2228406286, 1836906359, 3178145182, 508262652, 2018359458, 1567524107, 3106455218, 895715011, 3064563996, 2148077501, 3905518251, 53645149, 1812147887, 2586991201, 1774945315, 3777239496, 3911684926, 2835229047, 1022959277, 2924386503, 853854130, 72599154, 2077233774, 4206132023, 173785528, 1284741882, 217836481, 2909196947, 911343917, 2819592157, 4066208462, 1897399761, 645365387, 3098802416, 1436001957, 3699212040, 2671586941, 1830632937, 1039617654, 2816255796, 4256255466, 1597231437, 164097539, 139640258, 2926297139, 3412746391, 1964578339, 939066475, 2827906827, 2504060908, 1076169362, 894026531, 3474579419, 3029106777, 2008000921, 2515163166, 2093892037, 4153383255, 214242595, 555994869, 3313044856, 804576595, 2991081317, 185601246, 1965340027, 1108883425, 966329317, 1124397243, 1980997612, 3399591296, 1120870402, 2696855818, 4104356661, 109453971, 4152171403, 1935907928, 1213176788, 4264072199, 2114019545, 761359359, 3650826974, 4184183765, 3837262572, 2559942051, 2317211916, 581240129, 1285912633, 1797883009, 1959462313, 3789607254, 1680850153, 1539213489, 1302540038, 1221716533, 104044898, 2624306109, 462871029, 1840293060, 3356920053, 2766700093, 3894772729, 3284177996, 2129179864, 2810273397, 3518212959, 4217477877, 3545462429, 3396747515, 3384129217, 830513538, 2373883005, 2700704589, 4087823774, 2201889667, 24069420, 2737894341, 403140713, 847903995, 3809159828, 124732253, 2081900579, 2627435724, 2836076532, 3878189899, 3987306128, 3024992167, 2570622092, 2111426401, 2927375886, 2386794993, 3550494764, 1076503754, 4152061189, 320290948, 2564373196, 1795889485, 3250935602, 2490841598, 3929681562, 3421919359, 791204770, 4271135874, 1756517907, 1192886013, 699553335, 2467438667, 2820615338, 3164781753, 2337100907, 4007188559, 3886507067, 329800158, 987817251, 655142740, 1726687273, 2692992970, 1146109956, 1109280702, 4291573322, 1232996677, 2061041588, 2952790623, 283442038, 607788166, 3112648548, 2800454142, 1272614302, 1077981925, 4183151547, 3425171244, 1120067060, 1717893916, 1373904920, 1245392022, 4182464839, 4270213293, 886538287, 918817027, 3397250139, 2405244315, 2329320936, 2897355348, 3956718473, 2559734850, 4130438771, 3456911369, 3237111561, 1659453698, 908104451, 4105477301, 3494541420, 912306981, 2433781969, 3518010568, 2922044149, 162568479, 340156745, 4214317459, 3630430723, 3599958052, 2595237326, 840926659, 1847867490, 975132911, 601780312, 1532954324, 2739311130, 720660977, 739712321, 2047821959, 2178793248, 998307365, 1705511376, 330388247, 3066125530, 1093062579, 107547749, 1828138277, 3258224758, 2105410941, 229908098, 3461779217, 720334657, 1026332906, 1216922604, 1504390228, 3409054722, 1683769313, 1177408381, 3708882682, 1606141354, 2648720932, 2117741029, 2671120237, 634593109, 989047217, 3746722909, 4255238820, 4038200866, 3862437919, 3000440405, 2944037140, 3459491876, 1919556652, 3119946381, 1415582689, 2651969422, 3731363924, 3020359776, 1134535736, 56210057, 2438430207, 3903068352, 3606379553, 658934620, 1465476659, 3937728500, 2587235453, 3592190866, 2256451731, 3258961117, 1554797150, 3459068990, 704466780, 326506929, 778006813, 3609625631, 3978217155, 1894949978, 3618774001, 1871238981, 4129152845, 4197864590, 1479484580, 3177278510, 1071503877, 353009154, 4063423460, 1019667438, 3297683723, 2851495203, 3899396457, 1443997882, 2651320046, 234466400, 3420400962, 4260230732, 3778558357, 1733509813, 2599578752, 1944230643, 516606971, 2048474119, 3423184154, 2443052805, 936816817, 2949432589, 1661832194, 3522842307, 348291011, 2555865365, 3569869951, 1039633863, 1227903181, 2983252578, 88162355, 712232501, 3082968373, 1032120880, 2531601058, 3042580587, 1039971656, 3050303879, 973386009, 1597277537, 2857252765, 1416888637, 3184317291, 3762813008, 1126647425, 1043554165, 2102378193, 1708221403, 696581796, 634601109, 22458082, 1989391456, 1089436146, 3498139085, 3743017572, 1359340726, 2255815907, 2968467488, 3943427808, 3846157746, 3638814269, 2151113465, 2933650375, 521918734, 758872717, 140225147, 2424807480, 926343796, 1019596868, 2406525656, 1599343739, 3573321819, 3389186404, 2032094775, 1803954533, 2421883193, 2686879753, 1813015003, 963079824, 3549937356, 152716997, 3278977814, 791775867, 2070585022, 955203527, 1155130033, 697147124, 317267783, 928870392, 2903858521, 1491796739, 2435288356, 461617508, 3767565466, 3549025243, 2745251990, 3113418747, 1945496330, 4178189325, 3937604856, 2428909360, 3582821574, 3978504771, 2647408424, 4137870865, 7849455, 1097764014, 124991508, 3892669410, 964936027, 689419824, 3039871621, 694903938, 2420744447, 850132841, 1867209267, 2034209942, 1487151302, 1443994184, 1690942382, 1918531004, 3820113170, 3114003059, 91831341, 3596916057, 1560343304, 4073582682, 1213975567, 2571807359, 740107076, 804904097, 4130733422, 381417830, 198598864, 614261437, 4061668846, 1437656219, 1840711989, 1784628629, 3345672073, 1459026951, 4144703471, 4161314697, 1596497824, 3545255784, 771014243, 30871021, 3392385355, 2679008786, 2513867078, 2407493542, 183790604, 2606456770, 441846455, 3368035043, 3540054689, 3423519228, 4043636768, 3185746097, 1110226912, 4250827739, 1282578368, 4008598072, 309250561, 1803052985, 3860441594, 1747445853, 890205508, 4102729481, 2066203622, 1860533429, 999460057, 183633090, 297930205, 985284104, 2953319916, 2092279526, 3309979859, 355040752, 3089883626, 3199247225, 2867028570, 1505171202, 4153288657, 3560323046, 3771046087, 663772402, 2823252714, 1780069801, 1790306263, 3593609113, 1763000102, 2794022555, 3148839092, 1000793216, 2841826328, 2712197422, 2989670881, 2695945841, 1775077992, 1733045640, 506196929, 2515041732, 1894079252, 292494403, 740468604, 3978026184, 1049917965, 3827912129, 213281524, 2971406399, 1222814602, 4176676348, 1251694394, 279), None)
Loaded weights: 37.88762002604594, 11.754075507640895, -6.732184763377813, -5.472603825773016, -7.97217169862874
events: 
  ----
(3, (745409224, 1797502730, 2622775190, 3350408381, 1466051625, 2651205526, 299570126, 96540334, 830584119, 4249292696, 2969021373, 3266623816, 399334538, 2790755543, 1127411434, 244279497, 1709757649, 187056742, 341474371, 3139873923, 788914149, 959710964, 667537303, 1333503551, 2113988129, 3522369381, 3965019597, 1811708699, 3942814304, 2454353319, 649949788, 1112218059, 3654119253, 3218249065, 445210261, 2672062339, 974561411, 2075979228, 52240904, 3640233337, 2569232023, 131169622, 3823945935, 3451757960, 1204888005, 959855216, 2337525914, 2301985242, 1942255442, 4154687508, 3545972294, 2546056397, 59158508, 2105337496, 2388493575, 223241702, 1636101090, 697521218, 972024102, 1562251482, 750317242, 3074987408, 1096768971, 2709468399, 3163953879, 3959182504, 1038388038, 3923708885, 2917376014, 1983160375, 333264500, 154455782, 3950407686, 2954053544, 197431347, 3878230666, 197143695, 3131001183, 123205512, 3392585948, 2249692461, 259878639, 2204404523, 3004866636, 311137636, 2852618610, 4159591288, 3906790274, 1033074354, 1438938070, 2251204787, 634972556, 475182924, 1945220680, 3665692781, 3538024758, 1385263990, 389257481, 2312509201, 1388967704, 1626226543, 1623249849, 772372588, 4087448299, 3673988335, 3848050760, 826741751, 1774024675, 3769365688, 2556941870, 2363288705, 101616342, 3259942770, 1051122104, 4145559775, 2879162393, 3099058395, 4145145822, 2900464231, 622759259, 2623023653, 2018839594, 3572474589, 1388516659, 2862424743, 134247006, 1012583613, 2969629506, 2947499261, 1604404249, 2752856274, 1657579334, 1720150606, 4264849660, 3494744188, 2228406286, 1836906359, 3178145182, 508262652, 2018359458, 1567524107, 3106455218, 895715011, 3064563996, 2148077501, 3905518251, 53645149, 1812147887, 2586991201, 1774945315, 3777239496, 3911684926, 2835229047, 1022959277, 2924386503, 853854130, 72599154, 2077233774, 4206132023, 173785528, 1284741882, 217836481, 2909196947, 911343917, 2819592157, 4066208462, 1897399761, 645365387, 3098802416, 1436001957, 3699212040, 2671586941, 1830632937, 1039617654, 2816255796, 4256255466, 1597231437, 164097539, 139640258, 2926297139, 3412746391, 1964578339, 939066475, 2827906827, 2504060908, 1076169362, 894026531, 3474579419, 3029106777, 2008000921, 2515163166, 2093892037, 4153383255, 214242595, 555994869, 3313044856, 804576595, 2991081317, 185601246, 1965340027, 1108883425, 966329317, 1124397243, 1980997612, 3399591296, 1120870402, 2696855818, 4104356661, 109453971, 4152171403, 1935907928, 1213176788, 4264072199, 2114019545, 761359359, 3650826974, 4184183765, 3837262572, 2559942051, 2317211916, 581240129, 1285912633, 1797883009, 1959462313, 3789607254, 1680850153, 1539213489, 1302540038, 1221716533, 104044898, 2624306109, 462871029, 1840293060, 3356920053, 2766700093, 3894772729, 3284177996, 2129179864, 2810273397, 3518212959, 4217477877, 3545462429, 3396747515, 3384129217, 830513538, 2373883005, 2700704589, 4087823774, 2201889667, 24069420, 2737894341, 403140713, 847903995, 3809159828, 124732253, 2081900579, 2627435724, 2836076532, 3878189899, 3987306128, 3024992167, 2570622092, 2111426401, 2927375886, 2386794993, 3550494764, 1076503754, 4152061189, 320290948, 2564373196, 1795889485, 3250935602, 2490841598, 3929681562, 3421919359, 791204770, 4271135874, 1756517907, 1192886013, 699553335, 2467438667, 2820615338, 3164781753, 2337100907, 4007188559, 3886507067, 329800158, 987817251, 655142740, 1726687273, 2692992970, 1146109956, 1109280702, 4291573322, 1232996677, 2061041588, 2952790623, 283442038, 607788166, 3112648548, 2800454142, 1272614302, 1077981925, 4183151547, 3425171244, 1120067060, 1717893916, 1373904920, 1245392022, 4182464839, 4270213293, 886538287, 918817027, 3397250139, 2405244315, 2329320936, 2897355348, 3956718473, 2559734850, 4130438771, 3456911369, 3237111561, 1659453698, 908104451, 4105477301, 3494541420, 912306981, 2433781969, 3518010568, 2922044149, 162568479, 340156745, 4214317459, 3630430723, 3599958052, 2595237326, 840926659, 1847867490, 975132911, 601780312, 1532954324, 2739311130, 720660977, 739712321, 2047821959, 2178793248, 998307365, 1705511376, 330388247, 3066125530, 1093062579, 107547749, 1828138277, 3258224758, 2105410941, 229908098, 3461779217, 720334657, 1026332906, 1216922604, 1504390228, 3409054722, 1683769313, 1177408381, 3708882682, 1606141354, 2648720932, 2117741029, 2671120237, 634593109, 989047217, 3746722909, 4255238820, 4038200866, 3862437919, 3000440405, 2944037140, 3459491876, 1919556652, 3119946381, 1415582689, 2651969422, 3731363924, 3020359776, 1134535736, 56210057, 2438430207, 3903068352, 3606379553, 658934620, 1465476659, 3937728500, 2587235453, 3592190866, 2256451731, 3258961117, 1554797150, 3459068990, 704466780, 326506929, 778006813, 3609625631, 3978217155, 1894949978, 3618774001, 1871238981, 4129152845, 4197864590, 1479484580, 3177278510, 1071503877, 353009154, 4063423460, 1019667438, 3297683723, 2851495203, 3899396457, 1443997882, 2651320046, 234466400, 3420400962, 4260230732, 3778558357, 1733509813, 2599578752, 1944230643, 516606971, 2048474119, 3423184154, 2443052805, 936816817, 2949432589, 1661832194, 3522842307, 348291011, 2555865365, 3569869951, 1039633863, 1227903181, 2983252578, 88162355, 712232501, 3082968373, 1032120880, 2531601058, 3042580587, 1039971656, 3050303879, 973386009, 1597277537, 2857252765, 1416888637, 3184317291, 3762813008, 1126647425, 1043554165, 2102378193, 1708221403, 696581796, 634601109, 22458082, 1989391456, 1089436146, 3498139085, 3743017572, 1359340726, 2255815907, 2968467488, 3943427808, 3846157746, 3638814269, 2151113465, 2933650375, 521918734, 758872717, 140225147, 2424807480, 926343796, 1019596868, 2406525656, 1599343739, 3573321819, 3389186404, 2032094775, 1803954533, 2421883193, 2686879753, 1813015003, 963079824, 3549937356, 152716997, 3278977814, 791775867, 2070585022, 955203527, 1155130033, 697147124, 317267783, 928870392, 2903858521, 1491796739, 2435288356, 461617508, 3767565466, 3549025243, 2745251990, 3113418747, 1945496330, 4178189325, 3937604856, 2428909360, 3582821574, 3978504771, 2647408424, 4137870865, 7849455, 1097764014, 124991508, 3892669410, 964936027, 689419824, 3039871621, 694903938, 2420744447, 850132841, 1867209267, 2034209942, 1487151302, 1443994184, 1690942382, 1918531004, 3820113170, 3114003059, 91831341, 3596916057, 1560343304, 4073582682, 1213975567, 2571807359, 740107076, 804904097, 4130733422, 381417830, 198598864, 614261437, 4061668846, 1437656219, 1840711989, 1784628629, 3345672073, 1459026951, 4144703471, 4161314697, 1596497824, 3545255784, 771014243, 30871021, 3392385355, 2679008786, 2513867078, 2407493542, 183790604, 2606456770, 441846455, 3368035043, 3540054689, 3423519228, 4043636768, 3185746097, 1110226912, 4250827739, 1282578368, 4008598072, 309250561, 1803052985, 3860441594, 1747445853, 890205508, 4102729481, 2066203622, 1860533429, 999460057, 183633090, 297930205, 985284104, 2953319916, 2092279526, 3309979859, 355040752, 3089883626, 3199247225, 2867028570, 1505171202, 4153288657, 3560323046, 3771046087, 663772402, 2823252714, 1780069801, 1790306263, 3593609113, 1763000102, 2794022555, 3148839092, 1000793216, 2841826328, 2712197422, 2989670881, 2695945841, 1775077992, 1733045640, 506196929, 2515041732, 1894079252, 292494403, 740468604, 3978026184, 1049917965, 3827912129, 213281524, 2971406399, 1222814602, 4176676348, 1251694394, 454), None)
Loaded weights: 38.72826818242547, 10.320164655532647, -6.732184763377813, -5.472603825773016, -10.472603825773016
events: me was killed by stupid, 
  ----
(3, (4223463355, 668426391, 3920052016, 3706116054, 3626341332, 2784186148, 1913794317, 1450865077, 1361793161, 930003532, 2607548458, 331975393, 927079066, 1581559152, 2336586425, 1506685267, 961921757, 1470834677, 762166205, 652627524, 1250667456, 350992890, 3008155552, 1842867853, 1276955937, 236600236, 2342899687, 2943559088, 2748256511, 1301574357, 3258187837, 2045223535, 1468005742, 3818565412, 963002899, 2802740380, 3961796653, 357363399, 757276534, 23002091, 2115973996, 3788407925, 3608019110, 4288765966, 921228045, 2993403256, 2032020189, 4010217739, 2391529569, 1414605419, 1730649918, 2076698351, 1636496941, 879248833, 315831246, 2366547610, 4102967921, 1607512594, 280778520, 1796458892, 2121607443, 3492012190, 2892239933, 3323269974, 57515572, 505232465, 2103863544, 2313697891, 3004630130, 2409340889, 3027590995, 3736131299, 3174438502, 67706619, 3013865404, 1915966815, 2606550398, 1854964041, 759220757, 1250220657, 3917538780, 2759795982, 3606969086, 370263753, 3254735074, 2985674968, 225525750, 894407228, 3132700882, 976841871, 1056709917, 927872310, 3933169128, 3173904940, 2852243341, 1182348224, 3925598949, 2769061008, 767367485, 2163356060, 3145844292, 542757838, 231550195, 2896035243, 3817455872, 3660087360, 1296463796, 3822856583, 4019377025, 1727281508, 821210721, 3626860468, 3051386916, 843225984, 424374293, 678456049, 3863268551, 970629117, 3421516701, 3595184483, 2069478913, 1534724691, 3387620125, 2773587900, 4046519210, 2924392963, 2294929758, 4235521480, 2576566496, 1798649087, 700609381, 1699884911, 1540588496, 444382594, 2715494677, 1445798167, 466513634, 2571184423, 1629892441, 1165099520, 1422889814, 1525930433, 927590346, 4143311776, 458879204, 3458862615, 2766096216, 2962063186, 536172320, 1696786559, 421839018, 2804474353, 2021376, 3638100155, 2927182902, 4196498608, 1656788631, 1996669484, 1759076031, 664715408, 1430713460, 269858692, 1475813647, 40900759, 1943722347, 2061495797, 2422539565, 3566853787, 549687596, 3794828920, 663955393, 1382321818, 1557598427, 4004522049, 850014517, 410976833, 2407894495, 1867594072, 1747253564, 2493147337, 3599453834, 1988009443, 4134028476, 608504643, 1535117712, 2304660876, 2940621551, 4193570555, 1389851135, 1983941353, 572905710, 3085304196, 1732369316, 925496540, 2287985894, 2537933172, 2007151804, 2445160841, 1130328741, 2677340125, 763583431, 3532881195, 1371285537, 4083338585, 141733671, 3067479582, 1492519409, 3790423318, 198502658, 3625522946, 2517961739, 111944877, 2412088027, 3908315304, 853961390, 1884423409, 46048866, 3291308621, 1764510714, 625077943, 2177791694, 1219837790, 2950387967, 2179758228, 2751317281, 1277489531, 1816838329, 1188866686, 617524262, 2124042801, 136645619, 4009607606, 418429825, 3111035084, 3143630998, 818617007, 1209720864, 295966671, 3793285009, 3556403007, 2934286049, 2004281883, 2753321708, 1637192220, 3357334804, 3826890436, 1597362315, 2451312350, 1415322476, 1004275357, 3101484646, 3427828611, 1067429606, 1360715414, 141570430, 2911022745, 420608303, 682134855, 255007015, 2488374882, 2936464738, 3733067132, 2955966363, 839730186, 2090651345, 1295387923, 2750152118, 932483886, 3986823443, 998456543, 3745762199, 2094223346, 3346440757, 2246948413, 3096672474, 2982278688, 3103830461, 3718500511, 4128668971, 4044052183, 1617417108, 3582647629, 1369488496, 451579529, 3037442256, 1500019703, 4016769986, 1844674233, 2053030997, 3156603864, 2755474260, 576896491, 570107764, 2161237125, 3028567481, 840938882, 3353993826, 2791854352, 3262335313, 3997422233, 1642354740, 176883217, 3616607325, 4249827048, 267513779, 510834587, 1651952253, 3432870807, 30554482, 817262199, 3581064705, 1133896892, 230919722, 3554083300, 1881464008, 3974113784, 3604644244, 1924474684, 3579722448, 341963059, 1146909047, 3681904396, 3294743198, 1252596832, 3442063526, 4018532464, 292735275, 3545861152, 3997437547, 3491614883, 1068924368, 1192870166, 789695902, 638580646, 2927902560, 798335423, 1374037333, 3036000969, 3384952728, 2555378510, 602002061, 3577345074, 2809353358, 1112266843, 959725677, 255391824, 3835571595, 3951667029, 1075487806, 812723227, 1064149329, 1581506023, 2404710968, 1870555967, 4205765257, 665894839, 2806657920, 928268048, 1091980953, 1996887546, 1072020355, 1258142266, 3962796150, 893839775, 4137470962, 1876298827, 2741478957, 3260818495, 2433935028, 3006825421, 1079271761, 1703482806, 3060992262, 1321985928, 1894663335, 1212706730, 37436525, 1611779772, 584785000, 4079378735, 3620858748, 3243067420, 2686646400, 51332235, 4020677559, 4185542815, 1405930736, 2805217979, 1136063018, 3847430857, 925524845, 2814993290, 298963004, 1246947771, 747538474, 1318434819, 3307660391, 1936556143, 3268883101, 3538950282, 1546377873, 3710771851, 1611026540, 1028927736, 2174607909, 3391268421, 3917562510, 3130842328, 1758342132, 814618977, 784348226, 1654226018, 3611108475, 336180917, 872894645, 3219769748, 491282100, 757477273, 4045068212, 1118719237, 1239355386, 1640712435, 2112149745, 2061206268, 1900530735, 3576866695, 999348481, 193431882, 55889526, 2472525990, 2106334976, 2046060838, 119771552, 2342487759, 1959674179, 4173310946, 535454014, 730174642, 507792796, 1416469021, 1690664813, 2953835755, 781218281, 164377395, 126410407, 936513886, 2796463787, 1170513565, 4264021297, 603255790, 1927203029, 605232203, 1007095123, 2496779046, 3234706715, 2204222353, 3581563651, 484930721, 1696394787, 408677616, 2183625468, 2602024047, 2172847254, 664147218, 2032592276, 2016075071, 2341337903, 3680522641, 99168450, 1365580077, 3095827391, 108631080, 2878626371, 3500203282, 255421244, 1545587568, 1615296423, 2797473348, 3421034223, 3376224260, 3798738532, 1836138956, 1208334685, 3050986818, 3113073924, 3324571132, 2068910672, 3015004714, 4148808218, 1840636966, 330684801, 2987178803, 1887650380, 647287434, 2364592809, 4184135273, 2885616547, 3303898219, 4082192769, 839619435, 2373873839, 4115833960, 2173290605, 1238165647, 2356366548, 869773833, 2297537362, 3320474957, 2698204977, 432252904, 1881951466, 1519555886, 395207779, 221431829, 3032493201, 1525252610, 3214700498, 2420082341, 3886804377, 896597100, 54594840, 3761371128, 2738083106, 129281289, 147147990, 4276912922, 3255943930, 1257018640, 955243462, 4005312131, 3432386657, 3392449109, 3318126930, 3494653966, 2719812115, 951370079, 3448977583, 1088377825, 362509598, 2201473189, 3905814355, 997793915, 3909818768, 1570521109, 1270429131, 646903874, 3149055350, 3900400482, 1640539159, 907150402, 3894689608, 673531837, 2148646816, 953872031, 480994254, 2007447618, 1812773081, 1885424345, 233998773, 1756265037, 1668661664, 2737410177, 4223013947, 3968763131, 1149074246, 2948933478, 3771562846, 3826790922, 3023024066, 13949372, 611488699, 239299953, 3741789583, 1210756744, 3632624552, 2902581455, 720803513, 2619360778, 600849428, 556725437, 3955203468, 4292337896, 3059288454, 3122080900, 793785830, 1061985770, 3433791820, 1970341243, 1458064079, 711170325, 1614239922, 2588360819, 3441012604, 3380395486, 724981891, 3269118157, 2803578552, 2890926938, 3386594946, 73578005, 977369115, 4204939061, 362796016, 1609059885, 1956684976, 1913614591, 859287808, 511784091, 3047918888, 2474962500, 2500988340, 3847394645, 2164849941, 3262378510, 2972018949, 1966808142, 588361488, 2620814674, 3784464112, 2421647612, 774093950, 284625620, 735581086, 1643127653, 42), None)
Loaded weights: 38.743458149402755, 6.8229867664917965, -6.732184763377813, -10.472603825773016, -10.472603825773016
events: 
  ----
(3, (665780082, 165630614, 2837349083, 3884035518, 142392360, 4200925060, 458378754, 185476560, 3850744648, 642421211, 183208837, 3504629581, 3790123462, 184874514, 3540252255, 2130576103, 1767033560, 799015180, 991695810, 371691197, 3879941544, 194106013, 758259682, 2659445090, 3442709189, 59498145, 1915305492, 1457043083, 3251034599, 1663514186, 1133867108, 1137536382, 632095173, 931677717, 290886156, 1431718989, 3961077132, 2771896764, 1797330868, 2768878434, 2152157533, 1953008167, 1002539375, 2517897813, 1189653643, 3188057710, 4230363265, 3939836011, 4116667264, 1473461265, 372051985, 2670568019, 416102863, 586201007, 1113471337, 2908469632, 2531559089, 1612435207, 2153132555, 2098562189, 2315792100, 3622640717, 1187669609, 1226431308, 180008206, 3788253838, 167047622, 896865339, 1135622553, 3908986412, 677655272, 2962578206, 2144327115, 2911278640, 2824868406, 1656964983, 1945195593, 2689376247, 490073401, 686742938, 217314217, 2047748515, 1154231104, 2778659825, 488820150, 2509269597, 1081906669, 3374269560, 2756868364, 708036171, 4158607238, 246368694, 2246935893, 1754219953, 315396735, 3395904135, 411924291, 2057612404, 4126440367, 845044700, 1107677496, 1521468560, 1535640450, 3076522051, 2200110378, 2855880895, 1940524166, 1509169784, 1569911248, 3548995290, 1786916082, 241587352, 4057656774, 2918760454, 498114348, 3705494360, 3146873127, 890398312, 1119532628, 2061651184, 2821412395, 702922934, 1852961952, 1618544946, 741584700, 4133672187, 3027599729, 888946268, 632520786, 2504692223, 28743528, 1306361723, 1637624311, 2462476668, 2367479914, 1509250783, 1120227699, 651637388, 2462740696, 2849554237, 1202292918, 2484240623, 1275063483, 1741299039, 2143755833, 979578735, 2753979398, 1934625140, 801064450, 2178003372, 1221464280, 245432474, 3541520486, 4074818598, 2805867683, 2322391795, 4131898660, 3130125246, 2995472417, 4080633924, 689154828, 2507862674, 2373473067, 1687611826, 726856926, 2814205605, 3425245547, 4230379166, 1224405728, 1965943891, 2138394349, 3950545167, 2962853577, 4149663564, 305082405, 277247301, 1749752680, 3339630330, 1541248187, 3920037279, 524491092, 1654035100, 368281046, 2353285339, 787014685, 3673379774, 1356568946, 2460366505, 2046856462, 215856498, 659415018, 1476838289, 1672462404, 911675381, 141197805, 2803732376, 384581483, 1554697885, 1374068134, 1117089185, 2753924523, 1155758524, 3106314585, 234807193, 787143432, 1242813766, 927828822, 1049876632, 963880664, 2609548277, 698835366, 1500164164, 1332626599, 3321223157, 103043574, 2026180761, 1128902517, 2500672505, 3030763663, 3617765032, 327196762, 1464482324, 2570539216, 1150198355, 281250020, 1069696524, 1121165462, 1191814542, 779437, 3274099565, 662264190, 1721487427, 1209573315, 189051962, 22880044, 649839637, 3394710726, 162695974, 710647567, 2379666781, 2567724863, 3532747352, 1233638344, 1171271100, 2935390165, 3663457674, 1687295939, 1480407619, 1928324748, 1156680192, 2800481990, 2511342873, 3918629735, 2020002267, 360502590, 2762115945, 3034777722, 1904442778, 4112370478, 2005644784, 4189603793, 1048268589, 3638636276, 1321765646, 3627040285, 790666542, 1391673336, 2831251769, 3110507945, 1368756152, 3470160619, 2253207770, 2148699957, 1183646020, 2141757891, 3196561586, 2100270770, 2518295765, 1319334744, 972774131, 3155628187, 2970307598, 466232911, 2453770966, 2569972294, 1674716805, 3220509608, 4069466520, 4180925391, 1876278525, 3627082000, 3288628036, 1096981567, 3042485249, 2543972523, 3525270025, 705159817, 641039522, 1947566202, 323227698, 3511384643, 3169321011, 3052182468, 64721181, 271885777, 729533065, 2732902919, 3315115034, 1116419312, 2992573265, 1143081943, 1421759543, 2117328095, 1034355068, 1667256772, 1584287736, 2154794074, 930775726, 3347165629, 3664277068, 2628061643, 3594027736, 1331547077, 893375627, 682432202, 1355263758, 346890411, 2442433129, 3800969959, 3704992400, 907107932, 2983559213, 1926073356, 3711213383, 2734940512, 2823754481, 94532792, 4006956584, 445516433, 3241889686, 2661281027, 3029101035, 4288749036, 1989203012, 3232735252, 201952647, 622832025, 3671905515, 1357491224, 666334446, 3280753054, 2888458905, 3564034720, 2153637501, 3112338078, 867171592, 1237429796, 498026890, 2904345177, 647601432, 554320351, 3442618326, 3727230810, 1277380062, 1484914083, 160976577, 2213823826, 3224901317, 1653552472, 604465171, 2564216528, 894748281, 2621202396, 2723278858, 1900525240, 6793910, 1613078745, 3903985805, 453441484, 1419401905, 3698757157, 598038346, 3464639885, 1095104231, 1479633999, 3984835159, 3199171491, 2323356804, 418537183, 1311423095, 4103518184, 1146668379, 3903100680, 788956079, 1698987935, 4101985513, 3439025132, 2011974743, 2442276118, 3808855789, 943574010, 3931832317, 1044642121, 3685416936, 1787092175, 32508044, 512507533, 613817396, 958631270, 3017288920, 1473272679, 2478321075, 3012758249, 3635336059, 544219295, 184176569, 159692778, 3021123233, 3632484603, 2956882380, 667078643, 464889365, 471595235, 642873870, 842036698, 2233913015, 2215346852, 4152381419, 3943627823, 967975519, 2823926277, 1874538247, 3737578365, 170368872, 3690546531, 1110728886, 2878089669, 807655198, 954096061, 317724502, 3783532485, 725356868, 2096545772, 2657190674, 1123832119, 490681974, 3319750233, 898645407, 3197499439, 2123089492, 4088075218, 2730328170, 3880191690, 3131264267, 3476646580, 993322967, 3592063721, 2922109886, 3432013392, 779361135, 3369941093, 1238561540, 3258127104, 2641304741, 2445089687, 194188047, 984839610, 270574737, 3268818726, 4140589228, 672634253, 3946262841, 419125599, 740453005, 272415350, 1303879567, 366877577, 3351041109, 3196092255, 1338483206, 493150384, 2401020095, 2755037154, 2701575208, 2149856144, 3499684098, 3544692809, 2741367590, 3909256613, 4222630887, 440896935, 1632937209, 227315421, 686655480, 1955905829, 1624077968, 1128241839, 3450067325, 2329606113, 499916789, 420828485, 4079268007, 3137545207, 1766378557, 1646120512, 1403381017, 1772144415, 624927542, 2406908018, 2966336324, 4158361480, 657119677, 1380935008, 3734973360, 1569274925, 1731360795, 116923314, 227444237, 3399218126, 647374804, 1109729381, 340669871, 2527835908, 764909570, 3053096641, 2522117335, 2167137392, 57796499, 1046673747, 338432318, 876870824, 135209628, 2194854886, 1978256638, 2150631608, 4139107714, 1274300050, 2553023317, 1004233346, 1278051500, 585086812, 452306570, 2734705454, 901796900, 3475674738, 3328031116, 664960955, 573663325, 4169790255, 408492765, 1043937300, 3707883581, 653818668, 3378650309, 3770890606, 5330759, 1882280905, 2765057205, 2049103292, 1317632377, 4145455253, 3476195679, 2018675244, 3262497777, 1579932441, 2148841662, 3661858285, 882910170, 2381656549, 2906955512, 673534476, 1657445087, 1207531956, 3268539041, 2660299032, 1563237516, 2005477331, 460340935, 4018960525, 2130924574, 3548054553, 2273359726, 3935056848, 2471819922, 3793107279, 4058775559, 3328135260, 1979493547, 3009318796, 4229680513, 222234528, 3516206203, 177382088, 1888700006, 520807649, 1462030630, 1675177593, 213259348, 1397667106, 500635993, 1043489830, 3691289227, 2687749438, 2020713638, 434905054, 1483662588, 4002670881, 2919935800, 356641147, 1481464736, 2721027180, 4227227428, 2862213695, 3933271010, 2975740807, 1942554718, 1656289095, 627113881, 1095425835, 228897958, 510878462, 3613272281, 3430803832, 2670470229, 304), None)
Loaded weights: 47.010893539580444, 6.8229867664917965, -6.732184763377813, -10.472603825773016, -12.76961126600781
events: 
  ----
(3, (665780082, 165630614, 2837349083, 3884035518, 142392360, 4200925060, 458378754, 185476560, 3850744648, 642421211, 183208837, 3504629581, 3790123462, 184874514, 3540252255, 2130576103, 1767033560, 799015180, 991695810, 371691197, 3879941544, 194106013, 758259682, 2659445090, 3442709189, 59498145, 1915305492, 1457043083, 3251034599, 1663514186, 1133867108, 1137536382, 632095173, 931677717, 290886156, 1431718989, 3961077132, 2771896764, 1797330868, 2768878434, 2152157533, 1953008167, 1002539375, 2517897813, 1189653643, 3188057710, 4230363265, 3939836011, 4116667264, 1473461265, 372051985, 2670568019, 416102863, 586201007, 1113471337, 2908469632, 2531559089, 1612435207, 2153132555, 2098562189, 2315792100, 3622640717, 1187669609, 1226431308, 180008206, 3788253838, 167047622, 896865339, 1135622553, 3908986412, 677655272, 2962578206, 2144327115, 2911278640, 2824868406, 1656964983, 1945195593, 2689376247, 490073401, 686742938, 217314217, 2047748515, 1154231104, 2778659825, 488820150, 2509269597, 1081906669, 3374269560, 2756868364, 708036171, 4158607238, 246368694, 2246935893, 1754219953, 315396735, 3395904135, 411924291, 2057612404, 4126440367, 845044700, 1107677496, 1521468560, 1535640450, 3076522051, 2200110378, 2855880895, 1940524166, 1509169784, 1569911248, 3548995290, 1786916082, 241587352, 4057656774, 2918760454, 498114348, 3705494360, 3146873127, 890398312, 1119532628, 2061651184, 2821412395, 702922934, 1852961952, 1618544946, 741584700, 4133672187, 3027599729, 888946268, 632520786, 2504692223, 28743528, 1306361723, 1637624311, 2462476668, 2367479914, 1509250783, 1120227699, 651637388, 2462740696, 2849554237, 1202292918, 2484240623, 1275063483, 1741299039, 2143755833, 979578735, 2753979398, 1934625140, 801064450, 2178003372, 1221464280, 245432474, 3541520486, 4074818598, 2805867683, 2322391795, 4131898660, 3130125246, 2995472417, 4080633924, 689154828, 2507862674, 2373473067, 1687611826, 726856926, 2814205605, 3425245547, 4230379166, 1224405728, 1965943891, 2138394349, 3950545167, 2962853577, 4149663564, 305082405, 277247301, 1749752680, 3339630330, 1541248187, 3920037279, 524491092, 1654035100, 368281046, 2353285339, 787014685, 3673379774, 1356568946, 2460366505, 2046856462, 215856498, 659415018, 1476838289, 1672462404, 911675381, 141197805, 2803732376, 384581483, 1554697885, 1374068134, 1117089185, 2753924523, 1155758524, 3106314585, 234807193, 787143432, 1242813766, 927828822, 1049876632, 963880664, 2609548277, 698835366, 1500164164, 1332626599, 3321223157, 103043574, 2026180761, 1128902517, 2500672505, 3030763663, 3617765032, 327196762, 1464482324, 2570539216, 1150198355, 281250020, 1069696524, 1121165462, 1191814542, 779437, 3274099565, 662264190, 1721487427, 1209573315, 189051962, 22880044, 649839637, 3394710726, 162695974, 710647567, 2379666781, 2567724863, 3532747352, 1233638344, 1171271100, 2935390165, 3663457674, 1687295939, 1480407619, 1928324748, 1156680192, 2800481990, 2511342873, 3918629735, 2020002267, 360502590, 2762115945, 3034777722, 1904442778, 4112370478, 2005644784, 4189603793, 1048268589, 3638636276, 1321765646, 3627040285, 790666542, 1391673336, 2831251769, 3110507945, 1368756152, 3470160619, 2253207770, 2148699957, 1183646020, 2141757891, 3196561586, 2100270770, 2518295765, 1319334744, 972774131, 3155628187, 2970307598, 466232911, 2453770966, 2569972294, 1674716805, 3220509608, 4069466520, 4180925391, 1876278525, 3627082000, 3288628036, 1096981567, 3042485249, 2543972523, 3525270025, 705159817, 641039522, 1947566202, 323227698, 3511384643, 3169321011, 3052182468, 64721181, 271885777, 729533065, 2732902919, 3315115034, 1116419312, 2992573265, 1143081943, 1421759543, 2117328095, 1034355068, 1667256772, 1584287736, 2154794074, 930775726, 3347165629, 3664277068, 2628061643, 3594027736, 1331547077, 893375627, 682432202, 1355263758, 346890411, 2442433129, 3800969959, 3704992400, 907107932, 2983559213, 1926073356, 3711213383, 2734940512, 2823754481, 94532792, 4006956584, 445516433, 3241889686, 2661281027, 3029101035, 4288749036, 1989203012, 3232735252, 201952647, 622832025, 3671905515, 1357491224, 666334446, 3280753054, 2888458905, 3564034720, 2153637501, 3112338078, 867171592, 1237429796, 498026890, 2904345177, 647601432, 554320351, 3442618326, 3727230810, 1277380062, 1484914083, 160976577, 2213823826, 3224901317, 1653552472, 604465171, 2564216528, 894748281, 2621202396, 2723278858, 1900525240, 6793910, 1613078745, 3903985805, 453441484, 1419401905, 3698757157, 598038346, 3464639885, 1095104231, 1479633999, 3984835159, 3199171491, 2323356804, 418537183, 1311423095, 4103518184, 1146668379, 3903100680, 788956079, 1698987935, 4101985513, 3439025132, 2011974743, 2442276118, 3808855789, 943574010, 3931832317, 1044642121, 3685416936, 1787092175, 32508044, 512507533, 613817396, 958631270, 3017288920, 1473272679, 2478321075, 3012758249, 3635336059, 544219295, 184176569, 159692778, 3021123233, 3632484603, 2956882380, 667078643, 464889365, 471595235, 642873870, 842036698, 2233913015, 2215346852, 4152381419, 3943627823, 967975519, 2823926277, 1874538247, 3737578365, 170368872, 3690546531, 1110728886, 2878089669, 807655198, 954096061, 317724502, 3783532485, 725356868, 2096545772, 2657190674, 1123832119, 490681974, 3319750233, 898645407, 3197499439, 2123089492, 4088075218, 2730328170, 3880191690, 3131264267, 3476646580, 993322967, 3592063721, 2922109886, 3432013392, 779361135, 3369941093, 1238561540, 3258127104, 2641304741, 2445089687, 194188047, 984839610, 270574737, 3268818726, 4140589228, 672634253, 3946262841, 419125599, 740453005, 272415350, 1303879567, 366877577, 3351041109, 3196092255, 1338483206, 493150384, 2401020095, 2755037154, 2701575208, 2149856144, 3499684098, 3544692809, 2741367590, 3909256613, 4222630887, 440896935, 1632937209, 227315421, 686655480, 1955905829, 1624077968, 1128241839, 3450067325, 2329606113, 499916789, 420828485, 4079268007, 3137545207, 1766378557, 1646120512, 1403381017, 1772144415, 624927542, 2406908018, 2966336324, 4158361480, 657119677, 1380935008, 3734973360, 1569274925, 1731360795, 116923314, 227444237, 3399218126, 647374804, 1109729381, 340669871, 2527835908, 764909570, 3053096641, 2522117335, 2167137392, 57796499, 1046673747, 338432318, 876870824, 135209628, 2194854886, 1978256638, 2150631608, 4139107714, 1274300050, 2553023317, 1004233346, 1278051500, 585086812, 452306570, 2734705454, 901796900, 3475674738, 3328031116, 664960955, 573663325, 4169790255, 408492765, 1043937300, 3707883581, 653818668, 3378650309, 3770890606, 5330759, 1882280905, 2765057205, 2049103292, 1317632377, 4145455253, 3476195679, 2018675244, 3262497777, 1579932441, 2148841662, 3661858285, 882910170, 2381656549, 2906955512, 673534476, 1657445087, 1207531956, 3268539041, 2660299032, 1563237516, 2005477331, 460340935, 4018960525, 2130924574, 3548054553, 2273359726, 3935056848, 2471819922, 3793107279, 4058775559, 3328135260, 1979493547, 3009318796, 4229680513, 222234528, 3516206203, 177382088, 1888700006, 520807649, 1462030630, 1675177593, 213259348, 1397667106, 500635993, 1043489830, 3691289227, 2687749438, 2020713638, 434905054, 1483662588, 4002670881, 2919935800, 356641147, 1481464736, 2721027180, 4227227428, 2862213695, 3933271010, 2975740807, 1942554718, 1656289095, 627113881, 1095425835, 228897958, 510878462, 3613272281, 3430803832, 2670470229, 475), None)
Loaded weights: 47.238259389165115, 7.018168358238377, -6.732184763377813, -10.472603825773016, -15.472603825773016
events: 
  ----
(3, (1358996330, 1571767568, 3768996420, 1589373236, 1110594924, 3296142128, 3094379672, 2125324716, 359413387, 3737431808, 1996456547, 462885707, 1784328667, 263191431, 3731018058, 910647437, 3395504493, 764628073, 2436952458, 1545153734, 4097380543, 2246519996, 1483023232, 2367867960, 1852057259, 1403627851, 1504583035, 66007887, 4168816575, 1133612115, 4093109016, 1764200808, 2046368320, 2004863332, 2565887692, 449427245, 1891027812, 2536876225, 427528512, 3177678882, 893317038, 4129737022, 1902133652, 3045627648, 975138015, 3268281298, 3053760344, 399233293, 827051956, 4284950, 3637523595, 3340734681, 2901930828, 4027524728, 630050133, 4268355360, 2037880815, 904523307, 1566470242, 454697862, 2544633439, 174314138, 3453047517, 3925280268, 3418946602, 2137673750, 3153866934, 637965310, 766162154, 496681768, 3219941717, 1088722043, 719215395, 656962290, 1396602971, 1978641386, 64129396, 1466827992, 973321441, 4261126551, 1842887983, 1535421699, 3356864708, 366992080, 2404780112, 1638011742, 2253155984, 1466428680, 3813888804, 1932202438, 362659631, 2818328283, 3982285426, 518715858, 3608394641, 1591647767, 1479816208, 307787669, 1438522440, 2473237610, 3837354421, 2944664948, 3404994162, 1826242418, 2031229381, 230542417, 4040154190, 734519631, 504820574, 1681643256, 2700282681, 1773289157, 81243369, 3574154739, 1425447319, 448830688, 1609287251, 2951503025, 2620126567, 3802735277, 2006982171, 2067167867, 3994646986, 3822787267, 4003629034, 3779421073, 3526228544, 2763533238, 947498069, 942261717, 1978492511, 2880172825, 1221953572, 2598473948, 89179342, 2621618791, 3683759782, 1656993488, 865884882, 2398338690, 2880234710, 314526729, 3251763254, 820102454, 3144435075, 33031883, 3102328352, 1252257456, 1074505511, 3659071779, 1912217162, 2300219417, 3462610798, 279040175, 813574279, 1452550961, 4232025771, 2756002563, 3602336235, 3691103855, 1353526293, 2618647367, 98853170, 3247336721, 4021710209, 2803807445, 4076672035, 3697898259, 3650382299, 3972597290, 1562817404, 1972200438, 3354620176, 2891946457, 551265862, 2106634466, 1551097645, 475172875, 3953039087, 3483111150, 1496342256, 923672366, 3738071400, 1824793706, 3006400892, 1655105869, 1949632002, 635025164, 1211319, 4069715570, 991148632, 3090477295, 4069472575, 285433242, 1934086691, 1160837261, 3798478755, 579615072, 3728371566, 2075777670, 1833513946, 2604637082, 1270986275, 1451453634, 1179330992, 3138980316, 4282237980, 1237280693, 3957935341, 2323543709, 2012233983, 1971245963, 797700935, 1357472550, 800578509, 3044610917, 3703217277, 1220781754, 1109316730, 1870980757, 1771289697, 45373631, 3038425210, 3245855403, 2632630231, 605687324, 2920541254, 3875418916, 4160289688, 1764775017, 3102565644, 513843798, 3510491450, 4222625372, 2085940471, 4087660186, 2748744481, 2473433555, 1904029760, 855725164, 1423624153, 3435661431, 2304257838, 3512639611, 3616825502, 4210383327, 346418481, 30555510, 2766391225, 1478466802, 1205073070, 2778807492, 506550745, 3789155198, 953505187, 2686193488, 2480598971, 57338115, 921655267, 436845054, 230282189, 4255560104, 1290566888, 332308317, 2014267641, 4162024974, 2564984304, 1650829966, 2778067463, 3303568226, 1969112311, 1864221741, 892502325, 2411888268, 2517937626, 4059754752, 503010418, 1074280414, 2683493306, 1268786521, 2263059809, 1309237233, 1410152124, 3938283362, 1581668546, 3263646392, 3365249473, 2514626793, 3140762115, 4095784671, 3496669334, 2030093694, 568852506, 637509526, 4250207068, 849149260, 3987896969, 2016841638, 2005993032, 1207242250, 1548339656, 3411257026, 3404779900, 1457726931, 276148319, 154427474, 3307477275, 75987603, 86161937, 513490399, 1410837002, 2249232585, 1575926290, 2834938726, 3712972009, 102859112, 923929498, 4123896139, 1123846391, 285277684, 1906800729, 930343761, 2545233382, 3132388400, 2273556184, 3487437598, 4057250801, 1550799550, 2900782496, 4223553581, 3590587377, 1122270021, 1196540821, 2582792244, 4250434755, 3131529112, 3406140637, 811270148, 3834298180, 867006892, 3182604138, 1341296890, 633513839, 985732328, 2356968595, 3562848528, 2065080459, 2506014974, 3480780610, 4029002330, 159763885, 512925938, 1944725138, 1886577759, 1939531015, 851554899, 101895321, 1820836980, 3784787321, 4139089860, 3056295114, 2138403713, 3726027639, 282356883, 1873651295, 3148423703, 4223774085, 1111235365, 3483786643, 1339772402, 4246541356, 2536897409, 3116571534, 6113819, 2359674317, 4200094906, 4133579201, 2538615645, 3995320389, 1285585627, 2825262553, 325072223, 1924346454, 76025087, 1572305081, 1485288147, 2974812260, 3643289543, 1961234488, 91431426, 1052051624, 1395017206, 365048949, 2998856472, 239058287, 3484358956, 1503015396, 3013945574, 3398548290, 303061634, 472012539, 1222302040, 437753239, 3154571640, 1056612122, 2036205331, 3241247595, 1273181680, 1171030285, 3521270158, 1828145281, 178411473, 1574600424, 2027379728, 2055775893, 3742378631, 1456452694, 4244955073, 3803787114, 2100793030, 1506049297, 1489966879, 2359914428, 2752864027, 3415703277, 4268152508, 1486930416, 2695129922, 529965642, 3317694723, 4213685734, 2710573836, 3150176382, 3339677366, 662399919, 4286843024, 3637245015, 2292679646, 2279322794, 3564554766, 2712062992, 2361961141, 3121129623, 3189157955, 454351639, 4133630816, 3134912208, 1575258471, 3847092003, 2303018147, 2484502119, 1898796081, 3473304849, 3686217104, 2405480095, 1951546772, 3296491787, 3855104314, 783609341, 1408407662, 2510732960, 928820309, 993724916, 1938498681, 897286172, 684555889, 3693538525, 2445301905, 1018167915, 4147680203, 2701103018, 2683747887, 1044336498, 1812951090, 2209532043, 4047210625, 4001569127, 1660918052, 3470008582, 2563591995, 4075062849, 1017334418, 2660479907, 3034980728, 1066091511, 176308328, 790059218, 757427177, 2540557160, 2652144496, 839205498, 3029215007, 2823493378, 2461465021, 1817098206, 370629013, 3403356162, 1608726601, 3165825039, 666447529, 73677230, 2045041933, 546031094, 3106747623, 3753003397, 3746296589, 2909503509, 3802581230, 1450935390, 3786546597, 3002675992, 1238368750, 4150763233, 318431141, 730910893, 1574913019, 2697406101, 3908009164, 1066364219, 2947142271, 832338625, 2579717938, 3064905780, 612967567, 3562650825, 1646032267, 3927567316, 1163961568, 2811500252, 2097095267, 1865783033, 3091584760, 3524594500, 4059493966, 2471240448, 2504271200, 4014130830, 3345042915, 3313872248, 3953751889, 4227422155, 3179989547, 1399862224, 3050382987, 2007016309, 599619316, 1809709132, 2696213387, 3540105226, 3012248066, 571146156, 1300964601, 2145730969, 3911285083, 1229284211, 3262720147, 356709624, 287452639, 3975890394, 1645340975, 2928169921, 4193321518, 1727366231, 4083924296, 547189336, 1601306960, 1519955129, 3931727833, 1518094973, 1769131467, 2287065408, 1341158106, 547140650, 3465496155, 2701560360, 138139689, 3807697917, 2892671859, 2385248485, 3350427134, 1600240501, 945940491, 1130791712, 736587415, 1711238793, 172605743, 3699405158, 73618645, 3334729945, 4089136551, 2136316074, 4241710577, 2256374762, 1854736814, 3530685791, 4173447852, 1833181867, 308527122, 4283143181, 2786455379, 775295882, 4138596668, 4243388840, 3876254529, 318793363, 3712135989, 2216622343, 2727937932, 4223664753, 4247875620, 2721997739, 3210370170, 2432054973, 2108026026, 3612628908, 3171493804, 1154123449, 3743542815, 522765613, 901294921, 2859471889, 515470428, 2234595084, 823550033, 276), None)
Loaded weights: 51.26305087953499, 16.893197224920833, -6.732184763377813, -10.472603825773016, -12.71086932026985
events: 
  ----
(3, (967009358, 4126542086, 2727573757, 4178135711, 3881990561, 63961163, 931825808, 3236656080, 695434749, 4187823729, 1405595178, 3962106830, 2170647788, 962854234, 3603746162, 4262561799, 2475651769, 174741319, 2383861863, 307181133, 3395467990, 1967621680, 2477409781, 4269147670, 1513560101, 202631557, 151977292, 249512444, 2247333027, 708218826, 2923210105, 1939053397, 3549987046, 968752532, 308988697, 2893711504, 2379968795, 2869881452, 2056689244, 2087848513, 2507225846, 2724710562, 677884411, 2739225049, 1550425557, 4121587486, 151714292, 2637106543, 723431179, 3413088911, 3451050350, 356239083, 641205123, 2695661726, 3652354893, 2308886395, 874186446, 1624620279, 1603257808, 1960688046, 382228657, 2280111508, 1466874692, 1945473940, 4234629956, 2073928770, 318570775, 3062843230, 3862857341, 3343441381, 525760289, 2167967031, 1130542299, 3919491364, 2280071642, 3228241788, 3381004265, 2148079866, 3724455379, 4022951198, 725210124, 3839515304, 4086916157, 2693338600, 1769490974, 2370934677, 2316321241, 3940722749, 1741138371, 1169523048, 1126365982, 1871123171, 3741525497, 4148135931, 4071147091, 2429255485, 1439887850, 2116777258, 2103249084, 3520625047, 739312489, 55999414, 1152531981, 271393273, 2910366356, 3732204910, 4055212954, 1723999574, 2086078546, 890891226, 2055249366, 2238678713, 2647138757, 2823706239, 2217752839, 1583374372, 4096691983, 3023771060, 2753500449, 2296444405, 1736244882, 569338544, 2003113253, 3367529960, 2944537752, 2224406533, 306650453, 521648251, 4027464537, 2808910277, 3203285229, 3395803180, 3567720463, 3512193084, 4152196673, 861438619, 3946754890, 2101965065, 2790573275, 3165288151, 498442330, 659448563, 757270601, 3606802034, 4125455949, 2437378942, 1849521522, 3780737376, 2642930246, 198274439, 1075379049, 673020472, 1791308202, 1971116641, 3556814519, 217018031, 2541479592, 1948056923, 3297764579, 4156502793, 1906862071, 3907427624, 903100399, 3471176833, 209258870, 2919765338, 4109869978, 173745181, 1910428252, 2884672342, 1256487429, 3166248183, 1400636495, 792902372, 933462729, 1413682849, 148951125, 3705412066, 3439885553, 3531812285, 876858277, 1777945102, 323291800, 1899400430, 2828961569, 3755732429, 3540641854, 3013846355, 3894424883, 2383414323, 3279872247, 3382905231, 1718769948, 3591997161, 2534436465, 1762684177, 3708994951, 4142303908, 937047598, 2040500400, 342412516, 1837100323, 1246525653, 3557869064, 3160131218, 1199690428, 2752323969, 664325188, 3491954049, 1058088647, 2440007705, 131188911, 3740825012, 1573564105, 348068413, 3629775987, 1003104011, 1445004417, 3659774166, 602109693, 1795146248, 2940004626, 1698006039, 3635196721, 2368312193, 2003270313, 738168333, 1557659355, 133713284, 475955014, 3898670195, 2947816612, 2938564065, 3103465959, 3140257959, 838075894, 128087800, 4222354316, 1300521656, 3915701690, 2422005437, 1286633894, 1500105445, 2332405774, 66849958, 4256991893, 1490170162, 3414240635, 2717813067, 3827500682, 3207695565, 3094666171, 2257814948, 1416284501, 1723334726, 186423911, 2915548457, 981300187, 794059018, 3249633305, 2865797444, 2557023666, 2757220453, 2706809131, 2582300849, 2478201505, 3339628349, 2331538318, 2058465353, 1705624287, 3408628544, 3791804160, 1486556930, 3083458101, 1386306715, 2073932976, 1943768681, 2346308225, 2103252924, 93653635, 1088988637, 4186853390, 1132649555, 4289336313, 1360972158, 3287823296, 3811983901, 3082558023, 3537422758, 2223663036, 748057299, 4069899397, 4124827607, 2346717349, 262202228, 326303444, 2386396193, 1556678103, 3546825344, 3394857177, 4166948833, 1896757766, 4071548864, 4233491163, 3437987161, 1444207684, 1282285078, 999920895, 3529234765, 4070889523, 3424399092, 314658935, 3925857525, 967180679, 2829680021, 2828511619, 1414330780, 729138850, 28905965, 302610917, 2605026172, 2326654109, 3329098272, 3179231258, 1883596256, 1092123584, 1873983817, 1773300529, 1617673499, 693570387, 527798846, 1005431378, 1156328343, 2628386360, 2959083439, 708787045, 2231258411, 1447787368, 460384776, 1591370251, 3356667047, 299251271, 3151611727, 2041352422, 3435358944, 1294883685, 3884919790, 1137321897, 1723774822, 2183670285, 982501063, 1655218542, 1296959869, 3072899703, 1137622916, 777818809, 3524356314, 2956943063, 1566025712, 1607626884, 3391889814, 490783398, 1883834305, 1254020007, 3862274414, 2844950106, 325708258, 3915470914, 250494042, 3272103557, 2953823573, 2059548337, 1134289370, 1078304831, 476517040, 217698316, 1845739818, 1625656182, 1942870773, 1129860950, 2166952243, 2083623816, 3810246749, 703794817, 4189689110, 918348265, 2861367817, 1623215118, 4028917164, 2715644253, 2586125723, 3316600477, 823374281, 2578339655, 698267108, 1392516267, 2025181281, 2086308624, 856374455, 2483374305, 298993022, 465419268, 2369444416, 2412584094, 3705402845, 4274419172, 1149340461, 542611004, 1167037351, 65804376, 3870414194, 660193252, 2554141562, 4065300424, 4071484338, 3485085046, 695888097, 572586606, 1343113680, 2239263472, 3228892310, 4223544173, 979081465, 337298719, 3667044361, 930545644, 1259068680, 690997291, 3253241530, 3004641049, 3508077849, 2849696762, 2266135728, 2252890129, 3413067005, 2844374151, 617034274, 1049494243, 873757065, 2930205164, 2019584396, 1750897024, 4146553723, 968435146, 3116892188, 56624995, 1119614184, 3452609549, 4002038781, 3268302391, 3838630128, 339420908, 1687713297, 2766034322, 4002903998, 3001826933, 1310388403, 55800888, 2353835242, 16166962, 1999788040, 266063854, 3335662676, 4134244215, 2940275560, 1880619791, 2282006924, 51041986, 182714222, 3031623451, 1780520192, 2958996953, 2095580464, 3847417156, 960325643, 1126036057, 1871967724, 4072614032, 1112323042, 3042158620, 2820052829, 1966418436, 2481775034, 1692108785, 2273437564, 1667411615, 3888001017, 59390851, 4172255530, 903628113, 1648708028, 3981241810, 1310191281, 1676823892, 3159466317, 270702154, 3733589545, 3774171558, 472405206, 807229143, 1377662274, 2584555818, 3769062489, 3660107610, 333844723, 3546461627, 2903349068, 4213759220, 652378001, 2523227508, 3868650762, 3928373411, 3166479430, 1783694409, 1124260545, 3202389741, 2613192340, 923988438, 3759690752, 1361509328, 3318314567, 3040388165, 725613610, 481531069, 2048975371, 2774145080, 3335478772, 2869901953, 3223744857, 446023114, 394755983, 3350680909, 1658338595, 3380128693, 3678571478, 3249128643, 1760105049, 781970061, 3937574936, 310976917, 4182890471, 3846418556, 284253800, 2034916020, 2901302676, 229046701, 1198806029, 1108283440, 1724659616, 4175625686, 3045079540, 241341551, 1158421661, 1707415258, 2163884952, 4102600246, 2964321788, 3863518069, 3060961195, 349332641, 1526821416, 1872475390, 3982847943, 754943928, 2125461430, 1149220995, 2955103641, 1642208256, 2028225507, 3895533691, 2613175406, 374906433, 2079885040, 2739602198, 3722271188, 1410484224, 3061302187, 2675815935, 2600965360, 813516411, 123653614, 579173069, 833549973, 1748301068, 243661844, 2236912634, 3600792620, 3852107366, 1369141524, 832016025, 2754887233, 1760283, 3302025352, 711993237, 552552026, 96235566, 2285781375, 2462753300, 3537737762, 4088291014, 484642316, 2822796746, 3279993775, 3741080907, 92661704, 844050083, 3401458721, 3484938368, 180293801, 711690586, 528131610, 2437068504, 3552967406, 1516086894, 3775508115, 1659632726, 1493233580, 2706175965, 1156396432, 2494741866, 1811475217, 147549040, 252144638, 1684300358, 61), None)
Loaded weights: 55.25644404870296, 23.576479317352728, -6.732184763377813, -10.472603825773016, -12.645108503791963
events: 
  ----
(3, (2246436893, 2534572527, 1690599041, 981330953, 1755538665, 4270105853, 2515733830, 2180880854, 3515933455, 926018767, 4169868521, 1508025946, 1333112499, 2597592576, 1096677189, 1986460199, 2171022545, 1301784734, 3466197406, 3941839426, 181264030, 107955409, 3076973257, 2112666981, 2900910742, 4074420744, 3232140310, 512005979, 2740476932, 1312636917, 2607240395, 2277977069, 2692922477, 1987550781, 1826802081, 599255638, 561793120, 2645928116, 2156811375, 1448721738, 390738327, 1732033049, 2006283522, 1912454897, 3343262505, 1278497041, 1725036345, 638834045, 4155867338, 2253489291, 2720246328, 782414728, 2776431205, 1749477819, 1483973016, 3458148595, 2741441910, 797097736, 3052798724, 4222099527, 696557190, 3176172444, 1862548058, 214604619, 1128205103, 3470379700, 222985491, 2785830669, 3953711762, 304628064, 2814900194, 2200286537, 3309961867, 3551124775, 3658561708, 1483736269, 2595911111, 1803234717, 365119135, 3044361967, 2570150717, 898404702, 2040849047, 3289161882, 559559923, 1873317907, 3889356017, 38382812, 1523569249, 1765659776, 500368134, 3665739153, 683416913, 2144343933, 1909503763, 2934375500, 37494276, 2773996337, 2489551734, 2386157602, 3854571880, 2990074528, 4247100265, 2994196910, 1952100383, 1160115501, 3437244029, 4230289349, 1832596733, 1265561281, 2240519527, 1692762324, 2963002620, 447029260, 3508759332, 2109283528, 1570634818, 3301396822, 2125298069, 2726636407, 701170122, 1385395999, 944805714, 3595660805, 2108956606, 364268882, 165032126, 1197057636, 1247415646, 2184685351, 3343902845, 469646850, 3450893386, 3299609654, 3526653275, 3294343982, 3117347592, 2894003286, 2257572794, 2780906277, 4062550706, 3083135976, 3555174370, 1475014989, 583249060, 1167887681, 3523626158, 3183506109, 819884245, 2491258704, 3471285474, 4239447016, 3098145045, 279568177, 1582502239, 1949835187, 2642247334, 3129590069, 4239280010, 96648830, 1556828010, 862580129, 1177167010, 2051538959, 1921346712, 2522861412, 455014575, 1040521997, 1585478846, 1970707264, 2679896275, 1420850221, 770892796, 3942450105, 1830535220, 2429965549, 440697707, 651311468, 1430598894, 2142718557, 629660837, 3230009038, 3712914472, 658106140, 1362646154, 3627712478, 934798073, 785295517, 2313166124, 2021642699, 3463859221, 1008792399, 1000170583, 1235418002, 1233966622, 3651333635, 4152728676, 265917867, 4066582304, 2053647414, 165473862, 3633763075, 167731672, 1023359942, 620135277, 1978453150, 3797699829, 3230438225, 2216857328, 1077499720, 3563995984, 1353325741, 3270491860, 1233308661, 667423870, 2721690803, 3552220436, 1036579989, 3474616207, 3293992608, 3733320928, 2934990408, 3467768209, 1703162226, 920147527, 3365847284, 4207659601, 3846216971, 2571319069, 1516447584, 2794358646, 219489021, 126551160, 1444154310, 1176230895, 1532487247, 1503020903, 2426492449, 66795022, 136221024, 318692327, 17586064, 144908127, 2307986186, 2900012881, 461454944, 346450783, 830225266, 2616872745, 260687736, 1988375629, 2641489972, 843297494, 393566608, 353353179, 712953209, 1094671953, 3036243944, 2029756902, 2788176328, 3250338362, 1263109543, 2377453644, 3975811247, 1276427701, 1504481890, 490595788, 1750085571, 3667899244, 609511976, 502178008, 1956435180, 2236258809, 1208647196, 188484412, 3619886706, 2379416170, 531313346, 3250192394, 2789099367, 3694455521, 1696656207, 2410382987, 4240218962, 2103359436, 3727071343, 2026155150, 2337423271, 2104341051, 1337125571, 2700647884, 1952727858, 1466158631, 2889019475, 2883295986, 619284962, 1426821868, 2382199903, 1690876280, 4215133403, 1410412442, 2149905313, 1577197512, 3436682134, 820573999, 2304158162, 3832377252, 2643815315, 2874087455, 220408556, 937544060, 3377848112, 1807932276, 4101600220, 3012729010, 2185899518, 622539215, 3401350507, 3777240517, 2418180872, 3775796580, 1275183405, 1890086339, 4000680710, 1415170603, 861102817, 528067203, 4000954645, 3380533802, 1456399604, 3996210971, 2295214343, 3807410038, 1517400038, 1228198716, 1440178231, 2928328399, 2485883593, 932308461, 3870064838, 3929003863, 1782888685, 120052458, 3529897058, 4113230593, 1744408137, 519549186, 3314732539, 1420707634, 2740533353, 3977212068, 3380132700, 2192422051, 2848736090, 826729367, 3734299598, 465195318, 2645474071, 3807008236, 189985201, 3152038368, 2801350448, 972062704, 3240098343, 480008019, 1839007358, 118847813, 1726007782, 2852777174, 3151352616, 968501507, 2890940134, 2561441945, 689011225, 467405886, 3747684129, 2482027139, 3336173947, 1389802201, 910322893, 2907296378, 2801437204, 1445560173, 4144549728, 363445616, 1336795019, 154188144, 2809957882, 1905749572, 1383850495, 3027950654, 2985965736, 1894055506, 4110248484, 982088872, 1965250551, 2471284038, 3953700005, 3529937557, 3805242283, 3722329969, 45963451, 4254725922, 357562875, 4051964786, 3679875398, 2978464934, 3782039789, 1054998151, 471382148, 2848703547, 4267218086, 1228856369, 846230943, 4194633630, 1545579622, 1299527007, 1010299060, 4118862354, 1537988419, 3753557422, 2612066332, 607773687, 3119734369, 551192986, 344590073, 1793010204, 892309365, 2036429516, 410930978, 2529283323, 1317680270, 147942389, 2229420543, 1899231993, 2502816565, 3075587761, 3667377612, 2748693888, 4006610580, 2720134276, 3898333880, 2609769026, 1065842890, 4049558349, 1497136118, 2053485398, 2084345027, 2757350427, 562708501, 1336354557, 837768686, 1673115238, 3822574545, 402743714, 1490873379, 257796499, 1195374734, 1932157822, 1586005765, 3708268277, 13351917, 275854104, 203908158, 3989334594, 799143038, 1506588432, 3951899144, 2128502304, 2334031824, 3081023534, 815403226, 3431291972, 1871856412, 3288933610, 1494025738, 2374470153, 165843390, 1110927199, 1549801818, 622032005, 2238989508, 2171681335, 469049749, 3944451360, 1691011463, 592345812, 334921983, 412430695, 809477056, 1695487856, 95100057, 607290890, 3319575546, 1879396322, 3492622827, 2223800202, 1435823430, 2331739640, 2303283583, 1191620183, 3293975427, 429654207, 3885247103, 630267397, 1512937802, 1471458994, 2328375595, 580391478, 1629366423, 1236132056, 2304072697, 2608418874, 4213059699, 1836961351, 3582953370, 4275769802, 1322499010, 2573530630, 2095561372, 1179246437, 594615861, 1050819056, 2270215138, 2119655880, 3362488150, 2970193741, 607302713, 974349316, 4175361543, 2937524359, 2332731948, 3374051955, 3379301731, 668922443, 2957238536, 1122705598, 2091832410, 400846675, 179248829, 1460653670, 1772757844, 946688871, 2753009522, 3260797507, 1345025710, 2224216322, 3712826293, 1405761322, 251308274, 788164870, 1271514240, 1816085687, 2118970844, 1629103292, 2132342788, 118872469, 2460419372, 234451734, 3340039585, 1147913309, 4220386264, 694370805, 4114422195, 3538330397, 2480078105, 2455916928, 1499644338, 2116309107, 4007378052, 430794534, 1191349683, 1221373033, 2701788205, 2664327848, 827539530, 3171131944, 1114252152, 1502426598, 2959402820, 4235618254, 4057321273, 2863603511, 2761243060, 1228221651, 2072999806, 3599422057, 3749660009, 3544814431, 4127213932, 2285916632, 410613584, 636794485, 1340344410, 4021772241, 921261190, 3814353297, 2776008422, 269904504, 1828751715, 643773749, 2311823891, 633320829, 1876436032, 3410719709, 3385803667, 2745704179, 71394784, 2157086287, 4109314572, 1229007727, 3423762943, 3521507016, 2634801711, 2266268747, 3272436036, 2124032345, 726253076, 4140889079, 2273240039, 181188221, 567656554, 4280247757, 146180503, 512), None)
Loaded weights: 60.3558877263258, 23.576479317352728, -6.732184763377813, -10.472603825773016, -12.885648791232853
events: me was killed by stupid, 
  ----
(3, (959011981, 957095178, 1727604080, 1887911386, 2767698458, 3076551041, 1437676816, 4510250, 432420862, 348841485, 2375814080, 2152962305, 292730756, 1349357382, 1550014826, 3498441350, 1421582800, 3712613201, 694580551, 135518736, 2785600003, 2000362409, 3159701806, 3385756901, 3806176536, 1147839996, 1874437395, 829859736, 3936102876, 4267978918, 4022643292, 2955451429, 4199362787, 968366324, 1599193509, 409948101, 2318964133, 2826723345, 4261490064, 637277861, 1879134239, 2552170241, 1327917363, 411719119, 390677231, 837656833, 3045466795, 3397753640, 2199652716, 729048650, 728616199, 804198902, 3433137175, 1671362097, 2414375240, 839531741, 3021374549, 49963040, 3154136287, 1537205968, 1503116608, 78151251, 3253041791, 1703975869, 665280183, 3487350094, 2250893159, 2551973643, 1723192526, 1244613857, 857167987, 2238967738, 2076320156, 3668716664, 3316294243, 1490081400, 2200397069, 1474312058, 3669956002, 1477937992, 1394923793, 3891111627, 2120632599, 3971407395, 732478482, 730915984, 1523709947, 1601492175, 1347691463, 765983575, 2814471912, 3586363152, 2531203233, 3304061990, 316186303, 1697417480, 1317006013, 976521817, 2536620538, 4134302526, 210278422, 1835137171, 3497179560, 2753775239, 2144098762, 2800002910, 9310530, 3389273252, 3868352245, 3430535390, 4173001025, 987101256, 743225489, 1631343946, 4153005469, 3048713755, 3648887000, 2334376530, 1573233406, 2856227119, 4271026322, 2236399023, 3469196609, 949211322, 699021468, 977871279, 2768005328, 1534748519, 1350048794, 1269222316, 1775086392, 483089953, 2592665628, 1594202869, 3911676859, 2516356087, 2673046344, 1687755670, 2074865733, 1006235111, 659333550, 2115484834, 4166178500, 1181620276, 3530347819, 292450608, 1677663987, 54287094, 1511374086, 3823179635, 2736083521, 2526445439, 3752261557, 2564508022, 3906829190, 1652685796, 3120610713, 525141881, 1039771451, 695238176, 303776547, 787243335, 1664632185, 2099868177, 4037155946, 4259614077, 1932993770, 4255554882, 2842276025, 79109430, 2855422843, 1759322509, 1118670215, 1864402748, 3596687130, 2632342787, 2992838811, 3027038431, 2541770171, 919141541, 1646862367, 925532146, 3824686282, 3572125067, 3720933590, 1752981140, 721083685, 1304764997, 2662870852, 1756972220, 409439249, 1469026731, 3536925861, 2894478039, 2912989326, 1580628039, 2432725584, 3599159361, 1272791709, 3887341234, 271933368, 1424611988, 1937708160, 2905392220, 3007169628, 2375623640, 2526469431, 2304390309, 2849237047, 2308915035, 4112309097, 2716162341, 153550633, 1520771408, 1141248889, 3090719810, 1525098682, 965804883, 2703639060, 299422505, 2083622192, 142654432, 4122803038, 2292723073, 94019600, 460468282, 3810424781, 3967842268, 1413320378, 1975412427, 2936347771, 2805086246, 2624222306, 4021577784, 3035075026, 2886050962, 2241002946, 3428946119, 2220675505, 2164615848, 1357620366, 3241829914, 3561845507, 2615035559, 2424923233, 3124621367, 279824297, 855471432, 822081557, 505385943, 3346429183, 3153886323, 1339033908, 4231449377, 3175182843, 1393243691, 3826811730, 2478406319, 2737865921, 2593336830, 3306449656, 1502300547, 4145739597, 1966767008, 2225744160, 4037009270, 2296164763, 1565428137, 3392483861, 1104230751, 583286713, 2363801292, 1441308175, 2954372917, 3781431313, 3321202777, 1688338219, 196136194, 3858270874, 1001603512, 2282107721, 288686802, 1280602484, 3401179059, 3034684616, 3227654808, 3342748124, 3190412418, 3128540141, 3516478617, 530758180, 2501773691, 1087206840, 3552848414, 3395863546, 1278221752, 3587785233, 1098056911, 568702216, 298497617, 1136059767, 2863377799, 2126191539, 1113304645, 1397449619, 2827592304, 2413137502, 2676745665, 2709271485, 1704373673, 3357290939, 1581896104, 296508798, 51952546, 508674608, 2614168575, 2448520509, 1314640085, 2647838356, 3864531475, 1005038703, 3011778689, 1377193099, 3176906615, 3130362870, 25535588, 1482170219, 1748497667, 101092073, 2120393466, 2035085019, 246702705, 3420221613, 605321436, 2045195360, 1759490381, 526690661, 981119848, 159627307, 3226723301, 2367076835, 4095359208, 2625983530, 987782535, 1641526697, 1388214911, 301942541, 2495976203, 233345348, 3091203347, 1546620180, 4059320850, 1856962562, 1700243908, 1949308544, 497366145, 3698927352, 414745038, 3228210726, 2272842988, 209256813, 3051310147, 746309179, 1209395262, 1381472425, 3777625144, 143231252, 843601861, 603804982, 1032286874, 1346766663, 120726968, 3706617059, 1846614252, 3045352889, 2330284184, 428170001, 1400290290, 348125638, 3372359304, 3416657020, 448885999, 1493539924, 4040450849, 2710788195, 962722691, 986593501, 1792078849, 2665029991, 2030381926, 634678853, 2295358275, 3348772975, 779328190, 1581221478, 2697975322, 3899390907, 1510585070, 2159157383, 3041534688, 3078003646, 3903712395, 1330188577, 2325811490, 3653748860, 3477321704, 3749109772, 2756800387, 958800816, 1846887944, 2881882072, 543108625, 3897349252, 402153194, 600503414, 554304820, 1990376678, 581427480, 2740112085, 4245449330, 3781052121, 1723134378, 3687278504, 3245160093, 1170957282, 2125649811, 1680566743, 746972894, 1490484485, 3776397858, 3395935771, 777896313, 383824888, 1996984468, 449084896, 1802733488, 3839156669, 2767586729, 3599587951, 1479935339, 780717068, 163636824, 3891992615, 4215289283, 1427062440, 2618596287, 3066964375, 4145403874, 3243060021, 1265096959, 2422179702, 877034275, 3012652301, 2938029852, 1508290834, 3399215788, 1445042828, 2526031300, 293522299, 736170951, 920192273, 3168733278, 2853574285, 3010906339, 2612095736, 2830797369, 3032740780, 797215646, 3300219378, 2409573140, 3281211082, 3066808899, 3455373753, 849958364, 1585182285, 2939456974, 1525603080, 2137356175, 2513203422, 3293643689, 4270647619, 1693539391, 2281248318, 3516220866, 2027204275, 2996287915, 174120286, 1347830420, 1100257379, 3315432693, 4008133939, 2528340517, 3530655371, 4041086570, 3964707203, 2289241552, 723210236, 666500421, 1363715756, 2942532091, 188456491, 883073169, 1865887161, 2942419190, 648413607, 3458391491, 2816469490, 3645520466, 3098715718, 1753383192, 1461437072, 4183635157, 619033214, 680009248, 2498631503, 3306435336, 3069241720, 319865127, 3949843509, 4209060565, 1534334427, 3577339650, 1335377993, 2868048629, 1699134308, 3765027441, 3671809170, 1589598069, 265053787, 2956469039, 132053843, 2932746869, 1429672990, 1160923044, 2276070725, 3221857250, 1539426180, 1525069517, 3256282665, 975944269, 936225288, 2607799132, 2312814662, 1775512771, 642673538, 2677776917, 301350678, 1375909882, 3036237048, 1164669960, 2562678071, 360880498, 1050923658, 1758793013, 1471908097, 2625951484, 1999708268, 1068521296, 3023480958, 820060764, 433227056, 3026068549, 3410595147, 4011804724, 3936058683, 1085444331, 2900525884, 722215173, 3279414954, 3495159737, 2154408833, 3703132994, 3677604022, 1587049049, 3429643054, 325664848, 3648328879, 1894324199, 3922076080, 278148069, 2226519687, 3094292932, 1341106267, 569049166, 629095025, 1915178957, 1909442183, 4241848349, 3470747893, 1750855383, 69817238, 3651498828, 3336304661, 2790954531, 1765604742, 2337853729, 1866215913, 407712379, 2830815702, 1456035494, 4093409594, 2119372760, 3171500728, 2770883104, 2929306340, 3697493600, 2334305400, 1390935940, 1622598121, 2762848572, 1339420417, 3378622215, 4008491595, 3763128871, 190202019, 2023523604, 1822553196, 2276763489, 1382523503, 469029774, 1050245771, 4172842079, 2107384334, 1844962594, 58), None)
Loaded weights: 60.39512410080754, 19.747333760086473, -6.732184763377813, -10.472603825773016, -15.472603825773016
events: me was killed by aggressive, 
  ----
(3, (959011981, 957095178, 1727604080, 1887911386, 2767698458, 3076551041, 1437676816, 4510250, 432420862, 348841485, 2375814080, 2152962305, 292730756, 1349357382, 1550014826, 3498441350, 1421582800, 3712613201, 694580551, 135518736, 2785600003, 2000362409, 3159701806, 3385756901, 3806176536, 1147839996, 1874437395, 829859736, 3936102876, 4267978918, 4022643292, 2955451429, 4199362787, 968366324, 1599193509, 409948101, 2318964133, 2826723345, 4261490064, 637277861, 1879134239, 2552170241, 1327917363, 411719119, 390677231, 837656833, 3045466795, 3397753640, 2199652716, 729048650, 728616199, 804198902, 3433137175, 1671362097, 2414375240, 839531741, 3021374549, 49963040, 3154136287, 1537205968, 1503116608, 78151251, 3253041791, 1703975869, 665280183, 3487350094, 2250893159, 2551973643, 1723192526, 1244613857, 857167987, 2238967738, 2076320156, 3668716664, 3316294243, 1490081400, 2200397069, 1474312058, 3669956002, 1477937992, 1394923793, 3891111627, 2120632599, 3971407395, 732478482, 730915984, 1523709947, 1601492175, 1347691463, 765983575, 2814471912, 3586363152, 2531203233, 3304061990, 316186303, 1697417480, 1317006013, 976521817, 2536620538, 4134302526, 210278422, 1835137171, 3497179560, 2753775239, 2144098762, 2800002910, 9310530, 3389273252, 3868352245, 3430535390, 4173001025, 987101256, 743225489, 1631343946, 4153005469, 3048713755, 3648887000, 2334376530, 1573233406, 2856227119, 4271026322, 2236399023, 3469196609, 949211322, 699021468, 977871279, 2768005328, 1534748519, 1350048794, 1269222316, 1775086392, 483089953, 2592665628, 1594202869, 3911676859, 2516356087, 2673046344, 1687755670, 2074865733, 1006235111, 659333550, 2115484834, 4166178500, 1181620276, 3530347819, 292450608, 1677663987, 54287094, 1511374086, 3823179635, 2736083521, 2526445439, 3752261557, 2564508022, 3906829190, 1652685796, 3120610713, 525141881, 1039771451, 695238176, 303776547, 787243335, 1664632185, 2099868177, 4037155946, 4259614077, 1932993770, 4255554882, 2842276025, 79109430, 2855422843, 1759322509, 1118670215, 1864402748, 3596687130, 2632342787, 2992838811, 3027038431, 2541770171, 919141541, 1646862367, 925532146, 3824686282, 3572125067, 3720933590, 1752981140, 721083685, 1304764997, 2662870852, 1756972220, 409439249, 1469026731, 3536925861, 2894478039, 2912989326, 1580628039, 2432725584, 3599159361, 1272791709, 3887341234, 271933368, 1424611988, 1937708160, 2905392220, 3007169628, 2375623640, 2526469431, 2304390309, 2849237047, 2308915035, 4112309097, 2716162341, 153550633, 1520771408, 1141248889, 3090719810, 1525098682, 965804883, 2703639060, 299422505, 2083622192, 142654432, 4122803038, 2292723073, 94019600, 460468282, 3810424781, 3967842268, 1413320378, 1975412427, 2936347771, 2805086246, 2624222306, 4021577784, 3035075026, 2886050962, 2241002946, 3428946119, 2220675505, 2164615848, 1357620366, 3241829914, 3561845507, 2615035559, 2424923233, 3124621367, 279824297, 855471432, 822081557, 505385943, 3346429183, 3153886323, 1339033908, 4231449377, 3175182843, 1393243691, 3826811730, 2478406319, 2737865921, 2593336830, 3306449656, 1502300547, 4145739597, 1966767008, 2225744160, 4037009270, 2296164763, 1565428137, 3392483861, 1104230751, 583286713, 2363801292, 1441308175, 2954372917, 3781431313, 3321202777, 1688338219, 196136194, 3858270874, 1001603512, 2282107721, 288686802, 1280602484, 3401179059, 3034684616, 3227654808, 3342748124, 3190412418, 3128540141, 3516478617, 530758180, 2501773691, 1087206840, 3552848414, 3395863546, 1278221752, 3587785233, 1098056911, 568702216, 298497617, 1136059767, 2863377799, 2126191539, 1113304645, 1397449619, 2827592304, 2413137502, 2676745665, 2709271485, 1704373673, 3357290939, 1581896104, 296508798, 51952546, 508674608, 2614168575, 2448520509, 1314640085, 2647838356, 3864531475, 1005038703, 3011778689, 1377193099, 3176906615, 3130362870, 25535588, 1482170219, 1748497667, 101092073, 2120393466, 2035085019, 246702705, 3420221613, 605321436, 2045195360, 1759490381, 526690661, 981119848, 159627307, 3226723301, 2367076835, 4095359208, 2625983530, 987782535, 1641526697, 1388214911, 301942541, 2495976203, 233345348, 3091203347, 1546620180, 4059320850, 1856962562, 1700243908, 1949308544, 497366145, 3698927352, 414745038, 3228210726, 2272842988, 209256813, 3051310147, 746309179, 1209395262, 1381472425, 3777625144, 143231252, 843601861, 603804982, 1032286874, 1346766663, 120726968, 3706617059, 1846614252, 3045352889, 2330284184, 428170001, 1400290290, 348125638, 3372359304, 3416657020, 448885999, 1493539924, 4040450849, 2710788195, 962722691, 986593501, 1792078849, 2665029991, 2030381926, 634678853, 2295358275, 3348772975, 779328190, 1581221478, 2697975322, 3899390907, 1510585070, 2159157383, 3041534688, 3078003646, 3903712395, 1330188577, 2325811490, 3653748860, 3477321704, 3749109772, 2756800387, 958800816, 1846887944, 2881882072, 543108625, 3897349252, 402153194, 600503414, 554304820, 1990376678, 581427480, 2740112085, 4245449330, 3781052121, 1723134378, 3687278504, 3245160093, 1170957282, 2125649811, 1680566743, 746972894, 1490484485, 3776397858, 3395935771, 777896313, 383824888, 1996984468, 449084896, 1802733488, 3839156669, 2767586729, 3599587951, 1479935339, 780717068, 163636824, 3891992615, 4215289283, 1427062440, 2618596287, 3066964375, 4145403874, 3243060021, 1265096959, 2422179702, 877034275, 3012652301, 2938029852, 1508290834, 3399215788, 1445042828, 2526031300, 293522299, 736170951, 920192273, 3168733278, 2853574285, 3010906339, 2612095736, 2830797369, 3032740780, 797215646, 3300219378, 2409573140, 3281211082, 3066808899, 3455373753, 849958364, 1585182285, 2939456974, 1525603080, 2137356175, 2513203422, 3293643689, 4270647619, 1693539391, 2281248318, 3516220866, 2027204275, 2996287915, 174120286, 1347830420, 1100257379, 3315432693, 4008133939, 2528340517, 3530655371, 4041086570, 3964707203, 2289241552, 723210236, 666500421, 1363715756, 2942532091, 188456491, 883073169, 1865887161, 2942419190, 648413607, 3458391491, 2816469490, 3645520466, 3098715718, 1753383192, 1461437072, 4183635157, 619033214, 680009248, 2498631503, 3306435336, 3069241720, 319865127, 3949843509, 4209060565, 1534334427, 3577339650, 1335377993, 2868048629, 1699134308, 3765027441, 3671809170, 1589598069, 265053787, 2956469039, 132053843, 2932746869, 1429672990, 1160923044, 2276070725, 3221857250, 1539426180, 1525069517, 3256282665, 975944269, 936225288, 2607799132, 2312814662, 1775512771, 642673538, 2677776917, 301350678, 1375909882, 3036237048, 1164669960, 2562678071, 360880498, 1050923658, 1758793013, 1471908097, 2625951484, 1999708268, 1068521296, 3023480958, 820060764, 433227056, 3026068549, 3410595147, 4011804724, 3936058683, 1085444331, 2900525884, 722215173, 3279414954, 3495159737, 2154408833, 3703132994, 3677604022, 1587049049, 3429643054, 325664848, 3648328879, 1894324199, 3922076080, 278148069, 2226519687, 3094292932, 1341106267, 569049166, 629095025, 1915178957, 1909442183, 4241848349, 3470747893, 1750855383, 69817238, 3651498828, 3336304661, 2790954531, 1765604742, 2337853729, 1866215913, 407712379, 2830815702, 1456035494, 4093409594, 2119372760, 3171500728, 2770883104, 2929306340, 3697493600, 2334305400, 1390935940, 1622598121, 2762848572, 1339420417, 3378622215, 4008491595, 3763128871, 190202019, 2023523604, 1822553196, 2276763489, 1382523503, 469029774, 1050245771, 4172842079, 2107384334, 1844962594, 506), None)
Loaded weights: 60.992336839800544, 16.504727025321124, -6.732184763377813, -10.472603825773016, -15.472603825773016
events: me was killed by stupid, 
  ----
(3, (1183825003, 3016667711, 2366225421, 2769110707, 706045076, 630295465, 2323871799, 3575960451, 1546548273, 3652773356, 2104497116, 1906276466, 1176732075, 2247601005, 136172370, 2182153324, 2689864605, 4000415242, 621013052, 4239293752, 3224558611, 3178780226, 14916831, 2419102805, 75604820, 1964180990, 3654706513, 1887794956, 25219008, 331955449, 3986233363, 3170424235, 3184217688, 2093583894, 3143816772, 2331265525, 3123777603, 1707404072, 2693086269, 1172109677, 837891830, 672587305, 3447430995, 3156532644, 2285798919, 1680914861, 2650994775, 344013342, 3383666842, 980451275, 3772930841, 2115328481, 2745176888, 2544615378, 4098610578, 814915576, 3999528716, 3740149666, 2807306692, 2062173228, 231514674, 2827273883, 3223449286, 3154254485, 2603702009, 1879725537, 1718647737, 3907747999, 346397846, 876670794, 759004227, 3109308732, 2731097384, 944680740, 3668156799, 1433392096, 1499024993, 1931771036, 3275704426, 3933472607, 3583710261, 1945625738, 1795349607, 2874718026, 1899572855, 865688860, 1730649978, 3388346255, 1028453599, 427846186, 985105692, 2482218220, 2817164006, 1048820403, 2753900193, 1816576778, 1959584665, 3888660862, 4081398863, 1834943479, 2281812435, 2037512824, 1685744231, 1960686286, 668005182, 795878680, 2321799844, 3437731330, 2820552108, 1116348813, 2216740470, 932989649, 1478273981, 4124547201, 982405895, 1213955602, 1830420233, 4195141168, 1224985408, 3384389937, 3367907119, 352762442, 2796077704, 1335953813, 1360396042, 1575384097, 1581740441, 1299887465, 3317344167, 3997010190, 3386001594, 42475093, 1186094730, 2856710737, 2100879185, 446606778, 931056239, 595025336, 1157490126, 1214748499, 1710057628, 4265575755, 1495053911, 2280878146, 3554206660, 556662752, 1749680568, 189052161, 929274227, 3648268009, 2151757978, 1109559293, 151441587, 3973177588, 1690461312, 3131784345, 3195747926, 3494898243, 2285693420, 3878957346, 2983122732, 480393757, 2541562763, 562268933, 1403310628, 3000115006, 3519809173, 656872888, 48832112, 552801886, 3328835868, 2066321590, 3888358439, 2874744844, 197315868, 453702692, 2644949737, 514107692, 3506802397, 1902720127, 1803298846, 3627690965, 3823740415, 3931211500, 3427862158, 3281679894, 2650874291, 706948563, 108785043, 3841241168, 1310326807, 2126463608, 2802860899, 1392053201, 800522160, 3462119741, 1410420444, 2514152471, 3095584376, 656842293, 842653489, 2433047446, 1079981192, 2858588948, 949984820, 1867160828, 2022570157, 1668869664, 27552018, 1755607315, 2602427337, 3173854882, 2315200916, 4108211810, 3581803814, 2208247318, 1703738193, 465920425, 2843237471, 1387868916, 2213870225, 1757011904, 3332928913, 2085890691, 4110523458, 3575359799, 465034956, 747731766, 270086533, 58950383, 4136917664, 1679842981, 1380695989, 3505434846, 2200306122, 518458064, 645963088, 2790706139, 824036646, 777409516, 2775226464, 4214479372, 1459001312, 1897402738, 711407310, 4099783479, 3855665052, 1095078086, 729755510, 3125810815, 1422269107, 1667868622, 3523268785, 511602035, 2148031686, 864849513, 3273470321, 621406892, 4054926164, 3745610532, 2298780168, 434576701, 4033442853, 3093562579, 495649939, 2112082991, 2993884518, 2380472099, 3522622041, 1158754384, 3126231746, 2076342751, 3845397224, 2008563840, 4017311469, 586606544, 1067981130, 3525189204, 600635709, 1051441731, 3744546491, 3529633064, 2361835774, 3021158760, 3202296558, 3301653802, 637447789, 3388526363, 1497426952, 2414916564, 797290231, 4216843301, 1508393198, 54794820, 2398326339, 2806091073, 3455180274, 1037018823, 683254475, 437976908, 3021195576, 1022794873, 3981095965, 3925102455, 1734389156, 2228588357, 1018774880, 472759604, 2553545345, 3590616165, 3296485278, 2045706440, 840237261, 1745845858, 1561737903, 3971808926, 3886363295, 878633558, 2044140858, 1662116878, 3192456748, 1411823675, 3957566574, 696657506, 2802488140, 1180797733, 3226225065, 302662776, 1178643205, 3251940821, 3935253289, 2604039095, 2105153910, 3062907028, 1635841659, 1050988993, 1605859385, 434743996, 2394754044, 2275362707, 2413462773, 1959590162, 2351161358, 3304756482, 1247497168, 3639924761, 1523828843, 2387240845, 2418935836, 3367961602, 2002460828, 641892107, 1867358403, 1683978969, 3667959798, 3951441115, 2724317673, 3924231081, 1093956643, 2575724259, 698541231, 2987232403, 1049909669, 2271065828, 333685668, 12132676, 3360361582, 1947451911, 3774626822, 3895919915, 2221564574, 1688694122, 1445294998, 3951068091, 1312169293, 3802760228, 4040129296, 2317272185, 1721993401, 1825953421, 951708252, 1212197546, 466206166, 2008687288, 368551773, 206783837, 1263860733, 665515840, 1612754862, 480226422, 3168995963, 2841738956, 3857437281, 4275291558, 927006389, 4023669618, 1308086057, 1597743488, 562856390, 3162040824, 1174890134, 4117689683, 509246645, 4047855319, 2030400216, 3200188123, 3125359457, 938424774, 4012935377, 4127893011, 594977083, 4168576204, 2288408931, 2414107528, 983969609, 1026208736, 4121379036, 3334198690, 3766081, 1320669392, 564359940, 39144548, 937814700, 922025773, 864761601, 329243212, 828665178, 2270826860, 2710502023, 3160632154, 1682230135, 871352264, 1422480566, 1978648157, 1455500792, 2865146131, 2748826392, 1767112225, 1212062920, 2663075730, 4030604622, 2139668970, 1731691560, 252404741, 2361892009, 1796733003, 691263749, 2052775892, 2483192672, 3465000490, 3212814285, 1975622171, 2190789305, 2000979525, 165449312, 2064252099, 147559437, 656641986, 3906496409, 3492777442, 3466540273, 1327872595, 3730103934, 1800939564, 1795374616, 1803302128, 2039748131, 2268083353, 3170652038, 926888069, 3010806924, 3583373005, 2903052761, 1407552613, 1457509921, 1174946546, 485104999, 1579164380, 2554959557, 877532367, 4111365043, 2213861337, 1531325576, 645912311, 2773124774, 3028364795, 4150942318, 818308838, 2720076696, 504522339, 1781858590, 3988485897, 93118234, 1565781368, 3386546635, 2222675367, 3485826605, 2465386900, 4118509053, 966878498, 4108427287, 1105225966, 893781931, 4126386502, 1812447338, 1881345476, 1376692074, 2204659096, 2787159460, 2806718902, 297079773, 3970823121, 3499045434, 3061912853, 2876429983, 37263540, 1601201048, 2201744434, 523225488, 2908420828, 702084549, 1882660536, 724583652, 3209855040, 2499016480, 1171524738, 3964527657, 721242826, 3185720625, 934115691, 1738271378, 234563499, 2790042775, 2791636765, 2083089605, 4124369219, 1652531164, 2088736853, 3186781489, 703845833, 1706595276, 435903116, 22960160, 4102162270, 2728100739, 824967857, 1242611699, 2754977872, 915604031, 2125771306, 1665624795, 3093002761, 3942890848, 1922645494, 474492678, 1037581107, 3725362813, 4036257558, 3276204697, 1905482734, 901243497, 2636939265, 1227584987, 3019011707, 3770176022, 2563525218, 1259464654, 2925623200, 2246949393, 1428129041, 2863021219, 667070347, 783307242, 2095436284, 3355363237, 630993556, 700661550, 1136144452, 4144027174, 4095733599, 946400827, 610269956, 4218664188, 701948942, 1241257104, 3772458943, 1055154738, 3620069386, 1596508967, 1015083118, 2878279490, 3917934449, 3399277194, 3168105133, 3904313928, 241865773, 2098801865, 2419526261, 264488505, 1876643595, 2494104663, 1353890833, 2956832052, 2810424930, 3828311881, 590536325, 94775631, 2448042615, 1511421492, 3844864649, 3389146596, 4220078759, 3850211473, 2549574515, 467973578, 1450202520, 2253213465, 1289251731, 2761627403, 1672470523, 1535588182, 1234104242, 3643777507, 4156072387, 128), None)
Loaded weights: 61.2870540258011, 13.275338250766847, -6.732184763377813, -10.472603825773016, -15.472603825773016
events: me was killed by stupid, 
  ----
(3, (1183825003, 3016667711, 2366225421, 2769110707, 706045076, 630295465, 2323871799, 3575960451, 1546548273, 3652773356, 2104497116, 1906276466, 1176732075, 2247601005, 136172370, 2182153324, 2689864605, 4000415242, 621013052, 4239293752, 3224558611, 3178780226, 14916831, 2419102805, 75604820, 1964180990, 3654706513, 1887794956, 25219008, 331955449, 3986233363, 3170424235, 3184217688, 2093583894, 3143816772, 2331265525, 3123777603, 1707404072, 2693086269, 1172109677, 837891830, 672587305, 3447430995, 3156532644, 2285798919, 1680914861, 2650994775, 344013342, 3383666842, 980451275, 3772930841, 2115328481, 2745176888, 2544615378, 4098610578, 814915576, 3999528716, 3740149666, 2807306692, 2062173228, 231514674, 2827273883, 3223449286, 3154254485, 2603702009, 1879725537, 1718647737, 3907747999, 346397846, 876670794, 759004227, 3109308732, 2731097384, 944680740, 3668156799, 1433392096, 1499024993, 1931771036, 3275704426, 3933472607, 3583710261, 1945625738, 1795349607, 2874718026, 1899572855, 865688860, 1730649978, 3388346255, 1028453599, 427846186, 985105692, 2482218220, 2817164006, 1048820403, 2753900193, 1816576778, 1959584665, 3888660862, 4081398863, 1834943479, 2281812435, 2037512824, 1685744231, 1960686286, 668005182, 795878680, 2321799844, 3437731330, 2820552108, 1116348813, 2216740470, 932989649, 1478273981, 4124547201, 982405895, 1213955602, 1830420233, 4195141168, 1224985408, 3384389937, 3367907119, 352762442, 2796077704, 1335953813, 1360396042, 1575384097, 1581740441, 1299887465, 3317344167, 3997010190, 3386001594, 42475093, 1186094730, 2856710737, 2100879185, 446606778, 931056239, 595025336, 1157490126, 1214748499, 1710057628, 4265575755, 1495053911, 2280878146, 3554206660, 556662752, 1749680568, 189052161, 929274227, 3648268009, 2151757978, 1109559293, 151441587, 3973177588, 1690461312, 3131784345, 3195747926, 3494898243, 2285693420, 3878957346, 2983122732, 480393757, 2541562763, 562268933, 1403310628, 3000115006, 3519809173, 656872888, 48832112, 552801886, 3328835868, 2066321590, 3888358439, 2874744844, 197315868, 453702692, 2644949737, 514107692, 3506802397, 1902720127, 1803298846, 3627690965, 3823740415, 3931211500, 3427862158, 3281679894, 2650874291, 706948563, 108785043, 3841241168, 1310326807, 2126463608, 2802860899, 1392053201, 800522160, 3462119741, 1410420444, 2514152471, 3095584376, 656842293, 842653489, 2433047446, 1079981192, 2858588948, 949984820, 1867160828, 2022570157, 1668869664, 27552018, 1755607315, 2602427337, 3173854882, 2315200916, 4108211810, 3581803814, 2208247318, 1703738193, 465920425, 2843237471, 1387868916, 2213870225, 1757011904, 3332928913, 2085890691, 4110523458, 3575359799, 465034956, 747731766, 270086533, 58950383, 4136917664, 1679842981, 1380695989, 3505434846, 2200306122, 518458064, 645963088, 2790706139, 824036646, 777409516, 2775226464, 4214479372, 1459001312, 1897402738, 711407310, 4099783479, 3855665052, 1095078086, 729755510, 3125810815, 1422269107, 1667868622, 3523268785, 511602035, 2148031686, 864849513, 3273470321, 621406892, 4054926164, 3745610532, 2298780168, 434576701, 4033442853, 3093562579, 495649939, 2112082991, 2993884518, 2380472099, 3522622041, 1158754384, 3126231746, 2076342751, 3845397224, 2008563840, 4017311469, 586606544, 1067981130, 3525189204, 600635709, 1051441731, 3744546491, 3529633064, 2361835774, 3021158760, 3202296558, 3301653802, 637447789, 3388526363, 1497426952, 2414916564, 797290231, 4216843301, 1508393198, 54794820, 2398326339, 2806091073, 3455180274, 1037018823, 683254475, 437976908, 3021195576, 1022794873, 3981095965, 3925102455, 1734389156, 2228588357, 1018774880, 472759604, 2553545345, 3590616165, 3296485278, 2045706440, 840237261, 1745845858, 1561737903, 3971808926, 3886363295, 878633558, 2044140858, 1662116878, 3192456748, 1411823675, 3957566574, 696657506, 2802488140, 1180797733, 3226225065, 302662776, 1178643205, 3251940821, 3935253289, 2604039095, 2105153910, 3062907028, 1635841659, 1050988993, 1605859385, 434743996, 2394754044, 2275362707, 2413462773, 1959590162, 2351161358, 3304756482, 1247497168, 3639924761, 1523828843, 2387240845, 2418935836, 3367961602, 2002460828, 641892107, 1867358403, 1683978969, 3667959798, 3951441115, 2724317673, 3924231081, 1093956643, 2575724259, 698541231, 2987232403, 1049909669, 2271065828, 333685668, 12132676, 3360361582, 1947451911, 3774626822, 3895919915, 2221564574, 1688694122, 1445294998, 3951068091, 1312169293, 3802760228, 4040129296, 2317272185, 1721993401, 1825953421, 951708252, 1212197546, 466206166, 2008687288, 368551773, 206783837, 1263860733, 665515840, 1612754862, 480226422, 3168995963, 2841738956, 3857437281, 4275291558, 927006389, 4023669618, 1308086057, 1597743488, 562856390, 3162040824, 1174890134, 4117689683, 509246645, 4047855319, 2030400216, 3200188123, 3125359457, 938424774, 4012935377, 4127893011, 594977083, 4168576204, 2288408931, 2414107528, 983969609, 1026208736, 4121379036, 3334198690, 3766081, 1320669392, 564359940, 39144548, 937814700, 922025773, 864761601, 329243212, 828665178, 2270826860, 2710502023, 3160632154, 1682230135, 871352264, 1422480566, 1978648157, 1455500792, 2865146131, 2748826392, 1767112225, 1212062920, 2663075730, 4030604622, 2139668970, 1731691560, 252404741, 2361892009, 1796733003, 691263749, 2052775892, 2483192672, 3465000490, 3212814285, 1975622171, 2190789305, 2000979525, 165449312, 2064252099, 147559437, 656641986, 3906496409, 3492777442, 3466540273, 1327872595, 3730103934, 1800939564, 1795374616, 1803302128, 2039748131, 2268083353, 3170652038, 926888069, 3010806924, 3583373005, 2903052761, 1407552613, 1457509921, 1174946546, 485104999, 1579164380, 2554959557, 877532367, 4111365043, 2213861337, 1531325576, 645912311, 2773124774, 3028364795, 4150942318, 818308838, 2720076696, 504522339, 1781858590, 3988485897, 93118234, 1565781368, 3386546635, 2222675367, 3485826605, 2465386900, 4118509053, 966878498, 4108427287, 1105225966, 893781931, 4126386502, 1812447338, 1881345476, 1376692074, 2204659096, 2787159460, 2806718902, 297079773, 3970823121, 3499045434, 3061912853, 2876429983, 37263540, 1601201048, 2201744434, 523225488, 2908420828, 702084549, 1882660536, 724583652, 3209855040, 2499016480, 1171524738, 3964527657, 721242826, 3185720625, 934115691, 1738271378, 234563499, 2790042775, 2791636765, 2083089605, 4124369219, 1652531164, 2088736853, 3186781489, 703845833, 1706595276, 435903116, 22960160, 4102162270, 2728100739, 824967857, 1242611699, 2754977872, 915604031, 2125771306, 1665624795, 3093002761, 3942890848, 1922645494, 474492678, 1037581107, 3725362813, 4036257558, 3276204697, 1905482734, 901243497, 2636939265, 1227584987, 3019011707, 3770176022, 2563525218, 1259464654, 2925623200, 2246949393, 1428129041, 2863021219, 667070347, 783307242, 2095436284, 3355363237, 630993556, 700661550, 1136144452, 4144027174, 4095733599, 946400827, 610269956, 4218664188, 701948942, 1241257104, 3772458943, 1055154738, 3620069386, 1596508967, 1015083118, 2878279490, 3917934449, 3399277194, 3168105133, 3904313928, 241865773, 2098801865, 2419526261, 264488505, 1876643595, 2494104663, 1353890833, 2956832052, 2810424930, 3828311881, 590536325, 94775631, 2448042615, 1511421492, 3844864649, 3389146596, 4220078759, 3850211473, 2549574515, 467973578, 1450202520, 2253213465, 1289251731, 2761627403, 1672470523, 1535588182, 1234104242, 3643777507, 4156072387, 239), None)
Loaded weights: 61.409369430561725, 10.111526437684088, -6.732184763377813, -10.472603825773016, -15.472603825773016
events: 
  ----
(3, (2628891482, 1126305217, 1074586200, 2654511334, 3431377690, 1195428574, 2327223093, 1692707515, 2890160065, 1223956528, 32047943, 2715663194, 2272024809, 3665551967, 2511101932, 1273067141, 1289853746, 3166374673, 698675149, 132355388, 3921540503, 3526789050, 3939005804, 1285883548, 2591096529, 4268910024, 1218333601, 980739194, 543955288, 3625567868, 266254935, 3862758228, 109461292, 337325385, 1277243350, 3154822438, 1154712535, 292426267, 1557899974, 3399079526, 265536777, 1708432805, 1582740820, 656265197, 940564957, 1168706056, 398721632, 3419922277, 3814428880, 3485365623, 3910830339, 1344344967, 2947282617, 2670335788, 625730162, 1562914247, 3256398188, 2938569299, 471197080, 2986535767, 2397511190, 3530949245, 2282627391, 636829795, 728640943, 2245397935, 3232712228, 3252185982, 2121578423, 389100302, 3680828280, 2769659721, 600030954, 3185921521, 3527727107, 2662354197, 469047122, 3303733924, 2954742089, 1110062839, 2485048227, 1249391391, 558061759, 3308876779, 2181701948, 2428124373, 2579299574, 1400528638, 732195573, 743157106, 2245249313, 381110383, 2452400213, 2574085714, 1000369553, 3186756017, 1519473314, 923256928, 425428778, 353120792, 3124543127, 153869982, 3784001298, 1603735515, 3478900400, 3539779925, 3332531004, 1254622565, 2840760356, 289227498, 3196648904, 3044696998, 2697105168, 3602166842, 1896469513, 921845609, 3208249999, 1353506915, 309398738, 1755548684, 3810592061, 3832121394, 311983953, 3110166881, 38530001, 193276868, 266160411, 1828168653, 1868644883, 1941955525, 2198099116, 130127490, 2529877999, 436563539, 3862875073, 3894688535, 980551096, 2838626756, 3600479842, 1147190649, 2509392759, 3691303872, 1633730285, 2803026790, 3861623005, 3266351405, 3867052879, 3937867553, 1306429834, 4284193241, 3996696164, 229724043, 272050861, 2110940414, 1623933900, 3074762359, 771735968, 3845730954, 2636155730, 1128954018, 899771171, 1442497110, 777714789, 973167289, 425609490, 3576386052, 2500323887, 3748048671, 652600225, 3639733783, 848532372, 1023096267, 1443870736, 2932297762, 3664867822, 2461265755, 2014564309, 2443985074, 3043601972, 2520610953, 509988169, 2446601982, 1016364197, 406459587, 110425873, 3464625421, 1594056040, 1127574669, 1872601409, 1493124179, 2374241038, 3537721009, 2783844766, 4152173375, 25118788, 480095165, 1045498224, 1018779218, 3714618966, 2840602017, 3342782512, 2399928334, 2389490052, 4204053214, 3850596889, 1982785735, 2507484970, 3532721469, 4124754043, 2520762308, 4199072916, 1892287328, 2095544665, 75482694, 3791659806, 4094726605, 1943947856, 973716833, 3599741448, 2306789962, 3389216436, 44905197, 2610008206, 3925284572, 862585223, 3970614754, 3748006161, 1327929639, 3635565341, 879497740, 3318150619, 4148596230, 4065137047, 1672255715, 167733108, 2471397640, 3858130601, 3689639850, 2869349054, 1434154103, 3881273754, 1761804680, 1242098400, 1832519341, 876898554, 2880527029, 3203483392, 1608355986, 1504970924, 1429541461, 3312624410, 4028081524, 2524499131, 233288902, 535764093, 1200380674, 4055782317, 2795633985, 387411210, 857628264, 3692742682, 3657367213, 958530924, 753371946, 3365903996, 2678624489, 280405128, 600910231, 2539668262, 2321313721, 1424294715, 4077546666, 430177677, 3628997356, 967117379, 113665892, 963381308, 3330269777, 654992770, 322656872, 179609626, 2589487629, 192190593, 374405675, 4124881760, 611027413, 3474952280, 1689135751, 4181287658, 1355442450, 2501031570, 1379757538, 1561697897, 3691368034, 2799340407, 2279816418, 3547050607, 3042189438, 2725709463, 2340120469, 4054428313, 1775392712, 680067160, 2468318833, 675254067, 3122300602, 1132051396, 1650864226, 1785205552, 3284920058, 2508215741, 656156544, 1486958496, 252926861, 1657330350, 3655550768, 2891645075, 602826001, 901563586, 3026037211, 3865214354, 335617606, 2012885310, 2591410582, 1454453094, 3828997342, 4147846002, 43776075, 2661101101, 571078916, 2700082351, 842355529, 3729606456, 3489932991, 530174876, 106058416, 3749963073, 2796226547, 1246333384, 780714939, 1696627736, 1468679121, 4185656185, 2544697154, 2649509071, 4022600861, 583786959, 1115977904, 143718846, 2053600194, 3904496207, 3070297835, 275548569, 650400292, 4109891507, 1913817261, 1517255106, 4154447893, 994084004, 3915714927, 946365510, 1170935132, 1228761372, 2438532715, 2723243183, 946022926, 641140329, 679747605, 2924898962, 822661538, 567962281, 105704161, 1220495567, 335034624, 3560347785, 798981565, 616401148, 761182886, 2429802499, 837468127, 3108220533, 817871371, 1827203531, 75153290, 1435012543, 132233648, 1592655975, 2602422304, 3099439634, 2921504303, 3573835677, 3340589339, 623489936, 1956531541, 2094427647, 2937637931, 4282201869, 1459062082, 662094316, 1883434022, 1651434143, 2862551369, 1737790884, 3644288708, 3735943580, 3762580583, 2379896793, 1335412369, 1876478857, 709930876, 4173592399, 2897017987, 4083284307, 2410865658, 985473574, 614449499, 2358979276, 3868039808, 3864844890, 2503404864, 1166361526, 1978285521, 2764558490, 883715271, 3257775290, 4218584884, 1035988040, 329228757, 1613412036, 4169446931, 1723061097, 399218469, 818598183, 2110870486, 1317485835, 2647125349, 4134699841, 2953276348, 3178379279, 126581139, 556310264, 4219149001, 2291261897, 2643587422, 2733556485, 234144279, 1034144370, 3775887816, 329536343, 971739498, 553476179, 1962492329, 2197062115, 4248846661, 266012723, 3444789641, 3880296539, 3893693388, 1255342442, 3408413920, 3451414243, 1562475688, 229284354, 1070637955, 2107149116, 1626420499, 955771396, 2620099249, 3761857623, 2604796825, 1079035754, 1115585371, 4097550125, 2601620126, 1259108967, 2606768503, 3909129499, 471658823, 2576651501, 2592582208, 4122141077, 2064329211, 763586213, 109134084, 2120836930, 1118482426, 1448522792, 1118205336, 2661554403, 2719814119, 3919187060, 3103210235, 2657705842, 1139867449, 347696123, 3275551099, 4221191191, 3709667485, 2506804886, 2385038905, 1574767445, 2738893234, 2027677105, 2236887659, 3292234418, 2259786499, 3701091252, 937040270, 2304002978, 1932515488, 137025772, 3567806168, 3413568286, 1879818774, 1701389794, 1186527076, 533109774, 4188987743, 3290554532, 418245053, 1171497602, 2949592145, 303130172, 683947091, 2354100851, 1083969376, 478789500, 1414829238, 1073200268, 3814861581, 3726639495, 3498398098, 815733360, 3194049028, 2423835756, 3583557557, 3013782388, 2034207201, 958228431, 1818073887, 2823481483, 2940480473, 320095413, 48737486, 3026310949, 2624900886, 3990978389, 3564002448, 4118198633, 1293964283, 4268375518, 3417995427, 966173128, 2833961907, 2168731104, 1551360454, 956946945, 3511297453, 2456144487, 162742467, 3112430425, 3372214556, 2660851598, 573690796, 3253330986, 511507058, 3847447573, 638549006, 938976571, 2954122138, 2993655211, 2939214098, 2532568683, 972748093, 2807308333, 1940134109, 3550050631, 1685258365, 803144861, 1748400485, 3598264566, 2285963077, 215567361, 982355140, 4067418746, 1597289701, 2442052334, 2369290117, 1205021706, 2752016736, 4020501908, 1728433141, 330568945, 858132724, 4063158216, 3390206363, 2641023238, 995535776, 1645800839, 670899050, 1917871016, 3133315319, 3790810225, 3189449351, 512441317, 2153763842, 820356573, 1132961624, 20364277, 2963477233, 4020229445, 2760629550, 2238853927, 460072681, 2730961778, 218947660, 4127277225, 3543342946, 85793978, 539401416, 2001463244, 763510735, 2619532525, 2976247456, 598), None)
Loaded weights: 65.55631099343103, 10.111526437684088, -6.732184763377813, -10.472603825773016, -12.592197385569015
events: me was killed by stupid, 
  ----
(3, (2926457725, 124825792, 2136915029, 70104850, 3376378918, 4224149729, 843942726, 1367827107, 2218680447, 338060965, 1601575740, 3043383074, 3731222156, 2987776185, 1347745566, 3574674634, 149411501, 4150781215, 661523397, 558719192, 2409027933, 2469978348, 4083445262, 3518336001, 181604149, 1501578645, 697704186, 3525031958, 3615398922, 3814195644, 545333375, 594127186, 1803653224, 1084441730, 164558262, 3417022483, 3966691844, 1626007656, 3096118870, 680775962, 468030897, 2455331493, 2366451386, 2754076361, 3652165581, 2205409529, 561163827, 3544386413, 4079175795, 3492167212, 269959380, 2641959124, 1988008700, 1918407018, 3278235541, 2750994773, 870019251, 1104280319, 1297782013, 2688233296, 405191213, 2547818794, 14308366, 1091027179, 3334654624, 1845311760, 1597806140, 2611634232, 1802087572, 356882360, 1470753226, 2983770914, 481828286, 2960792500, 2486103310, 3116444804, 3110399948, 2315922972, 1669171923, 2047298581, 3760740375, 272468077, 554935146, 3031953675, 2858321742, 1633491166, 1866231419, 4071875303, 1418688835, 3451379815, 2432000368, 247135254, 4004226766, 759335523, 1057394428, 4079089187, 1483938569, 404007022, 3384469623, 2139925379, 2575886290, 2779737375, 2028730635, 2054220813, 1396105671, 462083119, 2033745926, 3499281056, 3459201654, 3286127952, 1835477085, 3644132394, 410354365, 3920003639, 1457113523, 1306745478, 2169832184, 1817289611, 1927885154, 3076435535, 2342135110, 342192083, 2639653330, 2650728373, 2853020083, 2365026926, 2276939114, 585673637, 3763031645, 487298346, 397697015, 2912576420, 929574139, 1949815992, 1033895110, 1839601836, 2868400870, 4214601565, 782258646, 543374864, 389931009, 3500509286, 2144665260, 1113030714, 1460982672, 4179866061, 4004812673, 3532559328, 986821413, 2600280167, 197020554, 1684380896, 1942577540, 3457129528, 1225808711, 1869168920, 2591443702, 3486806089, 1037229463, 3134316367, 4223091846, 473957514, 2377866560, 3039612880, 3798614046, 1293032006, 3565827324, 194225445, 2869738918, 3155865055, 2709149236, 485521715, 2809658251, 3747034460, 2137103968, 1945287006, 825021796, 4259378999, 2712802374, 94580540, 1821972226, 3902638608, 4246979547, 1278993313, 906578204, 1666769589, 2183105117, 1554612741, 3930301971, 2538391401, 2103337986, 354689221, 1186877472, 2937870774, 4030967540, 211587145, 763018205, 3701118179, 129160084, 4277516574, 2094050215, 623817029, 1521973765, 2576968315, 1490902091, 3947477988, 1314591942, 4251904775, 3409983456, 1304545175, 1004707560, 2790111110, 2996629970, 3735012554, 1200301335, 4238153231, 2673887366, 2306929270, 1236502889, 2466311155, 191706827, 148231421, 1423775654, 3086374864, 467098942, 1788432570, 1342051052, 457157164, 1564916166, 3300226663, 2140074001, 688999474, 320443471, 917649660, 1478501927, 1875764212, 2043924848, 183860835, 1188257222, 3989711425, 3331610749, 1968210542, 2055505731, 314958544, 2075654298, 2014750789, 1319348369, 2739723531, 548067609, 3520937859, 2847825595, 3639073207, 527671286, 3211337755, 4057830807, 1990788355, 687886275, 1795856122, 988186214, 1166865509, 3042216715, 1432352512, 3721946502, 3357615418, 3056996547, 4040184850, 2691953934, 274052130, 1317004710, 2121736184, 2644699292, 209113556, 2941578639, 3836255181, 3491772639, 4019539053, 1779531739, 1133670933, 2498016736, 1931791089, 3866892467, 534190858, 836244639, 154478851, 2330758858, 1792367825, 1264880332, 616172376, 4290352547, 173215559, 672757274, 1900066123, 1140842017, 2505663320, 3629907529, 2614412668, 1341097863, 2677725790, 1835907127, 4251220013, 3297980496, 2154458402, 692476771, 1953732746, 2533846337, 46225201, 1261720612, 3575402895, 836270864, 4074453355, 3879330507, 2249068702, 4292609479, 1582826284, 3728884095, 2611628501, 88629808, 2318074641, 2375850020, 2644154375, 1732379968, 83596899, 4263187176, 858489786, 705185281, 2988926414, 2815027065, 265207835, 4104884637, 4053055363, 3127047542, 2081440347, 3934287791, 921987528, 3552306168, 2028369929, 159606390, 138669241, 1467604264, 719699121, 1533743872, 4084169936, 104146215, 1454085184, 2193297690, 3129241946, 2518454807, 2412927385, 693556786, 805414954, 1601623071, 2066961824, 2677365628, 616832620, 3270074156, 3447517884, 3217869311, 1242832293, 2120652, 1801199320, 1456624150, 419514440, 4228001606, 1658343534, 2802066010, 2763219517, 2905185989, 1496392, 2283921591, 4130437927, 3631826325, 3930310440, 4041190733, 1571253018, 474586593, 680490843, 2354216244, 2598311764, 2778231760, 4133488225, 257487330, 3865878397, 1834229469, 700103926, 3424955537, 2343398779, 3076470623, 2817105295, 3529112386, 2117197393, 1336595330, 2969475542, 3998583859, 1944695516, 2232906735, 1301976831, 3613486974, 2999006914, 617680672, 256391707, 1393560871, 212587698, 1600720444, 1585064362, 348811739, 2119667573, 4217896107, 3263021593, 4256554414, 1481279651, 2204446015, 3601925482, 612471624, 3745585998, 3622752887, 3960353653, 3825863209, 242223407, 1606375013, 612168187, 216135553, 3793766073, 3485603573, 208429440, 2703469433, 1500325296, 1848826155, 1288040645, 2154060435, 2967872366, 192155958, 3652224007, 3584102927, 4027595420, 1787145578, 695322271, 365064777, 4233310768, 2088811408, 2718482094, 2049636721, 2597020972, 2991976096, 1461688795, 1450320802, 1466068048, 2743555863, 3686248383, 337648712, 3718977360, 344082395, 2208673040, 2368848071, 2434475562, 2761863735, 3085588788, 2965369729, 451375268, 210071106, 3972863969, 1478657704, 1593142054, 3912041194, 1193252078, 2743424053, 1521002692, 2060672966, 796940937, 2717464445, 447538422, 2868015010, 3634535379, 899571978, 2989303165, 938769775, 3441566539, 115079167, 1014801426, 2510556311, 4238499811, 1541669945, 2115278362, 1978246529, 372571234, 1247789319, 298703986, 1692389033, 588134309, 2639908652, 2836751292, 223479960, 4177706874, 136354641, 858255404, 2831383616, 2864346994, 2314283881, 3608645591, 3530163735, 1488115962, 4110975764, 893745880, 1949820295, 135052930, 2579631947, 4205420602, 684312118, 3805691234, 1715533658, 902658281, 593566319, 4015520581, 315669978, 2043680829, 132542698, 4032486308, 2945240887, 1242138184, 2755588426, 1628835680, 464931247, 2438155607, 381579146, 3503254113, 4292140526, 1663657865, 3612226166, 3681086998, 684968059, 3747539839, 472985667, 3477659769, 502398515, 50868754, 651738762, 1745432234, 390876484, 1656742387, 690515406, 1928446301, 2431821343, 247518202, 2597953458, 2255501693, 3289474202, 1650759505, 4155356751, 2230446379, 4217573185, 3241020423, 3489533748, 1992496869, 1062911176, 3882614153, 1643458808, 1898433602, 1077482890, 1784193178, 2713801445, 1867068124, 1384881478, 2633452607, 704549343, 695702627, 1199411584, 4242071549, 2044854966, 3650646338, 3949286685, 3322565421, 20183241, 1355437808, 2138159899, 482226910, 1862853928, 2576538190, 3677395147, 3515999886, 3592477133, 3031027463, 4193004817, 495798771, 3493475550, 2264611010, 3162961672, 149371579, 3033043397, 893109267, 184905976, 2345914764, 2287076683, 936810749, 3173018183, 2487152929, 4229389658, 3331622964, 2879008503, 1887273865, 4189932189, 3388447897, 3654195134, 4122524422, 4002043591, 1512001561, 2599484757, 1692537313, 3617835469, 2529893575, 1731569370, 2207466656, 2080330337, 395642333, 1595133648, 2788991718, 3782208937, 1884416969, 396906976, 220487135, 2699941810, 3589308373, 4229963236, 302952774, 354967983, 425641503, 137), None)
Loaded weights: 65.80222821957456, 6.867206708072944, -6.732184763377813, -10.472603825773016, -15.472603825773016
events: 
  ----
(3, (2926457725, 124825792, 2136915029, 70104850, 3376378918, 4224149729, 843942726, 1367827107, 2218680447, 338060965, 1601575740, 3043383074, 3731222156, 2987776185, 1347745566, 3574674634, 149411501, 4150781215, 661523397, 558719192, 2409027933, 2469978348, 4083445262, 3518336001, 181604149, 1501578645, 697704186, 3525031958, 3615398922, 3814195644, 545333375, 594127186, 1803653224, 1084441730, 164558262, 3417022483, 3966691844, 1626007656, 3096118870, 680775962, 468030897, 2455331493, 2366451386, 2754076361, 3652165581, 2205409529, 561163827, 3544386413, 4079175795, 3492167212, 269959380, 2641959124, 1988008700, 1918407018, 3278235541, 2750994773, 870019251, 1104280319, 1297782013, 2688233296, 405191213, 2547818794, 14308366, 1091027179, 3334654624, 1845311760, 1597806140, 2611634232, 1802087572, 356882360, 1470753226, 2983770914, 481828286, 2960792500, 2486103310, 3116444804, 3110399948, 2315922972, 1669171923, 2047298581, 3760740375, 272468077, 554935146, 3031953675, 2858321742, 1633491166, 1866231419, 4071875303, 1418688835, 3451379815, 2432000368, 247135254, 4004226766, 759335523, 1057394428, 4079089187, 1483938569, 404007022, 3384469623, 2139925379, 2575886290, 2779737375, 2028730635, 2054220813, 1396105671, 462083119, 2033745926, 3499281056, 3459201654, 3286127952, 1835477085, 3644132394, 410354365, 3920003639, 1457113523, 1306745478, 2169832184, 1817289611, 1927885154, 3076435535, 2342135110, 342192083, 2639653330, 2650728373, 2853020083, 2365026926, 2276939114, 585673637, 3763031645, 487298346, 397697015, 2912576420, 929574139, 1949815992, 1033895110, 1839601836, 2868400870, 4214601565, 782258646, 543374864, 389931009, 3500509286, 2144665260, 1113030714, 1460982672, 4179866061, 4004812673, 3532559328, 986821413, 2600280167, 197020554, 1684380896, 1942577540, 3457129528, 1225808711, 1869168920, 2591443702, 3486806089, 1037229463, 3134316367, 4223091846, 473957514, 2377866560, 3039612880, 3798614046, 1293032006, 3565827324, 194225445, 2869738918, 3155865055, 2709149236, 485521715, 2809658251, 3747034460, 2137103968, 1945287006, 825021796, 4259378999, 2712802374, 94580540, 1821972226, 3902638608, 4246979547, 1278993313, 906578204, 1666769589, 2183105117, 1554612741, 3930301971, 2538391401, 2103337986, 354689221, 1186877472, 2937870774, 4030967540, 211587145, 763018205, 3701118179, 129160084, 4277516574, 2094050215, 623817029, 1521973765, 2576968315, 1490902091, 3947477988, 1314591942, 4251904775, 3409983456, 1304545175, 1004707560, 2790111110, 2996629970, 3735012554, 1200301335, 4238153231, 2673887366, 2306929270, 1236502889, 2466311155, 191706827, 148231421, 1423775654, 3086374864, 467098942, 1788432570, 1342051052, 457157164, 1564916166, 3300226663, 2140074001, 688999474, 320443471, 917649660, 1478501927, 1875764212, 2043924848, 183860835, 1188257222, 3989711425, 3331610749, 1968210542, 2055505731, 314958544, 2075654298, 2014750789, 1319348369, 2739723531, 548067609, 3520937859, 2847825595, 3639073207, 527671286, 3211337755, 4057830807, 1990788355, 687886275, 1795856122, 988186214, 1166865509, 3042216715, 1432352512, 3721946502, 3357615418, 3056996547, 4040184850, 2691953934, 274052130, 1317004710, 2121736184, 2644699292, 209113556, 2941578639, 3836255181, 3491772639, 4019539053, 1779531739, 1133670933, 2498016736, 1931791089, 3866892467, 534190858, 836244639, 154478851, 2330758858, 1792367825, 1264880332, 616172376, 4290352547, 173215559, 672757274, 1900066123, 1140842017, 2505663320, 3629907529, 2614412668, 1341097863, 2677725790, 1835907127, 4251220013, 3297980496, 2154458402, 692476771, 1953732746, 2533846337, 46225201, 1261720612, 3575402895, 836270864, 4074453355, 3879330507, 2249068702, 4292609479, 1582826284, 3728884095, 2611628501, 88629808, 2318074641, 2375850020, 2644154375, 1732379968, 83596899, 4263187176, 858489786, 705185281, 2988926414, 2815027065, 265207835, 4104884637, 4053055363, 3127047542, 2081440347, 3934287791, 921987528, 3552306168, 2028369929, 159606390, 138669241, 1467604264, 719699121, 1533743872, 4084169936, 104146215, 1454085184, 2193297690, 3129241946, 2518454807, 2412927385, 693556786, 805414954, 1601623071, 2066961824, 2677365628, 616832620, 3270074156, 3447517884, 3217869311, 1242832293, 2120652, 1801199320, 1456624150, 419514440, 4228001606, 1658343534, 2802066010, 2763219517, 2905185989, 1496392, 2283921591, 4130437927, 3631826325, 3930310440, 4041190733, 1571253018, 474586593, 680490843, 2354216244, 2598311764, 2778231760, 4133488225, 257487330, 3865878397, 1834229469, 700103926, 3424955537, 2343398779, 3076470623, 2817105295, 3529112386, 2117197393, 1336595330, 2969475542, 3998583859, 1944695516, 2232906735, 1301976831, 3613486974, 2999006914, 617680672, 256391707, 1393560871, 212587698, 1600720444, 1585064362, 348811739, 2119667573, 4217896107, 3263021593, 4256554414, 1481279651, 2204446015, 3601925482, 612471624, 3745585998, 3622752887, 3960353653, 3825863209, 242223407, 1606375013, 612168187, 216135553, 3793766073, 3485603573, 208429440, 2703469433, 1500325296, 1848826155, 1288040645, 2154060435, 2967872366, 192155958, 3652224007, 3584102927, 4027595420, 1787145578, 695322271, 365064777, 4233310768, 2088811408, 2718482094, 2049636721, 2597020972, 2991976096, 1461688795, 1450320802, 1466068048, 2743555863, 3686248383, 337648712, 3718977360, 344082395, 2208673040, 2368848071, 2434475562, 2761863735, 3085588788, 2965369729, 451375268, 210071106, 3972863969, 1478657704, 1593142054, 3912041194, 1193252078, 2743424053, 1521002692, 2060672966, 796940937, 2717464445, 447538422, 2868015010, 3634535379, 899571978, 2989303165, 938769775, 3441566539, 115079167, 1014801426, 2510556311, 4238499811, 1541669945, 2115278362, 1978246529, 372571234, 1247789319, 298703986, 1692389033, 588134309, 2639908652, 2836751292, 223479960, 4177706874, 136354641, 858255404, 2831383616, 2864346994, 2314283881, 3608645591, 3530163735, 1488115962, 4110975764, 893745880, 1949820295, 135052930, 2579631947, 4205420602, 684312118, 3805691234, 1715533658, 902658281, 593566319, 4015520581, 315669978, 2043680829, 132542698, 4032486308, 2945240887, 1242138184, 2755588426, 1628835680, 464931247, 2438155607, 381579146, 3503254113, 4292140526, 1663657865, 3612226166, 3681086998, 684968059, 3747539839, 472985667, 3477659769, 502398515, 50868754, 651738762, 1745432234, 390876484, 1656742387, 690515406, 1928446301, 2431821343, 247518202, 2597953458, 2255501693, 3289474202, 1650759505, 4155356751, 2230446379, 4217573185, 3241020423, 3489533748, 1992496869, 1062911176, 3882614153, 1643458808, 1898433602, 1077482890, 1784193178, 2713801445, 1867068124, 1384881478, 2633452607, 704549343, 695702627, 1199411584, 4242071549, 2044854966, 3650646338, 3949286685, 3322565421, 20183241, 1355437808, 2138159899, 482226910, 1862853928, 2576538190, 3677395147, 3515999886, 3592477133, 3031027463, 4193004817, 495798771, 3493475550, 2264611010, 3162961672, 149371579, 3033043397, 893109267, 184905976, 2345914764, 2287076683, 936810749, 3173018183, 2487152929, 4229389658, 3331622964, 2879008503, 1887273865, 4189932189, 3388447897, 3654195134, 4122524422, 4002043591, 1512001561, 2599484757, 1692537313, 3617835469, 2529893575, 1731569370, 2207466656, 2080330337, 395642333, 1595133648, 2788991718, 3782208937, 1884416969, 396906976, 220487135, 2699941810, 3589308373, 4229963236, 302952774, 354967983, 425641503, 402), None)
Loaded weights: 66.45064962330751, 6.592549567629245, -6.732184763377813, -10.472603825773016, -15.472603825773016
events: me was killed by stupid, 
  ----
(3, (4051267234, 2188829141, 224321938, 2005907252, 3896561693, 105892767, 4021364772, 2413687099, 2907442424, 3571249461, 3637438856, 2458331880, 2554909728, 3947845296, 4231634703, 4193962177, 2113558814, 491874122, 4238902041, 2060047960, 1206679897, 638411106, 3584984868, 3498098884, 1474876588, 3674806664, 627162507, 3399279996, 683746670, 2809854411, 1567695980, 3047461543, 2427945263, 261319661, 1701700817, 2744542989, 2154122920, 1992306241, 2100833810, 2167933006, 1819751357, 973483213, 1762910485, 2415232584, 1115301263, 2078542182, 3887508658, 3068868420, 1064399686, 3951884157, 3574277077, 1864323382, 3834077157, 2889352398, 1263628645, 1305790529, 687565706, 456870038, 2818035356, 1705254472, 285810737, 1290290245, 1430669131, 2068046840, 671872942, 3333638644, 1254794482, 3593568895, 1342858008, 1359457059, 929826584, 4020582818, 43116844, 3773110565, 2218921361, 1764497132, 4146606707, 3745646809, 1764308382, 2949081899, 3983200507, 2234375458, 2146506681, 248203166, 247077493, 3682542179, 3060121038, 3104886137, 2921241758, 749043217, 1683179950, 2852920395, 1723635282, 315707366, 1503327412, 4245792266, 1059955739, 353810596, 1282708076, 2234865792, 482904455, 924273229, 4236385827, 1167803176, 2710085648, 1219208580, 541449170, 4275409520, 2605091474, 3346195143, 3461135223, 3010627291, 2551613741, 3506785897, 3383121414, 310000806, 2532342055, 1049815131, 1929198684, 3930185108, 2570289534, 2861827491, 3068251237, 3619170729, 3609785440, 1432732991, 414420844, 1459210783, 766291228, 1167895890, 3450200004, 3933171417, 3846504739, 50253344, 4187745327, 143513408, 3885652323, 1904776801, 2016981410, 2245660059, 1257055680, 1455559320, 1406796096, 3145256919, 2874784707, 1955292333, 4013387917, 7409111, 4128421821, 2993853322, 3066242907, 3263676291, 3861496347, 847155784, 1098364521, 845257139, 428438898, 2786389740, 4115108666, 1038268361, 611885791, 2803694661, 903828788, 599702857, 4202578204, 62622625, 4122408494, 1392234323, 1004353997, 694102444, 250150148, 1641420807, 2845952387, 2122528761, 1764952671, 1743245737, 3141990810, 1070722827, 3678621136, 3984331594, 3856606086, 834242815, 1270648328, 3806890399, 3039398006, 1211973935, 1906788639, 279942366, 3662277072, 3395789764, 2795594926, 677009640, 2623405399, 4034122289, 3901775878, 848660342, 595266447, 3217962128, 4193146043, 1291504635, 4225919988, 1307461440, 1546885499, 749242692, 3223086836, 2309479588, 4255159621, 4283492005, 2601140981, 3394406073, 2246952708, 1048305203, 3973883589, 2167566389, 2966633989, 279177875, 3808222173, 482253250, 3772329711, 3407247962, 2420508542, 2323864673, 3456848957, 2982916987, 658643227, 852977881, 348197641, 3755618881, 958720569, 3952159045, 1661407533, 2026154725, 488036321, 1521060840, 3090874561, 2443568192, 1219428059, 4222044011, 1030262551, 1644841153, 2447841159, 1483959409, 4036508073, 1075946835, 3092415415, 1123149710, 4066838530, 2394006794, 2548780668, 410589350, 637246656, 407968599, 1572157786, 3297232799, 683726626, 2773070416, 2466230966, 1073899359, 241850442, 320173173, 1698467949, 1266800146, 3347510672, 1115092502, 245892168, 755094677, 3373453919, 1263059310, 87925553, 1740805467, 3385781922, 3436766103, 2428040287, 380502018, 1479090605, 3547430004, 1397587624, 3749280037, 2407892113, 1320280931, 3822291275, 3400911861, 3494308895, 764226799, 4149827105, 2185595898, 2012814308, 3084737087, 2429121337, 1095433286, 3672836482, 2432477281, 3424647256, 3220171529, 2614878401, 2935296004, 1590347276, 3637668828, 1210037611, 1624797444, 2697998260, 1240043775, 1393941161, 1705194508, 120198046, 1286807436, 474084147, 3045518707, 625537352, 2506446339, 1305235409, 3898386505, 3025347573, 4992430, 1842174284, 3971657094, 2964868934, 580715964, 2110382231, 354260210, 2309239816, 1721204160, 2760140759, 3005298628, 201656899, 2258161935, 1541048402, 3214274966, 3604324691, 2712888472, 2728121050, 230697752, 332501344, 160967214, 464395947, 2676439465, 1515955268, 3857733091, 1057548380, 3047358637, 3904040961, 330593354, 959444614, 2544759210, 1674629366, 2700854664, 882917767, 3449350759, 2996097462, 5379765, 3928064889, 3638712798, 117950985, 969351418, 810005313, 3947002172, 3114144607, 3451253282, 3753992629, 3459000360, 243165700, 3348822924, 2044854135, 4095232078, 3134822304, 3081031199, 3318835007, 3623183684, 3033669588, 2800620373, 3461950531, 1245633978, 442028320, 2015039138, 2369652389, 4030433575, 4280096800, 3826196147, 549391468, 2709895914, 2554359081, 2933197272, 649906120, 2794689509, 2060118158, 937474122, 4145990097, 1297375102, 1091347378, 302660853, 1002566050, 341587930, 2052018895, 1849032454, 2906535155, 275615346, 1883222733, 1551923860, 4286232021, 421625807, 2027347360, 1183288641, 1222296956, 673935784, 2582812782, 2146960218, 357188249, 2600848721, 3298065521, 3540428872, 2310015786, 3882435026, 1738394760, 2203619579, 4288691643, 826563611, 341251980, 276201283, 2741801162, 52803144, 1483424178, 377084835, 1956886454, 2866966252, 3547899464, 1476364529, 4086334278, 1658386018, 362632951, 428446176, 2574810008, 868507436, 4054827498, 2296529904, 1927329077, 149146382, 4101709729, 4222458572, 796885348, 146893474, 2354561699, 3925461333, 3794048673, 3385182732, 923774954, 1746023867, 1069882714, 3663071578, 2757154761, 490915599, 2954454515, 4174530983, 2052783052, 3750165197, 2217680603, 4168327974, 2799866135, 1699063308, 3618279882, 1896322229, 1976778363, 2360181172, 4062850615, 3227837470, 2532512521, 73972, 3972191578, 403913958, 354754058, 3856731768, 3044563045, 3801985842, 3270493679, 815105642, 824706160, 1301153116, 105335471, 3055626836, 4278748281, 2840562585, 4220357778, 2336011581, 2924727393, 785965802, 1222936934, 2769096641, 2610618232, 1804630011, 520841164, 2167402972, 2130160043, 3551590719, 881994883, 3715329151, 504756951, 3637347930, 2504122991, 972250486, 2692845546, 2856105429, 1275903342, 4214907825, 3614909237, 3332688338, 2720901432, 3688982410, 2145058258, 2431906534, 1230751582, 1493094903, 2200854930, 3190884556, 665139003, 1946821521, 2414884845, 1577559165, 609107810, 3371462951, 3765940177, 1489792080, 776928637, 3498366724, 530191851, 555788539, 810444999, 1673047120, 225183247, 1840347990, 4283323807, 2214982231, 3675256047, 3503971416, 1295451781, 254651510, 2172811814, 787404778, 1026692645, 1498970422, 1210906680, 623034405, 1194083411, 1621202581, 915014119, 3534814475, 3400007371, 3742862191, 3463303352, 1830617975, 2668153628, 3279642701, 1363676265, 329798695, 740663060, 723521582, 2265323447, 4140379030, 2493461717, 729009015, 2053419638, 982802371, 2666216686, 3596215963, 305414983, 2045078660, 1117031106, 1140451591, 2574202892, 67693136, 3921276163, 3770595901, 3217611474, 3311451556, 2930040039, 52704019, 3243345728, 1174678796, 1754981874, 406413120, 465440386, 3807997022, 3993580764, 408594734, 2822759773, 3890047195, 281993120, 1554880904, 230259454, 201118328, 3262321482, 2764066061, 922465519, 1027674716, 1689454160, 3151677842, 3032424798, 2014820464, 1205363278, 1804548562, 3083707177, 1992268543, 46617377, 1668521241, 71078388, 1802360405, 259434140, 2456180821, 1944618070, 3956981316, 2937891720, 3259751975, 877765076, 1430458342, 620685625, 513904602, 2893290053, 1255705410, 2375066309, 733420155, 3886856431, 73358397, 657631141, 1050850555, 2244631970, 1216546204, 31), None)
Loaded weights: 66.93478246689786, 5.539430864144824, -6.732184763377813, -10.472603825773016, -15.472603825773016
events: 
  ----
(3, (4051267234, 2188829141, 224321938, 2005907252, 3896561693, 105892767, 4021364772, 2413687099, 2907442424, 3571249461, 3637438856, 2458331880, 2554909728, 3947845296, 4231634703, 4193962177, 2113558814, 491874122, 4238902041, 2060047960, 1206679897, 638411106, 3584984868, 3498098884, 1474876588, 3674806664, 627162507, 3399279996, 683746670, 2809854411, 1567695980, 3047461543, 2427945263, 261319661, 1701700817, 2744542989, 2154122920, 1992306241, 2100833810, 2167933006, 1819751357, 973483213, 1762910485, 2415232584, 1115301263, 2078542182, 3887508658, 3068868420, 1064399686, 3951884157, 3574277077, 1864323382, 3834077157, 2889352398, 1263628645, 1305790529, 687565706, 456870038, 2818035356, 1705254472, 285810737, 1290290245, 1430669131, 2068046840, 671872942, 3333638644, 1254794482, 3593568895, 1342858008, 1359457059, 929826584, 4020582818, 43116844, 3773110565, 2218921361, 1764497132, 4146606707, 3745646809, 1764308382, 2949081899, 3983200507, 2234375458, 2146506681, 248203166, 247077493, 3682542179, 3060121038, 3104886137, 2921241758, 749043217, 1683179950, 2852920395, 1723635282, 315707366, 1503327412, 4245792266, 1059955739, 353810596, 1282708076, 2234865792, 482904455, 924273229, 4236385827, 1167803176, 2710085648, 1219208580, 541449170, 4275409520, 2605091474, 3346195143, 3461135223, 3010627291, 2551613741, 3506785897, 3383121414, 310000806, 2532342055, 1049815131, 1929198684, 3930185108, 2570289534, 2861827491, 3068251237, 3619170729, 3609785440, 1432732991, 414420844, 1459210783, 766291228, 1167895890, 3450200004, 3933171417, 3846504739, 50253344, 4187745327, 143513408, 3885652323, 1904776801, 2016981410, 2245660059, 1257055680, 1455559320, 1406796096, 3145256919, 2874784707, 1955292333, 4013387917, 7409111, 4128421821, 2993853322, 3066242907, 3263676291, 3861496347, 847155784, 1098364521, 845257139, 428438898, 2786389740, 4115108666, 1038268361, 611885791, 2803694661, 903828788, 599702857, 4202578204, 62622625, 4122408494, 1392234323, 1004353997, 694102444, 250150148, 1641420807, 2845952387, 2122528761, 1764952671, 1743245737, 3141990810, 1070722827, 3678621136, 3984331594, 3856606086, 834242815, 1270648328, 3806890399, 3039398006, 1211973935, 1906788639, 279942366, 3662277072, 3395789764, 2795594926, 677009640, 2623405399, 4034122289, 3901775878, 848660342, 595266447, 3217962128, 4193146043, 1291504635, 4225919988, 1307461440, 1546885499, 749242692, 3223086836, 2309479588, 4255159621, 4283492005, 2601140981, 3394406073, 2246952708, 1048305203, 3973883589, 2167566389, 2966633989, 279177875, 3808222173, 482253250, 3772329711, 3407247962, 2420508542, 2323864673, 3456848957, 2982916987, 658643227, 852977881, 348197641, 3755618881, 958720569, 3952159045, 1661407533, 2026154725, 488036321, 1521060840, 3090874561, 2443568192, 1219428059, 4222044011, 1030262551, 1644841153, 2447841159, 1483959409, 4036508073, 1075946835, 3092415415, 1123149710, 4066838530, 2394006794, 2548780668, 410589350, 637246656, 407968599, 1572157786, 3297232799, 683726626, 2773070416, 2466230966, 1073899359, 241850442, 320173173, 1698467949, 1266800146, 3347510672, 1115092502, 245892168, 755094677, 3373453919, 1263059310, 87925553, 1740805467, 3385781922, 3436766103, 2428040287, 380502018, 1479090605, 3547430004, 1397587624, 3749280037, 2407892113, 1320280931, 3822291275, 3400911861, 3494308895, 764226799, 4149827105, 2185595898, 2012814308, 3084737087, 2429121337, 1095433286, 3672836482, 2432477281, 3424647256, 3220171529, 2614878401, 2935296004, 1590347276, 3637668828, 1210037611, 1624797444, 2697998260, 1240043775, 1393941161, 1705194508, 120198046, 1286807436, 474084147, 3045518707, 625537352, 2506446339, 1305235409, 3898386505, 3025347573, 4992430, 1842174284, 3971657094, 2964868934, 580715964, 2110382231, 354260210, 2309239816, 1721204160, 2760140759, 3005298628, 201656899, 2258161935, 1541048402, 3214274966, 3604324691, 2712888472, 2728121050, 230697752, 332501344, 160967214, 464395947, 2676439465, 1515955268, 3857733091, 1057548380, 3047358637, 3904040961, 330593354, 959444614, 2544759210, 1674629366, 2700854664, 882917767, 3449350759, 2996097462, 5379765, 3928064889, 3638712798, 117950985, 969351418, 810005313, 3947002172, 3114144607, 3451253282, 3753992629, 3459000360, 243165700, 3348822924, 2044854135, 4095232078, 3134822304, 3081031199, 3318835007, 3623183684, 3033669588, 2800620373, 3461950531, 1245633978, 442028320, 2015039138, 2369652389, 4030433575, 4280096800, 3826196147, 549391468, 2709895914, 2554359081, 2933197272, 649906120, 2794689509, 2060118158, 937474122, 4145990097, 1297375102, 1091347378, 302660853, 1002566050, 341587930, 2052018895, 1849032454, 2906535155, 275615346, 1883222733, 1551923860, 4286232021, 421625807, 2027347360, 1183288641, 1222296956, 673935784, 2582812782, 2146960218, 357188249, 2600848721, 3298065521, 3540428872, 2310015786, 3882435026, 1738394760, 2203619579, 4288691643, 826563611, 341251980, 276201283, 2741801162, 52803144, 1483424178, 377084835, 1956886454, 2866966252, 3547899464, 1476364529, 4086334278, 1658386018, 362632951, 428446176, 2574810008, 868507436, 4054827498, 2296529904, 1927329077, 149146382, 4101709729, 4222458572, 796885348, 146893474, 2354561699, 3925461333, 3794048673, 3385182732, 923774954, 1746023867, 1069882714, 3663071578, 2757154761, 490915599, 2954454515, 4174530983, 2052783052, 3750165197, 2217680603, 4168327974, 2799866135, 1699063308, 3618279882, 1896322229, 1976778363, 2360181172, 4062850615, 3227837470, 2532512521, 73972, 3972191578, 403913958, 354754058, 3856731768, 3044563045, 3801985842, 3270493679, 815105642, 824706160, 1301153116, 105335471, 3055626836, 4278748281, 2840562585, 4220357778, 2336011581, 2924727393, 785965802, 1222936934, 2769096641, 2610618232, 1804630011, 520841164, 2167402972, 2130160043, 3551590719, 881994883, 3715329151, 504756951, 3637347930, 2504122991, 972250486, 2692845546, 2856105429, 1275903342, 4214907825, 3614909237, 3332688338, 2720901432, 3688982410, 2145058258, 2431906534, 1230751582, 1493094903, 2200854930, 3190884556, 665139003, 1946821521, 2414884845, 1577559165, 609107810, 3371462951, 3765940177, 1489792080, 776928637, 3498366724, 530191851, 555788539, 810444999, 1673047120, 225183247, 1840347990, 4283323807, 2214982231, 3675256047, 3503971416, 1295451781, 254651510, 2172811814, 787404778, 1026692645, 1498970422, 1210906680, 623034405, 1194083411, 1621202581, 915014119, 3534814475, 3400007371, 3742862191, 3463303352, 1830617975, 2668153628, 3279642701, 1363676265, 329798695, 740663060, 723521582, 2265323447, 4140379030, 2493461717, 729009015, 2053419638, 982802371, 2666216686, 3596215963, 305414983, 2045078660, 1117031106, 1140451591, 2574202892, 67693136, 3921276163, 3770595901, 3217611474, 3311451556, 2930040039, 52704019, 3243345728, 1174678796, 1754981874, 406413120, 465440386, 3807997022, 3993580764, 408594734, 2822759773, 3890047195, 281993120, 1554880904, 230259454, 201118328, 3262321482, 2764066061, 922465519, 1027674716, 1689454160, 3151677842, 3032424798, 2014820464, 1205363278, 1804548562, 3083707177, 1992268543, 46617377, 1668521241, 71078388, 1802360405, 259434140, 2456180821, 1944618070, 3956981316, 2937891720, 3259751975, 877765076, 1430458342, 620685625, 513904602, 2893290053, 1255705410, 2375066309, 733420155, 3886856431, 73358397, 657631141, 1050850555, 2244631970, 1216546204, 191), None)
Loaded weights: 67.13443143013892, 5.844511150715726, -6.732184763377813, -10.472603825773016, -15.472603825773016
events: 
  ----
(3, (1490525691, 3113546307, 3274783009, 4001298286, 1929038576, 3007354019, 1111561706, 137352504, 455829560, 707598027, 2291194745, 2798854742, 858159006, 2373069292, 1499265210, 3759892745, 2620532939, 865173072, 758664229, 1234561679, 1654342098, 858348540, 441994679, 193107714, 488462822, 319134355, 390639261, 1230413801, 3889736019, 4192502209, 1901496657, 2179753853, 2089826774, 2931538132, 1628747345, 1053424827, 1676077701, 4049552125, 808504350, 2894157687, 2254053983, 4286410686, 1419545870, 1479184544, 1757585102, 1901880776, 3007877549, 1153358221, 753607782, 3824966846, 992934518, 3409605359, 923135224, 463450874, 1531120682, 2868475573, 2236629642, 3915752327, 773676645, 2127401377, 1517016274, 4193860431, 1939785754, 817782505, 2581310427, 4219800771, 3350789122, 137080438, 3368452360, 3091225448, 3553480872, 116055118, 1028376160, 4149796752, 3893388774, 2242161808, 4199145199, 3885141806, 658248400, 1896966067, 789811105, 1584085235, 3664328534, 633503958, 172274408, 2181476812, 2146580873, 612927330, 2317992251, 1431761018, 1217291355, 3188943123, 4265622451, 3113486741, 4259117159, 1829254482, 1411012529, 4164337247, 2009658296, 2271559808, 2286705064, 3328266236, 1455949196, 821465734, 1380583991, 2976600759, 3127597567, 1403374108, 969499624, 3045345231, 1028568782, 1243025217, 1188170185, 2822499327, 1717480040, 2104639102, 2690754350, 2883059300, 276439865, 3028739656, 3568004734, 1599480485, 1680745194, 1585120548, 3904937032, 808940781, 872216338, 855017416, 624797176, 3063065491, 2884190437, 1599250315, 1520152287, 279104653, 801048598, 368055802, 468356898, 1562079227, 509187202, 199374039, 2339844316, 66289726, 620345249, 1263678466, 2078414257, 2029083442, 2565925873, 456328560, 4084815771, 403143406, 982760235, 294977655, 450082965, 1597654941, 2496744067, 1516157370, 1075154927, 2570305351, 1814040336, 2112617539, 132519640, 3830765339, 4060540965, 3467556235, 3930631217, 46267327, 1844245312, 512063272, 3258341324, 1906506018, 3455492658, 3057771991, 2085764446, 3545147321, 2083964735, 1200220274, 194285633, 2999208719, 99389456, 678791631, 1434480507, 2088889951, 1448394104, 2380770837, 586437881, 1163886796, 4241484754, 1802418330, 4164567833, 3142094185, 3354050813, 2348270873, 1892439284, 1263159568, 8576781, 2535039017, 846219436, 3109099149, 713203980, 120579123, 4203684121, 2934377321, 1431599085, 3096051571, 2444303908, 2789529133, 1700055392, 3692230629, 281867363, 1200464741, 1197305273, 3006326538, 2735649108, 395725045, 4081669579, 1699132658, 1266506768, 848502558, 2718302733, 723627634, 3362152064, 3638475800, 1122980666, 3659316694, 1930182587, 3920533541, 3485906789, 2937878687, 660578524, 2118421190, 2352469874, 3543913581, 838482164, 123984724, 373664860, 327030879, 690101098, 3073433080, 443397113, 2298637554, 3618216204, 3741958922, 4025368103, 164159002, 2744908114, 1493008496, 165211053, 709836630, 3773611621, 1215362438, 1688692857, 2840072310, 3768932502, 2779729931, 255069543, 616502644, 2110688816, 1510994557, 2176517909, 1486646706, 4210876280, 416662671, 56651307, 4038115404, 808634587, 3301985445, 881310157, 1515006216, 4019762885, 1344831753, 3889987725, 80847644, 1827969806, 609642131, 736043460, 2980014410, 3551157996, 3984896255, 1165735205, 713834153, 900875229, 3145702673, 2508703644, 2904343013, 2557012654, 882884602, 2088022615, 2874089005, 3805984320, 2747874083, 1832509277, 1832993564, 3081012362, 986720849, 1316887052, 2485312169, 3968590573, 3685786495, 743668596, 1013878642, 3793206811, 1265332243, 3200572821, 944629522, 1944724823, 3435122869, 3650988743, 3274744607, 4000162364, 4061063318, 2287657919, 2053327612, 1625816566, 1504198638, 2074924437, 3243244779, 2866956350, 1309028994, 3644837731, 85021593, 3796996964, 4043652834, 267614388, 1082679785, 318681687, 2914706361, 3007396162, 3283331421, 2752778045, 528857375, 2778974298, 2799997014, 2821879134, 3208705854, 1455589802, 831256104, 292289153, 1251594857, 1366053313, 1719072808, 407241845, 1093952687, 3876725797, 2624525612, 205430016, 1915498146, 2712106444, 1404374198, 853202862, 2184220311, 4291929971, 3500785656, 659721016, 1231150117, 2369936532, 1084304750, 761240507, 2681966045, 1840150826, 515231787, 1003415462, 2206565544, 1603850332, 851076436, 3528834355, 1131242723, 739585139, 2046852551, 3832850593, 365073299, 2755662473, 574799232, 1552991836, 2711126019, 2166397807, 599448013, 1691272793, 1136551940, 4014558579, 770691457, 3623841854, 3812950004, 3007383666, 3046730067, 1200632418, 549771330, 1402364812, 4050693068, 2010048643, 2473163824, 319190782, 319190486, 4293509155, 3530641909, 4276647283, 3310011897, 1873798143, 948358190, 487597071, 4180293514, 4085734840, 443611597, 1503893697, 2387390619, 3159584337, 1566904755, 3112594199, 993275302, 162307934, 1929372002, 2685545005, 4083519922, 1422753160, 2931153252, 4280932329, 3351533530, 3887160756, 2786847487, 994014775, 4036447696, 981317711, 1766048205, 190453073, 2128451876, 1113693166, 2746041784, 978220347, 1922065191, 984298043, 520190100, 1703271400, 484080493, 2319781533, 3057300833, 664455999, 1764596083, 3045154708, 237821595, 128838928, 1840468689, 2788083608, 512852934, 4236640125, 3972801347, 3069356233, 2678456635, 1882057061, 4168761017, 2918260541, 129390144, 711235357, 1224014094, 1095340116, 2494852556, 1195611631, 4240974885, 4272485643, 2595595294, 2268553609, 3123155900, 237562209, 1656082011, 1795454589, 687335623, 2622630889, 15283208, 1911987460, 875243713, 2218401499, 687066101, 800672814, 3335351446, 2672377679, 4072389018, 3293709861, 2384872295, 1888806447, 3693433565, 2615574853, 3103860075, 2166123887, 2405421871, 2244683284, 1285004627, 136644768, 2246059816, 3056938742, 1017161272, 3777641984, 4015935615, 1937037669, 2207577411, 2494641651, 2186519275, 2922062995, 1503267528, 2032118843, 4032026481, 3153001386, 2179095600, 341196930, 1696831921, 1618778134, 3466904646, 625419656, 75219342, 2735447197, 756020760, 1573705433, 1583222974, 331732480, 2487740120, 2915063131, 3616675926, 426580994, 3169277951, 920332573, 3782724184, 2037435754, 2365275136, 3329530773, 3874451894, 3295566902, 49944181, 925668111, 4126940366, 3081343755, 3818988738, 3262434112, 1571019251, 2031172963, 1412217153, 900772272, 4082376724, 1032829082, 2493497688, 1580947491, 2829437761, 4242158614, 35827931, 1851155581, 1113304753, 1403180951, 291538498, 1138586771, 740653490, 1897994838, 1873932567, 1528003327, 4030261447, 439451458, 3955143685, 3999735114, 651764423, 832775202, 3048725969, 454250547, 3465417844, 745467662, 3793524382, 2764063773, 1352129922, 2307530168, 3982694850, 1389889248, 1021865481, 3149380178, 2262435235, 2389717922, 268572647, 2607202393, 3246683368, 3253831159, 3148160676, 3325170086, 2999935707, 4049916489, 1458268272, 1887979457, 3497985897, 1775719664, 4245379910, 3974812106, 4282139296, 3506800212, 3337262816, 2887531975, 3912246129, 642402318, 896966654, 4183551888, 1883445468, 2612723451, 3799398629, 176332797, 2867224091, 3873876586, 1273852723, 2193947521, 2726680646, 1750177869, 750399854, 2327360178, 1528197901, 861276760, 2471328163, 4224269355, 262203335, 1925429059, 1657531161, 309511418, 389054027, 1197807625, 70720940, 1818513963, 4021271165, 3959631402, 366810455, 3426600960, 3067336867, 3755460775, 3965075054, 4082366311, 2597101021, 448), None)
Loaded weights: 70.41440113996215, 5.844511150715726, -6.732184763377813, -10.472603825773016, -12.980320700747964
events: 
  ----
(3, (1490525691, 3113546307, 3274783009, 4001298286, 1929038576, 3007354019, 1111561706, 137352504, 455829560, 707598027, 2291194745, 2798854742, 858159006, 2373069292, 1499265210, 3759892745, 2620532939, 865173072, 758664229, 1234561679, 1654342098, 858348540, 441994679, 193107714, 488462822, 319134355, 390639261, 1230413801, 3889736019, 4192502209, 1901496657, 2179753853, 2089826774, 2931538132, 1628747345, 1053424827, 1676077701, 4049552125, 808504350, 2894157687, 2254053983, 4286410686, 1419545870, 1479184544, 1757585102, 1901880776, 3007877549, 1153358221, 753607782, 3824966846, 992934518, 3409605359, 923135224, 463450874, 1531120682, 2868475573, 2236629642, 3915752327, 773676645, 2127401377, 1517016274, 4193860431, 1939785754, 817782505, 2581310427, 4219800771, 3350789122, 137080438, 3368452360, 3091225448, 3553480872, 116055118, 1028376160, 4149796752, 3893388774, 2242161808, 4199145199, 3885141806, 658248400, 1896966067, 789811105, 1584085235, 3664328534, 633503958, 172274408, 2181476812, 2146580873, 612927330, 2317992251, 1431761018, 1217291355, 3188943123, 4265622451, 3113486741, 4259117159, 1829254482, 1411012529, 4164337247, 2009658296, 2271559808, 2286705064, 3328266236, 1455949196, 821465734, 1380583991, 2976600759, 3127597567, 1403374108, 969499624, 3045345231, 1028568782, 1243025217, 1188170185, 2822499327, 1717480040, 2104639102, 2690754350, 2883059300, 276439865, 3028739656, 3568004734, 1599480485, 1680745194, 1585120548, 3904937032, 808940781, 872216338, 855017416, 624797176, 3063065491, 2884190437, 1599250315, 1520152287, 279104653, 801048598, 368055802, 468356898, 1562079227, 509187202, 199374039, 2339844316, 66289726, 620345249, 1263678466, 2078414257, 2029083442, 2565925873, 456328560, 4084815771, 403143406, 982760235, 294977655, 450082965, 1597654941, 2496744067, 1516157370, 1075154927, 2570305351, 1814040336, 2112617539, 132519640, 3830765339, 4060540965, 3467556235, 3930631217, 46267327, 1844245312, 512063272, 3258341324, 1906506018, 3455492658, 3057771991, 2085764446, 3545147321, 2083964735, 1200220274, 194285633, 2999208719, 99389456, 678791631, 1434480507, 2088889951, 1448394104, 2380770837, 586437881, 1163886796, 4241484754, 1802418330, 4164567833, 3142094185, 3354050813, 2348270873, 1892439284, 1263159568, 8576781, 2535039017, 846219436, 3109099149, 713203980, 120579123, 4203684121, 2934377321, 1431599085, 3096051571, 2444303908, 2789529133, 1700055392, 3692230629, 281867363, 1200464741, 1197305273, 3006326538, 2735649108, 395725045, 4081669579, 1699132658, 1266506768, 848502558, 2718302733, 723627634, 3362152064, 3638475800, 1122980666, 3659316694, 1930182587, 3920533541, 3485906789, 2937878687, 660578524, 2118421190, 2352469874, 3543913581, 838482164, 123984724, 373664860, 327030879, 690101098, 3073433080, 443397113, 2298637554, 3618216204, 3741958922, 4025368103, 164159002, 2744908114, 1493008496, 165211053, 709836630, 3773611621, 1215362438, 1688692857, 2840072310, 3768932502, 2779729931, 255069543, 616502644, 2110688816, 1510994557, 2176517909, 1486646706, 4210876280, 416662671, 56651307, 4038115404, 808634587, 3301985445, 881310157, 1515006216, 4019762885, 1344831753, 3889987725, 80847644, 1827969806, 609642131, 736043460, 2980014410, 3551157996, 3984896255, 1165735205, 713834153, 900875229, 3145702673, 2508703644, 2904343013, 2557012654, 882884602, 2088022615, 2874089005, 3805984320, 2747874083, 1832509277, 1832993564, 3081012362, 986720849, 1316887052, 2485312169, 3968590573, 3685786495, 743668596, 1013878642, 3793206811, 1265332243, 3200572821, 944629522, 1944724823, 3435122869, 3650988743, 3274744607, 4000162364, 4061063318, 2287657919, 2053327612, 1625816566, 1504198638, 2074924437, 3243244779, 2866956350, 1309028994, 3644837731, 85021593, 3796996964, 4043652834, 267614388, 1082679785, 318681687, 2914706361, 3007396162, 3283331421, 2752778045, 528857375, 2778974298, 2799997014, 2821879134, 3208705854, 1455589802, 831256104, 292289153, 1251594857, 1366053313, 1719072808, 407241845, 1093952687, 3876725797, 2624525612, 205430016, 1915498146, 2712106444, 1404374198, 853202862, 2184220311, 4291929971, 3500785656, 659721016, 1231150117, 2369936532, 1084304750, 761240507, 2681966045, 1840150826, 515231787, 1003415462, 2206565544, 1603850332, 851076436, 3528834355, 1131242723, 739585139, 2046852551, 3832850593, 365073299, 2755662473, 574799232, 1552991836, 2711126019, 2166397807, 599448013, 1691272793, 1136551940, 4014558579, 770691457, 3623841854, 3812950004, 3007383666, 3046730067, 1200632418, 549771330, 1402364812, 4050693068, 2010048643, 2473163824, 319190782, 319190486, 4293509155, 3530641909, 4276647283, 3310011897, 1873798143, 948358190, 487597071, 4180293514, 4085734840, 443611597, 1503893697, 2387390619, 3159584337, 1566904755, 3112594199, 993275302, 162307934, 1929372002, 2685545005, 4083519922, 1422753160, 2931153252, 4280932329, 3351533530, 3887160756, 2786847487, 994014775, 4036447696, 981317711, 1766048205, 190453073, 2128451876, 1113693166, 2746041784, 978220347, 1922065191, 984298043, 520190100, 1703271400, 484080493, 2319781533, 3057300833, 664455999, 1764596083, 3045154708, 237821595, 128838928, 1840468689, 2788083608, 512852934, 4236640125, 3972801347, 3069356233, 2678456635, 1882057061, 4168761017, 2918260541, 129390144, 711235357, 1224014094, 1095340116, 2494852556, 1195611631, 4240974885, 4272485643, 2595595294, 2268553609, 3123155900, 237562209, 1656082011, 1795454589, 687335623, 2622630889, 15283208, 1911987460, 875243713, 2218401499, 687066101, 800672814, 3335351446, 2672377679, 4072389018, 3293709861, 2384872295, 1888806447, 3693433565, 2615574853, 3103860075, 2166123887, 2405421871, 2244683284, 1285004627, 136644768, 2246059816, 3056938742, 1017161272, 3777641984, 4015935615, 1937037669, 2207577411, 2494641651, 2186519275, 2922062995, 1503267528, 2032118843, 4032026481, 3153001386, 2179095600, 341196930, 1696831921, 1618778134, 3466904646, 625419656, 75219342, 2735447197, 756020760, 1573705433, 1583222974, 331732480, 2487740120, 2915063131, 3616675926, 426580994, 3169277951, 920332573, 3782724184, 2037435754, 2365275136, 3329530773, 3874451894, 3295566902, 49944181, 925668111, 4126940366, 3081343755, 3818988738, 3262434112, 1571019251, 2031172963, 1412217153, 900772272, 4082376724, 1032829082, 2493497688, 1580947491, 2829437761, 4242158614, 35827931, 1851155581, 1113304753, 1403180951, 291538498, 1138586771, 740653490, 1897994838, 1873932567, 1528003327, 4030261447, 439451458, 3955143685, 3999735114, 651764423, 832775202, 3048725969, 454250547, 3465417844, 745467662, 3793524382, 2764063773, 1352129922, 2307530168, 3982694850, 1389889248, 1021865481, 3149380178, 2262435235, 2389717922, 268572647, 2607202393, 3246683368, 3253831159, 3148160676, 3325170086, 2999935707, 4049916489, 1458268272, 1887979457, 3497985897, 1775719664, 4245379910, 3974812106, 4282139296, 3506800212, 3337262816, 2887531975, 3912246129, 642402318, 896966654, 4183551888, 1883445468, 2612723451, 3799398629, 176332797, 2867224091, 3873876586, 1273852723, 2193947521, 2726680646, 1750177869, 750399854, 2327360178, 1528197901, 861276760, 2471328163, 4224269355, 262203335, 1925429059, 1657531161, 309511418, 389054027, 1197807625, 70720940, 1818513963, 4021271165, 3959631402, 366810455, 3426600960, 3067336867, 3755460775, 3965075054, 4082366311, 2597101021, 556), None)
Loaded weights: 70.60307544451248, 3.1607641216064675, -6.732184763377813, -10.472603825773016, -15.472603825773016
events: me was killed by aggressive, 
  ----
(3, (3175351760, 3850373184, 2383760445, 2331654336, 2597847875, 948113972, 2321242631, 2982599245, 3514509833, 617002612, 1750973581, 1346348177, 1950807444, 3434894960, 1516279273, 2212288818, 4152190540, 1891451172, 2047218242, 3606904157, 3213838081, 2937839667, 4116055633, 888345788, 4190747739, 2583098048, 3279840783, 3901063064, 1180153223, 3689775436, 3949912134, 1155739344, 140289278, 2349281311, 2595632623, 582929152, 396207296, 2139270448, 3865412119, 1873084004, 1905420612, 1843637143, 1101404801, 2454685951, 641708322, 2083063668, 396099418, 2693217018, 2925014884, 767202398, 1156560657, 4134791489, 175738685, 130355464, 3296785035, 65122577, 2030963920, 2303035906, 1520852010, 3550289762, 1061259622, 4277667204, 997198871, 2613939283, 2256533733, 148375676, 1826766844, 3090246509, 1556683196, 403731792, 2002667238, 2594176491, 325035069, 1538359005, 2216639198, 2070241511, 2171797005, 2546732877, 799424609, 4262826272, 1779990139, 3067222766, 3957351680, 2218669083, 2388429769, 1664780815, 1590943458, 2486786274, 4014694165, 192588804, 3131155054, 117609222, 714925162, 2492601737, 4111527914, 666152692, 658525467, 3587136847, 1512614536, 1027178735, 2472767631, 3498768748, 2576946547, 2759587142, 3835592757, 2755757110, 2809536840, 967021692, 2276545206, 4255959034, 2433532263, 3886899938, 3544929694, 1625981748, 2868836839, 3186656972, 2189027172, 3361258817, 2795775195, 1552850466, 399797205, 1265097759, 2747711122, 4061451697, 670858015, 3717212095, 461460881, 632439283, 2008938968, 2069201830, 352377816, 1982967024, 3438940010, 1859041640, 1590997948, 944109089, 1154557750, 849572571, 140930028, 1535164493, 3915123550, 2007916313, 663464666, 3400523386, 2116223784, 3335656112, 1559823610, 3815337857, 1613153477, 4116739868, 4268999155, 3480360554, 1185774550, 2303814364, 2257709272, 1466264162, 3007860155, 1202922410, 306877231, 417356639, 1705824038, 3429181379, 474184836, 1223467738, 2298450050, 3212600344, 3793855062, 1942170886, 1144591000, 2639063883, 1156728727, 4032376077, 2695754980, 2088047385, 3795878097, 1563655432, 1003457532, 2227460526, 1073551075, 1118590251, 4054003584, 1537350013, 1334075580, 2711998035, 3752106784, 3532465187, 2324373229, 1947211527, 38166667, 1457646950, 902000930, 1579967092, 282311542, 1611804873, 3804723223, 3263355565, 1742078844, 1606668155, 813243613, 1118407225, 2241218136, 1902538920, 667522848, 545855327, 3868256935, 4161984002, 3960977440, 3795370166, 696457422, 1097808424, 372806722, 591720425, 2953347004, 3000950464, 1704141874, 1658566145, 494834211, 3832538098, 3124718916, 3358589290, 2041727835, 2907333021, 2614986312, 1062823845, 1099547299, 230169610, 1414140237, 4008433086, 3668069667, 2282661764, 2054119977, 3257212729, 993197982, 2172226601, 561079997, 3320457148, 1063180424, 3160659374, 1421775592, 529676562, 2738403317, 3030333989, 3342382655, 3870333669, 482574620, 3890403147, 3285934838, 384936172, 3408108272, 1577910962, 542579847, 2308640784, 1378478618, 502059107, 4208653602, 2024862367, 1877133485, 1924911891, 682432521, 891472706, 1499816583, 34517541, 451324710, 3599528050, 3303160765, 623832622, 1115843296, 3746988793, 2633980876, 3946899992, 3492239729, 273022117, 4144661730, 41185208, 3091762783, 3347906578, 3262151934, 3210403164, 2050836170, 2309496332, 2205314911, 2386760005, 3429327164, 893024647, 3540669951, 4254381534, 1597120683, 1311560262, 907290826, 3571733350, 2909613533, 2645408416, 3434655115, 1272787706, 724088550, 3011794965, 3972043824, 561511260, 2225650258, 3143420911, 2802611723, 41280715, 658740078, 563043449, 681269192, 3663734237, 109408368, 489598821, 3486871205, 918922240, 4178547045, 3190781234, 1341036024, 4195157239, 764810824, 3124394762, 1819915589, 255259904, 3699542549, 464793048, 3960507128, 3001635760, 2667065055, 3073877231, 1511693388, 59258409, 3320374430, 1482803150, 104895804, 2336813406, 4144610669, 2961685146, 4225892265, 3424085405, 560361320, 369893161, 1105763857, 548559192, 3566608118, 1180755835, 3648520636, 8346410, 4089908314, 3295062500, 4048464400, 3061292605, 894703737, 247005186, 3547802507, 1160175092, 2587888205, 1951743619, 1613265266, 488668123, 1172494148, 4162487514, 3987797399, 1675093837, 3764646970, 3508370617, 1863088956, 823712658, 555271307, 4109584752, 3390926965, 2271497482, 4287123057, 1114566609, 2756158991, 2896368449, 2609807546, 1349214214, 1326899822, 2237790610, 733787064, 3410564918, 3569304350, 1356846997, 9260661, 1834140617, 4176680230, 3744558305, 2493607444, 3498071178, 1473335179, 998351593, 542641849, 2269318072, 3318847963, 1438664699, 1097832497, 771997772, 1330412605, 73214000, 2288975653, 2867221432, 2165280092, 3547522383, 3435935432, 3647887928, 2823151392, 1469709422, 3273495962, 4243491851, 1937662376, 3124138935, 523650040, 4118110255, 1658710476, 3330655605, 3625387658, 3049399780, 3319253137, 1813464518, 401751274, 1906232913, 2632231110, 4048845542, 1718076572, 3571832718, 3451609328, 2120401504, 4260107839, 1189531275, 1310027175, 4099315359, 3806923637, 30109594, 2129054946, 353073876, 3085736502, 2059066678, 973552749, 651324768, 1336327376, 860075780, 2675041722, 367944394, 2358638174, 2736725104, 4254474019, 3269028691, 2377455487, 3742332568, 850678704, 1528899881, 1829089001, 3057808410, 4002499261, 401046809, 455285538, 1630341769, 132262636, 2934139749, 1233614707, 1023313785, 3310646667, 2700894770, 2671171303, 3845012465, 690740187, 2382097756, 1218011904, 2826927523, 4229386154, 1816517738, 2626624941, 942475335, 2045669120, 3504607272, 3319147694, 3396316772, 2663320454, 955961659, 3370793344, 711022904, 3910605571, 4104973562, 1276326522, 2343529586, 3276507435, 3091162664, 2280885481, 1810910461, 1884012679, 1941409650, 1802672222, 1777368455, 3970509509, 4199839563, 1313782284, 397545883, 4245655428, 2359249014, 3013314461, 964181262, 1247916415, 2379228324, 1354027709, 3173098659, 2850886591, 2289484372, 3772736049, 2429808186, 3177659803, 4071635035, 3744457984, 882685164, 2708216090, 3313863228, 1058638571, 484626317, 2522724853, 327462570, 3377973606, 4101049499, 3831477834, 3520416616, 2614109344, 915034270, 950700577, 1226807549, 1811014640, 1851682152, 462026043, 1182057224, 3398195598, 3325432747, 4121737453, 2193865984, 2459021318, 843255568, 3821680087, 1480764477, 392253385, 968913515, 3147821439, 2271382382, 1714855296, 3788314393, 1109943152, 2639252828, 2995402795, 3567239123, 421808601, 3826386750, 3043255692, 1485932376, 335386380, 3554709886, 467684914, 757666537, 3387692949, 3711530639, 3685915129, 3535900154, 2886728548, 2705246954, 2173301205, 814312824, 2757528412, 631464372, 1623036872, 679779681, 2815352451, 3377316831, 2617595253, 2655000685, 3514228742, 1736236201, 2762249104, 146724916, 3953463663, 1447891114, 3470131632, 852357744, 777218508, 990681458, 3311537640, 348377866, 598070904, 865583009, 2273617290, 2234660541, 10660925, 795171334, 1015930334, 1009344315, 732140653, 498414403, 2362623262, 1590214615, 1868030375, 599896400, 3457511427, 3610571578, 1348278791, 65293733, 19500069, 2721488535, 2470240549, 786492129, 1070243439, 3440657970, 3228687259, 3831587007, 3012165877, 1486519896, 2002528690, 2643987561, 1108401008, 3983242064, 966405183, 2405603187, 698115673, 3016756942, 2250669455, 1735490609, 3965885634, 3115264177, 1920349959, 1758442569, 2122886537, 3752693684, 232), None)
Loaded weights: 71.25685076166769, -0.269890745844771, -6.732184763377813, -10.472603825773016, -15.472603825773016
events: 
  ----
(3, (2272285983, 352401324, 3860861925, 9819683, 4291907868, 1913821324, 2577755739, 376308031, 2581176417, 386824901, 3014812405, 3110638829, 4019580293, 3358996931, 4120744872, 2441898548, 3294797319, 3701705868, 3498465402, 4202567582, 4268851474, 3703520263, 3083394587, 314889078, 2107842903, 258545863, 2353137289, 3520846214, 1125051632, 2859057224, 647299937, 2304325145, 1043624074, 2281836806, 2943862771, 1157528953, 3031913760, 3642330033, 3802554885, 2729394826, 1122598199, 851170472, 3751293658, 96910276, 3008777189, 3276527414, 4068868088, 1214125821, 483768586, 846554448, 522492813, 3266751740, 3453019004, 3085230636, 1198195343, 2354488737, 2438196553, 3101305270, 648718188, 4087635048, 2752750402, 1446584522, 561243963, 1552391922, 2788203304, 634443151, 3544045176, 365836274, 3900674563, 255604680, 2586472335, 2794648074, 35395467, 2184993969, 4196794319, 4210186856, 3195793103, 995137115, 3226105715, 4083361586, 3261808310, 2216043760, 2127403010, 1583483400, 3394542027, 3577691878, 2461670432, 2789096763, 1986885178, 3514521912, 4217325764, 4050152141, 1809698756, 3234995946, 623908577, 1379035083, 85162289, 3587400898, 3304530989, 3118189235, 2148355162, 748694635, 242345275, 566414133, 134055675, 3760884833, 1708771854, 1534041503, 3301892223, 2068436993, 2624981062, 1587085047, 1762733443, 3012453797, 3027917759, 3052883090, 1151506495, 292539683, 3928439215, 3305461852, 1067190808, 3096843638, 606705822, 3482945182, 286105262, 2474935819, 2030612038, 2676365924, 3732879683, 172674061, 513361878, 1380228123, 1887523735, 1563972088, 21192810, 1727709620, 1058266179, 2330319494, 3532454495, 690786913, 1308546183, 2797116645, 574600361, 1045922098, 1482816543, 1846200646, 2930820457, 546673372, 2877678591, 4048602402, 3931230407, 3803141797, 3048514973, 2068807165, 1046044786, 758302681, 3994100841, 3773268033, 77915889, 3357050206, 3913455766, 2751589335, 592301858, 330262800, 4214645500, 1508262302, 1317392956, 3908621084, 1832069112, 3801520713, 294421801, 589897192, 1393918088, 752477965, 2196552380, 2145714654, 2301555599, 2516902330, 1943691531, 3144336312, 4061769657, 463821113, 3549590997, 2986149509, 1981365848, 3645423655, 3299343242, 4267915230, 3974449744, 3805258015, 4168887881, 3284597702, 168711824, 3278347815, 4244167460, 2802209506, 1597273696, 1332102852, 2090916106, 1373717275, 2923025433, 3868176802, 3460776744, 3631995675, 1410203411, 530927950, 4089532740, 1775694865, 441198097, 3159320510, 949564692, 2761628763, 3560926232, 3615394428, 421382090, 4019421789, 3593332717, 4252995493, 2814743840, 1154931489, 630610648, 991064689, 3775130343, 2002657799, 3254946316, 2297205416, 638999284, 1330529883, 966350951, 3089721523, 580113764, 338149452, 3500397554, 71327029, 1389924639, 237067125, 1550243124, 3487774769, 415056610, 1390086332, 2158098839, 1212020267, 1817133499, 2879857847, 201483252, 1718411231, 260047253, 758805906, 3267569318, 1383223594, 955181533, 805426489, 1038327124, 2410926451, 3806028586, 3051227385, 4122900415, 3832514006, 3712098375, 1496525189, 4139904995, 4244206951, 708434932, 2546438638, 4284317461, 2536766994, 1689176193, 3399958033, 3256308419, 2791327678, 1166966463, 1893210798, 3262143581, 2066726785, 2020886457, 784347882, 3002134985, 1754067548, 3429255135, 146589972, 1581917731, 3588508445, 2548242206, 2852020335, 873900647, 3283560685, 3007808068, 3692493097, 3550313639, 2072003090, 894699104, 3148177485, 1072148607, 1236689922, 2572868656, 3323126295, 3777035549, 2950383670, 1935795873, 557588136, 3772266976, 3523464920, 4009563016, 348492226, 3659637854, 4125270525, 169985300, 3493532837, 3827230480, 3149510800, 3163895052, 288075673, 668361601, 1152570043, 2137717721, 2387500446, 3747258153, 1936974722, 2304686351, 1991995748, 1547575167, 1314363343, 1728406485, 2800575379, 3991383974, 1209642022, 396997838, 1731434957, 3095396612, 4188239553, 1320492693, 1446297807, 2461620281, 3443486877, 1601398532, 324276995, 2035114247, 1005047232, 1073045592, 991677251, 2359178684, 3652469503, 2827032639, 3836891076, 1783876388, 1881618777, 1406032137, 3266908263, 168799819, 1459294230, 4275708052, 178690461, 1474980014, 4108829236, 2591369931, 362815534, 3265383690, 1375944861, 2967304140, 3233556079, 1581875763, 3029385955, 3532868894, 1160092443, 2947339996, 1161799875, 1606372193, 697076738, 3289497966, 142404322, 3558633898, 1324715901, 1167569024, 1594485481, 1921274778, 2012151397, 3900848473, 1822583565, 1482987384, 4186587436, 358652378, 512560304, 2821451371, 3866754209, 3502327552, 1571832217, 3262837321, 3362796880, 294698470, 4267842651, 2683256055, 509097017, 4242287600, 1028162866, 1098194146, 3397380509, 468732071, 3345390977, 1721993250, 985702026, 1772797481, 2525226409, 2553152905, 4017736793, 3405821580, 2154714667, 2723964035, 225665751, 3472505441, 122127642, 1684719159, 3675839949, 865870538, 1013579569, 1133213514, 3766331339, 3204310202, 755159997, 133381804, 1648486196, 1561239438, 1297844774, 1406463275, 2990532169, 2697676617, 452251695, 3605276001, 2546253494, 232333901, 1876801987, 3086515726, 4093206404, 2130219671, 1449296025, 3048220002, 3266411981, 4207793427, 1182923133, 2777810768, 3965676144, 4077030351, 3128429501, 1899151886, 2908314673, 1065559828, 3914498289, 193080629, 3772050518, 4082133951, 1563539868, 1243764975, 3907871186, 137549995, 732461270, 706547301, 3721018674, 334750839, 54660928, 4111378651, 2448294478, 1121766765, 3088226835, 3840949748, 460299603, 1396639159, 698435880, 2123240270, 4029106368, 763292479, 3546265915, 4085970166, 1984255818, 1366068293, 3172899679, 1349770433, 184582399, 3665114609, 2163894478, 431556354, 560668416, 4278138429, 4128851439, 1069695465, 3164794431, 3733896038, 166160292, 415589447, 2615185006, 1209664584, 1713575867, 3234260126, 152173389, 3699604290, 795987998, 2001237139, 539859828, 1909185773, 4082330931, 2070041691, 2110444517, 3686527615, 4186790509, 895279041, 2305309583, 3905917505, 2739495630, 3097593662, 4001920637, 549758271, 619397107, 139128285, 1290606722, 1336910154, 245276783, 3990240013, 2874176847, 2366467601, 110063559, 1967873792, 24326000, 2409105130, 2398967146, 4202966164, 1303562594, 2190456311, 1380282712, 2265105631, 2966666672, 3256946660, 732605457, 894089669, 3103794495, 2415412246, 3877349609, 932280004, 3667180582, 282252397, 1709824217, 1508003416, 1564217049, 1795891110, 3402496976, 2189548292, 1373484688, 314559947, 3484016685, 2711573299, 357155936, 1266528451, 3637877407, 203475999, 1104586122, 1613171500, 1648774899, 3487268887, 813707869, 1704722832, 2601951737, 459060329, 1069211121, 104482025, 755817895, 1315518279, 2446887075, 1451182132, 604811808, 2628732708, 2233559753, 4061336325, 2642876873, 2417109624, 997068510, 1671159039, 421986999, 1842969991, 175033649, 2460998186, 1817940805, 2128002961, 541457797, 1940855997, 3689971917, 915140626, 511092231, 1640785355, 79608187, 89332885, 2342289451, 4117171119, 2552534504, 2276702475, 4219534106, 3790398361, 3631874811, 2651904692, 2109014030, 4120902701, 261021241, 1928445161, 819346778, 3873068087, 975531621, 1038168615, 3058046084, 1250261783, 71023610, 3263311280, 3195204832, 4220809839, 2950187878, 3574462287, 2383049056, 3635683608, 1226272100, 3108491830, 3405059239, 1111747891, 2977883363, 3641543674, 642576198, 688128379, 3799467532, 4129111658, 2168509175, 385), None)
Loaded weights: 72.63496260455025, 3.3668275680143913, -6.732184763377813, -10.472603825773016, -12.982161947624238
events: 
  ----
(3, (2272285983, 352401324, 3860861925, 9819683, 4291907868, 1913821324, 2577755739, 376308031, 2581176417, 386824901, 3014812405, 3110638829, 4019580293, 3358996931, 4120744872, 2441898548, 3294797319, 3701705868, 3498465402, 4202567582, 4268851474, 3703520263, 3083394587, 314889078, 2107842903, 258545863, 2353137289, 3520846214, 1125051632, 2859057224, 647299937, 2304325145, 1043624074, 2281836806, 2943862771, 1157528953, 3031913760, 3642330033, 3802554885, 2729394826, 1122598199, 851170472, 3751293658, 96910276, 3008777189, 3276527414, 4068868088, 1214125821, 483768586, 846554448, 522492813, 3266751740, 3453019004, 3085230636, 1198195343, 2354488737, 2438196553, 3101305270, 648718188, 4087635048, 2752750402, 1446584522, 561243963, 1552391922, 2788203304, 634443151, 3544045176, 365836274, 3900674563, 255604680, 2586472335, 2794648074, 35395467, 2184993969, 4196794319, 4210186856, 3195793103, 995137115, 3226105715, 4083361586, 3261808310, 2216043760, 2127403010, 1583483400, 3394542027, 3577691878, 2461670432, 2789096763, 1986885178, 3514521912, 4217325764, 4050152141, 1809698756, 3234995946, 623908577, 1379035083, 85162289, 3587400898, 3304530989, 3118189235, 2148355162, 748694635, 242345275, 566414133, 134055675, 3760884833, 1708771854, 1534041503, 3301892223, 2068436993, 2624981062, 1587085047, 1762733443, 3012453797, 3027917759, 3052883090, 1151506495, 292539683, 3928439215, 3305461852, 1067190808, 3096843638, 606705822, 3482945182, 286105262, 2474935819, 2030612038, 2676365924, 3732879683, 172674061, 513361878, 1380228123, 1887523735, 1563972088, 21192810, 1727709620, 1058266179, 2330319494, 3532454495, 690786913, 1308546183, 2797116645, 574600361, 1045922098, 1482816543, 1846200646, 2930820457, 546673372, 2877678591, 4048602402, 3931230407, 3803141797, 3048514973, 2068807165, 1046044786, 758302681, 3994100841, 3773268033, 77915889, 3357050206, 3913455766, 2751589335, 592301858, 330262800, 4214645500, 1508262302, 1317392956, 3908621084, 1832069112, 3801520713, 294421801, 589897192, 1393918088, 752477965, 2196552380, 2145714654, 2301555599, 2516902330, 1943691531, 3144336312, 4061769657, 463821113, 3549590997, 2986149509, 1981365848, 3645423655, 3299343242, 4267915230, 3974449744, 3805258015, 4168887881, 3284597702, 168711824, 3278347815, 4244167460, 2802209506, 1597273696, 1332102852, 2090916106, 1373717275, 2923025433, 3868176802, 3460776744, 3631995675, 1410203411, 530927950, 4089532740, 1775694865, 441198097, 3159320510, 949564692, 2761628763, 3560926232, 3615394428, 421382090, 4019421789, 3593332717, 4252995493, 2814743840, 1154931489, 630610648, 991064689, 3775130343, 2002657799, 3254946316, 2297205416, 638999284, 1330529883, 966350951, 3089721523, 580113764, 338149452, 3500397554, 71327029, 1389924639, 237067125, 1550243124, 3487774769, 415056610, 1390086332, 2158098839, 1212020267, 1817133499, 2879857847, 201483252, 1718411231, 260047253, 758805906, 3267569318, 1383223594, 955181533, 805426489, 1038327124, 2410926451, 3806028586, 3051227385, 4122900415, 3832514006, 3712098375, 1496525189, 4139904995, 4244206951, 708434932, 2546438638, 4284317461, 2536766994, 1689176193, 3399958033, 3256308419, 2791327678, 1166966463, 1893210798, 3262143581, 2066726785, 2020886457, 784347882, 3002134985, 1754067548, 3429255135, 146589972, 1581917731, 3588508445, 2548242206, 2852020335, 873900647, 3283560685, 3007808068, 3692493097, 3550313639, 2072003090, 894699104, 3148177485, 1072148607, 1236689922, 2572868656, 3323126295, 3777035549, 2950383670, 1935795873, 557588136, 3772266976, 3523464920, 4009563016, 348492226, 3659637854, 4125270525, 169985300, 3493532837, 3827230480, 3149510800, 3163895052, 288075673, 668361601, 1152570043, 2137717721, 2387500446, 3747258153, 1936974722, 2304686351, 1991995748, 1547575167, 1314363343, 1728406485, 2800575379, 3991383974, 1209642022, 396997838, 1731434957, 3095396612, 4188239553, 1320492693, 1446297807, 2461620281, 3443486877, 1601398532, 324276995, 2035114247, 1005047232, 1073045592, 991677251, 2359178684, 3652469503, 2827032639, 3836891076, 1783876388, 1881618777, 1406032137, 3266908263, 168799819, 1459294230, 4275708052, 178690461, 1474980014, 4108829236, 2591369931, 362815534, 3265383690, 1375944861, 2967304140, 3233556079, 1581875763, 3029385955, 3532868894, 1160092443, 2947339996, 1161799875, 1606372193, 697076738, 3289497966, 142404322, 3558633898, 1324715901, 1167569024, 1594485481, 1921274778, 2012151397, 3900848473, 1822583565, 1482987384, 4186587436, 358652378, 512560304, 2821451371, 3866754209, 3502327552, 1571832217, 3262837321, 3362796880, 294698470, 4267842651, 2683256055, 509097017, 4242287600, 1028162866, 1098194146, 3397380509, 468732071, 3345390977, 1721993250, 985702026, 1772797481, 2525226409, 2553152905, 4017736793, 3405821580, 2154714667, 2723964035, 225665751, 3472505441, 122127642, 1684719159, 3675839949, 865870538, 1013579569, 1133213514, 3766331339, 3204310202, 755159997, 133381804, 1648486196, 1561239438, 1297844774, 1406463275, 2990532169, 2697676617, 452251695, 3605276001, 2546253494, 232333901, 1876801987, 3086515726, 4093206404, 2130219671, 1449296025, 3048220002, 3266411981, 4207793427, 1182923133, 2777810768, 3965676144, 4077030351, 3128429501, 1899151886, 2908314673, 1065559828, 3914498289, 193080629, 3772050518, 4082133951, 1563539868, 1243764975, 3907871186, 137549995, 732461270, 706547301, 3721018674, 334750839, 54660928, 4111378651, 2448294478, 1121766765, 3088226835, 3840949748, 460299603, 1396639159, 698435880, 2123240270, 4029106368, 763292479, 3546265915, 4085970166, 1984255818, 1366068293, 3172899679, 1349770433, 184582399, 3665114609, 2163894478, 431556354, 560668416, 4278138429, 4128851439, 1069695465, 3164794431, 3733896038, 166160292, 415589447, 2615185006, 1209664584, 1713575867, 3234260126, 152173389, 3699604290, 795987998, 2001237139, 539859828, 1909185773, 4082330931, 2070041691, 2110444517, 3686527615, 4186790509, 895279041, 2305309583, 3905917505, 2739495630, 3097593662, 4001920637, 549758271, 619397107, 139128285, 1290606722, 1336910154, 245276783, 3990240013, 2874176847, 2366467601, 110063559, 1967873792, 24326000, 2409105130, 2398967146, 4202966164, 1303562594, 2190456311, 1380282712, 2265105631, 2966666672, 3256946660, 732605457, 894089669, 3103794495, 2415412246, 3877349609, 932280004, 3667180582, 282252397, 1709824217, 1508003416, 1564217049, 1795891110, 3402496976, 2189548292, 1373484688, 314559947, 3484016685, 2711573299, 357155936, 1266528451, 3637877407, 203475999, 1104586122, 1613171500, 1648774899, 3487268887, 813707869, 1704722832, 2601951737, 459060329, 1069211121, 104482025, 755817895, 1315518279, 2446887075, 1451182132, 604811808, 2628732708, 2233559753, 4061336325, 2642876873, 2417109624, 997068510, 1671159039, 421986999, 1842969991, 175033649, 2460998186, 1817940805, 2128002961, 541457797, 1940855997, 3689971917, 915140626, 511092231, 1640785355, 79608187, 89332885, 2342289451, 4117171119, 2552534504, 2276702475, 4219534106, 3790398361, 3631874811, 2651904692, 2109014030, 4120902701, 261021241, 1928445161, 819346778, 3873068087, 975531621, 1038168615, 3058046084, 1250261783, 71023610, 3263311280, 3195204832, 4220809839, 2950187878, 3574462287, 2383049056, 3635683608, 1226272100, 3108491830, 3405059239, 1111747891, 2977883363, 3641543674, 642576198, 688128379, 3799467532, 4129111658, 2168509175, 559), None)
Loaded weights: 72.69823140410637, 2.7215674283835343, -6.732184763377813, -10.472603825773016, -15.472603825773016
events: 
  ----
(3, (1274055961, 1278082235, 2588590643, 3183804430, 126149549, 211191266, 1574738657, 1980971449, 2387080805, 118307336, 2963617963, 1229290854, 1392903924, 364901180, 3125756878, 2810542263, 884015476, 890861842, 2904111335, 881186361, 2651589465, 1009076131, 1740954212, 2951859260, 2063983452, 4063660265, 3325713984, 875869564, 1898396396, 509791846, 1263435540, 3317521405, 1667162006, 803897143, 2331609902, 3323587794, 422526919, 1775564018, 992039353, 374902828, 2266386810, 2084340756, 1376042485, 1563087664, 3480012354, 4286801881, 4137746602, 1921204086, 47822585, 3926671855, 996714498, 1845426222, 1912984909, 1541421375, 2902358214, 3046361492, 389783091, 2681091228, 3183671359, 2799593176, 3700337097, 680137999, 2946763437, 1440765869, 1099851912, 1053654783, 3702415959, 3527743637, 3637193828, 2523531135, 120118841, 837168408, 2040530787, 1314588613, 279839838, 680557258, 764451697, 1882388873, 3445135164, 2940031675, 547427574, 175766092, 1682456607, 534917344, 1214868706, 701975063, 561031486, 3926694906, 2214279420, 3278303780, 690959239, 805302506, 3385349945, 2134905897, 1281986875, 587655071, 3267169038, 170525675, 1445481353, 729075667, 1154091747, 3536262572, 578111980, 1251749415, 3987968978, 3206615953, 1018533493, 1058457602, 2572928607, 4047706581, 411798950, 2826461058, 364277549, 2015468545, 3035810091, 4003472911, 2001784860, 3018160396, 4021150577, 612281945, 935220169, 2888921597, 1042548564, 3137083618, 1244272275, 2526183624, 786808891, 2876575384, 3604045847, 2416489626, 2891606750, 3450682773, 2312405753, 2321440162, 3243258055, 2131877145, 2800061338, 3255354740, 820905499, 2908130117, 2279144702, 2821687881, 894203928, 6037319, 3636158339, 4199120875, 3994561145, 2674128314, 3394667610, 3485568354, 335347630, 3460412341, 102121550, 480258534, 3149214782, 95674289, 3821891108, 3131927838, 1734685955, 259087513, 1763577397, 2356945595, 729678469, 2961600917, 4238683834, 2355548086, 2208181346, 2640184268, 2823028553, 1692760155, 2225310997, 466392899, 1836220805, 3988579733, 1716458024, 3902017446, 632275231, 2389746381, 3974121159, 358430878, 1935188578, 2366549513, 1712565899, 1411668, 1378967471, 3517002169, 4247719923, 597652057, 2036656572, 4185874978, 4247189498, 2633304852, 3100098268, 4253452453, 1814782285, 3643518455, 2580859361, 1214806720, 1875541896, 273982358, 3957123974, 3838633658, 343172850, 2993340394, 2884664716, 2632338374, 3991159594, 1696170407, 1432938880, 4119586259, 2284705380, 2034384274, 1119240112, 698762229, 212592394, 473970488, 1529541626, 2770803725, 932016624, 972694633, 1069200427, 2450032672, 2738199243, 310353568, 595096299, 2878921514, 1507438084, 1958323645, 3052400537, 3430958107, 461657732, 640293583, 3120881230, 4095342645, 1245249166, 3702368800, 3597915676, 3413976794, 1909958852, 1393745251, 3443594006, 2202371837, 506621421, 1300884394, 3303131762, 3017658207, 3565303619, 1202326724, 1218975409, 3734196212, 3054167011, 2547459349, 1892943028, 2341088960, 1391027006, 1913572941, 1946431242, 305076687, 1616486742, 218660891, 3545869583, 1124435602, 3911059155, 817276276, 2430734713, 2938135857, 3616187918, 3103499466, 3793631925, 2153173726, 13640365, 1367891254, 4289280064, 2579882503, 535046490, 1068544077, 3566811072, 2497095154, 3198254590, 2246183398, 168258576, 96897576, 2774829447, 2240707559, 1687735477, 223152325, 1413751296, 4247396626, 648180326, 993165700, 2560111260, 3281438061, 470412655, 1011121646, 4155320268, 701505176, 2288038828, 2487406324, 165895852, 595402428, 2865298290, 1589925087, 3616933715, 1940033371, 1660258711, 3124028217, 3948675944, 2020237013, 4018381233, 99612261, 1789092511, 748773552, 463473081, 4200979472, 1668632079, 1704229714, 2627293938, 2579103068, 2604216814, 2840561385, 646346103, 3788107330, 2555463230, 3866518728, 2695006813, 4275992186, 2413183347, 924234972, 1343242453, 2503005124, 1733881311, 3800088170, 2156290839, 598430117, 1499764104, 1855450155, 4044252209, 2413914776, 2131423096, 2700574541, 2111019136, 670810772, 1660533036, 2941707888, 2361587000, 3625680057, 2767706852, 2286182287, 365412090, 2296237117, 510078511, 3614077402, 3787655504, 2924946767, 37597042, 2220268383, 1944836347, 3309373866, 480200856, 2339886306, 2249523769, 530846690, 3370582062, 354621513, 3664368592, 2647576644, 947563714, 3207936164, 2974729576, 2265914895, 2161092805, 995521561, 1258013892, 2837415576, 2473818375, 948157719, 3087155448, 3439572583, 1351500775, 2860138732, 1611402212, 1268452898, 1500143707, 866378242, 822774242, 1563022549, 2448551825, 3019394981, 2912337507, 3881428498, 2207314655, 2732358148, 2422946535, 1191374042, 942403239, 1629117503, 1778006305, 2286230806, 3601144492, 2631810928, 1605440888, 3044653052, 940480686, 2166855473, 2788835074, 865647981, 1637288754, 415714027, 1746650177, 2718744144, 1906372944, 3797127062, 1159576437, 1542429074, 1480177576, 4038105452, 3795762461, 3544069669, 614768369, 1294645323, 3212982572, 3718578414, 773792930, 859801684, 1466302954, 3998661891, 692001193, 3514308357, 1288725368, 2691085379, 1108627936, 2922196023, 2400638555, 2504658668, 2693016534, 1378665124, 3228503001, 2435310894, 2569502929, 3093902141, 3931169714, 303284091, 2011078626, 853989883, 186003399, 2124979559, 3685942061, 4015712751, 3348851626, 1716640498, 1045087649, 2255589079, 1797565929, 118964432, 234022002, 4132341299, 1661432321, 3317937204, 3574044806, 2171868009, 242862292, 3161279813, 34063906, 3927318354, 955121933, 1716991859, 3308640594, 1355121656, 1265375097, 3153062426, 4323320, 1508177467, 4234247158, 3956451126, 873464992, 3492314722, 2453926500, 660769890, 462530739, 1076744612, 2430925376, 3622300594, 228456324, 1309348423, 1491793279, 1014219657, 52472980, 1440438930, 3614907359, 1555324983, 2493666460, 473751570, 1617053312, 625210920, 2514148803, 2528388739, 3389834998, 1975342980, 862026605, 4220390012, 1885056406, 771798973, 506179982, 4065117346, 569296025, 1241302183, 3943430861, 2513246143, 1225893229, 3973923032, 883549801, 3536021255, 993959723, 393621281, 480231148, 2600267446, 3065310093, 2418585863, 233321619, 680092566, 4118790122, 1214186889, 2515936153, 1809766634, 1279546812, 4174770744, 2057520059, 83383546, 905735121, 3294865930, 4070788063, 385207736, 3374207603, 510133960, 1382475178, 4161700516, 3522239334, 3316596630, 1578209152, 3901847841, 823904299, 4291954046, 2755058152, 3823446151, 4105808672, 876777687, 1372347320, 3241538686, 3382802734, 1892391517, 2546477952, 2800509709, 2780663137, 844577846, 2237439522, 1437186547, 1172536052, 3466864119, 1483193441, 1554051694, 1476062854, 3830983189, 1086955360, 914568845, 1104216193, 4182253651, 2873254556, 391880126, 1105507897, 3733242137, 3781300994, 619987720, 3067014155, 580858509, 3172626196, 4143669297, 3177664044, 1818074213, 4067704273, 2092248355, 510571007, 1193323120, 779734387, 307537805, 1383997923, 757394914, 1363638681, 1835928981, 3042661441, 1023556869, 1750970725, 4125752019, 203111900, 1375053746, 4115916600, 2804430979, 918736037, 477520796, 1012274322, 2079300340, 3654997072, 3395554315, 3156748571, 2532175670, 2211526142, 745085177, 325688514, 2195779170, 614225739, 3665246286, 1366762336, 3252502546, 2538135809, 2513072188, 211747767, 4260135091, 3127272108, 3452797216, 3294733790, 1258197179, 1994627680, 555211540, 3061238746, 3574255474, 315), None)
Loaded weights: 74.42523063379356, 2.7215674283835343, -6.732184763377813, -10.472603825773016, -13.008943626899239
events: 
  ----
(3, (1274055961, 1278082235, 2588590643, 3183804430, 126149549, 211191266, 1574738657, 1980971449, 2387080805, 118307336, 2963617963, 1229290854, 1392903924, 364901180, 3125756878, 2810542263, 884015476, 890861842, 2904111335, 881186361, 2651589465, 1009076131, 1740954212, 2951859260, 2063983452, 4063660265, 3325713984, 875869564, 1898396396, 509791846, 1263435540, 3317521405, 1667162006, 803897143, 2331609902, 3323587794, 422526919, 1775564018, 992039353, 374902828, 2266386810, 2084340756, 1376042485, 1563087664, 3480012354, 4286801881, 4137746602, 1921204086, 47822585, 3926671855, 996714498, 1845426222, 1912984909, 1541421375, 2902358214, 3046361492, 389783091, 2681091228, 3183671359, 2799593176, 3700337097, 680137999, 2946763437, 1440765869, 1099851912, 1053654783, 3702415959, 3527743637, 3637193828, 2523531135, 120118841, 837168408, 2040530787, 1314588613, 279839838, 680557258, 764451697, 1882388873, 3445135164, 2940031675, 547427574, 175766092, 1682456607, 534917344, 1214868706, 701975063, 561031486, 3926694906, 2214279420, 3278303780, 690959239, 805302506, 3385349945, 2134905897, 1281986875, 587655071, 3267169038, 170525675, 1445481353, 729075667, 1154091747, 3536262572, 578111980, 1251749415, 3987968978, 3206615953, 1018533493, 1058457602, 2572928607, 4047706581, 411798950, 2826461058, 364277549, 2015468545, 3035810091, 4003472911, 2001784860, 3018160396, 4021150577, 612281945, 935220169, 2888921597, 1042548564, 3137083618, 1244272275, 2526183624, 786808891, 2876575384, 3604045847, 2416489626, 2891606750, 3450682773, 2312405753, 2321440162, 3243258055, 2131877145, 2800061338, 3255354740, 820905499, 2908130117, 2279144702, 2821687881, 894203928, 6037319, 3636158339, 4199120875, 3994561145, 2674128314, 3394667610, 3485568354, 335347630, 3460412341, 102121550, 480258534, 3149214782, 95674289, 3821891108, 3131927838, 1734685955, 259087513, 1763577397, 2356945595, 729678469, 2961600917, 4238683834, 2355548086, 2208181346, 2640184268, 2823028553, 1692760155, 2225310997, 466392899, 1836220805, 3988579733, 1716458024, 3902017446, 632275231, 2389746381, 3974121159, 358430878, 1935188578, 2366549513, 1712565899, 1411668, 1378967471, 3517002169, 4247719923, 597652057, 2036656572, 4185874978, 4247189498, 2633304852, 3100098268, 4253452453, 1814782285, 3643518455, 2580859361, 1214806720, 1875541896, 273982358, 3957123974, 3838633658, 343172850, 2993340394, 2884664716, 2632338374, 3991159594, 1696170407, 1432938880, 4119586259, 2284705380, 2034384274, 1119240112, 698762229, 212592394, 473970488, 1529541626, 2770803725, 932016624, 972694633, 1069200427, 2450032672, 2738199243, 310353568, 595096299, 2878921514, 1507438084, 1958323645, 3052400537, 3430958107, 461657732, 640293583, 3120881230, 4095342645, 1245249166, 3702368800, 3597915676, 3413976794, 1909958852, 1393745251, 3443594006, 2202371837, 506621421, 1300884394, 3303131762, 3017658207, 3565303619, 1202326724, 1218975409, 3734196212, 3054167011, 2547459349, 1892943028, 2341088960, 1391027006, 1913572941, 1946431242, 305076687, 1616486742, 218660891, 3545869583, 1124435602, 3911059155, 817276276, 2430734713, 2938135857, 3616187918, 3103499466, 3793631925, 2153173726, 13640365, 1367891254, 4289280064, 2579882503, 535046490, 1068544077, 3566811072, 2497095154, 3198254590, 2246183398, 168258576, 96897576, 2774829447, 2240707559, 1687735477, 223152325, 1413751296, 4247396626, 648180326, 993165700, 2560111260, 3281438061, 470412655, 1011121646, 4155320268, 701505176, 2288038828, 2487406324, 165895852, 595402428, 2865298290, 1589925087, 3616933715, 1940033371, 1660258711, 3124028217, 3948675944, 2020237013, 4018381233, 99612261, 1789092511, 748773552, 463473081, 4200979472, 1668632079, 1704229714, 2627293938, 2579103068, 2604216814, 2840561385, 646346103, 3788107330, 2555463230, 3866518728, 2695006813, 4275992186, 2413183347, 924234972, 1343242453, 2503005124, 1733881311, 3800088170, 2156290839, 598430117, 1499764104, 1855450155, 4044252209, 2413914776, 2131423096, 2700574541, 2111019136, 670810772, 1660533036, 2941707888, 2361587000, 3625680057, 2767706852, 2286182287, 365412090, 2296237117, 510078511, 3614077402, 3787655504, 2924946767, 37597042, 2220268383, 1944836347, 3309373866, 480200856, 2339886306, 2249523769, 530846690, 3370582062, 354621513, 3664368592, 2647576644, 947563714, 3207936164, 2974729576, 2265914895, 2161092805, 995521561, 1258013892, 2837415576, 2473818375, 948157719, 3087155448, 3439572583, 1351500775, 2860138732, 1611402212, 1268452898, 1500143707, 866378242, 822774242, 1563022549, 2448551825, 3019394981, 2912337507, 3881428498, 2207314655, 2732358148, 2422946535, 1191374042, 942403239, 1629117503, 1778006305, 2286230806, 3601144492, 2631810928, 1605440888, 3044653052, 940480686, 2166855473, 2788835074, 865647981, 1637288754, 415714027, 1746650177, 2718744144, 1906372944, 3797127062, 1159576437, 1542429074, 1480177576, 4038105452, 3795762461, 3544069669, 614768369, 1294645323, 3212982572, 3718578414, 773792930, 859801684, 1466302954, 3998661891, 692001193, 3514308357, 1288725368, 2691085379, 1108627936, 2922196023, 2400638555, 2504658668, 2693016534, 1378665124, 3228503001, 2435310894, 2569502929, 3093902141, 3931169714, 303284091, 2011078626, 853989883, 186003399, 2124979559, 3685942061, 4015712751, 3348851626, 1716640498, 1045087649, 2255589079, 1797565929, 118964432, 234022002, 4132341299, 1661432321, 3317937204, 3574044806, 2171868009, 242862292, 3161279813, 34063906, 3927318354, 955121933, 1716991859, 3308640594, 1355121656, 1265375097, 3153062426, 4323320, 1508177467, 4234247158, 3956451126, 873464992, 3492314722, 2453926500, 660769890, 462530739, 1076744612, 2430925376, 3622300594, 228456324, 1309348423, 1491793279, 1014219657, 52472980, 1440438930, 3614907359, 1555324983, 2493666460, 473751570, 1617053312, 625210920, 2514148803, 2528388739, 3389834998, 1975342980, 862026605, 4220390012, 1885056406, 771798973, 506179982, 4065117346, 569296025, 1241302183, 3943430861, 2513246143, 1225893229, 3973923032, 883549801, 3536021255, 993959723, 393621281, 480231148, 2600267446, 3065310093, 2418585863, 233321619, 680092566, 4118790122, 1214186889, 2515936153, 1809766634, 1279546812, 4174770744, 2057520059, 83383546, 905735121, 3294865930, 4070788063, 385207736, 3374207603, 510133960, 1382475178, 4161700516, 3522239334, 3316596630, 1578209152, 3901847841, 823904299, 4291954046, 2755058152, 3823446151, 4105808672, 876777687, 1372347320, 3241538686, 3382802734, 1892391517, 2546477952, 2800509709, 2780663137, 844577846, 2237439522, 1437186547, 1172536052, 3466864119, 1483193441, 1554051694, 1476062854, 3830983189, 1086955360, 914568845, 1104216193, 4182253651, 2873254556, 391880126, 1105507897, 3733242137, 3781300994, 619987720, 3067014155, 580858509, 3172626196, 4143669297, 3177664044, 1818074213, 4067704273, 2092248355, 510571007, 1193323120, 779734387, 307537805, 1383997923, 757394914, 1363638681, 1835928981, 3042661441, 1023556869, 1750970725, 4125752019, 203111900, 1375053746, 4115916600, 2804430979, 918736037, 477520796, 1012274322, 2079300340, 3654997072, 3395554315, 3156748571, 2532175670, 2211526142, 745085177, 325688514, 2195779170, 614225739, 3665246286, 1366762336, 3252502546, 2538135809, 2513072188, 211747767, 4260135091, 3127272108, 3452797216, 3294733790, 1258197179, 1994627680, 555211540, 3061238746, 3574255474, 453), None)
Loaded weights: 74.59799221510364, 2.2536449038584916, -6.732184763377813, -10.472603825773016, -15.472603825773016
events: 
  ----
(3, (1274055961, 1278082235, 2588590643, 3183804430, 126149549, 211191266, 1574738657, 1980971449, 2387080805, 118307336, 2963617963, 1229290854, 1392903924, 364901180, 3125756878, 2810542263, 884015476, 890861842, 2904111335, 881186361, 2651589465, 1009076131, 1740954212, 2951859260, 2063983452, 4063660265, 3325713984, 875869564, 1898396396, 509791846, 1263435540, 3317521405, 1667162006, 803897143, 2331609902, 3323587794, 422526919, 1775564018, 992039353, 374902828, 2266386810, 2084340756, 1376042485, 1563087664, 3480012354, 4286801881, 4137746602, 1921204086, 47822585, 3926671855, 996714498, 1845426222, 1912984909, 1541421375, 2902358214, 3046361492, 389783091, 2681091228, 3183671359, 2799593176, 3700337097, 680137999, 2946763437, 1440765869, 1099851912, 1053654783, 3702415959, 3527743637, 3637193828, 2523531135, 120118841, 837168408, 2040530787, 1314588613, 279839838, 680557258, 764451697, 1882388873, 3445135164, 2940031675, 547427574, 175766092, 1682456607, 534917344, 1214868706, 701975063, 561031486, 3926694906, 2214279420, 3278303780, 690959239, 805302506, 3385349945, 2134905897, 1281986875, 587655071, 3267169038, 170525675, 1445481353, 729075667, 1154091747, 3536262572, 578111980, 1251749415, 3987968978, 3206615953, 1018533493, 1058457602, 2572928607, 4047706581, 411798950, 2826461058, 364277549, 2015468545, 3035810091, 4003472911, 2001784860, 3018160396, 4021150577, 612281945, 935220169, 2888921597, 1042548564, 3137083618, 1244272275, 2526183624, 786808891, 2876575384, 3604045847, 2416489626, 2891606750, 3450682773, 2312405753, 2321440162, 3243258055, 2131877145, 2800061338, 3255354740, 820905499, 2908130117, 2279144702, 2821687881, 894203928, 6037319, 3636158339, 4199120875, 3994561145, 2674128314, 3394667610, 3485568354, 335347630, 3460412341, 102121550, 480258534, 3149214782, 95674289, 3821891108, 3131927838, 1734685955, 259087513, 1763577397, 2356945595, 729678469, 2961600917, 4238683834, 2355548086, 2208181346, 2640184268, 2823028553, 1692760155, 2225310997, 466392899, 1836220805, 3988579733, 1716458024, 3902017446, 632275231, 2389746381, 3974121159, 358430878, 1935188578, 2366549513, 1712565899, 1411668, 1378967471, 3517002169, 4247719923, 597652057, 2036656572, 4185874978, 4247189498, 2633304852, 3100098268, 4253452453, 1814782285, 3643518455, 2580859361, 1214806720, 1875541896, 273982358, 3957123974, 3838633658, 343172850, 2993340394, 2884664716, 2632338374, 3991159594, 1696170407, 1432938880, 4119586259, 2284705380, 2034384274, 1119240112, 698762229, 212592394, 473970488, 1529541626, 2770803725, 932016624, 972694633, 1069200427, 2450032672, 2738199243, 310353568, 595096299, 2878921514, 1507438084, 1958323645, 3052400537, 3430958107, 461657732, 640293583, 3120881230, 4095342645, 1245249166, 3702368800, 3597915676, 3413976794, 1909958852, 1393745251, 3443594006, 2202371837, 506621421, 1300884394, 3303131762, 3017658207, 3565303619, 1202326724, 1218975409, 3734196212, 3054167011, 2547459349, 1892943028, 2341088960, 1391027006, 1913572941, 1946431242, 305076687, 1616486742, 218660891, 3545869583, 1124435602, 3911059155, 817276276, 2430734713, 2938135857, 3616187918, 3103499466, 3793631925, 2153173726, 13640365, 1367891254, 4289280064, 2579882503, 535046490, 1068544077, 3566811072, 2497095154, 3198254590, 2246183398, 168258576, 96897576, 2774829447, 2240707559, 1687735477, 223152325, 1413751296, 4247396626, 648180326, 993165700, 2560111260, 3281438061, 470412655, 1011121646, 4155320268, 701505176, 2288038828, 2487406324, 165895852, 595402428, 2865298290, 1589925087, 3616933715, 1940033371, 1660258711, 3124028217, 3948675944, 2020237013, 4018381233, 99612261, 1789092511, 748773552, 463473081, 4200979472, 1668632079, 1704229714, 2627293938, 2579103068, 2604216814, 2840561385, 646346103, 3788107330, 2555463230, 3866518728, 2695006813, 4275992186, 2413183347, 924234972, 1343242453, 2503005124, 1733881311, 3800088170, 2156290839, 598430117, 1499764104, 1855450155, 4044252209, 2413914776, 2131423096, 2700574541, 2111019136, 670810772, 1660533036, 2941707888, 2361587000, 3625680057, 2767706852, 2286182287, 365412090, 2296237117, 510078511, 3614077402, 3787655504, 2924946767, 37597042, 2220268383, 1944836347, 3309373866, 480200856, 2339886306, 2249523769, 530846690, 3370582062, 354621513, 3664368592, 2647576644, 947563714, 3207936164, 2974729576, 2265914895, 2161092805, 995521561, 1258013892, 2837415576, 2473818375, 948157719, 3087155448, 3439572583, 1351500775, 2860138732, 1611402212, 1268452898, 1500143707, 866378242, 822774242, 1563022549, 2448551825, 3019394981, 2912337507, 3881428498, 2207314655, 2732358148, 2422946535, 1191374042, 942403239, 1629117503, 1778006305, 2286230806, 3601144492, 2631810928, 1605440888, 3044653052, 940480686, 2166855473, 2788835074, 865647981, 1637288754, 415714027, 1746650177, 2718744144, 1906372944, 3797127062, 1159576437, 1542429074, 1480177576, 4038105452, 3795762461, 3544069669, 614768369, 1294645323, 3212982572, 3718578414, 773792930, 859801684, 1466302954, 3998661891, 692001193, 3514308357, 1288725368, 2691085379, 1108627936, 2922196023, 2400638555, 2504658668, 2693016534, 1378665124, 3228503001, 2435310894, 2569502929, 3093902141, 3931169714, 303284091, 2011078626, 853989883, 186003399, 2124979559, 3685942061, 4015712751, 3348851626, 1716640498, 1045087649, 2255589079, 1797565929, 118964432, 234022002, 4132341299, 1661432321, 3317937204, 3574044806, 2171868009, 242862292, 3161279813, 34063906, 3927318354, 955121933, 1716991859, 3308640594, 1355121656, 1265375097, 3153062426, 4323320, 1508177467, 4234247158, 3956451126, 873464992, 3492314722, 2453926500, 660769890, 462530739, 1076744612, 2430925376, 3622300594, 228456324, 1309348423, 1491793279, 1014219657, 52472980, 1440438930, 3614907359, 1555324983, 2493666460, 473751570, 1617053312, 625210920, 2514148803, 2528388739, 3389834998, 1975342980, 862026605, 4220390012, 1885056406, 771798973, 506179982, 4065117346, 569296025, 1241302183, 3943430861, 2513246143, 1225893229, 3973923032, 883549801, 3536021255, 993959723, 393621281, 480231148, 2600267446, 3065310093, 2418585863, 233321619, 680092566, 4118790122, 1214186889, 2515936153, 1809766634, 1279546812, 4174770744, 2057520059, 83383546, 905735121, 3294865930, 4070788063, 385207736, 3374207603, 510133960, 1382475178, 4161700516, 3522239334, 3316596630, 1578209152, 3901847841, 823904299, 4291954046, 2755058152, 3823446151, 4105808672, 876777687, 1372347320, 3241538686, 3382802734, 1892391517, 2546477952, 2800509709, 2780663137, 844577846, 2237439522, 1437186547, 1172536052, 3466864119, 1483193441, 1554051694, 1476062854, 3830983189, 1086955360, 914568845, 1104216193, 4182253651, 2873254556, 391880126, 1105507897, 3733242137, 3781300994, 619987720, 3067014155, 580858509, 3172626196, 4143669297, 3177664044, 1818074213, 4067704273, 2092248355, 510571007, 1193323120, 779734387, 307537805, 1383997923, 757394914, 1363638681, 1835928981, 3042661441, 1023556869, 1750970725, 4125752019, 203111900, 1375053746, 4115916600, 2804430979, 918736037, 477520796, 1012274322, 2079300340, 3654997072, 3395554315, 3156748571, 2532175670, 2211526142, 745085177, 325688514, 2195779170, 614225739, 3665246286, 1366762336, 3252502546, 2538135809, 2513072188, 211747767, 4260135091, 3127272108, 3452797216, 3294733790, 1258197179, 1994627680, 555211540, 3061238746, 3574255474, 588), None)
Loaded weights: 74.70794249160006, 2.2237237388232716, -6.732184763377813, -10.472603825773016, -15.472603825773016
events: 
  ----
(3, (1715942777, 1896694178, 1014437018, 2863056902, 2082679772, 1319259703, 3071501636, 1713514069, 896539987, 2675257718, 22140759, 4228758967, 2758327389, 1732439597, 1018571122, 4035188709, 2594990855, 1250471394, 2275491700, 1733733029, 3554297346, 611398588, 2290534962, 1705635994, 1584800657, 1650975696, 2767154507, 3088365800, 1829580191, 1365709133, 1456155171, 4107091830, 4067303601, 4167476672, 3798850079, 756894525, 3202116761, 2278694631, 2561039027, 2983284273, 2216972157, 739763515, 958128258, 2660538193, 1989337637, 2254054379, 253263853, 1831680203, 3574143090, 2043135379, 2099188213, 3630711111, 3844957090, 1565616161, 3566810475, 1206333262, 4114359192, 93167609, 3992924460, 315818632, 685099948, 2692895243, 4027447816, 566079521, 1315042831, 2862632340, 3868972645, 20383170, 3122057743, 3930078757, 13234660, 1742106130, 2124565947, 356713574, 910810231, 1435554159, 3857713944, 3169637453, 4187816826, 1401589543, 4208523210, 681378339, 2499111605, 1051176041, 3078619944, 2173958770, 167670410, 1832718599, 2123164000, 540971502, 398913454, 3094095608, 1940117408, 3864515807, 1682643265, 80903096, 345660555, 1204660958, 1616541200, 1345676004, 1382299536, 140646969, 866374931, 741689371, 3898586891, 1563980681, 1489255167, 1905974233, 2280450581, 3140673032, 1125243836, 4145517959, 1590459271, 3162907523, 2683233196, 2893381428, 2354780583, 1536430283, 4039689347, 2476597930, 4284675289, 994654774, 1922538859, 574310582, 4017185638, 4129492791, 2029481317, 965951874, 2095996256, 3077377421, 3619409576, 2075980563, 2925720957, 3294127908, 1563249757, 3375992858, 687147279, 4272227944, 1568943643, 505422832, 326705739, 4090496921, 3828071143, 2352108630, 1133378574, 3924319383, 3732879307, 3102121017, 524210012, 3816057073, 494810540, 3351031996, 480211685, 1408562556, 1424331127, 3064717324, 3155740412, 1729686972, 3474680550, 1219093245, 991331945, 2400708596, 410294097, 2646532333, 2662616145, 790695205, 958466795, 4236998105, 4175703915, 2515208698, 1631550030, 3265806907, 293046586, 507534364, 3729858695, 1201224480, 3204734274, 3006457839, 2513709806, 3561522435, 2301354272, 3041136588, 3196893540, 3288658191, 1728927496, 748964619, 1503426897, 1089719742, 2299044391, 3330071814, 756371827, 3700795924, 2072690935, 3341081679, 1809932837, 1688459239, 1129686864, 1740716864, 2003704711, 4002763317, 339934449, 3810520751, 1138505834, 978861500, 2163056865, 3052750142, 1444444774, 3589624236, 535884421, 3004017513, 2081271339, 1073333991, 2464869397, 604539773, 2213287872, 3460663541, 4107822448, 2455758092, 2589102616, 2457920773, 1687714562, 1219294954, 1408409781, 2512453438, 4212885016, 4149593201, 3530833994, 2174782515, 2951501629, 1854908166, 2920221367, 1564199775, 4211979653, 2756240162, 2792668583, 1088802962, 2917668564, 3971955816, 101820264, 3027837359, 1673547568, 3070029055, 2629928923, 2108089784, 814862681, 2256039622, 919411444, 1970759761, 541419063, 3063377243, 3125149516, 1593084604, 1362578316, 1720338369, 4185285282, 3248120787, 2099351673, 3825018439, 363725867, 880238428, 4056564180, 2428782344, 1924829925, 3863211848, 2985008963, 3225261101, 1670344435, 1253240349, 2903433611, 3347872660, 345027431, 2772753232, 496023168, 1988854723, 187826537, 336967995, 558830935, 2944810460, 3518505040, 447844787, 553491024, 655971254, 1376261572, 2391005037, 220638724, 2657500108, 1598136340, 3254564879, 1137305680, 1440068791, 1857742326, 720248171, 1456072742, 3422260852, 2247359147, 3180014364, 1809942134, 3332213148, 753019941, 3016962935, 1237428688, 197400843, 1140524275, 3110881578, 2237948917, 752528175, 316611857, 2785204871, 739131969, 2050727018, 4142518233, 4086844504, 1575534033, 1909555653, 3718273668, 260916870, 3026287957, 1394610598, 164483506, 3052610686, 1696007141, 3048113544, 2689562377, 3148517737, 3710386672, 2770053543, 3605165569, 3986603564, 3440723960, 2474271806, 223436066, 27516721, 2106604749, 1326404532, 2315730719, 3877471033, 2165982582, 858807959, 272149465, 2403285393, 2955933662, 3693866252, 3736639742, 3403802313, 2349053173, 2083391878, 3821501059, 1450458825, 3871615119, 344419453, 3298720563, 213939089, 307302987, 2013014595, 1896798642, 1668730055, 1579764085, 2044699967, 2705882295, 4091561503, 2126835316, 3281677541, 2754274372, 1584862355, 2888272669, 1506900144, 2479962746, 3580431538, 3046047488, 3121532066, 1796592086, 1927388690, 988187030, 1826703004, 2702323773, 4154684346, 2950686937, 1518949287, 3619467424, 1669983731, 4201400733, 3802783040, 232775792, 3700478532, 4216490593, 2421972415, 2025287097, 1115494699, 3231307850, 1783137589, 3866368523, 1841293492, 3150731727, 2045522527, 273918215, 1129107497, 1415102364, 1407364933, 3659145441, 207638921, 4118168877, 3490864033, 1018025253, 25945767, 3850799237, 2263526816, 504417887, 424194650, 1408066087, 2199163157, 63827901, 2840789349, 3706822736, 3102274079, 4226911947, 4069185848, 537992185, 3921689553, 1550677407, 2108080924, 2276667147, 2615430378, 4094682053, 2712709547, 477804081, 955140669, 1998443882, 821236975, 811919982, 2704345249, 1814666920, 3891242521, 3195663593, 3314699523, 415707694, 3846200133, 2607107625, 1752424326, 1885704082, 3147478814, 4080290290, 3159380611, 3796175278, 170606011, 1075479739, 1866052664, 2333255184, 2019691276, 3557525497, 3283246871, 1685609804, 1533867741, 2032254347, 305628732, 3516892520, 3388581543, 2246833879, 3132982046, 366440764, 2054376798, 2983785852, 650165581, 415292165, 2878318876, 240187439, 3736267055, 3180614403, 3984244244, 153329029, 4162814145, 726608268, 3043926158, 2838762655, 2042258064, 1226358417, 2691858692, 513853461, 967404679, 921291404, 399491282, 310546176, 2508398469, 2707733550, 1450935795, 489843616, 1573516168, 2925203622, 3059770572, 1436467582, 1678793470, 3860583939, 4062023317, 3370418136, 3467158612, 967046394, 2992091298, 1460477761, 3479734508, 1296023125, 1778383385, 2574344350, 4199166668, 2214228939, 3803458658, 406516089, 2850275683, 371984404, 3404839703, 2992391836, 1400407420, 1989607415, 3663362526, 3775819522, 4254083107, 963286234, 76124576, 3552838776, 1049198390, 710871372, 4271425408, 308626592, 2107505014, 692272112, 1869468440, 1136313196, 237683903, 3542344918, 3710955354, 3859659376, 1360389966, 626605276, 343175856, 2430727883, 3939600420, 3821373803, 2577707010, 1309685832, 1380681507, 727953997, 470841930, 1781246682, 2054193833, 639045182, 1634648003, 101492420, 3203615049, 701041806, 2097717889, 2908491176, 601086845, 4139369255, 3062463101, 4189963134, 3066502579, 1061366024, 350039083, 4265217398, 4288095048, 1435912276, 4011523084, 82350810, 3732348868, 3158883891, 2611521618, 1670525592, 3887576696, 2005862150, 1572258965, 2175219145, 4030079212, 141651150, 2311207056, 3150446332, 3228863882, 3047398617, 4288366330, 3714287163, 2982665324, 3302674905, 291262348, 1285516582, 1044293338, 3626619533, 3876189738, 2307699694, 1264969769, 2296257883, 3964086581, 30803006, 1626221761, 883578466, 2927252688, 3981964072, 85814999, 2289100896, 3455818427, 1004339588, 1066864205, 231297264, 420208566, 1030051182, 3554286521, 1200342071, 4064341097, 4168880312, 4080228706, 2270120976, 1082561037, 3551580879, 2785855371, 1458721390, 1034606519, 2470198231, 3106325468, 952347461, 2265048256, 2839102201, 3793754876, 2698874865, 2978142895, 2906912799, 2536266687, 1890649008, 3195246079, 387), None)
Loaded weights: 78.63806237328305, 2.2237237388232716, -6.732184763377813, -10.472603825773016, -12.645645791907638
